municipality_code,municipality_name,uf,uf_name,region_code,region_name
1200013,Acrelândia,AC,Acre,1,Norte
1200054,Assis Brasil,AC,Acre,1,Norte
1200104,Brasiléia,AC,Acre,1,Norte
1200138,Bujari,AC,Acre,1,Norte
1200179,Capixaba,AC,Acre,1,Norte
1200203,Cruzeiro do Sul,AC,Acre,1,Norte
1200252,Epitaciolândia,AC,Acre,1,Norte
1200302,Feijó,AC,Acre,1,Norte
1200328,Jordão,AC,Acre,1,Norte
1200344,Manoel Urbano,AC,Acre,1,Norte
1200351,Marechal Thaumaturgo,AC,Acre,1,Norte
1200336,Mâncio Lima,AC,Acre,1,Norte
1200385,Plácido de Castro,AC,Acre,1,Norte
1200807,Porto Acre,AC,Acre,1,Norte
1200393,Porto Walter,AC,Acre,1,Norte
1200401,Rio Branco,AC,Acre,1,Norte
1200427,Rodrigues Alves,AC,Acre,1,Norte
1200435,Santa Rosa do Purus,AC,Acre,1,Norte
1200500,Sena Madureira,AC,Acre,1,Norte
1200450,Senador Guiomard,AC,Acre,1,Norte
1200609,Tarauacá,AC,Acre,1,Norte
1200708,Xapuri,AC,Acre,1,Norte
2700201,Anadia,AL,Alagoas,2,Nordeste
2700300,Arapiraca,AL,Alagoas,2,Nordeste
2700409,Atalaia,AL,Alagoas,2,Nordeste
2700508,Barra de Santo Antônio,AL,Alagoas,2,Nordeste
2700607,Barra de São Miguel,AL,Alagoas,2,Nordeste
2700706,Batalha,AL,Alagoas,2,Nordeste
2700904,Belo Monte,AL,Alagoas,2,Nordeste
2700805,Belém,AL,Alagoas,2,Nordeste
2701001,Boca da Mata,AL,Alagoas,2,Nordeste
2701100,Branquinha,AL,Alagoas,2,Nordeste
2701209,Cacimbinhas,AL,Alagoas,2,Nordeste
2701308,Cajueiro,AL,Alagoas,2,Nordeste
2701357,Campestre,AL,Alagoas,2,Nordeste
2701407,Campo Alegre,AL,Alagoas,2,Nordeste
2701506,Campo Grande,AL,Alagoas,2,Nordeste
2701605,Canapi,AL,Alagoas,2,Nordeste
2701704,Capela,AL,Alagoas,2,Nordeste
2701803,Carneiros,AL,Alagoas,2,Nordeste
2701902,Chã Preta,AL,Alagoas,2,Nordeste
2702009,Coité do Nóia,AL,Alagoas,2,Nordeste
2702108,Colônia Leopoldina,AL,Alagoas,2,Nordeste
2702207,Coqueiro Seco,AL,Alagoas,2,Nordeste
2702306,Coruripe,AL,Alagoas,2,Nordeste
2702355,Craíbas,AL,Alagoas,2,Nordeste
2702405,Delmiro Gouveia,AL,Alagoas,2,Nordeste
2702504,Dois Riachos,AL,Alagoas,2,Nordeste
2702553,Estrela de Alagoas,AL,Alagoas,2,Nordeste
2702603,Feira Grande,AL,Alagoas,2,Nordeste
2702702,Feliz Deserto,AL,Alagoas,2,Nordeste
2702801,Flexeiras,AL,Alagoas,2,Nordeste
2702900,Girau do Ponciano,AL,Alagoas,2,Nordeste
2703007,Ibateguara,AL,Alagoas,2,Nordeste
2703106,Igaci,AL,Alagoas,2,Nordeste
2703205,Igreja Nova,AL,Alagoas,2,Nordeste
2703304,Inhapi,AL,Alagoas,2,Nordeste
2703403,Jacaré dos Homens,AL,Alagoas,2,Nordeste
2703502,Jacuípe,AL,Alagoas,2,Nordeste
2703601,Japaratinga,AL,Alagoas,2,Nordeste
2703700,Jaramataia,AL,Alagoas,2,Nordeste
2703759,Jequiá da Praia,AL,Alagoas,2,Nordeste
2703809,Joaquim Gomes,AL,Alagoas,2,Nordeste
2703908,Jundiá,AL,Alagoas,2,Nordeste
2704005,Junqueiro,AL,Alagoas,2,Nordeste
2704104,Lagoa da Canoa,AL,Alagoas,2,Nordeste
2704203,Limoeiro de Anadia,AL,Alagoas,2,Nordeste
2704302,Maceió,AL,Alagoas,2,Nordeste
2704401,Major Isidoro,AL,Alagoas,2,Nordeste
2704906,Mar Vermelho,AL,Alagoas,2,Nordeste
2704500,Maragogi,AL,Alagoas,2,Nordeste
2704609,Maravilha,AL,Alagoas,2,Nordeste
2704708,Marechal Deodoro,AL,Alagoas,2,Nordeste
2704807,Maribondo,AL,Alagoas,2,Nordeste
2705002,Mata Grande,AL,Alagoas,2,Nordeste
2705101,Matriz de Camaragibe,AL,Alagoas,2,Nordeste
2705200,Messias,AL,Alagoas,2,Nordeste
2705309,Minador do Negrão,AL,Alagoas,2,Nordeste
2705408,Monteirópolis,AL,Alagoas,2,Nordeste
2705507,Murici,AL,Alagoas,2,Nordeste
2705606,Novo Lino,AL,Alagoas,2,Nordeste
2705903,Olho d'Água Grande,AL,Alagoas,2,Nordeste
2705705,Olho d'Água das Flores,AL,Alagoas,2,Nordeste
2705804,Olho d'Água do Casado,AL,Alagoas,2,Nordeste
2706000,Olivença,AL,Alagoas,2,Nordeste
2706109,Ouro Branco,AL,Alagoas,2,Nordeste
2706208,Palestina,AL,Alagoas,2,Nordeste
2706307,Palmeira dos Índios,AL,Alagoas,2,Nordeste
2706422,Pariconha,AL,Alagoas,2,Nordeste
2706448,Paripueira,AL,Alagoas,2,Nordeste
2706505,Passo de Camaragibe,AL,Alagoas,2,Nordeste
2706604,Paulo Jacinto,AL,Alagoas,2,Nordeste
2706703,Penedo,AL,Alagoas,2,Nordeste
2706802,Piaçabuçu,AL,Alagoas,2,Nordeste
2706901,Pilar,AL,Alagoas,2,Nordeste
2707008,Pindoba,AL,Alagoas,2,Nordeste
2707107,Piranhas,AL,Alagoas,2,Nordeste
2707305,Porto Calvo,AL,Alagoas,2,Nordeste
2707503,Porto Real do Colégio,AL,Alagoas,2,Nordeste
2707404,Porto de Pedras,AL,Alagoas,2,Nordeste
2707206,Poço das Trincheiras,AL,Alagoas,2,Nordeste
2706406,Pão de Açúcar,AL,Alagoas,2,Nordeste
2707602,Quebrangulo,AL,Alagoas,2,Nordeste
2707701,Rio Largo,AL,Alagoas,2,Nordeste
2707800,Roteiro,AL,Alagoas,2,Nordeste
2707909,Santa Luzia do Norte,AL,Alagoas,2,Nordeste
2708006,Santana do Ipanema,AL,Alagoas,2,Nordeste
2708105,Santana do Mundaú,AL,Alagoas,2,Nordeste
2708907,Satuba,AL,Alagoas,2,Nordeste
2708956,Senador Rui Palmeira,AL,Alagoas,2,Nordeste
2708204,São Brás,AL,Alagoas,2,Nordeste
2708303,São José da Laje,AL,Alagoas,2,Nordeste
2708402,São José da Tapera,AL,Alagoas,2,Nordeste
2708501,São Luís do Quitunde,AL,Alagoas,2,Nordeste
2708600,São Miguel dos Campos,AL,Alagoas,2,Nordeste
2708709,São Miguel dos Milagres,AL,Alagoas,2,Nordeste
2708808,São Sebastião,AL,Alagoas,2,Nordeste
2709004,Tanque d'Arca,AL,Alagoas,2,Nordeste
2709103,Taquarana,AL,Alagoas,2,Nordeste
2709152,Teotônio Vilela,AL,Alagoas,2,Nordeste
2709202,Traipu,AL,Alagoas,2,Nordeste
2709301,União dos Palmares,AL,Alagoas,2,Nordeste
2709400,Viçosa,AL,Alagoas,2,Nordeste
2700102,Água Branca,AL,Alagoas,2,Nordeste
1300029,Alvarães,AM,Amazonas,1,Norte
1300060,Amaturá,AM,Amazonas,1,Norte
1300086,Anamã,AM,Amazonas,1,Norte
1300102,Anori,AM,Amazonas,1,Norte
1300144,Apuí,AM,Amazonas,1,Norte
1300201,Atalaia do Norte,AM,Amazonas,1,Norte
1300300,Autazes,AM,Amazonas,1,Norte
1300409,Barcelos,AM,Amazonas,1,Norte
1300508,Barreirinha,AM,Amazonas,1,Norte
1300607,Benjamin Constant,AM,Amazonas,1,Norte
1300631,Beruri,AM,Amazonas,1,Norte
1300680,Boa Vista do Ramos,AM,Amazonas,1,Norte
1300706,Boca do Acre,AM,Amazonas,1,Norte
1300805,Borba,AM,Amazonas,1,Norte
1300839,Caapiranga,AM,Amazonas,1,Norte
1300904,Canutama,AM,Amazonas,1,Norte
1301001,Carauari,AM,Amazonas,1,Norte
1301100,Careiro,AM,Amazonas,1,Norte
1301159,Careiro da Várzea,AM,Amazonas,1,Norte
1301209,Coari,AM,Amazonas,1,Norte
1301308,Codajás,AM,Amazonas,1,Norte
1301407,Eirunepé,AM,Amazonas,1,Norte
1301506,Envira,AM,Amazonas,1,Norte
1301605,Fonte Boa,AM,Amazonas,1,Norte
1301654,Guajará,AM,Amazonas,1,Norte
1301704,Humaitá,AM,Amazonas,1,Norte
1301803,Ipixuna,AM,Amazonas,1,Norte
1301852,Iranduba,AM,Amazonas,1,Norte
1301902,Itacoatiara,AM,Amazonas,1,Norte
1301951,Itamarati,AM,Amazonas,1,Norte
1302009,Itapiranga,AM,Amazonas,1,Norte
1302108,Japurá,AM,Amazonas,1,Norte
1302207,Juruá,AM,Amazonas,1,Norte
1302306,Jutaí,AM,Amazonas,1,Norte
1302405,Lábrea,AM,Amazonas,1,Norte
1302504,Manacapuru,AM,Amazonas,1,Norte
1302553,Manaquiri,AM,Amazonas,1,Norte
1302603,Manaus,AM,Amazonas,1,Norte
1302702,Manicoré,AM,Amazonas,1,Norte
1302801,Maraã,AM,Amazonas,1,Norte
1302900,Maués,AM,Amazonas,1,Norte
1303007,Nhamundá,AM,Amazonas,1,Norte
1303106,Nova Olinda do Norte,AM,Amazonas,1,Norte
1303205,Novo Airão,AM,Amazonas,1,Norte
1303304,Novo Aripuanã,AM,Amazonas,1,Norte
1303403,Parintins,AM,Amazonas,1,Norte
1303502,Pauini,AM,Amazonas,1,Norte
1303536,Presidente Figueiredo,AM,Amazonas,1,Norte
1303569,Rio Preto da Eva,AM,Amazonas,1,Norte
1303601,Santa Isabel do Rio Negro,AM,Amazonas,1,Norte
1303700,Santo Antônio do Içá,AM,Amazonas,1,Norte
1304005,Silves,AM,Amazonas,1,Norte
1303809,São Gabriel da Cachoeira,AM,Amazonas,1,Norte
1303908,São Paulo de Olivença,AM,Amazonas,1,Norte
1303957,São Sebastião do Uatumã,AM,Amazonas,1,Norte
1304062,Tabatinga,AM,Amazonas,1,Norte
1304104,Tapauá,AM,Amazonas,1,Norte
1304203,Tefé,AM,Amazonas,1,Norte
1304237,Tonantins,AM,Amazonas,1,Norte
1304260,Uarini,AM,Amazonas,1,Norte
1304302,Urucará,AM,Amazonas,1,Norte
1304401,Urucurituba,AM,Amazonas,1,Norte
1600105,Amapá,AP,Amapá,1,Norte
1600204,Calçoene,AP,Amapá,1,Norte
1600212,Cutias,AP,Amapá,1,Norte
1600238,Ferreira Gomes,AP,Amapá,1,Norte
1600253,Itaubal,AP,Amapá,1,Norte
1600279,Laranjal do Jari,AP,Amapá,1,Norte
1600303,Macapá,AP,Amapá,1,Norte
1600402,Mazagão,AP,Amapá,1,Norte
1600501,Oiapoque,AP,Amapá,1,Norte
1600154,Pedra Branca do Amapari,AP,Amapá,1,Norte
1600535,Porto Grande,AP,Amapá,1,Norte
1600550,Pracuúba,AP,Amapá,1,Norte
1600600,Santana,AP,Amapá,1,Norte
1600055,Serra do Navio,AP,Amapá,1,Norte
1600709,Tartarugalzinho,AP,Amapá,1,Norte
1600808,Vitória do Jari,AP,Amapá,1,Norte
2900207,Abaré,BA,Bahia,2,Nordeste
2900108,Abaíra,BA,Bahia,2,Nordeste
2900306,Acajutiba,BA,Bahia,2,Nordeste
2900355,Adustina,BA,Bahia,2,Nordeste
2900603,Aiquara,BA,Bahia,2,Nordeste
2900702,Alagoinhas,BA,Bahia,2,Nordeste
2900801,Alcobaça,BA,Bahia,2,Nordeste
2900900,Almadina,BA,Bahia,2,Nordeste
2901007,Amargosa,BA,Bahia,2,Nordeste
2901106,Amélia Rodrigues,BA,Bahia,2,Nordeste
2901155,América Dourada,BA,Bahia,2,Nordeste
2901205,Anagé,BA,Bahia,2,Nordeste
2901304,Andaraí,BA,Bahia,2,Nordeste
2901353,Andorinha,BA,Bahia,2,Nordeste
2901403,Angical,BA,Bahia,2,Nordeste
2901502,Anguera,BA,Bahia,2,Nordeste
2901601,Antas,BA,Bahia,2,Nordeste
2901700,Antônio Cardoso,BA,Bahia,2,Nordeste
2901809,Antônio Gonçalves,BA,Bahia,2,Nordeste
2901908,Aporá,BA,Bahia,2,Nordeste
2901957,Apuarema,BA,Bahia,2,Nordeste
2902005,Aracatu,BA,Bahia,2,Nordeste
2902104,Araci,BA,Bahia,2,Nordeste
2902203,Aramari,BA,Bahia,2,Nordeste
2902252,Arataca,BA,Bahia,2,Nordeste
2902302,Aratuípe,BA,Bahia,2,Nordeste
2902054,Araçás,BA,Bahia,2,Nordeste
2902401,Aurelino Leal,BA,Bahia,2,Nordeste
2902500,Baianópolis,BA,Bahia,2,Nordeste
2902609,Baixa Grande,BA,Bahia,2,Nordeste
2902658,Banzaê,BA,Bahia,2,Nordeste
2902708,Barra,BA,Bahia,2,Nordeste
2902807,Barra da Estiva,BA,Bahia,2,Nordeste
2902906,Barra do Choça,BA,Bahia,2,Nordeste
2903003,Barra do Mendes,BA,Bahia,2,Nordeste
2903102,Barra do Rocha,BA,Bahia,2,Nordeste
2903201,Barreiras,BA,Bahia,2,Nordeste
2903235,Barro Alto,BA,Bahia,2,Nordeste
2903300,Barro Preto,BA,Bahia,2,Nordeste
2903276,Barrocas,BA,Bahia,2,Nordeste
2903409,Belmonte,BA,Bahia,2,Nordeste
2903508,Belo Campo,BA,Bahia,2,Nordeste
2903607,Biritinga,BA,Bahia,2,Nordeste
2903706,Boa Nova,BA,Bahia,2,Nordeste
2903805,Boa Vista do Tupim,BA,Bahia,2,Nordeste
2903904,Bom Jesus da Lapa,BA,Bahia,2,Nordeste
2903953,Bom Jesus da Serra,BA,Bahia,2,Nordeste
2904001,Boninal,BA,Bahia,2,Nordeste
2904050,Bonito,BA,Bahia,2,Nordeste
2904100,Boquira,BA,Bahia,2,Nordeste
2904209,Botuporã,BA,Bahia,2,Nordeste
2904407,Brejolândia,BA,Bahia,2,Nordeste
2904308,Brejões,BA,Bahia,2,Nordeste
2904506,Brotas de Macaúbas,BA,Bahia,2,Nordeste
2904605,Brumado,BA,Bahia,2,Nordeste
2904704,Buerarema,BA,Bahia,2,Nordeste
2904753,Buritirama,BA,Bahia,2,Nordeste
2904803,Caatiba,BA,Bahia,2,Nordeste
2904852,Cabaceiras do Paraguaçu,BA,Bahia,2,Nordeste
2904902,Cachoeira,BA,Bahia,2,Nordeste
2905008,Caculé,BA,Bahia,2,Nordeste
2905156,Caetanos,BA,Bahia,2,Nordeste
2905206,Caetité,BA,Bahia,2,Nordeste
2905305,Cafarnaum,BA,Bahia,2,Nordeste
2905404,Cairu,BA,Bahia,2,Nordeste
2905503,Caldeirão Grande,BA,Bahia,2,Nordeste
2905602,Camacan,BA,Bahia,2,Nordeste
2905800,Camamu,BA,Bahia,2,Nordeste
2905701,Camaçari,BA,Bahia,2,Nordeste
2905909,Campo Alegre de Lourdes,BA,Bahia,2,Nordeste
2906006,Campo Formoso,BA,Bahia,2,Nordeste
2906204,Canarana,BA,Bahia,2,Nordeste
2906303,Canavieiras,BA,Bahia,2,Nordeste
2906402,Candeal,BA,Bahia,2,Nordeste
2906501,Candeias,BA,Bahia,2,Nordeste
2906600,Candiba,BA,Bahia,2,Nordeste
2906808,Cansanção,BA,Bahia,2,Nordeste
2906824,Canudos,BA,Bahia,2,Nordeste
2906105,Canápolis,BA,Bahia,2,Nordeste
2906857,Capela do Alto Alegre,BA,Bahia,2,Nordeste
2906873,Capim Grosso,BA,Bahia,2,Nordeste
2906907,Caravelas,BA,Bahia,2,Nordeste
2906899,Caraíbas,BA,Bahia,2,Nordeste
2907004,Cardeal da Silva,BA,Bahia,2,Nordeste
2907103,Carinhanha,BA,Bahia,2,Nordeste
2907202,Casa Nova,BA,Bahia,2,Nordeste
2907301,Castro Alves,BA,Bahia,2,Nordeste
2907400,Catolândia,BA,Bahia,2,Nordeste
2907509,Catu,BA,Bahia,2,Nordeste
2907558,Caturama,BA,Bahia,2,Nordeste
2905107,Caém,BA,Bahia,2,Nordeste
2907608,Central,BA,Bahia,2,Nordeste
2907707,Chorrochó,BA,Bahia,2,Nordeste
2907905,Cipó,BA,Bahia,2,Nordeste
2908002,Coaraci,BA,Bahia,2,Nordeste
2908101,Cocos,BA,Bahia,2,Nordeste
2908200,Conceição da Feira,BA,Bahia,2,Nordeste
2908309,Conceição do Almeida,BA,Bahia,2,Nordeste
2908408,Conceição do Coité,BA,Bahia,2,Nordeste
2908507,Conceição do Jacuípe,BA,Bahia,2,Nordeste
2908606,Conde,BA,Bahia,2,Nordeste
2908705,Condeúba,BA,Bahia,2,Nordeste
2908804,Contendas do Sincorá,BA,Bahia,2,Nordeste
2908903,Coração de Maria,BA,Bahia,2,Nordeste
2909000,Cordeiros,BA,Bahia,2,Nordeste
2909109,Coribe,BA,Bahia,2,Nordeste
2909208,Coronel João Sá,BA,Bahia,2,Nordeste
2909307,Correntina,BA,Bahia,2,Nordeste
2909406,Cotegipe,BA,Bahia,2,Nordeste
2909505,Cravolândia,BA,Bahia,2,Nordeste
2909703,Cristópolis,BA,Bahia,2,Nordeste
2909604,Crisópolis,BA,Bahia,2,Nordeste
2909802,Cruz das Almas,BA,Bahia,2,Nordeste
2909901,Curaçá,BA,Bahia,2,Nordeste
2906709,Cândido Sales,BA,Bahia,2,Nordeste
2907806,Cícero Dantas,BA,Bahia,2,Nordeste
2910057,Dias d'Ávila,BA,Bahia,2,Nordeste
2910107,Dom Basílio,BA,Bahia,2,Nordeste
2910206,Dom Macedo Costa,BA,Bahia,2,Nordeste
2910008,Dário Meira,BA,Bahia,2,Nordeste
2910305,Elísio Medrado,BA,Bahia,2,Nordeste
2910404,Encruzilhada,BA,Bahia,2,Nordeste
2910503,Entre Rios,BA,Bahia,2,Nordeste
2910602,Esplanada,BA,Bahia,2,Nordeste
2910701,Euclides da Cunha,BA,Bahia,2,Nordeste
2910727,Eunápolis,BA,Bahia,2,Nordeste
2910776,Feira da Mata,BA,Bahia,2,Nordeste
2910800,Feira de Santana,BA,Bahia,2,Nordeste
2910859,Filadélfia,BA,Bahia,2,Nordeste
2910909,Firmino Alves,BA,Bahia,2,Nordeste
2911006,Floresta Azul,BA,Bahia,2,Nordeste
2911105,Formosa do Rio Preto,BA,Bahia,2,Nordeste
2910750,Fátima,BA,Bahia,2,Nordeste
2911204,Gandu,BA,Bahia,2,Nordeste
2911253,Gavião,BA,Bahia,2,Nordeste
2911303,Gentio do Ouro,BA,Bahia,2,Nordeste
2911402,Glória,BA,Bahia,2,Nordeste
2911501,Gongogi,BA,Bahia,2,Nordeste
2911600,Governador Mangabeira,BA,Bahia,2,Nordeste
2911659,Guajeru,BA,Bahia,2,Nordeste
2911709,Guanambi,BA,Bahia,2,Nordeste
2911808,Guaratinga,BA,Bahia,2,Nordeste
2911857,Heliópolis,BA,Bahia,2,Nordeste
2911907,Iaçu,BA,Bahia,2,Nordeste
2912004,Ibiassucê,BA,Bahia,2,Nordeste
2912103,Ibicaraí,BA,Bahia,2,Nordeste
2912202,Ibicoara,BA,Bahia,2,Nordeste
2912301,Ibicuí,BA,Bahia,2,Nordeste
2912400,Ibipeba,BA,Bahia,2,Nordeste
2912509,Ibipitanga,BA,Bahia,2,Nordeste
2912608,Ibiquera,BA,Bahia,2,Nordeste
2912707,Ibirapitanga,BA,Bahia,2,Nordeste
2912806,Ibirapuã,BA,Bahia,2,Nordeste
2912905,Ibirataia,BA,Bahia,2,Nordeste
2913002,Ibitiara,BA,Bahia,2,Nordeste
2913101,Ibititá,BA,Bahia,2,Nordeste
2913200,Ibotirama,BA,Bahia,2,Nordeste
2913309,Ichu,BA,Bahia,2,Nordeste
2913408,Igaporã,BA,Bahia,2,Nordeste
2913457,Igrapiúna,BA,Bahia,2,Nordeste
2913507,Iguaí,BA,Bahia,2,Nordeste
2913606,Ilhéus,BA,Bahia,2,Nordeste
2913705,Inhambupe,BA,Bahia,2,Nordeste
2913804,Ipecaetá,BA,Bahia,2,Nordeste
2913903,Ipiaú,BA,Bahia,2,Nordeste
2914000,Ipirá,BA,Bahia,2,Nordeste
2914109,Ipupiara,BA,Bahia,2,Nordeste
2914208,Irajuba,BA,Bahia,2,Nordeste
2914307,Iramaia,BA,Bahia,2,Nordeste
2914406,Iraquara,BA,Bahia,2,Nordeste
2914505,Irará,BA,Bahia,2,Nordeste
2914604,Irecê,BA,Bahia,2,Nordeste
2914653,Itabela,BA,Bahia,2,Nordeste
2914703,Itaberaba,BA,Bahia,2,Nordeste
2914802,Itabuna,BA,Bahia,2,Nordeste
2914901,Itacaré,BA,Bahia,2,Nordeste
2915007,Itaeté,BA,Bahia,2,Nordeste
2915106,Itagi,BA,Bahia,2,Nordeste
2915205,Itagibá,BA,Bahia,2,Nordeste
2915304,Itagimirim,BA,Bahia,2,Nordeste
2915353,Itaguaçu da Bahia,BA,Bahia,2,Nordeste
2915403,Itaju do Colônia,BA,Bahia,2,Nordeste
2915502,Itajuípe,BA,Bahia,2,Nordeste
2915601,Itamaraju,BA,Bahia,2,Nordeste
2915700,Itamari,BA,Bahia,2,Nordeste
2915809,Itambé,BA,Bahia,2,Nordeste
2915908,Itanagra,BA,Bahia,2,Nordeste
2916005,Itanhém,BA,Bahia,2,Nordeste
2916104,Itaparica,BA,Bahia,2,Nordeste
2916302,Itapebi,BA,Bahia,2,Nordeste
2916401,Itapetinga,BA,Bahia,2,Nordeste
2916500,Itapicuru,BA,Bahia,2,Nordeste
2916609,Itapitanga,BA,Bahia,2,Nordeste
2916203,Itapé,BA,Bahia,2,Nordeste
2916708,Itaquara,BA,Bahia,2,Nordeste
2916807,Itarantim,BA,Bahia,2,Nordeste
2916856,Itatim,BA,Bahia,2,Nordeste
2916906,Itiruçu,BA,Bahia,2,Nordeste
2917003,Itiúba,BA,Bahia,2,Nordeste
2917102,Itororó,BA,Bahia,2,Nordeste
2917201,Ituaçu,BA,Bahia,2,Nordeste
2917300,Ituberá,BA,Bahia,2,Nordeste
2917334,Iuiu,BA,Bahia,2,Nordeste
2917359,Jaborandi,BA,Bahia,2,Nordeste
2917409,Jacaraci,BA,Bahia,2,Nordeste
2917508,Jacobina,BA,Bahia,2,Nordeste
2917607,Jaguaquara,BA,Bahia,2,Nordeste
2917706,Jaguarari,BA,Bahia,2,Nordeste
2917805,Jaguaripe,BA,Bahia,2,Nordeste
2917904,Jandaíra,BA,Bahia,2,Nordeste
2918001,Jequié,BA,Bahia,2,Nordeste
2918100,Jeremoabo,BA,Bahia,2,Nordeste
2918209,Jiquiriçá,BA,Bahia,2,Nordeste
2918308,Jitaúna,BA,Bahia,2,Nordeste
2918357,João Dourado,BA,Bahia,2,Nordeste
2918407,Juazeiro,BA,Bahia,2,Nordeste
2918456,Jucuruçu,BA,Bahia,2,Nordeste
2918506,Jussara,BA,Bahia,2,Nordeste
2918555,Jussari,BA,Bahia,2,Nordeste
2918605,Jussiape,BA,Bahia,2,Nordeste
2918704,Lafaiete Coutinho,BA,Bahia,2,Nordeste
2918753,Lagoa Real,BA,Bahia,2,Nordeste
2918803,Laje,BA,Bahia,2,Nordeste
2919009,Lajedinho,BA,Bahia,2,Nordeste
2919058,Lajedo do Tabocal,BA,Bahia,2,Nordeste
2918902,Lajedão,BA,Bahia,2,Nordeste
2919108,Lamarão,BA,Bahia,2,Nordeste
2919157,Lapão,BA,Bahia,2,Nordeste
2919207,Lauro de Freitas,BA,Bahia,2,Nordeste
2919306,Lençóis,BA,Bahia,2,Nordeste
2919405,Licínio de Almeida,BA,Bahia,2,Nordeste
2919504,Livramento de Nossa Senhora,BA,Bahia,2,Nordeste
2919553,Luís Eduardo Magalhães,BA,Bahia,2,Nordeste
2919603,Macajuba,BA,Bahia,2,Nordeste
2919702,Macarani,BA,Bahia,2,Nordeste
2919801,Macaúbas,BA,Bahia,2,Nordeste
2919900,Macururé,BA,Bahia,2,Nordeste
2919926,Madre de Deus,BA,Bahia,2,Nordeste
2919959,Maetinga,BA,Bahia,2,Nordeste
2920007,Maiquinique,BA,Bahia,2,Nordeste
2920106,Mairi,BA,Bahia,2,Nordeste
2920205,Malhada,BA,Bahia,2,Nordeste
2920304,Malhada de Pedras,BA,Bahia,2,Nordeste
2920403,Manoel Vitorino,BA,Bahia,2,Nordeste
2920452,Mansidão,BA,Bahia,2,Nordeste
2920502,Maracás,BA,Bahia,2,Nordeste
2920601,Maragogipe,BA,Bahia,2,Nordeste
2920700,Maraú,BA,Bahia,2,Nordeste
2920809,Marcionílio Souza,BA,Bahia,2,Nordeste
2920908,Mascote,BA,Bahia,2,Nordeste
2921005,Mata de São João,BA,Bahia,2,Nordeste
2921054,Matina,BA,Bahia,2,Nordeste
2921104,Medeiros Neto,BA,Bahia,2,Nordeste
2921203,Miguel Calmon,BA,Bahia,2,Nordeste
2921302,Milagres,BA,Bahia,2,Nordeste
2921401,Mirangaba,BA,Bahia,2,Nordeste
2921450,Mirante,BA,Bahia,2,Nordeste
2921500,Monte Santo,BA,Bahia,2,Nordeste
2921609,Morpará,BA,Bahia,2,Nordeste
2921708,Morro do Chapéu,BA,Bahia,2,Nordeste
2921807,Mortugaba,BA,Bahia,2,Nordeste
2921906,Mucugê,BA,Bahia,2,Nordeste
2922003,Mucuri,BA,Bahia,2,Nordeste
2922052,Mulungu do Morro,BA,Bahia,2,Nordeste
2922102,Mundo Novo,BA,Bahia,2,Nordeste
2922201,Muniz Ferreira,BA,Bahia,2,Nordeste
2922250,Muquém do São Francisco,BA,Bahia,2,Nordeste
2922300,Muritiba,BA,Bahia,2,Nordeste
2922409,Mutuípe,BA,Bahia,2,Nordeste
2922508,Nazaré,BA,Bahia,2,Nordeste
2922607,Nilo Peçanha,BA,Bahia,2,Nordeste
2922656,Nordestina,BA,Bahia,2,Nordeste
2922706,Nova Canaã,BA,Bahia,2,Nordeste
2922730,Nova Fátima,BA,Bahia,2,Nordeste
2922755,Nova Ibiá,BA,Bahia,2,Nordeste
2922805,Nova Itarana,BA,Bahia,2,Nordeste
2922854,Nova Redenção,BA,Bahia,2,Nordeste
2922904,Nova Soure,BA,Bahia,2,Nordeste
2923001,Nova Viçosa,BA,Bahia,2,Nordeste
2923035,Novo Horizonte,BA,Bahia,2,Nordeste
2923050,Novo Triunfo,BA,Bahia,2,Nordeste
2923100,Olindina,BA,Bahia,2,Nordeste
2923209,Oliveira dos Brejinhos,BA,Bahia,2,Nordeste
2923308,Ouriçangas,BA,Bahia,2,Nordeste
2923357,Ourolândia,BA,Bahia,2,Nordeste
2923407,Palmas de Monte Alto,BA,Bahia,2,Nordeste
2923506,Palmeiras,BA,Bahia,2,Nordeste
2923605,Paramirim,BA,Bahia,2,Nordeste
2923704,Paratinga,BA,Bahia,2,Nordeste
2923803,Paripiranga,BA,Bahia,2,Nordeste
2923902,Pau Brasil,BA,Bahia,2,Nordeste
2924009,Paulo Afonso,BA,Bahia,2,Nordeste
2924207,Pedro Alexandre,BA,Bahia,2,Nordeste
2924108,Pedrão,BA,Bahia,2,Nordeste
2924306,Piatã,BA,Bahia,2,Nordeste
2924405,Pilão Arcado,BA,Bahia,2,Nordeste
2924504,Pindaí,BA,Bahia,2,Nordeste
2924603,Pindobaçu,BA,Bahia,2,Nordeste
2924652,Pintadas,BA,Bahia,2,Nordeste
2924678,Piraí do Norte,BA,Bahia,2,Nordeste
2924702,Piripá,BA,Bahia,2,Nordeste
2924801,Piritiba,BA,Bahia,2,Nordeste
2924900,Planaltino,BA,Bahia,2,Nordeste
2925006,Planalto,BA,Bahia,2,Nordeste
2925204,Pojuca,BA,Bahia,2,Nordeste
2925253,Ponto Novo,BA,Bahia,2,Nordeste
2925303,Porto Seguro,BA,Bahia,2,Nordeste
2925402,Potiraguá,BA,Bahia,2,Nordeste
2925105,Poções,BA,Bahia,2,Nordeste
2925501,Prado,BA,Bahia,2,Nordeste
2925600,Presidente Dutra,BA,Bahia,2,Nordeste
2925709,Presidente Jânio Quadros,BA,Bahia,2,Nordeste
2925758,Presidente Tancredo Neves,BA,Bahia,2,Nordeste
2924058,Pé de Serra,BA,Bahia,2,Nordeste
2925808,Queimadas,BA,Bahia,2,Nordeste
2925907,Quijingue,BA,Bahia,2,Nordeste
2925931,Quixabeira,BA,Bahia,2,Nordeste
2925956,Rafael Jambeiro,BA,Bahia,2,Nordeste
2926004,Remanso,BA,Bahia,2,Nordeste
2926103,Retirolândia,BA,Bahia,2,Nordeste
2926400,Riacho de Santana,BA,Bahia,2,Nordeste
2926202,Riachão das Neves,BA,Bahia,2,Nordeste
2926301,Riachão do Jacuípe,BA,Bahia,2,Nordeste
2926509,Ribeira do Amparo,BA,Bahia,2,Nordeste
2926608,Ribeira do Pombal,BA,Bahia,2,Nordeste
2926657,Ribeirão do Largo,BA,Bahia,2,Nordeste
2927002,Rio Real,BA,Bahia,2,Nordeste
2926707,Rio de Contas,BA,Bahia,2,Nordeste
2926806,Rio do Antônio,BA,Bahia,2,Nordeste
2926905,Rio do Pires,BA,Bahia,2,Nordeste
2927101,Rodelas,BA,Bahia,2,Nordeste
2927200,Ruy Barbosa,BA,Bahia,2,Nordeste
2927309,Salinas da Margarida,BA,Bahia,2,Nordeste
2927408,Salvador,BA,Bahia,2,Nordeste
2927606,Santa Brígida,BA,Bahia,2,Nordeste
2927507,Santa Bárbara,BA,Bahia,2,Nordeste
2927705,Santa Cruz Cabrália,BA,Bahia,2,Nordeste
2927804,Santa Cruz da Vitória,BA,Bahia,2,Nordeste
2927903,Santa Inês,BA,Bahia,2,Nordeste
2928059,Santa Luzia,BA,Bahia,2,Nordeste
2928109,Santa Maria da Vitória,BA,Bahia,2,Nordeste
2928406,Santa Rita de Cássia,BA,Bahia,2,Nordeste
2928505,Santa Terezinha,BA,Bahia,2,Nordeste
2928000,Santaluz,BA,Bahia,2,Nordeste
2928208,Santana,BA,Bahia,2,Nordeste
2928307,Santanópolis,BA,Bahia,2,Nordeste
2928604,Santo Amaro,BA,Bahia,2,Nordeste
2928703,Santo Antônio de Jesus,BA,Bahia,2,Nordeste
2928802,Santo Estêvão,BA,Bahia,2,Nordeste
2929602,Sapeaçu,BA,Bahia,2,Nordeste
2929750,Saubara,BA,Bahia,2,Nordeste
2929800,Saúde,BA,Bahia,2,Nordeste
2929909,Seabra,BA,Bahia,2,Nordeste
2930006,Sebastião Laranjeiras,BA,Bahia,2,Nordeste
2930105,Senhor do Bonfim,BA,Bahia,2,Nordeste
2930204,Sento Sé,BA,Bahia,2,Nordeste
2930303,Serra Dourada,BA,Bahia,2,Nordeste
2930402,Serra Preta,BA,Bahia,2,Nordeste
2930154,Serra do Ramalho,BA,Bahia,2,Nordeste
2930501,Serrinha,BA,Bahia,2,Nordeste
2930600,Serrolândia,BA,Bahia,2,Nordeste
2930709,Simões Filho,BA,Bahia,2,Nordeste
2930774,Sobradinho,BA,Bahia,2,Nordeste
2930808,Souto Soares,BA,Bahia,2,Nordeste
2929701,Sátiro Dias,BA,Bahia,2,Nordeste
2928901,São Desidério,BA,Bahia,2,Nordeste
2928950,São Domingos,BA,Bahia,2,Nordeste
2929107,São Felipe,BA,Bahia,2,Nordeste
2929206,São Francisco do Conde,BA,Bahia,2,Nordeste
2929008,São Félix,BA,Bahia,2,Nordeste
2929057,São Félix do Coribe,BA,Bahia,2,Nordeste
2929255,São Gabriel,BA,Bahia,2,Nordeste
2929305,São Gonçalo dos Campos,BA,Bahia,2,Nordeste
2929354,São José da Vitória,BA,Bahia,2,Nordeste
2929370,São José do Jacuípe,BA,Bahia,2,Nordeste
2929404,São Miguel das Matas,BA,Bahia,2,Nordeste
2929503,São Sebastião do Passé,BA,Bahia,2,Nordeste
2930758,Sítio do Mato,BA,Bahia,2,Nordeste
2930766,Sítio do Quinto,BA,Bahia,2,Nordeste
2930907,Tabocas do Brejo Velho,BA,Bahia,2,Nordeste
2931004,Tanhaçu,BA,Bahia,2,Nordeste
2931053,Tanque Novo,BA,Bahia,2,Nordeste
2931103,Tanquinho,BA,Bahia,2,Nordeste
2931202,Taperoá,BA,Bahia,2,Nordeste
2931301,Tapiramutá,BA,Bahia,2,Nordeste
2931350,Teixeira de Freitas,BA,Bahia,2,Nordeste
2931400,Teodoro Sampaio,BA,Bahia,2,Nordeste
2931509,Teofilândia,BA,Bahia,2,Nordeste
2931608,Teolândia,BA,Bahia,2,Nordeste
2931707,Terra Nova,BA,Bahia,2,Nordeste
2931806,Tremedal,BA,Bahia,2,Nordeste
2931905,Tucano,BA,Bahia,2,Nordeste
2932002,Uauá,BA,Bahia,2,Nordeste
2932200,Ubaitaba,BA,Bahia,2,Nordeste
2932309,Ubatã,BA,Bahia,2,Nordeste
2932101,Ubaíra,BA,Bahia,2,Nordeste
2932408,Uibaí,BA,Bahia,2,Nordeste
2932457,Umburanas,BA,Bahia,2,Nordeste
2932507,Una,BA,Bahia,2,Nordeste
2932606,Urandi,BA,Bahia,2,Nordeste
2932705,Uruçuca,BA,Bahia,2,Nordeste
2932804,Utinga,BA,Bahia,2,Nordeste
2933000,Valente,BA,Bahia,2,Nordeste
2932903,Valença,BA,Bahia,2,Nordeste
2933174,Varzedo,BA,Bahia,2,Nordeste
2933208,Vera Cruz,BA,Bahia,2,Nordeste
2933257,Vereda,BA,Bahia,2,Nordeste
2933307,Vitória da Conquista,BA,Bahia,2,Nordeste
2933158,Várzea Nova,BA,Bahia,2,Nordeste
2933059,Várzea da Roça,BA,Bahia,2,Nordeste
2933109,Várzea do Poço,BA,Bahia,2,Nordeste
2933406,Wagner,BA,Bahia,2,Nordeste
2933455,Wanderley,BA,Bahia,2,Nordeste
2933505,Wenceslau Guimarães,BA,Bahia,2,Nordeste
2933604,Xique-Xique,BA,Bahia,2,Nordeste
2900405,Água Fria,BA,Bahia,2,Nordeste
2900504,Érico Cardoso,BA,Bahia,2,Nordeste
2300101,Abaiara,CE,Ceará,2,Nordeste
2300150,Acarape,CE,Ceará,2,Nordeste
2300200,Acaraú,CE,Ceará,2,Nordeste
2300309,Acopiara,CE,Ceará,2,Nordeste
2300408,Aiuaba,CE,Ceará,2,Nordeste
2300507,Alcântaras,CE,Ceará,2,Nordeste
2300606,Altaneira,CE,Ceará,2,Nordeste
2300705,Alto Santo,CE,Ceará,2,Nordeste
2300754,Amontada,CE,Ceará,2,Nordeste
2300804,Antonina do Norte,CE,Ceará,2,Nordeste
2300903,Apuiarés,CE,Ceará,2,Nordeste
2301000,Aquiraz,CE,Ceará,2,Nordeste
2301109,Aracati,CE,Ceará,2,Nordeste
2301208,Aracoiaba,CE,Ceará,2,Nordeste
2301257,Ararendá,CE,Ceará,2,Nordeste
2301307,Araripe,CE,Ceará,2,Nordeste
2301406,Aratuba,CE,Ceará,2,Nordeste
2301505,Arneiroz,CE,Ceará,2,Nordeste
2301604,Assaré,CE,Ceará,2,Nordeste
2301703,Aurora,CE,Ceará,2,Nordeste
2301802,Baixio,CE,Ceará,2,Nordeste
2301851,Banabuiú,CE,Ceará,2,Nordeste
2301901,Barbalha,CE,Ceará,2,Nordeste
2301950,Barreira,CE,Ceará,2,Nordeste
2302008,Barro,CE,Ceará,2,Nordeste
2302057,Barroquinha,CE,Ceará,2,Nordeste
2302107,Baturité,CE,Ceará,2,Nordeste
2302206,Beberibe,CE,Ceará,2,Nordeste
2302305,Bela Cruz,CE,Ceará,2,Nordeste
2302404,Boa Viagem,CE,Ceará,2,Nordeste
2302503,Brejo Santo,CE,Ceará,2,Nordeste
2302602,Camocim,CE,Ceará,2,Nordeste
2302701,Campos Sales,CE,Ceará,2,Nordeste
2302800,Canindé,CE,Ceará,2,Nordeste
2302909,Capistrano,CE,Ceará,2,Nordeste
2303006,Caridade,CE,Ceará,2,Nordeste
2303204,Caririaçu,CE,Ceará,2,Nordeste
2303105,Cariré,CE,Ceará,2,Nordeste
2303303,Cariús,CE,Ceará,2,Nordeste
2303402,Carnaubal,CE,Ceará,2,Nordeste
2303501,Cascavel,CE,Ceará,2,Nordeste
2303600,Catarina,CE,Ceará,2,Nordeste
2303659,Catunda,CE,Ceará,2,Nordeste
2303709,Caucaia,CE,Ceará,2,Nordeste
2303808,Cedro,CE,Ceará,2,Nordeste
2303907,Chaval,CE,Ceará,2,Nordeste
2303956,Chorozinho,CE,Ceará,2,Nordeste
2303931,Choró,CE,Ceará,2,Nordeste
2304004,Coreaú,CE,Ceará,2,Nordeste
2304103,Crateús,CE,Ceará,2,Nordeste
2304202,Crato,CE,Ceará,2,Nordeste
2304236,Croatá,CE,Ceará,2,Nordeste
2304251,Cruz,CE,Ceará,2,Nordeste
2304269,Deputado Irapuan Pinheiro,CE,Ceará,2,Nordeste
2304277,Ereré,CE,Ceará,2,Nordeste
2304285,Eusébio,CE,Ceará,2,Nordeste
2304301,Farias Brito,CE,Ceará,2,Nordeste
2304350,Forquilha,CE,Ceará,2,Nordeste
2304400,Fortaleza,CE,Ceará,2,Nordeste
2304459,Fortim,CE,Ceará,2,Nordeste
2304509,Frecheirinha,CE,Ceará,2,Nordeste
2304608,General Sampaio,CE,Ceará,2,Nordeste
2304707,Granja,CE,Ceará,2,Nordeste
2304806,Granjeiro,CE,Ceará,2,Nordeste
2304657,Graça,CE,Ceará,2,Nordeste
2304905,Groaíras,CE,Ceará,2,Nordeste
2304954,Guaiúba,CE,Ceará,2,Nordeste
2305001,Guaraciaba do Norte,CE,Ceará,2,Nordeste
2305100,Guaramiranga,CE,Ceará,2,Nordeste
2305209,Hidrolândia,CE,Ceará,2,Nordeste
2305233,Horizonte,CE,Ceará,2,Nordeste
2305266,Ibaretama,CE,Ceará,2,Nordeste
2305308,Ibiapina,CE,Ceará,2,Nordeste
2305332,Ibicuitinga,CE,Ceará,2,Nordeste
2305357,Icapuí,CE,Ceará,2,Nordeste
2305407,Icó,CE,Ceará,2,Nordeste
2305506,Iguatu,CE,Ceará,2,Nordeste
2305605,Independência,CE,Ceará,2,Nordeste
2305654,Ipaporanga,CE,Ceará,2,Nordeste
2305704,Ipaumirim,CE,Ceará,2,Nordeste
2305803,Ipu,CE,Ceará,2,Nordeste
2305902,Ipueiras,CE,Ceará,2,Nordeste
2306009,Iracema,CE,Ceará,2,Nordeste
2306108,Irauçuba,CE,Ceará,2,Nordeste
2306256,Itaitinga,CE,Ceará,2,Nordeste
2306207,Itaiçaba,CE,Ceará,2,Nordeste
2306306,Itapajé,CE,Ceará,2,Nordeste
2306405,Itapipoca,CE,Ceará,2,Nordeste
2306504,Itapiúna,CE,Ceará,2,Nordeste
2306553,Itarema,CE,Ceará,2,Nordeste
2306603,Itatira,CE,Ceará,2,Nordeste
2306702,Jaguaretama,CE,Ceará,2,Nordeste
2306801,Jaguaribara,CE,Ceará,2,Nordeste
2306900,Jaguaribe,CE,Ceará,2,Nordeste
2307007,Jaguaruana,CE,Ceará,2,Nordeste
2307106,Jardim,CE,Ceará,2,Nordeste
2307205,Jati,CE,Ceará,2,Nordeste
2307254,Jijoca de Jericoacoara,CE,Ceará,2,Nordeste
2307304,Juazeiro do Norte,CE,Ceará,2,Nordeste
2307403,Jucás,CE,Ceará,2,Nordeste
2307502,Lavras da Mangabeira,CE,Ceará,2,Nordeste
2307601,Limoeiro do Norte,CE,Ceará,2,Nordeste
2307635,Madalena,CE,Ceará,2,Nordeste
2307650,Maracanaú,CE,Ceará,2,Nordeste
2307700,Maranguape,CE,Ceará,2,Nordeste
2307809,Marco,CE,Ceará,2,Nordeste
2307908,Martinópole,CE,Ceará,2,Nordeste
2308005,Massapê,CE,Ceará,2,Nordeste
2308104,Mauriti,CE,Ceará,2,Nordeste
2308203,Meruoca,CE,Ceará,2,Nordeste
2308302,Milagres,CE,Ceará,2,Nordeste
2308351,Milhã,CE,Ceará,2,Nordeste
2308377,Miraíma,CE,Ceará,2,Nordeste
2308401,Missão Velha,CE,Ceará,2,Nordeste
2308500,Mombaça,CE,Ceará,2,Nordeste
2308609,Monsenhor Tabosa,CE,Ceará,2,Nordeste
2308708,Morada Nova,CE,Ceará,2,Nordeste
2308807,Moraújo,CE,Ceará,2,Nordeste
2308906,Morrinhos,CE,Ceará,2,Nordeste
2309003,Mucambo,CE,Ceará,2,Nordeste
2309102,Mulungu,CE,Ceará,2,Nordeste
2309201,Nova Olinda,CE,Ceará,2,Nordeste
2309300,Nova Russas,CE,Ceará,2,Nordeste
2309409,Novo Oriente,CE,Ceará,2,Nordeste
2309458,Ocara,CE,Ceará,2,Nordeste
2309508,Orós,CE,Ceará,2,Nordeste
2309607,Pacajus,CE,Ceará,2,Nordeste
2309706,Pacatuba,CE,Ceará,2,Nordeste
2309805,Pacoti,CE,Ceará,2,Nordeste
2309904,Pacujá,CE,Ceará,2,Nordeste
2310001,Palhano,CE,Ceará,2,Nordeste
2310100,Palmácia,CE,Ceará,2,Nordeste
2310209,Paracuru,CE,Ceará,2,Nordeste
2310258,Paraipaba,CE,Ceará,2,Nordeste
2310308,Parambu,CE,Ceará,2,Nordeste
2310407,Paramoti,CE,Ceará,2,Nordeste
2310506,Pedra Branca,CE,Ceará,2,Nordeste
2310605,Penaforte,CE,Ceará,2,Nordeste
2310704,Pentecoste,CE,Ceará,2,Nordeste
2310803,Pereiro,CE,Ceará,2,Nordeste
2310852,Pindoretama,CE,Ceará,2,Nordeste
2310902,Piquet Carneiro,CE,Ceará,2,Nordeste
2310951,Pires Ferreira,CE,Ceará,2,Nordeste
2311009,Poranga,CE,Ceará,2,Nordeste
2311108,Porteiras,CE,Ceará,2,Nordeste
2311207,Potengi,CE,Ceará,2,Nordeste
2311231,Potiretama,CE,Ceará,2,Nordeste
2311264,Quiterianópolis,CE,Ceará,2,Nordeste
2311306,Quixadá,CE,Ceará,2,Nordeste
2311355,Quixelô,CE,Ceará,2,Nordeste
2311405,Quixeramobim,CE,Ceará,2,Nordeste
2311504,Quixeré,CE,Ceará,2,Nordeste
2311603,Redenção,CE,Ceará,2,Nordeste
2311702,Reriutaba,CE,Ceará,2,Nordeste
2311801,Russas,CE,Ceará,2,Nordeste
2311900,Saboeiro,CE,Ceará,2,Nordeste
2311959,Salitre,CE,Ceará,2,Nordeste
2312205,Santa Quitéria,CE,Ceará,2,Nordeste
2312007,Santana do Acaraú,CE,Ceará,2,Nordeste
2312106,Santana do Cariri,CE,Ceará,2,Nordeste
2312700,Senador Pompeu,CE,Ceará,2,Nordeste
2312809,Senador Sá,CE,Ceará,2,Nordeste
2312908,Sobral,CE,Ceará,2,Nordeste
2313005,Solonópole,CE,Ceará,2,Nordeste
2312304,São Benedito,CE,Ceará,2,Nordeste
2312403,São Gonçalo do Amarante,CE,Ceará,2,Nordeste
2312502,São João do Jaguaribe,CE,Ceará,2,Nordeste
2312601,São Luís do Curu,CE,Ceará,2,Nordeste
2313104,Tabuleiro do Norte,CE,Ceará,2,Nordeste
2313203,Tamboril,CE,Ceará,2,Nordeste
2313252,Tarrafas,CE,Ceará,2,Nordeste
2313302,Tauá,CE,Ceará,2,Nordeste
2313351,Tejuçuoca,CE,Ceará,2,Nordeste
2313401,Tianguá,CE,Ceará,2,Nordeste
2313500,Trairi,CE,Ceará,2,Nordeste
2313559,Tururu,CE,Ceará,2,Nordeste
2313609,Ubajara,CE,Ceará,2,Nordeste
2313708,Umari,CE,Ceará,2,Nordeste
2313757,Umirim,CE,Ceará,2,Nordeste
2313807,Uruburetama,CE,Ceará,2,Nordeste
2313906,Uruoca,CE,Ceará,2,Nordeste
2313955,Varjota,CE,Ceará,2,Nordeste
2314102,Viçosa do Ceará,CE,Ceará,2,Nordeste
2314003,Várzea Alegre,CE,Ceará,2,Nordeste
5300108,Brasília,DF,Distrito Federal,5,Centro-Oeste
3200102,Afonso Cláudio,ES,Espírito Santo,3,Sudeste
3200201,Alegre,ES,Espírito Santo,3,Sudeste
3200300,Alfredo Chaves,ES,Espírito Santo,3,Sudeste
3200359,Alto Rio Novo,ES,Espírito Santo,3,Sudeste
3200409,Anchieta,ES,Espírito Santo,3,Sudeste
3200508,Apiacá,ES,Espírito Santo,3,Sudeste
3200607,Aracruz,ES,Espírito Santo,3,Sudeste
3200706,Atílio Vivácqua,ES,Espírito Santo,3,Sudeste
3200805,Baixo Guandu,ES,Espírito Santo,3,Sudeste
3200904,Barra de São Francisco,ES,Espírito Santo,3,Sudeste
3201001,Boa Esperança,ES,Espírito Santo,3,Sudeste
3201100,Bom Jesus do Norte,ES,Espírito Santo,3,Sudeste
3201159,Brejetuba,ES,Espírito Santo,3,Sudeste
3201209,Cachoeiro de Itapemirim,ES,Espírito Santo,3,Sudeste
3201308,Cariacica,ES,Espírito Santo,3,Sudeste
3201407,Castelo,ES,Espírito Santo,3,Sudeste
3201506,Colatina,ES,Espírito Santo,3,Sudeste
3201605,Conceição da Barra,ES,Espírito Santo,3,Sudeste
3201704,Conceição do Castelo,ES,Espírito Santo,3,Sudeste
3201803,Divino de São Lourenço,ES,Espírito Santo,3,Sudeste
3201902,Domingos Martins,ES,Espírito Santo,3,Sudeste
3202009,Dores do Rio Preto,ES,Espírito Santo,3,Sudeste
3202108,Ecoporanga,ES,Espírito Santo,3,Sudeste
3202207,Fundão,ES,Espírito Santo,3,Sudeste
3202256,Governador Lindenberg,ES,Espírito Santo,3,Sudeste
3202405,Guarapari,ES,Espírito Santo,3,Sudeste
3202306,Guaçuí,ES,Espírito Santo,3,Sudeste
3202454,Ibatiba,ES,Espírito Santo,3,Sudeste
3202504,Ibiraçu,ES,Espírito Santo,3,Sudeste
3202553,Ibitirama,ES,Espírito Santo,3,Sudeste
3202603,Iconha,ES,Espírito Santo,3,Sudeste
3202652,Irupi,ES,Espírito Santo,3,Sudeste
3202702,Itaguaçu,ES,Espírito Santo,3,Sudeste
3202801,Itapemirim,ES,Espírito Santo,3,Sudeste
3202900,Itarana,ES,Espírito Santo,3,Sudeste
3203007,Iúna,ES,Espírito Santo,3,Sudeste
3203056,Jaguaré,ES,Espírito Santo,3,Sudeste
3203106,Jerônimo Monteiro,ES,Espírito Santo,3,Sudeste
3203130,João Neiva,ES,Espírito Santo,3,Sudeste
3203163,Laranja da Terra,ES,Espírito Santo,3,Sudeste
3203205,Linhares,ES,Espírito Santo,3,Sudeste
3203304,Mantenópolis,ES,Espírito Santo,3,Sudeste
3203320,Marataízes,ES,Espírito Santo,3,Sudeste
3203346,Marechal Floriano,ES,Espírito Santo,3,Sudeste
3203353,Marilândia,ES,Espírito Santo,3,Sudeste
3203403,Mimoso do Sul,ES,Espírito Santo,3,Sudeste
3203502,Montanha,ES,Espírito Santo,3,Sudeste
3203601,Mucurici,ES,Espírito Santo,3,Sudeste
3203700,Muniz Freire,ES,Espírito Santo,3,Sudeste
3203809,Muqui,ES,Espírito Santo,3,Sudeste
3203908,Nova Venécia,ES,Espírito Santo,3,Sudeste
3204005,Pancas,ES,Espírito Santo,3,Sudeste
3204054,Pedro Canário,ES,Espírito Santo,3,Sudeste
3204104,Pinheiros,ES,Espírito Santo,3,Sudeste
3204203,Piúma,ES,Espírito Santo,3,Sudeste
3204252,Ponto Belo,ES,Espírito Santo,3,Sudeste
3204302,Presidente Kennedy,ES,Espírito Santo,3,Sudeste
3204351,Rio Bananal,ES,Espírito Santo,3,Sudeste
3204401,Rio Novo do Sul,ES,Espírito Santo,3,Sudeste
3204500,Santa Leopoldina,ES,Espírito Santo,3,Sudeste
3204559,Santa Maria de Jetibá,ES,Espírito Santo,3,Sudeste
3204609,Santa Teresa,ES,Espírito Santo,3,Sudeste
3205002,Serra,ES,Espírito Santo,3,Sudeste
3205010,Sooretama,ES,Espírito Santo,3,Sudeste
3204658,São Domingos do Norte,ES,Espírito Santo,3,Sudeste
3204708,São Gabriel da Palha,ES,Espírito Santo,3,Sudeste
3204807,São José do Calçado,ES,Espírito Santo,3,Sudeste
3204906,São Mateus,ES,Espírito Santo,3,Sudeste
3204955,São Roque do Canaã,ES,Espírito Santo,3,Sudeste
3205036,Vargem Alta,ES,Espírito Santo,3,Sudeste
3205069,Venda Nova do Imigrante,ES,Espírito Santo,3,Sudeste
3205101,Viana,ES,Espírito Santo,3,Sudeste
3205150,Vila Pavão,ES,Espírito Santo,3,Sudeste
3205176,Vila Valério,ES,Espírito Santo,3,Sudeste
3205200,Vila Velha,ES,Espírito Santo,3,Sudeste
3205309,Vitória,ES,Espírito Santo,3,Sudeste
3200169,Água Doce do Norte,ES,Espírito Santo,3,Sudeste
3200136,Águia Branca,ES,Espírito Santo,3,Sudeste
5200050,Abadia de Goiás,GO,Goiás,5,Centro-Oeste
5200100,Abadiânia,GO,Goiás,5,Centro-Oeste
5200134,Acreúna,GO,Goiás,5,Centro-Oeste
5200159,Adelândia,GO,Goiás,5,Centro-Oeste
5200308,Alexânia,GO,Goiás,5,Centro-Oeste
5200506,Aloândia,GO,Goiás,5,Centro-Oeste
5200555,Alto Horizonte,GO,Goiás,5,Centro-Oeste
5200605,Alto Paraíso de Goiás,GO,Goiás,5,Centro-Oeste
5200803,Alvorada do Norte,GO,Goiás,5,Centro-Oeste
5200829,Amaralina,GO,Goiás,5,Centro-Oeste
5200852,Americano do Brasil,GO,Goiás,5,Centro-Oeste
5200902,Amorinópolis,GO,Goiás,5,Centro-Oeste
5201207,Anhanguera,GO,Goiás,5,Centro-Oeste
5201306,Anicuns,GO,Goiás,5,Centro-Oeste
5201108,Anápolis,GO,Goiás,5,Centro-Oeste
5201405,Aparecida de Goiânia,GO,Goiás,5,Centro-Oeste
5201454,Aparecida do Rio Doce,GO,Goiás,5,Centro-Oeste
5201504,Aporé,GO,Goiás,5,Centro-Oeste
5201702,Aragarças,GO,Goiás,5,Centro-Oeste
5201801,Aragoiânia,GO,Goiás,5,Centro-Oeste
5202155,Araguapaz,GO,Goiás,5,Centro-Oeste
5201603,Araçu,GO,Goiás,5,Centro-Oeste
5202353,Arenópolis,GO,Goiás,5,Centro-Oeste
5202502,Aruanã,GO,Goiás,5,Centro-Oeste
5202601,Aurilândia,GO,Goiás,5,Centro-Oeste
5202809,Avelinópolis,GO,Goiás,5,Centro-Oeste
5203104,Baliza,GO,Goiás,5,Centro-Oeste
5203203,Barro Alto,GO,Goiás,5,Centro-Oeste
5203302,Bela Vista de Goiás,GO,Goiás,5,Centro-Oeste
5203401,Bom Jardim de Goiás,GO,Goiás,5,Centro-Oeste
5203500,Bom Jesus de Goiás,GO,Goiás,5,Centro-Oeste
5203559,Bonfinópolis,GO,Goiás,5,Centro-Oeste
5203575,Bonópolis,GO,Goiás,5,Centro-Oeste
5203609,Brazabrantes,GO,Goiás,5,Centro-Oeste
5203807,Britânia,GO,Goiás,5,Centro-Oeste
5203906,Buriti Alegre,GO,Goiás,5,Centro-Oeste
5203939,Buriti de Goiás,GO,Goiás,5,Centro-Oeste
5203962,Buritinópolis,GO,Goiás,5,Centro-Oeste
5204003,Cabeceiras,GO,Goiás,5,Centro-Oeste
5204102,Cachoeira Alta,GO,Goiás,5,Centro-Oeste
5204250,Cachoeira Dourada,GO,Goiás,5,Centro-Oeste
5204201,Cachoeira de Goiás,GO,Goiás,5,Centro-Oeste
5204409,Caiapônia,GO,Goiás,5,Centro-Oeste
5204508,Caldas Novas,GO,Goiás,5,Centro-Oeste
5204557,Caldazinha,GO,Goiás,5,Centro-Oeste
5204607,Campestre de Goiás,GO,Goiás,5,Centro-Oeste
5204656,Campinaçu,GO,Goiás,5,Centro-Oeste
5204706,Campinorte,GO,Goiás,5,Centro-Oeste
5204805,Campo Alegre de Goiás,GO,Goiás,5,Centro-Oeste
5204854,Campo Limpo de Goiás,GO,Goiás,5,Centro-Oeste
5204904,Campos Belos,GO,Goiás,5,Centro-Oeste
5204953,Campos Verdes,GO,Goiás,5,Centro-Oeste
5205000,Carmo do Rio Verde,GO,Goiás,5,Centro-Oeste
5205059,Castelândia,GO,Goiás,5,Centro-Oeste
5205109,Catalão,GO,Goiás,5,Centro-Oeste
5205208,Caturaí,GO,Goiás,5,Centro-Oeste
5205307,Cavalcante,GO,Goiás,5,Centro-Oeste
5204300,Caçu,GO,Goiás,5,Centro-Oeste
5205406,Ceres,GO,Goiás,5,Centro-Oeste
5205455,Cezarina,GO,Goiás,5,Centro-Oeste
5205471,Chapadão do Céu,GO,Goiás,5,Centro-Oeste
5205497,Cidade Ocidental,GO,Goiás,5,Centro-Oeste
5205513,Cocalzinho de Goiás,GO,Goiás,5,Centro-Oeste
5205521,Colinas do Sul,GO,Goiás,5,Centro-Oeste
5205901,Corumbaíba,GO,Goiás,5,Centro-Oeste
5205802,Corumbá de Goiás,GO,Goiás,5,Centro-Oeste
5206206,Cristalina,GO,Goiás,5,Centro-Oeste
5206305,Cristianópolis,GO,Goiás,5,Centro-Oeste
5206404,Crixás,GO,Goiás,5,Centro-Oeste
5206503,Cromínia,GO,Goiás,5,Centro-Oeste
5206602,Cumari,GO,Goiás,5,Centro-Oeste
5205703,Córrego do Ouro,GO,Goiás,5,Centro-Oeste
5206701,Damianópolis,GO,Goiás,5,Centro-Oeste
5206800,Damolândia,GO,Goiás,5,Centro-Oeste
5206909,Davinópolis,GO,Goiás,5,Centro-Oeste
5207105,Diorama,GO,Goiás,5,Centro-Oeste
5208301,Divinópolis de Goiás,GO,Goiás,5,Centro-Oeste
5207253,Doverlândia,GO,Goiás,5,Centro-Oeste
5207352,Edealina,GO,Goiás,5,Centro-Oeste
5207402,Edéia,GO,Goiás,5,Centro-Oeste
5207501,Estrela do Norte,GO,Goiás,5,Centro-Oeste
5207535,Faina,GO,Goiás,5,Centro-Oeste
5207600,Fazenda Nova,GO,Goiás,5,Centro-Oeste
5207808,Firminópolis,GO,Goiás,5,Centro-Oeste
5207907,Flores de Goiás,GO,Goiás,5,Centro-Oeste
5208004,Formosa,GO,Goiás,5,Centro-Oeste
5208103,Formoso,GO,Goiás,5,Centro-Oeste
5208152,Gameleira de Goiás,GO,Goiás,5,Centro-Oeste
5208509,Goiandira,GO,Goiás,5,Centro-Oeste
5208806,Goianira,GO,Goiás,5,Centro-Oeste
5208400,Goianápolis,GO,Goiás,5,Centro-Oeste
5208608,Goianésia,GO,Goiás,5,Centro-Oeste
5209101,Goiatuba,GO,Goiás,5,Centro-Oeste
5208905,Goiás,GO,Goiás,5,Centro-Oeste
5208707,Goiânia,GO,Goiás,5,Centro-Oeste
5209150,Gouvelândia,GO,Goiás,5,Centro-Oeste
5209200,Guapó,GO,Goiás,5,Centro-Oeste
5209408,Guarani de Goiás,GO,Goiás,5,Centro-Oeste
5209291,Guaraíta,GO,Goiás,5,Centro-Oeste
5209457,Guarinos,GO,Goiás,5,Centro-Oeste
5209606,Heitoraí,GO,Goiás,5,Centro-Oeste
5209804,Hidrolina,GO,Goiás,5,Centro-Oeste
5209705,Hidrolândia,GO,Goiás,5,Centro-Oeste
5209903,Iaciara,GO,Goiás,5,Centro-Oeste
5209937,Inaciolândia,GO,Goiás,5,Centro-Oeste
5209952,Indiara,GO,Goiás,5,Centro-Oeste
5210000,Inhumas,GO,Goiás,5,Centro-Oeste
5210109,Ipameri,GO,Goiás,5,Centro-Oeste
5210158,Ipiranga de Goiás,GO,Goiás,5,Centro-Oeste
5210208,Iporá,GO,Goiás,5,Centro-Oeste
5210307,Israelândia,GO,Goiás,5,Centro-Oeste
5210406,Itaberaí,GO,Goiás,5,Centro-Oeste
5210562,Itaguari,GO,Goiás,5,Centro-Oeste
5210604,Itaguaru,GO,Goiás,5,Centro-Oeste
5210802,Itajá,GO,Goiás,5,Centro-Oeste
5210901,Itapaci,GO,Goiás,5,Centro-Oeste
5211008,Itapirapuã,GO,Goiás,5,Centro-Oeste
5211206,Itapuranga,GO,Goiás,5,Centro-Oeste
5211305,Itarumã,GO,Goiás,5,Centro-Oeste
5211404,Itauçu,GO,Goiás,5,Centro-Oeste
5211503,Itumbiara,GO,Goiás,5,Centro-Oeste
5211602,Ivolândia,GO,Goiás,5,Centro-Oeste
5211701,Jandaia,GO,Goiás,5,Centro-Oeste
5211800,Jaraguá,GO,Goiás,5,Centro-Oeste
5211909,Jataí,GO,Goiás,5,Centro-Oeste
5212006,Jaupaci,GO,Goiás,5,Centro-Oeste
5212055,Jesúpolis,GO,Goiás,5,Centro-Oeste
5212105,Joviânia,GO,Goiás,5,Centro-Oeste
5212204,Jussara,GO,Goiás,5,Centro-Oeste
5212253,Lagoa Santa,GO,Goiás,5,Centro-Oeste
5212303,Leopoldo de Bulhões,GO,Goiás,5,Centro-Oeste
5212501,Luziânia,GO,Goiás,5,Centro-Oeste
5212600,Mairipotaba,GO,Goiás,5,Centro-Oeste
5212709,Mambaí,GO,Goiás,5,Centro-Oeste
5212808,Mara Rosa,GO,Goiás,5,Centro-Oeste
5212907,Marzagão,GO,Goiás,5,Centro-Oeste
5212956,Matrinchã,GO,Goiás,5,Centro-Oeste
5213004,Maurilândia,GO,Goiás,5,Centro-Oeste
5213053,Mimoso de Goiás,GO,Goiás,5,Centro-Oeste
5213087,Minaçu,GO,Goiás,5,Centro-Oeste
5213103,Mineiros,GO,Goiás,5,Centro-Oeste
5213400,Moiporá,GO,Goiás,5,Centro-Oeste
5213509,Monte Alegre de Goiás,GO,Goiás,5,Centro-Oeste
5213707,Montes Claros de Goiás,GO,Goiás,5,Centro-Oeste
5213756,Montividiu,GO,Goiás,5,Centro-Oeste
5213772,Montividiu do Norte,GO,Goiás,5,Centro-Oeste
5213806,Morrinhos,GO,Goiás,5,Centro-Oeste
5213855,Morro Agudo de Goiás,GO,Goiás,5,Centro-Oeste
5213905,Mossâmedes,GO,Goiás,5,Centro-Oeste
5214002,Mozarlândia,GO,Goiás,5,Centro-Oeste
5214051,Mundo Novo,GO,Goiás,5,Centro-Oeste
5214101,Mutunópolis,GO,Goiás,5,Centro-Oeste
5214408,Nazário,GO,Goiás,5,Centro-Oeste
5214507,Nerópolis,GO,Goiás,5,Centro-Oeste
5214606,Niquelândia,GO,Goiás,5,Centro-Oeste
5214705,Nova América,GO,Goiás,5,Centro-Oeste
5214804,Nova Aurora,GO,Goiás,5,Centro-Oeste
5214838,Nova Crixás,GO,Goiás,5,Centro-Oeste
5214861,Nova Glória,GO,Goiás,5,Centro-Oeste
5214879,Nova Iguaçu de Goiás,GO,Goiás,5,Centro-Oeste
5214903,Nova Roma,GO,Goiás,5,Centro-Oeste
5215009,Nova Veneza,GO,Goiás,5,Centro-Oeste
5215207,Novo Brasil,GO,Goiás,5,Centro-Oeste
5215231,Novo Gama,GO,Goiás,5,Centro-Oeste
5215256,Novo Planalto,GO,Goiás,5,Centro-Oeste
5215306,Orizona,GO,Goiás,5,Centro-Oeste
5215405,Ouro Verde de Goiás,GO,Goiás,5,Centro-Oeste
5215504,Ouvidor,GO,Goiás,5,Centro-Oeste
5215603,Padre Bernardo,GO,Goiás,5,Centro-Oeste
5215652,Palestina de Goiás,GO,Goiás,5,Centro-Oeste
5215702,Palmeiras de Goiás,GO,Goiás,5,Centro-Oeste
5215801,Palmelo,GO,Goiás,5,Centro-Oeste
5215900,Palminópolis,GO,Goiás,5,Centro-Oeste
5216007,Panamá,GO,Goiás,5,Centro-Oeste
5216304,Paranaiguara,GO,Goiás,5,Centro-Oeste
5216403,Paraúna,GO,Goiás,5,Centro-Oeste
5216452,Perolândia,GO,Goiás,5,Centro-Oeste
5216809,Petrolina de Goiás,GO,Goiás,5,Centro-Oeste
5216908,Pilar de Goiás,GO,Goiás,5,Centro-Oeste
5217104,Piracanjuba,GO,Goiás,5,Centro-Oeste
5217203,Piranhas,GO,Goiás,5,Centro-Oeste
5217302,Pirenópolis,GO,Goiás,5,Centro-Oeste
5217401,Pires do Rio,GO,Goiás,5,Centro-Oeste
5217609,Planaltina,GO,Goiás,5,Centro-Oeste
5217708,Pontalina,GO,Goiás,5,Centro-Oeste
5218003,Porangatu,GO,Goiás,5,Centro-Oeste
5218052,Porteirão,GO,Goiás,5,Centro-Oeste
5218102,Portelândia,GO,Goiás,5,Centro-Oeste
5218300,Posse,GO,Goiás,5,Centro-Oeste
5218391,Professor Jamil,GO,Goiás,5,Centro-Oeste
5218508,Quirinópolis,GO,Goiás,5,Centro-Oeste
5218607,Rialma,GO,Goiás,5,Centro-Oeste
5218706,Rianápolis,GO,Goiás,5,Centro-Oeste
5218789,Rio Quente,GO,Goiás,5,Centro-Oeste
5218805,Rio Verde,GO,Goiás,5,Centro-Oeste
5218904,Rubiataba,GO,Goiás,5,Centro-Oeste
5219001,Sanclerlândia,GO,Goiás,5,Centro-Oeste
5219100,Santa Bárbara de Goiás,GO,Goiás,5,Centro-Oeste
5219209,Santa Cruz de Goiás,GO,Goiás,5,Centro-Oeste
5219258,Santa Fé de Goiás,GO,Goiás,5,Centro-Oeste
5219308,Santa Helena de Goiás,GO,Goiás,5,Centro-Oeste
5219357,Santa Isabel,GO,Goiás,5,Centro-Oeste
5219407,Santa Rita do Araguaia,GO,Goiás,5,Centro-Oeste
5219456,Santa Rita do Novo Destino,GO,Goiás,5,Centro-Oeste
5219506,Santa Rosa de Goiás,GO,Goiás,5,Centro-Oeste
5219605,Santa Tereza de Goiás,GO,Goiás,5,Centro-Oeste
5219704,Santa Terezinha de Goiás,GO,Goiás,5,Centro-Oeste
5219712,Santo Antônio da Barra,GO,Goiás,5,Centro-Oeste
5219738,Santo Antônio de Goiás,GO,Goiás,5,Centro-Oeste
5219753,Santo Antônio do Descoberto,GO,Goiás,5,Centro-Oeste
5220454,Senador Canedo,GO,Goiás,5,Centro-Oeste
5220504,Serranópolis,GO,Goiás,5,Centro-Oeste
5220603,Silvânia,GO,Goiás,5,Centro-Oeste
5220686,Simolândia,GO,Goiás,5,Centro-Oeste
5219803,São Domingos,GO,Goiás,5,Centro-Oeste
5219902,São Francisco de Goiás,GO,Goiás,5,Centro-Oeste
5220009,São João d'Aliança,GO,Goiás,5,Centro-Oeste
5220058,São João da Paraúna,GO,Goiás,5,Centro-Oeste
5220157,São Luiz do Norte,GO,Goiás,5,Centro-Oeste
5220108,São Luís de Montes Belos,GO,Goiás,5,Centro-Oeste
5220207,São Miguel do Araguaia,GO,Goiás,5,Centro-Oeste
5220264,São Miguel do Passa Quatro,GO,Goiás,5,Centro-Oeste
5220280,São Patrício,GO,Goiás,5,Centro-Oeste
5220405,São Simão,GO,Goiás,5,Centro-Oeste
5220702,Sítio d'Abadia,GO,Goiás,5,Centro-Oeste
5221007,Taquaral de Goiás,GO,Goiás,5,Centro-Oeste
5221080,Teresina de Goiás,GO,Goiás,5,Centro-Oeste
5221197,Terezópolis de Goiás,GO,Goiás,5,Centro-Oeste
5221403,Trindade,GO,Goiás,5,Centro-Oeste
5221452,Trombas,GO,Goiás,5,Centro-Oeste
5221304,Três Ranchos,GO,Goiás,5,Centro-Oeste
5221551,Turvelândia,GO,Goiás,5,Centro-Oeste
5221502,Turvânia,GO,Goiás,5,Centro-Oeste
5221577,Uirapuru,GO,Goiás,5,Centro-Oeste
5221700,Uruana,GO,Goiás,5,Centro-Oeste
5221601,Uruaçu,GO,Goiás,5,Centro-Oeste
5221809,Urutaí,GO,Goiás,5,Centro-Oeste
5221858,Valparaíso de Goiás,GO,Goiás,5,Centro-Oeste
5221908,Varjão,GO,Goiás,5,Centro-Oeste
5222005,Vianópolis,GO,Goiás,5,Centro-Oeste
5222054,Vicentinópolis,GO,Goiás,5,Centro-Oeste
5222203,Vila Boa,GO,Goiás,5,Centro-Oeste
5222302,Vila Propício,GO,Goiás,5,Centro-Oeste
5200175,Água Fria de Goiás,GO,Goiás,5,Centro-Oeste
5200209,Água Limpa,GO,Goiás,5,Centro-Oeste
5200258,Águas Lindas de Goiás,GO,Goiás,5,Centro-Oeste
2100105,Afonso Cunha,MA,Maranhão,2,Nordeste
2100204,Alcântara,MA,Maranhão,2,Nordeste
2100303,Aldeias Altas,MA,Maranhão,2,Nordeste
2100402,Altamira do Maranhão,MA,Maranhão,2,Nordeste
2100436,Alto Alegre do Maranhão,MA,Maranhão,2,Nordeste
2100477,Alto Alegre do Pindaré,MA,Maranhão,2,Nordeste
2100501,Alto Parnaíba,MA,Maranhão,2,Nordeste
2100550,Amapá do Maranhão,MA,Maranhão,2,Nordeste
2100600,Amarante do Maranhão,MA,Maranhão,2,Nordeste
2100709,Anajatuba,MA,Maranhão,2,Nordeste
2100808,Anapurus,MA,Maranhão,2,Nordeste
2100832,Apicum-Açu,MA,Maranhão,2,Nordeste
2100873,Araguanã,MA,Maranhão,2,Nordeste
2100907,Araioses,MA,Maranhão,2,Nordeste
2100956,Arame,MA,Maranhão,2,Nordeste
2101004,Arari,MA,Maranhão,2,Nordeste
2101103,Axixá,MA,Maranhão,2,Nordeste
2100055,Açailândia,MA,Maranhão,2,Nordeste
2101202,Bacabal,MA,Maranhão,2,Nordeste
2101251,Bacabeira,MA,Maranhão,2,Nordeste
2101301,Bacuri,MA,Maranhão,2,Nordeste
2101350,Bacurituba,MA,Maranhão,2,Nordeste
2101400,Balsas,MA,Maranhão,2,Nordeste
2101608,Barra do Corda,MA,Maranhão,2,Nordeste
2101707,Barreirinhas,MA,Maranhão,2,Nordeste
2101509,Barão de Grajaú,MA,Maranhão,2,Nordeste
2101772,Bela Vista do Maranhão,MA,Maranhão,2,Nordeste
2101731,Belágua,MA,Maranhão,2,Nordeste
2101806,Benedito Leite,MA,Maranhão,2,Nordeste
2101905,Bequimão,MA,Maranhão,2,Nordeste
2101939,Bernardo do Mearim,MA,Maranhão,2,Nordeste
2101970,Boa Vista do Gurupi,MA,Maranhão,2,Nordeste
2102002,Bom Jardim,MA,Maranhão,2,Nordeste
2102036,Bom Jesus das Selvas,MA,Maranhão,2,Nordeste
2102077,Bom Lugar,MA,Maranhão,2,Nordeste
2102101,Brejo,MA,Maranhão,2,Nordeste
2102150,Brejo de Areia,MA,Maranhão,2,Nordeste
2102200,Buriti,MA,Maranhão,2,Nordeste
2102309,Buriti Bravo,MA,Maranhão,2,Nordeste
2102325,Buriticupu,MA,Maranhão,2,Nordeste
2102358,Buritirana,MA,Maranhão,2,Nordeste
2102374,Cachoeira Grande,MA,Maranhão,2,Nordeste
2102408,Cajapió,MA,Maranhão,2,Nordeste
2102507,Cajari,MA,Maranhão,2,Nordeste
2102556,Campestre do Maranhão,MA,Maranhão,2,Nordeste
2102705,Cantanhede,MA,Maranhão,2,Nordeste
2102754,Capinzal do Norte,MA,Maranhão,2,Nordeste
2102804,Carolina,MA,Maranhão,2,Nordeste
2102903,Carutapera,MA,Maranhão,2,Nordeste
2103000,Caxias,MA,Maranhão,2,Nordeste
2103109,Cedral,MA,Maranhão,2,Nordeste
2103125,Central do Maranhão,MA,Maranhão,2,Nordeste
2103174,Centro Novo do Maranhão,MA,Maranhão,2,Nordeste
2103158,Centro do Guilherme,MA,Maranhão,2,Nordeste
2103208,Chapadinha,MA,Maranhão,2,Nordeste
2103257,Cidelândia,MA,Maranhão,2,Nordeste
2103307,Codó,MA,Maranhão,2,Nordeste
2103406,Coelho Neto,MA,Maranhão,2,Nordeste
2103505,Colinas,MA,Maranhão,2,Nordeste
2103554,Conceição do Lago-Açu,MA,Maranhão,2,Nordeste
2103604,Coroatá,MA,Maranhão,2,Nordeste
2103703,Cururupu,MA,Maranhão,2,Nordeste
2102606,Cândido Mendes,MA,Maranhão,2,Nordeste
2103752,Davinópolis,MA,Maranhão,2,Nordeste
2103802,Dom Pedro,MA,Maranhão,2,Nordeste
2103901,Duque Bacelar,MA,Maranhão,2,Nordeste
2104008,Esperantinópolis,MA,Maranhão,2,Nordeste
2104057,Estreito,MA,Maranhão,2,Nordeste
2104073,Feira Nova do Maranhão,MA,Maranhão,2,Nordeste
2104081,Fernando Falcão,MA,Maranhão,2,Nordeste
2104099,Formosa da Serra Negra,MA,Maranhão,2,Nordeste
2104107,Fortaleza dos Nogueiras,MA,Maranhão,2,Nordeste
2104206,Fortuna,MA,Maranhão,2,Nordeste
2104305,Godofredo Viana,MA,Maranhão,2,Nordeste
2104404,Gonçalves Dias,MA,Maranhão,2,Nordeste
2104503,Governador Archer,MA,Maranhão,2,Nordeste
2104552,Governador Edison Lobão,MA,Maranhão,2,Nordeste
2104602,Governador Eugênio Barros,MA,Maranhão,2,Nordeste
2104628,Governador Luiz Rocha,MA,Maranhão,2,Nordeste
2104651,Governador Newton Bello,MA,Maranhão,2,Nordeste
2104677,Governador Nunes Freire,MA,Maranhão,2,Nordeste
2104800,Grajaú,MA,Maranhão,2,Nordeste
2104701,Graça Aranha,MA,Maranhão,2,Nordeste
2104909,Guimarães,MA,Maranhão,2,Nordeste
2105005,Humberto de Campos,MA,Maranhão,2,Nordeste
2105104,Icatu,MA,Maranhão,2,Nordeste
2105203,Igarapé Grande,MA,Maranhão,2,Nordeste
2105153,Igarapé do Meio,MA,Maranhão,2,Nordeste
2105302,Imperatriz,MA,Maranhão,2,Nordeste
2105351,Itaipava do Grajaú,MA,Maranhão,2,Nordeste
2105401,Itapecuru Mirim,MA,Maranhão,2,Nordeste
2105427,Itinga do Maranhão,MA,Maranhão,2,Nordeste
2105450,Jatobá,MA,Maranhão,2,Nordeste
2105476,Jenipapo dos Vieiras,MA,Maranhão,2,Nordeste
2105609,Joselândia,MA,Maranhão,2,Nordeste
2105500,João Lisboa,MA,Maranhão,2,Nordeste
2105658,Junco do Maranhão,MA,Maranhão,2,Nordeste
2105906,Lago Verde,MA,Maranhão,2,Nordeste
2105708,Lago da Pedra,MA,Maranhão,2,Nordeste
2105807,Lago do Junco,MA,Maranhão,2,Nordeste
2105948,Lago dos Rodrigues,MA,Maranhão,2,Nordeste
2105963,Lagoa Grande do Maranhão,MA,Maranhão,2,Nordeste
2105922,Lagoa do Mato,MA,Maranhão,2,Nordeste
2105989,Lajeado Novo,MA,Maranhão,2,Nordeste
2106003,Lima Campos,MA,Maranhão,2,Nordeste
2106102,Loreto,MA,Maranhão,2,Nordeste
2106201,Luís Domingues,MA,Maranhão,2,Nordeste
2106300,Magalhães de Almeida,MA,Maranhão,2,Nordeste
2106326,Maracaçumé,MA,Maranhão,2,Nordeste
2106359,Marajá do Sena,MA,Maranhão,2,Nordeste
2106375,Maranhãozinho,MA,Maranhão,2,Nordeste
2106409,Mata Roma,MA,Maranhão,2,Nordeste
2106508,Matinha,MA,Maranhão,2,Nordeste
2106607,Matões,MA,Maranhão,2,Nordeste
2106631,Matões do Norte,MA,Maranhão,2,Nordeste
2106672,Milagres do Maranhão,MA,Maranhão,2,Nordeste
2106706,Mirador,MA,Maranhão,2,Nordeste
2106755,Miranda do Norte,MA,Maranhão,2,Nordeste
2106805,Mirinzal,MA,Maranhão,2,Nordeste
2107001,Montes Altos,MA,Maranhão,2,Nordeste
2106904,Monção,MA,Maranhão,2,Nordeste
2107100,Morros,MA,Maranhão,2,Nordeste
2107209,Nina Rodrigues,MA,Maranhão,2,Nordeste
2107258,Nova Colinas,MA,Maranhão,2,Nordeste
2107308,Nova Iorque,MA,Maranhão,2,Nordeste
2107357,Nova Olinda do Maranhão,MA,Maranhão,2,Nordeste
2107407,Olho d'Água das Cunhãs,MA,Maranhão,2,Nordeste
2107456,Olinda Nova do Maranhão,MA,Maranhão,2,Nordeste
2107605,Palmeirândia,MA,Maranhão,2,Nordeste
2107704,Paraibano,MA,Maranhão,2,Nordeste
2107803,Parnarama,MA,Maranhão,2,Nordeste
2107902,Passagem Franca,MA,Maranhão,2,Nordeste
2108009,Pastos Bons,MA,Maranhão,2,Nordeste
2108058,Paulino Neves,MA,Maranhão,2,Nordeste
2108108,Paulo Ramos,MA,Maranhão,2,Nordeste
2107506,Paço do Lumiar,MA,Maranhão,2,Nordeste
2108207,Pedreiras,MA,Maranhão,2,Nordeste
2108256,Pedro do Rosário,MA,Maranhão,2,Nordeste
2108306,Penalva,MA,Maranhão,2,Nordeste
2108405,Peri Mirim,MA,Maranhão,2,Nordeste
2108454,Peritoró,MA,Maranhão,2,Nordeste
2108504,Pindaré-Mirim,MA,Maranhão,2,Nordeste
2108603,Pinheiro,MA,Maranhão,2,Nordeste
2108702,Pio XII,MA,Maranhão,2,Nordeste
2108801,Pirapemas,MA,Maranhão,2,Nordeste
2109007,Porto Franco,MA,Maranhão,2,Nordeste
2109056,Porto Rico do Maranhão,MA,Maranhão,2,Nordeste
2108900,Poção de Pedras,MA,Maranhão,2,Nordeste
2109106,Presidente Dutra,MA,Maranhão,2,Nordeste
2109205,Presidente Juscelino,MA,Maranhão,2,Nordeste
2109239,Presidente Médici,MA,Maranhão,2,Nordeste
2109270,Presidente Sarney,MA,Maranhão,2,Nordeste
2109304,Presidente Vargas,MA,Maranhão,2,Nordeste
2109403,Primeira Cruz,MA,Maranhão,2,Nordeste
2109452,Raposa,MA,Maranhão,2,Nordeste
2109502,Riachão,MA,Maranhão,2,Nordeste
2109551,Ribamar Fiquene,MA,Maranhão,2,Nordeste
2109601,Rosário,MA,Maranhão,2,Nordeste
2109700,Sambaíba,MA,Maranhão,2,Nordeste
2109759,Santa Filomena do Maranhão,MA,Maranhão,2,Nordeste
2109809,Santa Helena,MA,Maranhão,2,Nordeste
2109908,Santa Inês,MA,Maranhão,2,Nordeste
2110005,Santa Luzia,MA,Maranhão,2,Nordeste
2110039,Santa Luzia do Paruá,MA,Maranhão,2,Nordeste
2110104,Santa Quitéria do Maranhão,MA,Maranhão,2,Nordeste
2110203,Santa Rita,MA,Maranhão,2,Nordeste
2110237,Santana do Maranhão,MA,Maranhão,2,Nordeste
2110278,Santo Amaro do Maranhão,MA,Maranhão,2,Nordeste
2110302,Santo Antônio dos Lopes,MA,Maranhão,2,Nordeste
2111722,Satubinha,MA,Maranhão,2,Nordeste
2111748,Senador Alexandre Costa,MA,Maranhão,2,Nordeste
2111763,Senador La Rocque,MA,Maranhão,2,Nordeste
2111789,Serrano do Maranhão,MA,Maranhão,2,Nordeste
2111904,Sucupira do Norte,MA,Maranhão,2,Nordeste
2111953,Sucupira do Riachão,MA,Maranhão,2,Nordeste
2110401,São Benedito do Rio Preto,MA,Maranhão,2,Nordeste
2110500,São Bento,MA,Maranhão,2,Nordeste
2110609,São Bernardo,MA,Maranhão,2,Nordeste
2110658,São Domingos do Azeitão,MA,Maranhão,2,Nordeste
2110708,São Domingos do Maranhão,MA,Maranhão,2,Nordeste
2110856,São Francisco do Brejão,MA,Maranhão,2,Nordeste
2110906,São Francisco do Maranhão,MA,Maranhão,2,Nordeste
2110807,São Félix de Balsas,MA,Maranhão,2,Nordeste
2111201,São José de Ribamar,MA,Maranhão,2,Nordeste
2111250,São José dos Basílios,MA,Maranhão,2,Nordeste
2111003,São João Batista,MA,Maranhão,2,Nordeste
2111029,São João do Carú,MA,Maranhão,2,Nordeste
2111052,São João do Paraíso,MA,Maranhão,2,Nordeste
2111078,São João do Soter,MA,Maranhão,2,Nordeste
2111102,São João dos Patos,MA,Maranhão,2,Nordeste
2111300,São Luís,MA,Maranhão,2,Nordeste
2111409,São Luís Gonzaga do Maranhão,MA,Maranhão,2,Nordeste
2111508,São Mateus do Maranhão,MA,Maranhão,2,Nordeste
2111532,São Pedro da Água Branca,MA,Maranhão,2,Nordeste
2111573,São Pedro dos Crentes,MA,Maranhão,2,Nordeste
2111607,São Raimundo das Mangabeiras,MA,Maranhão,2,Nordeste
2111631,São Raimundo do Doca Bezerra,MA,Maranhão,2,Nordeste
2111672,São Roberto,MA,Maranhão,2,Nordeste
2111706,São Vicente Ferrer,MA,Maranhão,2,Nordeste
2111805,Sítio Novo,MA,Maranhão,2,Nordeste
2112001,Tasso Fragoso,MA,Maranhão,2,Nordeste
2112100,Timbiras,MA,Maranhão,2,Nordeste
2112209,Timon,MA,Maranhão,2,Nordeste
2112233,Trizidela do Vale,MA,Maranhão,2,Nordeste
2112274,Tufilândia,MA,Maranhão,2,Nordeste
2112308,Tuntum,MA,Maranhão,2,Nordeste
2112407,Turiaçu,MA,Maranhão,2,Nordeste
2112456,Turilândia,MA,Maranhão,2,Nordeste
2112506,Tutóia,MA,Maranhão,2,Nordeste
2112605,Urbano Santos,MA,Maranhão,2,Nordeste
2112704,Vargem Grande,MA,Maranhão,2,Nordeste
2112803,Viana,MA,Maranhão,2,Nordeste
2112852,Vila Nova dos Martírios,MA,Maranhão,2,Nordeste
2113009,Vitorino Freire,MA,Maranhão,2,Nordeste
2112902,Vitória do Mearim,MA,Maranhão,2,Nordeste
2114007,Zé Doca,MA,Maranhão,2,Nordeste
2100154,Água Doce do Maranhão,MA,Maranhão,2,Nordeste
3100104,Abadia dos Dourados,MG,Minas Gerais,3,Sudeste
3100203,Abaeté,MG,Minas Gerais,3,Sudeste
3100302,Abre Campo,MG,Minas Gerais,3,Sudeste
3100401,Acaiaca,MG,Minas Gerais,3,Sudeste
3100807,Aguanil,MG,Minas Gerais,3,Sudeste
3101102,Aimorés,MG,Minas Gerais,3,Sudeste
3101201,Aiuruoca,MG,Minas Gerais,3,Sudeste
3101300,Alagoa,MG,Minas Gerais,3,Sudeste
3101409,Albertina,MG,Minas Gerais,3,Sudeste
3101607,Alfenas,MG,Minas Gerais,3,Sudeste
3101631,Alfredo Vasconcelos,MG,Minas Gerais,3,Sudeste
3101706,Almenara,MG,Minas Gerais,3,Sudeste
3101805,Alpercata,MG,Minas Gerais,3,Sudeste
3101904,Alpinópolis,MG,Minas Gerais,3,Sudeste
3102001,Alterosa,MG,Minas Gerais,3,Sudeste
3102050,Alto Caparaó,MG,Minas Gerais,3,Sudeste
3153509,Alto Jequitibá,MG,Minas Gerais,3,Sudeste
3102100,Alto Rio Doce,MG,Minas Gerais,3,Sudeste
3102209,Alvarenga,MG,Minas Gerais,3,Sudeste
3102308,Alvinópolis,MG,Minas Gerais,3,Sudeste
3102407,Alvorada de Minas,MG,Minas Gerais,3,Sudeste
3101508,Além Paraíba,MG,Minas Gerais,3,Sudeste
3102506,Amparo do Serra,MG,Minas Gerais,3,Sudeste
3102605,Andradas,MG,Minas Gerais,3,Sudeste
3102803,Andrelândia,MG,Minas Gerais,3,Sudeste
3102852,Angelândia,MG,Minas Gerais,3,Sudeste
3102902,Antônio Carlos,MG,Minas Gerais,3,Sudeste
3103009,Antônio Dias,MG,Minas Gerais,3,Sudeste
3103108,Antônio Prado de Minas,MG,Minas Gerais,3,Sudeste
3103306,Aracitaba,MG,Minas Gerais,3,Sudeste
3103504,Araguari,MG,Minas Gerais,3,Sudeste
3103603,Arantina,MG,Minas Gerais,3,Sudeste
3103702,Araponga,MG,Minas Gerais,3,Sudeste
3103751,Araporã,MG,Minas Gerais,3,Sudeste
3103801,Arapuá,MG,Minas Gerais,3,Sudeste
3104007,Araxá,MG,Minas Gerais,3,Sudeste
3103207,Araçaí,MG,Minas Gerais,3,Sudeste
3103405,Araçuaí,MG,Minas Gerais,3,Sudeste
3103900,Araújos,MG,Minas Gerais,3,Sudeste
3104106,Arceburgo,MG,Minas Gerais,3,Sudeste
3104205,Arcos,MG,Minas Gerais,3,Sudeste
3104304,Areado,MG,Minas Gerais,3,Sudeste
3104403,Argirita,MG,Minas Gerais,3,Sudeste
3104452,Aricanduva,MG,Minas Gerais,3,Sudeste
3104502,Arinos,MG,Minas Gerais,3,Sudeste
3104601,Astolfo Dutra,MG,Minas Gerais,3,Sudeste
3104700,Ataléia,MG,Minas Gerais,3,Sudeste
3104809,Augusto de Lima,MG,Minas Gerais,3,Sudeste
3100500,Açucena,MG,Minas Gerais,3,Sudeste
3104908,Baependi,MG,Minas Gerais,3,Sudeste
3105004,Baldim,MG,Minas Gerais,3,Sudeste
3105103,Bambuí,MG,Minas Gerais,3,Sudeste
3105202,Bandeira,MG,Minas Gerais,3,Sudeste
3105301,Bandeira do Sul,MG,Minas Gerais,3,Sudeste
3105608,Barbacena,MG,Minas Gerais,3,Sudeste
3105707,Barra Longa,MG,Minas Gerais,3,Sudeste
3105905,Barroso,MG,Minas Gerais,3,Sudeste
3105400,Barão de Cocais,MG,Minas Gerais,3,Sudeste
3105509,Barão do Monte Alto,MG,Minas Gerais,3,Sudeste
3106002,Bela Vista de Minas,MG,Minas Gerais,3,Sudeste
3106101,Belmiro Braga,MG,Minas Gerais,3,Sudeste
3106200,Belo Horizonte,MG,Minas Gerais,3,Sudeste
3106309,Belo Oriente,MG,Minas Gerais,3,Sudeste
3106408,Belo Vale,MG,Minas Gerais,3,Sudeste
3106507,Berilo,MG,Minas Gerais,3,Sudeste
3106655,Berizal,MG,Minas Gerais,3,Sudeste
3106606,Bertópolis,MG,Minas Gerais,3,Sudeste
3106705,Betim,MG,Minas Gerais,3,Sudeste
3106804,Bias Fortes,MG,Minas Gerais,3,Sudeste
3106903,Bicas,MG,Minas Gerais,3,Sudeste
3107000,Biquinhas,MG,Minas Gerais,3,Sudeste
3107109,Boa Esperança,MG,Minas Gerais,3,Sudeste
3107208,Bocaina de Minas,MG,Minas Gerais,3,Sudeste
3107307,Bocaiúva,MG,Minas Gerais,3,Sudeste
3107406,Bom Despacho,MG,Minas Gerais,3,Sudeste
3107505,Bom Jardim de Minas,MG,Minas Gerais,3,Sudeste
3107604,Bom Jesus da Penha,MG,Minas Gerais,3,Sudeste
3107703,Bom Jesus do Amparo,MG,Minas Gerais,3,Sudeste
3107802,Bom Jesus do Galho,MG,Minas Gerais,3,Sudeste
3107901,Bom Repouso,MG,Minas Gerais,3,Sudeste
3108008,Bom Sucesso,MG,Minas Gerais,3,Sudeste
3108107,Bonfim,MG,Minas Gerais,3,Sudeste
3108206,Bonfinópolis de Minas,MG,Minas Gerais,3,Sudeste
3108255,Bonito de Minas,MG,Minas Gerais,3,Sudeste
3108305,Borda da Mata,MG,Minas Gerais,3,Sudeste
3108404,Botelhos,MG,Minas Gerais,3,Sudeste
3108503,Botumirim,MG,Minas Gerais,3,Sudeste
3108552,Brasilândia de Minas,MG,Minas Gerais,3,Sudeste
3108602,Brasília de Minas,MG,Minas Gerais,3,Sudeste
3108909,Brazópolis,MG,Minas Gerais,3,Sudeste
3108800,Braúnas,MG,Minas Gerais,3,Sudeste
3109006,Brumadinho,MG,Minas Gerais,3,Sudeste
3108701,Brás Pires,MG,Minas Gerais,3,Sudeste
3109105,Bueno Brandão,MG,Minas Gerais,3,Sudeste
3109204,Buenópolis,MG,Minas Gerais,3,Sudeste
3109253,Bugre,MG,Minas Gerais,3,Sudeste
3109303,Buritis,MG,Minas Gerais,3,Sudeste
3109402,Buritizeiro,MG,Minas Gerais,3,Sudeste
3109451,Cabeceira Grande,MG,Minas Gerais,3,Sudeste
3109501,Cabo Verde,MG,Minas Gerais,3,Sudeste
3109808,Cachoeira Dourada,MG,Minas Gerais,3,Sudeste
3109600,Cachoeira da Prata,MG,Minas Gerais,3,Sudeste
3109709,Cachoeira de Minas,MG,Minas Gerais,3,Sudeste
3102704,Cachoeira de Pajeú,MG,Minas Gerais,3,Sudeste
3109907,Caetanópolis,MG,Minas Gerais,3,Sudeste
3110004,Caeté,MG,Minas Gerais,3,Sudeste
3110103,Caiana,MG,Minas Gerais,3,Sudeste
3110202,Cajuri,MG,Minas Gerais,3,Sudeste
3110301,Caldas,MG,Minas Gerais,3,Sudeste
3110400,Camacho,MG,Minas Gerais,3,Sudeste
3110509,Camanducaia,MG,Minas Gerais,3,Sudeste
3110707,Cambuquira,MG,Minas Gerais,3,Sudeste
3110608,Cambuí,MG,Minas Gerais,3,Sudeste
3110905,Campanha,MG,Minas Gerais,3,Sudeste
3110806,Campanário,MG,Minas Gerais,3,Sudeste
3111002,Campestre,MG,Minas Gerais,3,Sudeste
3111101,Campina Verde,MG,Minas Gerais,3,Sudeste
3111150,Campo Azul,MG,Minas Gerais,3,Sudeste
3111200,Campo Belo,MG,Minas Gerais,3,Sudeste
3111408,Campo Florido,MG,Minas Gerais,3,Sudeste
3111309,Campo do Meio,MG,Minas Gerais,3,Sudeste
3111507,Campos Altos,MG,Minas Gerais,3,Sudeste
3111606,Campos Gerais,MG,Minas Gerais,3,Sudeste
3111903,Cana Verde,MG,Minas Gerais,3,Sudeste
3111705,Canaã,MG,Minas Gerais,3,Sudeste
3112000,Candeias,MG,Minas Gerais,3,Sudeste
3112059,Cantagalo,MG,Minas Gerais,3,Sudeste
3111804,Canápolis,MG,Minas Gerais,3,Sudeste
3112109,Caparaó,MG,Minas Gerais,3,Sudeste
3112208,Capela Nova,MG,Minas Gerais,3,Sudeste
3112307,Capelinha,MG,Minas Gerais,3,Sudeste
3112406,Capetinga,MG,Minas Gerais,3,Sudeste
3112505,Capim Branco,MG,Minas Gerais,3,Sudeste
3112604,Capinópolis,MG,Minas Gerais,3,Sudeste
3112653,Capitão Andrade,MG,Minas Gerais,3,Sudeste
3112703,Capitão Enéas,MG,Minas Gerais,3,Sudeste
3112802,Capitólio,MG,Minas Gerais,3,Sudeste
3112901,Caputira,MG,Minas Gerais,3,Sudeste
3113107,Caranaíba,MG,Minas Gerais,3,Sudeste
3113206,Carandaí,MG,Minas Gerais,3,Sudeste
3113305,Carangola,MG,Minas Gerais,3,Sudeste
3113404,Caratinga,MG,Minas Gerais,3,Sudeste
3113008,Caraí,MG,Minas Gerais,3,Sudeste
3113503,Carbonita,MG,Minas Gerais,3,Sudeste
3113602,Careaçu,MG,Minas Gerais,3,Sudeste
3113701,Carlos Chagas,MG,Minas Gerais,3,Sudeste
3113909,Carmo da Cachoeira,MG,Minas Gerais,3,Sudeste
3114006,Carmo da Mata,MG,Minas Gerais,3,Sudeste
3114105,Carmo de Minas,MG,Minas Gerais,3,Sudeste
3114204,Carmo do Cajuru,MG,Minas Gerais,3,Sudeste
3114303,Carmo do Paranaíba,MG,Minas Gerais,3,Sudeste
3114402,Carmo do Rio Claro,MG,Minas Gerais,3,Sudeste
3113800,Carmésia,MG,Minas Gerais,3,Sudeste
3114501,Carmópolis de Minas,MG,Minas Gerais,3,Sudeste
3114550,Carneirinho,MG,Minas Gerais,3,Sudeste
3114600,Carrancas,MG,Minas Gerais,3,Sudeste
3114808,Carvalhos,MG,Minas Gerais,3,Sudeste
3114709,Carvalhópolis,MG,Minas Gerais,3,Sudeste
3114907,Casa Grande,MG,Minas Gerais,3,Sudeste
3115003,Cascalho Rico,MG,Minas Gerais,3,Sudeste
3115300,Cataguases,MG,Minas Gerais,3,Sudeste
3115359,Catas Altas,MG,Minas Gerais,3,Sudeste
3115409,Catas Altas da Noruega,MG,Minas Gerais,3,Sudeste
3115458,Catuji,MG,Minas Gerais,3,Sudeste
3115474,Catuti,MG,Minas Gerais,3,Sudeste
3115508,Caxambu,MG,Minas Gerais,3,Sudeste
3115607,Cedro do Abaeté,MG,Minas Gerais,3,Sudeste
3115706,Central de Minas,MG,Minas Gerais,3,Sudeste
3115805,Centralina,MG,Minas Gerais,3,Sudeste
3116001,Chalé,MG,Minas Gerais,3,Sudeste
3116159,Chapada Gaúcha,MG,Minas Gerais,3,Sudeste
3116100,Chapada do Norte,MG,Minas Gerais,3,Sudeste
3116209,Chiador,MG,Minas Gerais,3,Sudeste
3115904,Chácara,MG,Minas Gerais,3,Sudeste
3116308,Cipotânea,MG,Minas Gerais,3,Sudeste
3116407,Claraval,MG,Minas Gerais,3,Sudeste
3116506,Claro dos Poções,MG,Minas Gerais,3,Sudeste
3116605,Cláudio,MG,Minas Gerais,3,Sudeste
3116704,Coimbra,MG,Minas Gerais,3,Sudeste
3116803,Coluna,MG,Minas Gerais,3,Sudeste
3116902,Comendador Gomes,MG,Minas Gerais,3,Sudeste
3117009,Comercinho,MG,Minas Gerais,3,Sudeste
3117108,Conceição da Aparecida,MG,Minas Gerais,3,Sudeste
3115201,Conceição da Barra de Minas,MG,Minas Gerais,3,Sudeste
3117306,Conceição das Alagoas,MG,Minas Gerais,3,Sudeste
3117207,Conceição das Pedras,MG,Minas Gerais,3,Sudeste
3117405,Conceição de Ipanema,MG,Minas Gerais,3,Sudeste
3117504,Conceição do Mato Dentro,MG,Minas Gerais,3,Sudeste
3117603,Conceição do Pará,MG,Minas Gerais,3,Sudeste
3117702,Conceição do Rio Verde,MG,Minas Gerais,3,Sudeste
3117801,Conceição dos Ouros,MG,Minas Gerais,3,Sudeste
3117876,Confins,MG,Minas Gerais,3,Sudeste
3117900,Congonhal,MG,Minas Gerais,3,Sudeste
3118007,Congonhas,MG,Minas Gerais,3,Sudeste
3118106,Congonhas do Norte,MG,Minas Gerais,3,Sudeste
3118205,Conquista,MG,Minas Gerais,3,Sudeste
3118304,Conselheiro Lafaiete,MG,Minas Gerais,3,Sudeste
3118403,Conselheiro Pena,MG,Minas Gerais,3,Sudeste
3118502,Consolação,MG,Minas Gerais,3,Sudeste
3118601,Contagem,MG,Minas Gerais,3,Sudeste
3118700,Coqueiral,MG,Minas Gerais,3,Sudeste
3118809,Coração de Jesus,MG,Minas Gerais,3,Sudeste
3118908,Cordisburgo,MG,Minas Gerais,3,Sudeste
3119005,Cordislândia,MG,Minas Gerais,3,Sudeste
3119104,Corinto,MG,Minas Gerais,3,Sudeste
3119203,Coroaci,MG,Minas Gerais,3,Sudeste
3119302,Coromandel,MG,Minas Gerais,3,Sudeste
3119401,Coronel Fabriciano,MG,Minas Gerais,3,Sudeste
3119500,Coronel Murta,MG,Minas Gerais,3,Sudeste
3119609,Coronel Pacheco,MG,Minas Gerais,3,Sudeste
3119708,Coronel Xavier Chaves,MG,Minas Gerais,3,Sudeste
3120102,Couto de Magalhães de Minas,MG,Minas Gerais,3,Sudeste
3120201,Cristais,MG,Minas Gerais,3,Sudeste
3120409,Cristiano Otoni,MG,Minas Gerais,3,Sudeste
3120508,Cristina,MG,Minas Gerais,3,Sudeste
3120300,Cristália,MG,Minas Gerais,3,Sudeste
3120151,Crisólita,MG,Minas Gerais,3,Sudeste
3120607,Crucilândia,MG,Minas Gerais,3,Sudeste
3120706,Cruzeiro da Fortaleza,MG,Minas Gerais,3,Sudeste
3120805,Cruzília,MG,Minas Gerais,3,Sudeste
3120839,Cuparaque,MG,Minas Gerais,3,Sudeste
3120870,Curral de Dentro,MG,Minas Gerais,3,Sudeste
3120904,Curvelo,MG,Minas Gerais,3,Sudeste
3115102,Cássia,MG,Minas Gerais,3,Sudeste
3119807,Córrego Danta,MG,Minas Gerais,3,Sudeste
3119955,Córrego Fundo,MG,Minas Gerais,3,Sudeste
3120003,Córrego Novo,MG,Minas Gerais,3,Sudeste
3119906,Córrego do Bom Jesus,MG,Minas Gerais,3,Sudeste
3117836,Cônego Marinho,MG,Minas Gerais,3,Sudeste
3121001,Datas,MG,Minas Gerais,3,Sudeste
3121100,Delfim Moreira,MG,Minas Gerais,3,Sudeste
3121209,Delfinópolis,MG,Minas Gerais,3,Sudeste
3121258,Delta,MG,Minas Gerais,3,Sudeste
3121308,Descoberto,MG,Minas Gerais,3,Sudeste
3121407,Desterro de Entre Rios,MG,Minas Gerais,3,Sudeste
3121506,Desterro do Melo,MG,Minas Gerais,3,Sudeste
3121605,Diamantina,MG,Minas Gerais,3,Sudeste
3121704,Diogo de Vasconcelos,MG,Minas Gerais,3,Sudeste
3121803,Dionísio,MG,Minas Gerais,3,Sudeste
3122009,Divino,MG,Minas Gerais,3,Sudeste
3122108,Divino das Laranjeiras,MG,Minas Gerais,3,Sudeste
3122207,Divinolândia de Minas,MG,Minas Gerais,3,Sudeste
3121902,Divinésia,MG,Minas Gerais,3,Sudeste
3122306,Divinópolis,MG,Minas Gerais,3,Sudeste
3122355,Divisa Alegre,MG,Minas Gerais,3,Sudeste
3122405,Divisa Nova,MG,Minas Gerais,3,Sudeste
3122454,Divisópolis,MG,Minas Gerais,3,Sudeste
3122470,Dom Bosco,MG,Minas Gerais,3,Sudeste
3122504,Dom Cavati,MG,Minas Gerais,3,Sudeste
3122603,Dom Joaquim,MG,Minas Gerais,3,Sudeste
3122702,Dom Silvério,MG,Minas Gerais,3,Sudeste
3122801,Dom Viçoso,MG,Minas Gerais,3,Sudeste
3122900,Dona Euzébia,MG,Minas Gerais,3,Sudeste
3123007,Dores de Campos,MG,Minas Gerais,3,Sudeste
3123106,Dores de Guanhães,MG,Minas Gerais,3,Sudeste
3123205,Dores do Indaiá,MG,Minas Gerais,3,Sudeste
3123304,Dores do Turvo,MG,Minas Gerais,3,Sudeste
3123403,Doresópolis,MG,Minas Gerais,3,Sudeste
3123502,Douradoquara,MG,Minas Gerais,3,Sudeste
3123528,Durandé,MG,Minas Gerais,3,Sudeste
3123601,Elói Mendes,MG,Minas Gerais,3,Sudeste
3123700,Engenheiro Caldas,MG,Minas Gerais,3,Sudeste
3123809,Engenheiro Navarro,MG,Minas Gerais,3,Sudeste
3123858,Entre Folhas,MG,Minas Gerais,3,Sudeste
3123908,Entre Rios de Minas,MG,Minas Gerais,3,Sudeste
3124005,Ervália,MG,Minas Gerais,3,Sudeste
3124104,Esmeraldas,MG,Minas Gerais,3,Sudeste
3124203,Espera Feliz,MG,Minas Gerais,3,Sudeste
3124302,Espinosa,MG,Minas Gerais,3,Sudeste
3124401,Espírito Santo do Dourado,MG,Minas Gerais,3,Sudeste
3124500,Estiva,MG,Minas Gerais,3,Sudeste
3124609,Estrela Dalva,MG,Minas Gerais,3,Sudeste
3124708,Estrela do Indaiá,MG,Minas Gerais,3,Sudeste
3124807,Estrela do Sul,MG,Minas Gerais,3,Sudeste
3124906,Eugenópolis,MG,Minas Gerais,3,Sudeste
3125002,Ewbank da Câmara,MG,Minas Gerais,3,Sudeste
3125101,Extrema,MG,Minas Gerais,3,Sudeste
3125200,Fama,MG,Minas Gerais,3,Sudeste
3125309,Faria Lemos,MG,Minas Gerais,3,Sudeste
3125606,Felisburgo,MG,Minas Gerais,3,Sudeste
3125705,Felixlândia,MG,Minas Gerais,3,Sudeste
3125408,Felício dos Santos,MG,Minas Gerais,3,Sudeste
3125804,Fernandes Tourinho,MG,Minas Gerais,3,Sudeste
3125903,Ferros,MG,Minas Gerais,3,Sudeste
3125952,Fervedouro,MG,Minas Gerais,3,Sudeste
3126000,Florestal,MG,Minas Gerais,3,Sudeste
3126109,Formiga,MG,Minas Gerais,3,Sudeste
3126208,Formoso,MG,Minas Gerais,3,Sudeste
3126307,Fortaleza de Minas,MG,Minas Gerais,3,Sudeste
3126406,Fortuna de Minas,MG,Minas Gerais,3,Sudeste
3126505,Francisco Badaró,MG,Minas Gerais,3,Sudeste
3126604,Francisco Dumont,MG,Minas Gerais,3,Sudeste
3126703,Francisco Sá,MG,Minas Gerais,3,Sudeste
3126752,Franciscópolis,MG,Minas Gerais,3,Sudeste
3126802,Frei Gaspar,MG,Minas Gerais,3,Sudeste
3126901,Frei Inocêncio,MG,Minas Gerais,3,Sudeste
3126950,Frei Lagonegro,MG,Minas Gerais,3,Sudeste
3127008,Fronteira,MG,Minas Gerais,3,Sudeste
3127057,Fronteira dos Vales,MG,Minas Gerais,3,Sudeste
3127073,Fruta de Leite,MG,Minas Gerais,3,Sudeste
3127107,Frutal,MG,Minas Gerais,3,Sudeste
3127206,Funilândia,MG,Minas Gerais,3,Sudeste
3127305,Galiléia,MG,Minas Gerais,3,Sudeste
3127339,Gameleiras,MG,Minas Gerais,3,Sudeste
3127354,Glaucilândia,MG,Minas Gerais,3,Sudeste
3127370,Goiabeira,MG,Minas Gerais,3,Sudeste
3127388,Goianá,MG,Minas Gerais,3,Sudeste
3127503,Gonzaga,MG,Minas Gerais,3,Sudeste
3127404,Gonçalves,MG,Minas Gerais,3,Sudeste
3127602,Gouveia,MG,Minas Gerais,3,Sudeste
3127701,Governador Valadares,MG,Minas Gerais,3,Sudeste
3127909,Grupiara,MG,Minas Gerais,3,Sudeste
3127800,Grão Mogol,MG,Minas Gerais,3,Sudeste
3128006,Guanhães,MG,Minas Gerais,3,Sudeste
3128105,Guapé,MG,Minas Gerais,3,Sudeste
3128204,Guaraciaba,MG,Minas Gerais,3,Sudeste
3128253,Guaraciama,MG,Minas Gerais,3,Sudeste
3128402,Guarani,MG,Minas Gerais,3,Sudeste
3128303,Guaranésia,MG,Minas Gerais,3,Sudeste
3128501,Guarará,MG,Minas Gerais,3,Sudeste
3128600,Guarda-Mor,MG,Minas Gerais,3,Sudeste
3128709,Guaxupé,MG,Minas Gerais,3,Sudeste
3128808,Guidoval,MG,Minas Gerais,3,Sudeste
3128907,Guimarânia,MG,Minas Gerais,3,Sudeste
3129004,Guiricema,MG,Minas Gerais,3,Sudeste
3129103,Gurinhatã,MG,Minas Gerais,3,Sudeste
3129202,Heliodora,MG,Minas Gerais,3,Sudeste
3129301,Iapu,MG,Minas Gerais,3,Sudeste
3129400,Ibertioga,MG,Minas Gerais,3,Sudeste
3129608,Ibiaí,MG,Minas Gerais,3,Sudeste
3129657,Ibiracatu,MG,Minas Gerais,3,Sudeste
3129707,Ibiraci,MG,Minas Gerais,3,Sudeste
3129806,Ibirité,MG,Minas Gerais,3,Sudeste
3129905,Ibitiúra de Minas,MG,Minas Gerais,3,Sudeste
3130002,Ibituruna,MG,Minas Gerais,3,Sudeste
3129509,Ibiá,MG,Minas Gerais,3,Sudeste
3130051,Icaraí de Minas,MG,Minas Gerais,3,Sudeste
3130101,Igarapé,MG,Minas Gerais,3,Sudeste
3130200,Igaratinga,MG,Minas Gerais,3,Sudeste
3130309,Iguatama,MG,Minas Gerais,3,Sudeste
3130408,Ijaci,MG,Minas Gerais,3,Sudeste
3130507,Ilicínea,MG,Minas Gerais,3,Sudeste
3130556,Imbé de Minas,MG,Minas Gerais,3,Sudeste
3130606,Inconfidentes,MG,Minas Gerais,3,Sudeste
3130655,Indaiabira,MG,Minas Gerais,3,Sudeste
3130705,Indianópolis,MG,Minas Gerais,3,Sudeste
3130804,Ingaí,MG,Minas Gerais,3,Sudeste
3130903,Inhapim,MG,Minas Gerais,3,Sudeste
3131000,Inhaúma,MG,Minas Gerais,3,Sudeste
3131109,Inimutaba,MG,Minas Gerais,3,Sudeste
3131158,Ipaba,MG,Minas Gerais,3,Sudeste
3131208,Ipanema,MG,Minas Gerais,3,Sudeste
3131307,Ipatinga,MG,Minas Gerais,3,Sudeste
3131406,Ipiaçu,MG,Minas Gerais,3,Sudeste
3131505,Ipuiúna,MG,Minas Gerais,3,Sudeste
3131604,Iraí de Minas,MG,Minas Gerais,3,Sudeste
3131703,Itabira,MG,Minas Gerais,3,Sudeste
3131802,Itabirinha,MG,Minas Gerais,3,Sudeste
3131901,Itabirito,MG,Minas Gerais,3,Sudeste
3132008,Itacambira,MG,Minas Gerais,3,Sudeste
3132107,Itacarambi,MG,Minas Gerais,3,Sudeste
3132206,Itaguara,MG,Minas Gerais,3,Sudeste
3132305,Itaipé,MG,Minas Gerais,3,Sudeste
3132404,Itajubá,MG,Minas Gerais,3,Sudeste
3132503,Itamarandiba,MG,Minas Gerais,3,Sudeste
3132602,Itamarati de Minas,MG,Minas Gerais,3,Sudeste
3132701,Itambacuri,MG,Minas Gerais,3,Sudeste
3132800,Itambé do Mato Dentro,MG,Minas Gerais,3,Sudeste
3132909,Itamogi,MG,Minas Gerais,3,Sudeste
3133006,Itamonte,MG,Minas Gerais,3,Sudeste
3133105,Itanhandu,MG,Minas Gerais,3,Sudeste
3133204,Itanhomi,MG,Minas Gerais,3,Sudeste
3133303,Itaobim,MG,Minas Gerais,3,Sudeste
3133402,Itapagipe,MG,Minas Gerais,3,Sudeste
3133501,Itapecerica,MG,Minas Gerais,3,Sudeste
3133600,Itapeva,MG,Minas Gerais,3,Sudeste
3133709,Itatiaiuçu,MG,Minas Gerais,3,Sudeste
3133907,Itaverava,MG,Minas Gerais,3,Sudeste
3133758,Itaú de Minas,MG,Minas Gerais,3,Sudeste
3133808,Itaúna,MG,Minas Gerais,3,Sudeste
3134004,Itinga,MG,Minas Gerais,3,Sudeste
3134103,Itueta,MG,Minas Gerais,3,Sudeste
3134202,Ituiutaba,MG,Minas Gerais,3,Sudeste
3134301,Itumirim,MG,Minas Gerais,3,Sudeste
3134400,Iturama,MG,Minas Gerais,3,Sudeste
3134509,Itutinga,MG,Minas Gerais,3,Sudeste
3134608,Jaboticatubas,MG,Minas Gerais,3,Sudeste
3134707,Jacinto,MG,Minas Gerais,3,Sudeste
3134905,Jacutinga,MG,Minas Gerais,3,Sudeste
3134806,Jacuí,MG,Minas Gerais,3,Sudeste
3135001,Jaguaraçu,MG,Minas Gerais,3,Sudeste
3135076,Jampruca,MG,Minas Gerais,3,Sudeste
3135100,Janaúba,MG,Minas Gerais,3,Sudeste
3135209,Januária,MG,Minas Gerais,3,Sudeste
3135308,Japaraíba,MG,Minas Gerais,3,Sudeste
3135357,Japonvar,MG,Minas Gerais,3,Sudeste
3135050,Jaíba,MG,Minas Gerais,3,Sudeste
3135407,Jeceaba,MG,Minas Gerais,3,Sudeste
3135456,Jenipapo de Minas,MG,Minas Gerais,3,Sudeste
3135506,Jequeri,MG,Minas Gerais,3,Sudeste
3135605,Jequitaí,MG,Minas Gerais,3,Sudeste
3135704,Jequitibá,MG,Minas Gerais,3,Sudeste
3135803,Jequitinhonha,MG,Minas Gerais,3,Sudeste
3135902,Jesuânia,MG,Minas Gerais,3,Sudeste
3136108,Joanésia,MG,Minas Gerais,3,Sudeste
3136405,Joaquim Felício,MG,Minas Gerais,3,Sudeste
3136009,Joaíma,MG,Minas Gerais,3,Sudeste
3136504,Jordânia,MG,Minas Gerais,3,Sudeste
3136579,Josenópolis,MG,Minas Gerais,3,Sudeste
3136520,José Gonçalves de Minas,MG,Minas Gerais,3,Sudeste
3136553,José Raydan,MG,Minas Gerais,3,Sudeste
3136207,João Monlevade,MG,Minas Gerais,3,Sudeste
3136306,João Pinheiro,MG,Minas Gerais,3,Sudeste
3136652,Juatuba,MG,Minas Gerais,3,Sudeste
3136702,Juiz de Fora,MG,Minas Gerais,3,Sudeste
3136801,Juramento,MG,Minas Gerais,3,Sudeste
3136900,Juruaia,MG,Minas Gerais,3,Sudeste
3136959,Juvenília,MG,Minas Gerais,3,Sudeste
3137007,Ladainha,MG,Minas Gerais,3,Sudeste
3137106,Lagamar,MG,Minas Gerais,3,Sudeste
3137403,Lagoa Dourada,MG,Minas Gerais,3,Sudeste
3137502,Lagoa Formosa,MG,Minas Gerais,3,Sudeste
3137536,Lagoa Grande,MG,Minas Gerais,3,Sudeste
3137601,Lagoa Santa,MG,Minas Gerais,3,Sudeste
3137205,Lagoa da Prata,MG,Minas Gerais,3,Sudeste
3137304,Lagoa dos Patos,MG,Minas Gerais,3,Sudeste
3137700,Lajinha,MG,Minas Gerais,3,Sudeste
3137809,Lambari,MG,Minas Gerais,3,Sudeste
3137908,Lamim,MG,Minas Gerais,3,Sudeste
3138005,Laranjal,MG,Minas Gerais,3,Sudeste
3138104,Lassance,MG,Minas Gerais,3,Sudeste
3138203,Lavras,MG,Minas Gerais,3,Sudeste
3138302,Leandro Ferreira,MG,Minas Gerais,3,Sudeste
3138351,Leme do Prado,MG,Minas Gerais,3,Sudeste
3138401,Leopoldina,MG,Minas Gerais,3,Sudeste
3138500,Liberdade,MG,Minas Gerais,3,Sudeste
3138609,Lima Duarte,MG,Minas Gerais,3,Sudeste
3138625,Limeira do Oeste,MG,Minas Gerais,3,Sudeste
3138658,Lontra,MG,Minas Gerais,3,Sudeste
3138674,Luisburgo,MG,Minas Gerais,3,Sudeste
3138682,Luislândia,MG,Minas Gerais,3,Sudeste
3138708,Luminárias,MG,Minas Gerais,3,Sudeste
3138807,Luz,MG,Minas Gerais,3,Sudeste
3138906,Machacalis,MG,Minas Gerais,3,Sudeste
3139003,Machado,MG,Minas Gerais,3,Sudeste
3139102,Madre de Deus de Minas,MG,Minas Gerais,3,Sudeste
3139201,Malacacheta,MG,Minas Gerais,3,Sudeste
3139250,Mamonas,MG,Minas Gerais,3,Sudeste
3139300,Manga,MG,Minas Gerais,3,Sudeste
3139409,Manhuaçu,MG,Minas Gerais,3,Sudeste
3139508,Manhumirim,MG,Minas Gerais,3,Sudeste
3139607,Mantena,MG,Minas Gerais,3,Sudeste
3139805,Mar de Espanha,MG,Minas Gerais,3,Sudeste
3139706,Maravilhas,MG,Minas Gerais,3,Sudeste
3139904,Maria da Fé,MG,Minas Gerais,3,Sudeste
3140001,Mariana,MG,Minas Gerais,3,Sudeste
3140100,Marilac,MG,Minas Gerais,3,Sudeste
3140209,Maripá de Minas,MG,Minas Gerais,3,Sudeste
3140308,Marliéria,MG,Minas Gerais,3,Sudeste
3140407,Marmelópolis,MG,Minas Gerais,3,Sudeste
3140506,Martinho Campos,MG,Minas Gerais,3,Sudeste
3140530,Martins Soares,MG,Minas Gerais,3,Sudeste
3140555,Mata Verde,MG,Minas Gerais,3,Sudeste
3140605,Materlândia,MG,Minas Gerais,3,Sudeste
3140704,Mateus Leme,MG,Minas Gerais,3,Sudeste
3171501,Mathias Lobato,MG,Minas Gerais,3,Sudeste
3140803,Matias Barbosa,MG,Minas Gerais,3,Sudeste
3140852,Matias Cardoso,MG,Minas Gerais,3,Sudeste
3140902,Matipó,MG,Minas Gerais,3,Sudeste
3141009,Mato Verde,MG,Minas Gerais,3,Sudeste
3141108,Matozinhos,MG,Minas Gerais,3,Sudeste
3141207,Matutina,MG,Minas Gerais,3,Sudeste
3141306,Medeiros,MG,Minas Gerais,3,Sudeste
3141405,Medina,MG,Minas Gerais,3,Sudeste
3141504,Mendes Pimentel,MG,Minas Gerais,3,Sudeste
3141603,Mercês,MG,Minas Gerais,3,Sudeste
3141702,Mesquita,MG,Minas Gerais,3,Sudeste
3141801,Minas Novas,MG,Minas Gerais,3,Sudeste
3141900,Minduri,MG,Minas Gerais,3,Sudeste
3142007,Mirabela,MG,Minas Gerais,3,Sudeste
3142106,Miradouro,MG,Minas Gerais,3,Sudeste
3142254,Miravânia,MG,Minas Gerais,3,Sudeste
3142205,Miraí,MG,Minas Gerais,3,Sudeste
3142304,Moeda,MG,Minas Gerais,3,Sudeste
3142403,Moema,MG,Minas Gerais,3,Sudeste
3142502,Monjolos,MG,Minas Gerais,3,Sudeste
3142601,Monsenhor Paulo,MG,Minas Gerais,3,Sudeste
3142700,Montalvânia,MG,Minas Gerais,3,Sudeste
3142809,Monte Alegre de Minas,MG,Minas Gerais,3,Sudeste
3142908,Monte Azul,MG,Minas Gerais,3,Sudeste
3143005,Monte Belo,MG,Minas Gerais,3,Sudeste
3143104,Monte Carmelo,MG,Minas Gerais,3,Sudeste
3143153,Monte Formoso,MG,Minas Gerais,3,Sudeste
3143203,Monte Santo de Minas,MG,Minas Gerais,3,Sudeste
3143401,Monte Sião,MG,Minas Gerais,3,Sudeste
3143302,Montes Claros,MG,Minas Gerais,3,Sudeste
3143450,Montezuma,MG,Minas Gerais,3,Sudeste
3143500,Morada Nova de Minas,MG,Minas Gerais,3,Sudeste
3143609,Morro da Garça,MG,Minas Gerais,3,Sudeste
3143708,Morro do Pilar,MG,Minas Gerais,3,Sudeste
3143807,Munhoz,MG,Minas Gerais,3,Sudeste
3143906,Muriaé,MG,Minas Gerais,3,Sudeste
3144003,Mutum,MG,Minas Gerais,3,Sudeste
3144102,Muzambinho,MG,Minas Gerais,3,Sudeste
3140159,Mário Campos,MG,Minas Gerais,3,Sudeste
3144201,Nacip Raydan,MG,Minas Gerais,3,Sudeste
3144300,Nanuque,MG,Minas Gerais,3,Sudeste
3144359,Naque,MG,Minas Gerais,3,Sudeste
3144375,Natalândia,MG,Minas Gerais,3,Sudeste
3144409,Natércia,MG,Minas Gerais,3,Sudeste
3144508,Nazareno,MG,Minas Gerais,3,Sudeste
3144607,Nepomuceno,MG,Minas Gerais,3,Sudeste
3144656,Ninheira,MG,Minas Gerais,3,Sudeste
3144672,Nova Belém,MG,Minas Gerais,3,Sudeste
3144706,Nova Era,MG,Minas Gerais,3,Sudeste
3144805,Nova Lima,MG,Minas Gerais,3,Sudeste
3144904,Nova Módica,MG,Minas Gerais,3,Sudeste
3145000,Nova Ponte,MG,Minas Gerais,3,Sudeste
3145059,Nova Porteirinha,MG,Minas Gerais,3,Sudeste
3145109,Nova Resende,MG,Minas Gerais,3,Sudeste
3145208,Nova Serrana,MG,Minas Gerais,3,Sudeste
3136603,Nova União,MG,Minas Gerais,3,Sudeste
3145307,Novo Cruzeiro,MG,Minas Gerais,3,Sudeste
3145356,Novo Oriente de Minas,MG,Minas Gerais,3,Sudeste
3145372,Novorizonte,MG,Minas Gerais,3,Sudeste
3145406,Olaria,MG,Minas Gerais,3,Sudeste
3145455,Olhos-d'Água,MG,Minas Gerais,3,Sudeste
3145604,Oliveira,MG,Minas Gerais,3,Sudeste
3145703,Oliveira Fortes,MG,Minas Gerais,3,Sudeste
3145505,Olímpio Noronha,MG,Minas Gerais,3,Sudeste
3145802,Onça de Pitangui,MG,Minas Gerais,3,Sudeste
3145851,Oratórios,MG,Minas Gerais,3,Sudeste
3145877,Orizânia,MG,Minas Gerais,3,Sudeste
3145901,Ouro Branco,MG,Minas Gerais,3,Sudeste
3146008,Ouro Fino,MG,Minas Gerais,3,Sudeste
3146107,Ouro Preto,MG,Minas Gerais,3,Sudeste
3146206,Ouro Verde de Minas,MG,Minas Gerais,3,Sudeste
3146255,Padre Carvalho,MG,Minas Gerais,3,Sudeste
3146305,Padre Paraíso,MG,Minas Gerais,3,Sudeste
3146552,Pai Pedro,MG,Minas Gerais,3,Sudeste
3146404,Paineiras,MG,Minas Gerais,3,Sudeste
3146503,Pains,MG,Minas Gerais,3,Sudeste
3146602,Paiva,MG,Minas Gerais,3,Sudeste
3146701,Palma,MG,Minas Gerais,3,Sudeste
3146750,Palmópolis,MG,Minas Gerais,3,Sudeste
3146909,Papagaios,MG,Minas Gerais,3,Sudeste
3147006,Paracatu,MG,Minas Gerais,3,Sudeste
3147204,Paraguaçu,MG,Minas Gerais,3,Sudeste
3147303,Paraisópolis,MG,Minas Gerais,3,Sudeste
3147402,Paraopeba,MG,Minas Gerais,3,Sudeste
3147105,Pará de Minas,MG,Minas Gerais,3,Sudeste
3147600,Passa Quatro,MG,Minas Gerais,3,Sudeste
3147709,Passa Tempo,MG,Minas Gerais,3,Sudeste
3147808,Passa Vinte,MG,Minas Gerais,3,Sudeste
3147501,Passabém,MG,Minas Gerais,3,Sudeste
3147907,Passos,MG,Minas Gerais,3,Sudeste
3147956,Patis,MG,Minas Gerais,3,Sudeste
3148004,Patos de Minas,MG,Minas Gerais,3,Sudeste
3148103,Patrocínio,MG,Minas Gerais,3,Sudeste
3148202,Patrocínio do Muriaé,MG,Minas Gerais,3,Sudeste
3148301,Paula Cândido,MG,Minas Gerais,3,Sudeste
3148400,Paulistas,MG,Minas Gerais,3,Sudeste
3148509,Pavão,MG,Minas Gerais,3,Sudeste
3148707,Pedra Azul,MG,Minas Gerais,3,Sudeste
3148756,Pedra Bonita,MG,Minas Gerais,3,Sudeste
3149002,Pedra Dourada,MG,Minas Gerais,3,Sudeste
3148806,Pedra do Anta,MG,Minas Gerais,3,Sudeste
3148905,Pedra do Indaiá,MG,Minas Gerais,3,Sudeste
3149101,Pedralva,MG,Minas Gerais,3,Sudeste
3149150,Pedras de Maria da Cruz,MG,Minas Gerais,3,Sudeste
3149200,Pedrinópolis,MG,Minas Gerais,3,Sudeste
3149309,Pedro Leopoldo,MG,Minas Gerais,3,Sudeste
3149408,Pedro Teixeira,MG,Minas Gerais,3,Sudeste
3149507,Pequeri,MG,Minas Gerais,3,Sudeste
3149606,Pequi,MG,Minas Gerais,3,Sudeste
3149705,Perdigão,MG,Minas Gerais,3,Sudeste
3149804,Perdizes,MG,Minas Gerais,3,Sudeste
3149903,Perdões,MG,Minas Gerais,3,Sudeste
3149952,Periquito,MG,Minas Gerais,3,Sudeste
3150000,Pescador,MG,Minas Gerais,3,Sudeste
3148608,Peçanha,MG,Minas Gerais,3,Sudeste
3150109,Piau,MG,Minas Gerais,3,Sudeste
3150158,Piedade de Caratinga,MG,Minas Gerais,3,Sudeste
3150208,Piedade de Ponte Nova,MG,Minas Gerais,3,Sudeste
3150307,Piedade do Rio Grande,MG,Minas Gerais,3,Sudeste
3150406,Piedade dos Gerais,MG,Minas Gerais,3,Sudeste
3150505,Pimenta,MG,Minas Gerais,3,Sudeste
3150539,Pingo-d'Água,MG,Minas Gerais,3,Sudeste
3150570,Pintópolis,MG,Minas Gerais,3,Sudeste
3150604,Piracema,MG,Minas Gerais,3,Sudeste
3150703,Pirajuba,MG,Minas Gerais,3,Sudeste
3150802,Piranga,MG,Minas Gerais,3,Sudeste
3151008,Piranguinho,MG,Minas Gerais,3,Sudeste
3150901,Piranguçu,MG,Minas Gerais,3,Sudeste
3151107,Pirapetinga,MG,Minas Gerais,3,Sudeste
3151206,Pirapora,MG,Minas Gerais,3,Sudeste
3151305,Piraúba,MG,Minas Gerais,3,Sudeste
3151404,Pitangui,MG,Minas Gerais,3,Sudeste
3151503,Piumhi,MG,Minas Gerais,3,Sudeste
3151602,Planura,MG,Minas Gerais,3,Sudeste
3151909,Pocrane,MG,Minas Gerais,3,Sudeste
3152006,Pompéu,MG,Minas Gerais,3,Sudeste
3152105,Ponte Nova,MG,Minas Gerais,3,Sudeste
3152131,Ponto Chique,MG,Minas Gerais,3,Sudeste
3152170,Ponto dos Volantes,MG,Minas Gerais,3,Sudeste
3152204,Porteirinha,MG,Minas Gerais,3,Sudeste
3152303,Porto Firme,MG,Minas Gerais,3,Sudeste
3152402,Poté,MG,Minas Gerais,3,Sudeste
3152501,Pouso Alegre,MG,Minas Gerais,3,Sudeste
3152600,Pouso Alto,MG,Minas Gerais,3,Sudeste
3151701,Poço Fundo,MG,Minas Gerais,3,Sudeste
3151800,Poços de Caldas,MG,Minas Gerais,3,Sudeste
3152709,Prados,MG,Minas Gerais,3,Sudeste
3152808,Prata,MG,Minas Gerais,3,Sudeste
3153004,Pratinha,MG,Minas Gerais,3,Sudeste
3152907,Pratápolis,MG,Minas Gerais,3,Sudeste
3153103,Presidente Bernardes,MG,Minas Gerais,3,Sudeste
3153202,Presidente Juscelino,MG,Minas Gerais,3,Sudeste
3153301,Presidente Kubitschek,MG,Minas Gerais,3,Sudeste
3153400,Presidente Olegário,MG,Minas Gerais,3,Sudeste
3153608,Prudente de Morais,MG,Minas Gerais,3,Sudeste
3153707,Quartel Geral,MG,Minas Gerais,3,Sudeste
3153806,Queluzito,MG,Minas Gerais,3,Sudeste
3153905,Raposos,MG,Minas Gerais,3,Sudeste
3154002,Raul Soares,MG,Minas Gerais,3,Sudeste
3154101,Recreio,MG,Minas Gerais,3,Sudeste
3154150,Reduto,MG,Minas Gerais,3,Sudeste
3154200,Resende Costa,MG,Minas Gerais,3,Sudeste
3154309,Resplendor,MG,Minas Gerais,3,Sudeste
3154408,Ressaquinha,MG,Minas Gerais,3,Sudeste
3154457,Riachinho,MG,Minas Gerais,3,Sudeste
3154507,Riacho dos Machados,MG,Minas Gerais,3,Sudeste
3154705,Ribeirão Vermelho,MG,Minas Gerais,3,Sudeste
3154606,Ribeirão das Neves,MG,Minas Gerais,3,Sudeste
3154804,Rio Acima,MG,Minas Gerais,3,Sudeste
3154903,Rio Casca,MG,Minas Gerais,3,Sudeste
3155009,Rio Doce,MG,Minas Gerais,3,Sudeste
3155207,Rio Espera,MG,Minas Gerais,3,Sudeste
3155306,Rio Manso,MG,Minas Gerais,3,Sudeste
3155405,Rio Novo,MG,Minas Gerais,3,Sudeste
3155504,Rio Paranaíba,MG,Minas Gerais,3,Sudeste
3155603,Rio Pardo de Minas,MG,Minas Gerais,3,Sudeste
3155702,Rio Piracicaba,MG,Minas Gerais,3,Sudeste
3155801,Rio Pomba,MG,Minas Gerais,3,Sudeste
3155900,Rio Preto,MG,Minas Gerais,3,Sudeste
3156007,Rio Vermelho,MG,Minas Gerais,3,Sudeste
3155108,Rio do Prado,MG,Minas Gerais,3,Sudeste
3156106,Ritápolis,MG,Minas Gerais,3,Sudeste
3156205,Rochedo de Minas,MG,Minas Gerais,3,Sudeste
3156304,Rodeiro,MG,Minas Gerais,3,Sudeste
3156403,Romaria,MG,Minas Gerais,3,Sudeste
3156452,Rosário da Limeira,MG,Minas Gerais,3,Sudeste
3156502,Rubelita,MG,Minas Gerais,3,Sudeste
3156601,Rubim,MG,Minas Gerais,3,Sudeste
3156700,Sabará,MG,Minas Gerais,3,Sudeste
3156809,Sabinópolis,MG,Minas Gerais,3,Sudeste
3156908,Sacramento,MG,Minas Gerais,3,Sudeste
3157005,Salinas,MG,Minas Gerais,3,Sudeste
3157104,Salto da Divisa,MG,Minas Gerais,3,Sudeste
3157203,Santa Bárbara,MG,Minas Gerais,3,Sudeste
3157252,Santa Bárbara do Leste,MG,Minas Gerais,3,Sudeste
3157278,Santa Bárbara do Monte Verde,MG,Minas Gerais,3,Sudeste
3157302,Santa Bárbara do Tugúrio,MG,Minas Gerais,3,Sudeste
3157336,Santa Cruz de Minas,MG,Minas Gerais,3,Sudeste
3157377,Santa Cruz de Salinas,MG,Minas Gerais,3,Sudeste
3157401,Santa Cruz do Escalvado,MG,Minas Gerais,3,Sudeste
3157500,Santa Efigênia de Minas,MG,Minas Gerais,3,Sudeste
3157609,Santa Fé de Minas,MG,Minas Gerais,3,Sudeste
3157658,Santa Helena de Minas,MG,Minas Gerais,3,Sudeste
3157708,Santa Juliana,MG,Minas Gerais,3,Sudeste
3157807,Santa Luzia,MG,Minas Gerais,3,Sudeste
3157906,Santa Margarida,MG,Minas Gerais,3,Sudeste
3158003,Santa Maria de Itabira,MG,Minas Gerais,3,Sudeste
3158102,Santa Maria do Salto,MG,Minas Gerais,3,Sudeste
3158201,Santa Maria do Suaçuí,MG,Minas Gerais,3,Sudeste
3159209,Santa Rita de Caldas,MG,Minas Gerais,3,Sudeste
3159407,Santa Rita de Ibitipoca,MG,Minas Gerais,3,Sudeste
3159308,Santa Rita de Jacutinga,MG,Minas Gerais,3,Sudeste
3159357,Santa Rita de Minas,MG,Minas Gerais,3,Sudeste
3159506,Santa Rita do Itueto,MG,Minas Gerais,3,Sudeste
3159605,Santa Rita do Sapucaí,MG,Minas Gerais,3,Sudeste
3159704,Santa Rosa da Serra,MG,Minas Gerais,3,Sudeste
3159803,Santa Vitória,MG,Minas Gerais,3,Sudeste
3158300,Santana da Vargem,MG,Minas Gerais,3,Sudeste
3158409,Santana de Cataguases,MG,Minas Gerais,3,Sudeste
3158508,Santana de Pirapama,MG,Minas Gerais,3,Sudeste
3158607,Santana do Deserto,MG,Minas Gerais,3,Sudeste
3158706,Santana do Garambéu,MG,Minas Gerais,3,Sudeste
3158805,Santana do Jacaré,MG,Minas Gerais,3,Sudeste
3158904,Santana do Manhuaçu,MG,Minas Gerais,3,Sudeste
3158953,Santana do Paraíso,MG,Minas Gerais,3,Sudeste
3159001,Santana do Riacho,MG,Minas Gerais,3,Sudeste
3159100,Santana dos Montes,MG,Minas Gerais,3,Sudeste
3159902,Santo Antônio do Amparo,MG,Minas Gerais,3,Sudeste
3160009,Santo Antônio do Aventureiro,MG,Minas Gerais,3,Sudeste
3160108,Santo Antônio do Grama,MG,Minas Gerais,3,Sudeste
3160207,Santo Antônio do Itambé,MG,Minas Gerais,3,Sudeste
3160306,Santo Antônio do Jacinto,MG,Minas Gerais,3,Sudeste
3160405,Santo Antônio do Monte,MG,Minas Gerais,3,Sudeste
3160454,Santo Antônio do Retiro,MG,Minas Gerais,3,Sudeste
3160504,Santo Antônio do Rio Abaixo,MG,Minas Gerais,3,Sudeste
3160603,Santo Hipólito,MG,Minas Gerais,3,Sudeste
3160702,Santos Dumont,MG,Minas Gerais,3,Sudeste
3165404,Sapucaí-Mirim,MG,Minas Gerais,3,Sudeste
3165503,Sardoá,MG,Minas Gerais,3,Sudeste
3165537,Sarzedo,MG,Minas Gerais,3,Sudeste
3165560,Sem-Peixe,MG,Minas Gerais,3,Sudeste
3165578,Senador Amaral,MG,Minas Gerais,3,Sudeste
3165602,Senador Cortes,MG,Minas Gerais,3,Sudeste
3165701,Senador Firmino,MG,Minas Gerais,3,Sudeste
3165800,Senador José Bento,MG,Minas Gerais,3,Sudeste
3165909,Senador Modestino Gonçalves,MG,Minas Gerais,3,Sudeste
3166006,Senhora de Oliveira,MG,Minas Gerais,3,Sudeste
3166105,Senhora do Porto,MG,Minas Gerais,3,Sudeste
3166204,Senhora dos Remédios,MG,Minas Gerais,3,Sudeste
3166303,Sericita,MG,Minas Gerais,3,Sudeste
3166402,Seritinga,MG,Minas Gerais,3,Sudeste
3166501,Serra Azul de Minas,MG,Minas Gerais,3,Sudeste
3166600,Serra da Saudade,MG,Minas Gerais,3,Sudeste
3166808,Serra do Salitre,MG,Minas Gerais,3,Sudeste
3166709,Serra dos Aimorés,MG,Minas Gerais,3,Sudeste
3166907,Serrania,MG,Minas Gerais,3,Sudeste
3167004,Serranos,MG,Minas Gerais,3,Sudeste
3166956,Serranópolis de Minas,MG,Minas Gerais,3,Sudeste
3167103,Serro,MG,Minas Gerais,3,Sudeste
3167202,Sete Lagoas,MG,Minas Gerais,3,Sudeste
3165552,Setubinha,MG,Minas Gerais,3,Sudeste
3167301,Silveirânia,MG,Minas Gerais,3,Sudeste
3167400,Silvianópolis,MG,Minas Gerais,3,Sudeste
3167608,Simonésia,MG,Minas Gerais,3,Sudeste
3167509,Simão Pereira,MG,Minas Gerais,3,Sudeste
3167707,Sobrália,MG,Minas Gerais,3,Sudeste
3167806,Soledade de Minas,MG,Minas Gerais,3,Sudeste
3160801,São Bento Abade,MG,Minas Gerais,3,Sudeste
3160900,São Brás do Suaçuí,MG,Minas Gerais,3,Sudeste
3160959,São Domingos das Dores,MG,Minas Gerais,3,Sudeste
3161007,São Domingos do Prata,MG,Minas Gerais,3,Sudeste
3161106,São Francisco,MG,Minas Gerais,3,Sudeste
3161205,São Francisco de Paula,MG,Minas Gerais,3,Sudeste
3161304,São Francisco de Sales,MG,Minas Gerais,3,Sudeste
3161403,São Francisco do Glória,MG,Minas Gerais,3,Sudeste
3161056,São Félix de Minas,MG,Minas Gerais,3,Sudeste
3161502,São Geraldo,MG,Minas Gerais,3,Sudeste
3161601,São Geraldo da Piedade,MG,Minas Gerais,3,Sudeste
3161650,São Geraldo do Baixio,MG,Minas Gerais,3,Sudeste
3161700,São Gonçalo do Abaeté,MG,Minas Gerais,3,Sudeste
3161809,São Gonçalo do Pará,MG,Minas Gerais,3,Sudeste
3161908,São Gonçalo do Rio Abaixo,MG,Minas Gerais,3,Sudeste
3125507,São Gonçalo do Rio Preto,MG,Minas Gerais,3,Sudeste
3162005,São Gonçalo do Sapucaí,MG,Minas Gerais,3,Sudeste
3162104,São Gotardo,MG,Minas Gerais,3,Sudeste
3162922,São Joaquim de Bicas,MG,Minas Gerais,3,Sudeste
3162948,São José da Barra,MG,Minas Gerais,3,Sudeste
3162955,São José da Lapa,MG,Minas Gerais,3,Sudeste
3163003,São José da Safira,MG,Minas Gerais,3,Sudeste
3163102,São José da Varginha,MG,Minas Gerais,3,Sudeste
3163201,São José do Alegre,MG,Minas Gerais,3,Sudeste
3163300,São José do Divino,MG,Minas Gerais,3,Sudeste
3163409,São José do Goiabal,MG,Minas Gerais,3,Sudeste
3163508,São José do Jacuri,MG,Minas Gerais,3,Sudeste
3163607,São José do Mantimento,MG,Minas Gerais,3,Sudeste
3162203,São João Batista do Glória,MG,Minas Gerais,3,Sudeste
3162807,São João Evangelista,MG,Minas Gerais,3,Sudeste
3162906,São João Nepomuceno,MG,Minas Gerais,3,Sudeste
3162252,São João da Lagoa,MG,Minas Gerais,3,Sudeste
3162302,São João da Mata,MG,Minas Gerais,3,Sudeste
3162401,São João da Ponte,MG,Minas Gerais,3,Sudeste
3162450,São João das Missões,MG,Minas Gerais,3,Sudeste
3162500,São João del Rei,MG,Minas Gerais,3,Sudeste
3162559,São João do Manhuaçu,MG,Minas Gerais,3,Sudeste
3162575,São João do Manteninha,MG,Minas Gerais,3,Sudeste
3162609,São João do Oriente,MG,Minas Gerais,3,Sudeste
3162658,São João do Pacuí,MG,Minas Gerais,3,Sudeste
3162708,São João do Paraíso,MG,Minas Gerais,3,Sudeste
3163706,São Lourenço,MG,Minas Gerais,3,Sudeste
3163805,São Miguel do Anta,MG,Minas Gerais,3,Sudeste
3163904,São Pedro da União,MG,Minas Gerais,3,Sudeste
3164100,São Pedro do Suaçuí,MG,Minas Gerais,3,Sudeste
3164001,São Pedro dos Ferros,MG,Minas Gerais,3,Sudeste
3164209,São Romão,MG,Minas Gerais,3,Sudeste
3164308,São Roque de Minas,MG,Minas Gerais,3,Sudeste
3164407,São Sebastião da Bela Vista,MG,Minas Gerais,3,Sudeste
3164431,São Sebastião da Vargem Alegre,MG,Minas Gerais,3,Sudeste
3164472,São Sebastião do Anta,MG,Minas Gerais,3,Sudeste
3164506,São Sebastião do Maranhão,MG,Minas Gerais,3,Sudeste
3164605,São Sebastião do Oeste,MG,Minas Gerais,3,Sudeste
3164704,São Sebastião do Paraíso,MG,Minas Gerais,3,Sudeste
3164803,São Sebastião do Rio Preto,MG,Minas Gerais,3,Sudeste
3164902,São Sebastião do Rio Verde,MG,Minas Gerais,3,Sudeste
3165008,São Tiago,MG,Minas Gerais,3,Sudeste
3165107,São Tomás de Aquino,MG,Minas Gerais,3,Sudeste
3165206,São Tomé das Letras,MG,Minas Gerais,3,Sudeste
3165305,São Vicente de Minas,MG,Minas Gerais,3,Sudeste
3167905,Tabuleiro,MG,Minas Gerais,3,Sudeste
3168002,Taiobeiras,MG,Minas Gerais,3,Sudeste
3168051,Taparuba,MG,Minas Gerais,3,Sudeste
3168101,Tapira,MG,Minas Gerais,3,Sudeste
3168200,Tapiraí,MG,Minas Gerais,3,Sudeste
3168309,Taquaraçu de Minas,MG,Minas Gerais,3,Sudeste
3168408,Tarumirim,MG,Minas Gerais,3,Sudeste
3168507,Teixeiras,MG,Minas Gerais,3,Sudeste
3168606,Teófilo Otoni,MG,Minas Gerais,3,Sudeste
3168705,Timóteo,MG,Minas Gerais,3,Sudeste
3168804,Tiradentes,MG,Minas Gerais,3,Sudeste
3168903,Tiros,MG,Minas Gerais,3,Sudeste
3169000,Tocantins,MG,Minas Gerais,3,Sudeste
3169059,Tocos do Moji,MG,Minas Gerais,3,Sudeste
3169109,Toledo,MG,Minas Gerais,3,Sudeste
3169208,Tombos,MG,Minas Gerais,3,Sudeste
3169307,Três Corações,MG,Minas Gerais,3,Sudeste
3169356,Três Marias,MG,Minas Gerais,3,Sudeste
3169406,Três Pontas,MG,Minas Gerais,3,Sudeste
3169505,Tumiritinga,MG,Minas Gerais,3,Sudeste
3169604,Tupaciguara,MG,Minas Gerais,3,Sudeste
3169703,Turmalina,MG,Minas Gerais,3,Sudeste
3169802,Turvolândia,MG,Minas Gerais,3,Sudeste
3170057,Ubaporanga,MG,Minas Gerais,3,Sudeste
3170008,Ubaí,MG,Minas Gerais,3,Sudeste
3170107,Uberaba,MG,Minas Gerais,3,Sudeste
3170206,Uberlândia,MG,Minas Gerais,3,Sudeste
3169901,Ubá,MG,Minas Gerais,3,Sudeste
3170305,Umburatiba,MG,Minas Gerais,3,Sudeste
3170404,Unaí,MG,Minas Gerais,3,Sudeste
3170438,União de Minas,MG,Minas Gerais,3,Sudeste
3170479,Uruana de Minas,MG,Minas Gerais,3,Sudeste
3170529,Urucuia,MG,Minas Gerais,3,Sudeste
3170503,Urucânia,MG,Minas Gerais,3,Sudeste
3170578,Vargem Alegre,MG,Minas Gerais,3,Sudeste
3170602,Vargem Bonita,MG,Minas Gerais,3,Sudeste
3170651,Vargem Grande do Rio Pardo,MG,Minas Gerais,3,Sudeste
3170701,Varginha,MG,Minas Gerais,3,Sudeste
3170750,Varjão de Minas,MG,Minas Gerais,3,Sudeste
3170909,Varzelândia,MG,Minas Gerais,3,Sudeste
3171006,Vazante,MG,Minas Gerais,3,Sudeste
3171030,Verdelândia,MG,Minas Gerais,3,Sudeste
3171071,Veredinha,MG,Minas Gerais,3,Sudeste
3171154,Vermelho Novo,MG,Minas Gerais,3,Sudeste
3171105,Veríssimo,MG,Minas Gerais,3,Sudeste
3171204,Vespasiano,MG,Minas Gerais,3,Sudeste
3171402,Vieiras,MG,Minas Gerais,3,Sudeste
3171600,Virgem da Lapa,MG,Minas Gerais,3,Sudeste
3171808,Virginópolis,MG,Minas Gerais,3,Sudeste
3171907,Virgolândia,MG,Minas Gerais,3,Sudeste
3171709,Virgínia,MG,Minas Gerais,3,Sudeste
3172004,Visconde do Rio Branco,MG,Minas Gerais,3,Sudeste
3171303,Viçosa,MG,Minas Gerais,3,Sudeste
3172103,Volta Grande,MG,Minas Gerais,3,Sudeste
3170800,Várzea da Palma,MG,Minas Gerais,3,Sudeste
3172202,Wenceslau Braz,MG,Minas Gerais,3,Sudeste
3100609,Água Boa,MG,Minas Gerais,3,Sudeste
3100708,Água Comprida,MG,Minas Gerais,3,Sudeste
3100906,Águas Formosas,MG,Minas Gerais,3,Sudeste
3101003,Águas Vermelhas,MG,Minas Gerais,3,Sudeste
5000252,Alcinópolis,MS,Mato Grosso do Sul,5,Centro-Oeste
5000609,Amambai,MS,Mato Grosso do Sul,5,Centro-Oeste
5000708,Anastácio,MS,Mato Grosso do Sul,5,Centro-Oeste
5000807,Anaurilândia,MS,Mato Grosso do Sul,5,Centro-Oeste
5000856,Angélica,MS,Mato Grosso do Sul,5,Centro-Oeste
5000906,Antônio João,MS,Mato Grosso do Sul,5,Centro-Oeste
5001003,Aparecida do Taboado,MS,Mato Grosso do Sul,5,Centro-Oeste
5001102,Aquidauana,MS,Mato Grosso do Sul,5,Centro-Oeste
5001243,Aral Moreira,MS,Mato Grosso do Sul,5,Centro-Oeste
5001508,Bandeirantes,MS,Mato Grosso do Sul,5,Centro-Oeste
5001904,Bataguassu,MS,Mato Grosso do Sul,5,Centro-Oeste
5002001,Batayporã,MS,Mato Grosso do Sul,5,Centro-Oeste
5002100,Bela Vista,MS,Mato Grosso do Sul,5,Centro-Oeste
5002159,Bodoquena,MS,Mato Grosso do Sul,5,Centro-Oeste
5002209,Bonito,MS,Mato Grosso do Sul,5,Centro-Oeste
5002308,Brasilândia,MS,Mato Grosso do Sul,5,Centro-Oeste
5002407,Caarapó,MS,Mato Grosso do Sul,5,Centro-Oeste
5002605,Camapuã,MS,Mato Grosso do Sul,5,Centro-Oeste
5002704,Campo Grande,MS,Mato Grosso do Sul,5,Centro-Oeste
5002803,Caracol,MS,Mato Grosso do Sul,5,Centro-Oeste
5002902,Cassilândia,MS,Mato Grosso do Sul,5,Centro-Oeste
5002951,Chapadão do Sul,MS,Mato Grosso do Sul,5,Centro-Oeste
5003108,Corguinho,MS,Mato Grosso do Sul,5,Centro-Oeste
5003157,Coronel Sapucaia,MS,Mato Grosso do Sul,5,Centro-Oeste
5003207,Corumbá,MS,Mato Grosso do Sul,5,Centro-Oeste
5003256,Costa Rica,MS,Mato Grosso do Sul,5,Centro-Oeste
5003306,Coxim,MS,Mato Grosso do Sul,5,Centro-Oeste
5003454,Deodápolis,MS,Mato Grosso do Sul,5,Centro-Oeste
5003488,Dois Irmãos do Buriti,MS,Mato Grosso do Sul,5,Centro-Oeste
5003504,Douradina,MS,Mato Grosso do Sul,5,Centro-Oeste
5003702,Dourados,MS,Mato Grosso do Sul,5,Centro-Oeste
5003751,Eldorado,MS,Mato Grosso do Sul,5,Centro-Oeste
5003900,Figueirão,MS,Mato Grosso do Sul,5,Centro-Oeste
5003801,Fátima do Sul,MS,Mato Grosso do Sul,5,Centro-Oeste
5004007,Glória de Dourados,MS,Mato Grosso do Sul,5,Centro-Oeste
5004106,Guia Lopes da Laguna,MS,Mato Grosso do Sul,5,Centro-Oeste
5004304,Iguatemi,MS,Mato Grosso do Sul,5,Centro-Oeste
5004403,Inocência,MS,Mato Grosso do Sul,5,Centro-Oeste
5004502,Itaporã,MS,Mato Grosso do Sul,5,Centro-Oeste
5004601,Itaquiraí,MS,Mato Grosso do Sul,5,Centro-Oeste
5004700,Ivinhema,MS,Mato Grosso do Sul,5,Centro-Oeste
5004809,Japorã,MS,Mato Grosso do Sul,5,Centro-Oeste
5004908,Jaraguari,MS,Mato Grosso do Sul,5,Centro-Oeste
5005004,Jardim,MS,Mato Grosso do Sul,5,Centro-Oeste
5005103,Jateí,MS,Mato Grosso do Sul,5,Centro-Oeste
5005152,Juti,MS,Mato Grosso do Sul,5,Centro-Oeste
5005202,Ladário,MS,Mato Grosso do Sul,5,Centro-Oeste
5005251,Laguna Carapã,MS,Mato Grosso do Sul,5,Centro-Oeste
5005400,Maracaju,MS,Mato Grosso do Sul,5,Centro-Oeste
5005608,Miranda,MS,Mato Grosso do Sul,5,Centro-Oeste
5005681,Mundo Novo,MS,Mato Grosso do Sul,5,Centro-Oeste
5005707,Naviraí,MS,Mato Grosso do Sul,5,Centro-Oeste
5005806,Nioaque,MS,Mato Grosso do Sul,5,Centro-Oeste
5006002,Nova Alvorada do Sul,MS,Mato Grosso do Sul,5,Centro-Oeste
5006200,Nova Andradina,MS,Mato Grosso do Sul,5,Centro-Oeste
5006259,Novo Horizonte do Sul,MS,Mato Grosso do Sul,5,Centro-Oeste
5006309,Paranaíba,MS,Mato Grosso do Sul,5,Centro-Oeste
5006358,Paranhos,MS,Mato Grosso do Sul,5,Centro-Oeste
5006275,Paraíso das Águas,MS,Mato Grosso do Sul,5,Centro-Oeste
5006408,Pedro Gomes,MS,Mato Grosso do Sul,5,Centro-Oeste
5006606,Ponta Porã,MS,Mato Grosso do Sul,5,Centro-Oeste
5006903,Porto Murtinho,MS,Mato Grosso do Sul,5,Centro-Oeste
5007109,Ribas do Rio Pardo,MS,Mato Grosso do Sul,5,Centro-Oeste
5007208,Rio Brilhante,MS,Mato Grosso do Sul,5,Centro-Oeste
5007307,Rio Negro,MS,Mato Grosso do Sul,5,Centro-Oeste
5007406,Rio Verde de Mato Grosso,MS,Mato Grosso do Sul,5,Centro-Oeste
5007505,Rochedo,MS,Mato Grosso do Sul,5,Centro-Oeste
5007554,Santa Rita do Pardo,MS,Mato Grosso do Sul,5,Centro-Oeste
5007802,Selvíria,MS,Mato Grosso do Sul,5,Centro-Oeste
5007703,Sete Quedas,MS,Mato Grosso do Sul,5,Centro-Oeste
5007901,Sidrolândia,MS,Mato Grosso do Sul,5,Centro-Oeste
5007935,Sonora,MS,Mato Grosso do Sul,5,Centro-Oeste
5007695,São Gabriel do Oeste,MS,Mato Grosso do Sul,5,Centro-Oeste
5007950,Tacuru,MS,Mato Grosso do Sul,5,Centro-Oeste
5007976,Taquarussu,MS,Mato Grosso do Sul,5,Centro-Oeste
5008008,Terenos,MS,Mato Grosso do Sul,5,Centro-Oeste
5008305,Três Lagoas,MS,Mato Grosso do Sul,5,Centro-Oeste
5008404,Vicentina,MS,Mato Grosso do Sul,5,Centro-Oeste
5000203,Água Clara,MS,Mato Grosso do Sul,5,Centro-Oeste
5100102,Acorizal,MT,Mato Grosso,5,Centro-Oeste
5100250,Alta Floresta,MT,Mato Grosso,5,Centro-Oeste
5100300,Alto Araguaia,MT,Mato Grosso,5,Centro-Oeste
5100359,Alto Boa Vista,MT,Mato Grosso,5,Centro-Oeste
5100409,Alto Garças,MT,Mato Grosso,5,Centro-Oeste
5100508,Alto Paraguai,MT,Mato Grosso,5,Centro-Oeste
5100607,Alto Taquari,MT,Mato Grosso,5,Centro-Oeste
5100805,Apiacás,MT,Mato Grosso,5,Centro-Oeste
5101001,Araguaiana,MT,Mato Grosso,5,Centro-Oeste
5101209,Araguainha,MT,Mato Grosso,5,Centro-Oeste
5101258,Araputanga,MT,Mato Grosso,5,Centro-Oeste
5101308,Arenápolis,MT,Mato Grosso,5,Centro-Oeste
5101407,Aripuanã,MT,Mato Grosso,5,Centro-Oeste
5101704,Barra do Bugres,MT,Mato Grosso,5,Centro-Oeste
5101803,Barra do Garças,MT,Mato Grosso,5,Centro-Oeste
5101605,Barão de Melgaço,MT,Mato Grosso,5,Centro-Oeste
5101837,Boa Esperança do Norte,MT,Mato Grosso,5,Centro-Oeste
5101852,Bom Jesus do Araguaia,MT,Mato Grosso,5,Centro-Oeste
5101902,Brasnorte,MT,Mato Grosso,5,Centro-Oeste
5102603,Campinápolis,MT,Mato Grosso,5,Centro-Oeste
5102637,Campo Novo do Parecis,MT,Mato Grosso,5,Centro-Oeste
5102678,Campo Verde,MT,Mato Grosso,5,Centro-Oeste
5102686,Campos de Júlio,MT,Mato Grosso,5,Centro-Oeste
5102694,Canabrava do Norte,MT,Mato Grosso,5,Centro-Oeste
5102702,Canarana,MT,Mato Grosso,5,Centro-Oeste
5102793,Carlinda,MT,Mato Grosso,5,Centro-Oeste
5102850,Castanheira,MT,Mato Grosso,5,Centro-Oeste
5103007,Chapada dos Guimarães,MT,Mato Grosso,5,Centro-Oeste
5103056,Cláudia,MT,Mato Grosso,5,Centro-Oeste
5103106,Cocalinho,MT,Mato Grosso,5,Centro-Oeste
5103254,Colniza,MT,Mato Grosso,5,Centro-Oeste
5103205,Colíder,MT,Mato Grosso,5,Centro-Oeste
5103304,Comodoro,MT,Mato Grosso,5,Centro-Oeste
5103353,Confresa,MT,Mato Grosso,5,Centro-Oeste
5103361,Conquista D'Oeste,MT,Mato Grosso,5,Centro-Oeste
5103379,Cotriguaçu,MT,Mato Grosso,5,Centro-Oeste
5103403,Cuiabá,MT,Mato Grosso,5,Centro-Oeste
5103437,Curvelândia,MT,Mato Grosso,5,Centro-Oeste
5102504,Cáceres,MT,Mato Grosso,5,Centro-Oeste
5103452,Denise,MT,Mato Grosso,5,Centro-Oeste
5103502,Diamantino,MT,Mato Grosso,5,Centro-Oeste
5103601,Dom Aquino,MT,Mato Grosso,5,Centro-Oeste
5103700,Feliz Natal,MT,Mato Grosso,5,Centro-Oeste
5103809,Figueirópolis D'Oeste,MT,Mato Grosso,5,Centro-Oeste
5103858,Gaúcha do Norte,MT,Mato Grosso,5,Centro-Oeste
5103908,General Carneiro,MT,Mato Grosso,5,Centro-Oeste
5103957,Glória D'Oeste,MT,Mato Grosso,5,Centro-Oeste
5104104,Guarantã do Norte,MT,Mato Grosso,5,Centro-Oeste
5104203,Guiratinga,MT,Mato Grosso,5,Centro-Oeste
5104500,Indiavaí,MT,Mato Grosso,5,Centro-Oeste
5104526,Ipiranga do Norte,MT,Mato Grosso,5,Centro-Oeste
5104542,Itanhangá,MT,Mato Grosso,5,Centro-Oeste
5104559,Itaúba,MT,Mato Grosso,5,Centro-Oeste
5104609,Itiquira,MT,Mato Grosso,5,Centro-Oeste
5104807,Jaciara,MT,Mato Grosso,5,Centro-Oeste
5104906,Jangada,MT,Mato Grosso,5,Centro-Oeste
5105002,Jauru,MT,Mato Grosso,5,Centro-Oeste
5105101,Juara,MT,Mato Grosso,5,Centro-Oeste
5105176,Juruena,MT,Mato Grosso,5,Centro-Oeste
5105200,Juscimeira,MT,Mato Grosso,5,Centro-Oeste
5105150,Juína,MT,Mato Grosso,5,Centro-Oeste
5105234,Lambari D'Oeste,MT,Mato Grosso,5,Centro-Oeste
5105259,Lucas do Rio Verde,MT,Mato Grosso,5,Centro-Oeste
5105309,Luciara,MT,Mato Grosso,5,Centro-Oeste
5105580,Marcelândia,MT,Mato Grosso,5,Centro-Oeste
5105606,Matupá,MT,Mato Grosso,5,Centro-Oeste
5105622,Mirassol d'Oeste,MT,Mato Grosso,5,Centro-Oeste
5105903,Nobres,MT,Mato Grosso,5,Centro-Oeste
5106000,Nortelândia,MT,Mato Grosso,5,Centro-Oeste
5106109,Nossa Senhora do Livramento,MT,Mato Grosso,5,Centro-Oeste
5106158,Nova Bandeirantes,MT,Mato Grosso,5,Centro-Oeste
5106208,Nova Brasilândia,MT,Mato Grosso,5,Centro-Oeste
5106216,Nova Canaã do Norte,MT,Mato Grosso,5,Centro-Oeste
5108808,Nova Guarita,MT,Mato Grosso,5,Centro-Oeste
5106182,Nova Lacerda,MT,Mato Grosso,5,Centro-Oeste
5108857,Nova Marilândia,MT,Mato Grosso,5,Centro-Oeste
5108907,Nova Maringá,MT,Mato Grosso,5,Centro-Oeste
5108956,Nova Monte Verde,MT,Mato Grosso,5,Centro-Oeste
5106224,Nova Mutum,MT,Mato Grosso,5,Centro-Oeste
5106174,Nova Nazaré,MT,Mato Grosso,5,Centro-Oeste
5106232,Nova Olímpia,MT,Mato Grosso,5,Centro-Oeste
5106190,Nova Santa Helena,MT,Mato Grosso,5,Centro-Oeste
5106240,Nova Ubiratã,MT,Mato Grosso,5,Centro-Oeste
5106257,Nova Xavantina,MT,Mato Grosso,5,Centro-Oeste
5106273,Novo Horizonte do Norte,MT,Mato Grosso,5,Centro-Oeste
5106265,Novo Mundo,MT,Mato Grosso,5,Centro-Oeste
5106315,Novo Santo Antônio,MT,Mato Grosso,5,Centro-Oeste
5106281,Novo São Joaquim,MT,Mato Grosso,5,Centro-Oeste
5106307,Paranatinga,MT,Mato Grosso,5,Centro-Oeste
5106299,Paranaíta,MT,Mato Grosso,5,Centro-Oeste
5106372,Pedra Preta,MT,Mato Grosso,5,Centro-Oeste
5106422,Peixoto de Azevedo,MT,Mato Grosso,5,Centro-Oeste
5106455,Planalto da Serra,MT,Mato Grosso,5,Centro-Oeste
5106505,Poconé,MT,Mato Grosso,5,Centro-Oeste
5106653,Pontal do Araguaia,MT,Mato Grosso,5,Centro-Oeste
5106703,Ponte Branca,MT,Mato Grosso,5,Centro-Oeste
5106752,Pontes e Lacerda,MT,Mato Grosso,5,Centro-Oeste
5106778,Porto Alegre do Norte,MT,Mato Grosso,5,Centro-Oeste
5106828,Porto Esperidião,MT,Mato Grosso,5,Centro-Oeste
5106851,Porto Estrela,MT,Mato Grosso,5,Centro-Oeste
5106802,Porto dos Gaúchos,MT,Mato Grosso,5,Centro-Oeste
5107008,Poxoréu,MT,Mato Grosso,5,Centro-Oeste
5107040,Primavera do Leste,MT,Mato Grosso,5,Centro-Oeste
5107065,Querência,MT,Mato Grosso,5,Centro-Oeste
5107156,Reserva do Cabaçal,MT,Mato Grosso,5,Centro-Oeste
5107180,Ribeirão Cascalheira,MT,Mato Grosso,5,Centro-Oeste
5107198,Ribeirãozinho,MT,Mato Grosso,5,Centro-Oeste
5107206,Rio Branco,MT,Mato Grosso,5,Centro-Oeste
5107578,Rondolândia,MT,Mato Grosso,5,Centro-Oeste
5107602,Rondonópolis,MT,Mato Grosso,5,Centro-Oeste
5107701,Rosário Oeste,MT,Mato Grosso,5,Centro-Oeste
5107750,Salto do Céu,MT,Mato Grosso,5,Centro-Oeste
5107248,Santa Carmem,MT,Mato Grosso,5,Centro-Oeste
5107743,Santa Cruz do Xingu,MT,Mato Grosso,5,Centro-Oeste
5107768,Santa Rita do Trivelato,MT,Mato Grosso,5,Centro-Oeste
5107776,Santa Terezinha,MT,Mato Grosso,5,Centro-Oeste
5107263,Santo Afonso,MT,Mato Grosso,5,Centro-Oeste
5107800,Santo Antônio de Leverger,MT,Mato Grosso,5,Centro-Oeste
5107792,Santo Antônio do Leste,MT,Mato Grosso,5,Centro-Oeste
5107875,Sapezal,MT,Mato Grosso,5,Centro-Oeste
5107883,Serra Nova Dourada,MT,Mato Grosso,5,Centro-Oeste
5107909,Sinop,MT,Mato Grosso,5,Centro-Oeste
5107925,Sorriso,MT,Mato Grosso,5,Centro-Oeste
5107859,São Félix do Araguaia,MT,Mato Grosso,5,Centro-Oeste
5107297,São José do Povo,MT,Mato Grosso,5,Centro-Oeste
5107305,São José do Rio Claro,MT,Mato Grosso,5,Centro-Oeste
5107354,São José do Xingu,MT,Mato Grosso,5,Centro-Oeste
5107107,São José dos Quatro Marcos,MT,Mato Grosso,5,Centro-Oeste
5107404,São Pedro da Cipa,MT,Mato Grosso,5,Centro-Oeste
5107941,Tabaporã,MT,Mato Grosso,5,Centro-Oeste
5107958,Tangará da Serra,MT,Mato Grosso,5,Centro-Oeste
5108006,Tapurah,MT,Mato Grosso,5,Centro-Oeste
5108055,Terra Nova do Norte,MT,Mato Grosso,5,Centro-Oeste
5108105,Tesouro,MT,Mato Grosso,5,Centro-Oeste
5108204,Torixoréu,MT,Mato Grosso,5,Centro-Oeste
5108303,União do Sul,MT,Mato Grosso,5,Centro-Oeste
5108352,Vale de São Domingos,MT,Mato Grosso,5,Centro-Oeste
5108501,Vera,MT,Mato Grosso,5,Centro-Oeste
5105507,Vila Bela da Santíssima Trindade,MT,Mato Grosso,5,Centro-Oeste
5108600,Vila Rica,MT,Mato Grosso,5,Centro-Oeste
5108402,Várzea Grande,MT,Mato Grosso,5,Centro-Oeste
5100201,Água Boa,MT,Mato Grosso,5,Centro-Oeste
1500107,Abaetetuba,PA,Pará,1,Norte
1500131,Abel Figueiredo,PA,Pará,1,Norte
1500206,Acará,PA,Pará,1,Norte
1500305,Afuá,PA,Pará,1,Norte
1500404,Alenquer,PA,Pará,1,Norte
1500503,Almeirim,PA,Pará,1,Norte
1500602,Altamira,PA,Pará,1,Norte
1500701,Anajás,PA,Pará,1,Norte
1500800,Ananindeua,PA,Pará,1,Norte
1500859,Anapu,PA,Pará,1,Norte
1500909,Augusto Corrêa,PA,Pará,1,Norte
1500958,Aurora do Pará,PA,Pará,1,Norte
1501006,Aveiro,PA,Pará,1,Norte
1501105,Bagre,PA,Pará,1,Norte
1501204,Baião,PA,Pará,1,Norte
1501253,Bannach,PA,Pará,1,Norte
1501303,Barcarena,PA,Pará,1,Norte
1501451,Belterra,PA,Pará,1,Norte
1501402,Belém,PA,Pará,1,Norte
1501501,Benevides,PA,Pará,1,Norte
1501576,Bom Jesus do Tocantins,PA,Pará,1,Norte
1501600,Bonito,PA,Pará,1,Norte
1501709,Bragança,PA,Pará,1,Norte
1501725,Brasil Novo,PA,Pará,1,Norte
1501758,Brejo Grande do Araguaia,PA,Pará,1,Norte
1501782,Breu Branco,PA,Pará,1,Norte
1501808,Breves,PA,Pará,1,Norte
1501907,Bujaru,PA,Pará,1,Norte
1502004,Cachoeira do Arari,PA,Pará,1,Norte
1501956,Cachoeira do Piriá,PA,Pará,1,Norte
1502103,Cametá,PA,Pará,1,Norte
1502152,Canaã dos Carajás,PA,Pará,1,Norte
1502202,Capanema,PA,Pará,1,Norte
1502301,Capitão Poço,PA,Pará,1,Norte
1502400,Castanhal,PA,Pará,1,Norte
1502509,Chaves,PA,Pará,1,Norte
1502608,Colares,PA,Pará,1,Norte
1502707,Conceição do Araguaia,PA,Pará,1,Norte
1502756,Concórdia do Pará,PA,Pará,1,Norte
1502764,Cumaru do Norte,PA,Pará,1,Norte
1502772,Curionópolis,PA,Pará,1,Norte
1502806,Curralinho,PA,Pará,1,Norte
1502855,Curuá,PA,Pará,1,Norte
1502905,Curuçá,PA,Pará,1,Norte
1502939,Dom Eliseu,PA,Pará,1,Norte
1502954,Eldorado do Carajás,PA,Pará,1,Norte
1503002,Faro,PA,Pará,1,Norte
1503044,Floresta do Araguaia,PA,Pará,1,Norte
1503077,Garrafão do Norte,PA,Pará,1,Norte
1503093,Goianésia do Pará,PA,Pará,1,Norte
1503101,Gurupá,PA,Pará,1,Norte
1503200,Igarapé-Açu,PA,Pará,1,Norte
1503309,Igarapé-Miri,PA,Pará,1,Norte
1503408,Inhangapi,PA,Pará,1,Norte
1503457,Ipixuna do Pará,PA,Pará,1,Norte
1503507,Irituia,PA,Pará,1,Norte
1503606,Itaituba,PA,Pará,1,Norte
1503705,Itupiranga,PA,Pará,1,Norte
1503754,Jacareacanga,PA,Pará,1,Norte
1503804,Jacundá,PA,Pará,1,Norte
1503903,Juruti,PA,Pará,1,Norte
1504000,Limoeiro do Ajuru,PA,Pará,1,Norte
1504109,Magalhães Barata,PA,Pará,1,Norte
1504208,Marabá,PA,Pará,1,Norte
1504307,Maracanã,PA,Pará,1,Norte
1504406,Marapanim,PA,Pará,1,Norte
1504422,Marituba,PA,Pará,1,Norte
1504455,Medicilândia,PA,Pará,1,Norte
1504505,Melgaço,PA,Pará,1,Norte
1504604,Mocajuba,PA,Pará,1,Norte
1504703,Moju,PA,Pará,1,Norte
1504752,Mojuí dos Campos,PA,Pará,1,Norte
1504802,Monte Alegre,PA,Pará,1,Norte
1504901,Muaná,PA,Pará,1,Norte
1504059,Mãe do Rio,PA,Pará,1,Norte
1504950,Nova Esperança do Piriá,PA,Pará,1,Norte
1504976,Nova Ipixuna,PA,Pará,1,Norte
1505007,Nova Timboteua,PA,Pará,1,Norte
1505031,Novo Progresso,PA,Pará,1,Norte
1505064,Novo Repartimento,PA,Pará,1,Norte
1505205,Oeiras do Pará,PA,Pará,1,Norte
1505304,Oriximiná,PA,Pará,1,Norte
1505437,Ourilândia do Norte,PA,Pará,1,Norte
1505403,Ourém,PA,Pará,1,Norte
1505486,Pacajá,PA,Pará,1,Norte
1505494,Palestina do Pará,PA,Pará,1,Norte
1505502,Paragominas,PA,Pará,1,Norte
1505536,Parauapebas,PA,Pará,1,Norte
1505551,Pau D'Arco,PA,Pará,1,Norte
1505601,Peixe-Boi,PA,Pará,1,Norte
1505635,Piçarra,PA,Pará,1,Norte
1505650,Placas,PA,Pará,1,Norte
1505700,Ponta de Pedras,PA,Pará,1,Norte
1505809,Portel,PA,Pará,1,Norte
1505908,Porto de Moz,PA,Pará,1,Norte
1506005,Prainha,PA,Pará,1,Norte
1506104,Primavera,PA,Pará,1,Norte
1506112,Quatipuru,PA,Pará,1,Norte
1506138,Redenção,PA,Pará,1,Norte
1506161,Rio Maria,PA,Pará,1,Norte
1506187,Rondon do Pará,PA,Pará,1,Norte
1506195,Rurópolis,PA,Pará,1,Norte
1506203,Salinópolis,PA,Pará,1,Norte
1506302,Salvaterra,PA,Pará,1,Norte
1506351,Santa Bárbara do Pará,PA,Pará,1,Norte
1506401,Santa Cruz do Arari,PA,Pará,1,Norte
1506500,Santa Izabel do Pará,PA,Pará,1,Norte
1506559,Santa Luzia do Pará,PA,Pará,1,Norte
1506583,Santa Maria das Barreiras,PA,Pará,1,Norte
1506609,Santa Maria do Pará,PA,Pará,1,Norte
1506708,Santana do Araguaia,PA,Pará,1,Norte
1506807,Santarém,PA,Pará,1,Norte
1506906,Santarém Novo,PA,Pará,1,Norte
1507003,Santo Antônio do Tauá,PA,Pará,1,Norte
1507755,Sapucaia,PA,Pará,1,Norte
1507805,Senador José Porfírio,PA,Pará,1,Norte
1507904,Soure,PA,Pará,1,Norte
1507102,São Caetano de Odivelas,PA,Pará,1,Norte
1507151,São Domingos do Araguaia,PA,Pará,1,Norte
1507201,São Domingos do Capim,PA,Pará,1,Norte
1507409,São Francisco do Pará,PA,Pará,1,Norte
1507300,São Félix do Xingu,PA,Pará,1,Norte
1507458,São Geraldo do Araguaia,PA,Pará,1,Norte
1507466,São João da Ponta,PA,Pará,1,Norte
1507474,São João de Pirabas,PA,Pará,1,Norte
1507508,São João do Araguaia,PA,Pará,1,Norte
1507607,São Miguel do Guamá,PA,Pará,1,Norte
1507706,São Sebastião da Boa Vista,PA,Pará,1,Norte
1507953,Tailândia,PA,Pará,1,Norte
1507961,Terra Alta,PA,Pará,1,Norte
1507979,Terra Santa,PA,Pará,1,Norte
1508001,Tomé-Açu,PA,Pará,1,Norte
1508035,Tracuateua,PA,Pará,1,Norte
1508050,Trairão,PA,Pará,1,Norte
1508084,Tucumã,PA,Pará,1,Norte
1508100,Tucuruí,PA,Pará,1,Norte
1508126,Ulianópolis,PA,Pará,1,Norte
1508159,Uruará,PA,Pará,1,Norte
1508209,Vigia,PA,Pará,1,Norte
1508308,Viseu,PA,Pará,1,Norte
1508357,Vitória do Xingu,PA,Pará,1,Norte
1508407,Xinguara,PA,Pará,1,Norte
1500347,Água Azul do Norte,PA,Pará,1,Norte
1505106,Óbidos,PA,Pará,1,Norte
2500205,Aguiar,PB,Paraíba,2,Nordeste
2500304,Alagoa Grande,PB,Paraíba,2,Nordeste
2500403,Alagoa Nova,PB,Paraíba,2,Nordeste
2500502,Alagoinha,PB,Paraíba,2,Nordeste
2500536,Alcantil,PB,Paraíba,2,Nordeste
2500577,Algodão de Jandaíra,PB,Paraíba,2,Nordeste
2500601,Alhandra,PB,Paraíba,2,Nordeste
2500734,Amparo,PB,Paraíba,2,Nordeste
2500775,Aparecida,PB,Paraíba,2,Nordeste
2500908,Arara,PB,Paraíba,2,Nordeste
2501005,Araruna,PB,Paraíba,2,Nordeste
2500809,Araçagi,PB,Paraíba,2,Nordeste
2501104,Areia,PB,Paraíba,2,Nordeste
2501153,Areia de Baraúnas,PB,Paraíba,2,Nordeste
2501203,Areial,PB,Paraíba,2,Nordeste
2501302,Aroeiras,PB,Paraíba,2,Nordeste
2501351,Assunção,PB,Paraíba,2,Nordeste
2501500,Bananeiras,PB,Paraíba,2,Nordeste
2501534,Baraúna,PB,Paraíba,2,Nordeste
2501609,Barra de Santa Rosa,PB,Paraíba,2,Nordeste
2501575,Barra de Santana,PB,Paraíba,2,Nordeste
2501708,Barra de São Miguel,PB,Paraíba,2,Nordeste
2501807,Bayeux,PB,Paraíba,2,Nordeste
2501401,Baía da Traição,PB,Paraíba,2,Nordeste
2501906,Belém,PB,Paraíba,2,Nordeste
2502003,Belém do Brejo do Cruz,PB,Paraíba,2,Nordeste
2502052,Bernardino Batista,PB,Paraíba,2,Nordeste
2502102,Boa Ventura,PB,Paraíba,2,Nordeste
2502151,Boa Vista,PB,Paraíba,2,Nordeste
2502201,Bom Jesus,PB,Paraíba,2,Nordeste
2502300,Bom Sucesso,PB,Paraíba,2,Nordeste
2502409,Bonito de Santa Fé,PB,Paraíba,2,Nordeste
2502508,Boqueirão,PB,Paraíba,2,Nordeste
2502706,Borborema,PB,Paraíba,2,Nordeste
2502805,Brejo do Cruz,PB,Paraíba,2,Nordeste
2502904,Brejo dos Santos,PB,Paraíba,2,Nordeste
2503001,Caaporã,PB,Paraíba,2,Nordeste
2503100,Cabaceiras,PB,Paraíba,2,Nordeste
2503209,Cabedelo,PB,Paraíba,2,Nordeste
2503308,Cachoeira dos Índios,PB,Paraíba,2,Nordeste
2503407,Cacimba de Areia,PB,Paraíba,2,Nordeste
2503506,Cacimba de Dentro,PB,Paraíba,2,Nordeste
2503555,Cacimbas,PB,Paraíba,2,Nordeste
2503605,Caiçara,PB,Paraíba,2,Nordeste
2503704,Cajazeiras,PB,Paraíba,2,Nordeste
2503753,Cajazeirinhas,PB,Paraíba,2,Nordeste
2503803,Caldas Brandão,PB,Paraíba,2,Nordeste
2503902,Camalaú,PB,Paraíba,2,Nordeste
2504009,Campina Grande,PB,Paraíba,2,Nordeste
2504033,Capim,PB,Paraíba,2,Nordeste
2504074,Caraúbas,PB,Paraíba,2,Nordeste
2504108,Carrapateira,PB,Paraíba,2,Nordeste
2504157,Casserengue,PB,Paraíba,2,Nordeste
2504207,Catingueira,PB,Paraíba,2,Nordeste
2504306,Catolé do Rocha,PB,Paraíba,2,Nordeste
2504355,Caturité,PB,Paraíba,2,Nordeste
2504405,Conceição,PB,Paraíba,2,Nordeste
2504504,Condado,PB,Paraíba,2,Nordeste
2504603,Conde,PB,Paraíba,2,Nordeste
2504702,Congo,PB,Paraíba,2,Nordeste
2504801,Coremas,PB,Paraíba,2,Nordeste
2504850,Coxixola,PB,Paraíba,2,Nordeste
2504900,Cruz do Espírito Santo,PB,Paraíba,2,Nordeste
2505006,Cubati,PB,Paraíba,2,Nordeste
2505204,Cuitegi,PB,Paraíba,2,Nordeste
2505105,Cuité,PB,Paraíba,2,Nordeste
2505238,Cuité de Mamanguape,PB,Paraíba,2,Nordeste
2505303,Curral Velho,PB,Paraíba,2,Nordeste
2505279,Curral de Cima,PB,Paraíba,2,Nordeste
2505352,Damião,PB,Paraíba,2,Nordeste
2505402,Desterro,PB,Paraíba,2,Nordeste
2505600,Diamante,PB,Paraíba,2,Nordeste
2505709,Dona Inês,PB,Paraíba,2,Nordeste
2505808,Duas Estradas,PB,Paraíba,2,Nordeste
2505907,Emas,PB,Paraíba,2,Nordeste
2506004,Esperança,PB,Paraíba,2,Nordeste
2506103,Fagundes,PB,Paraíba,2,Nordeste
2506202,Frei Martinho,PB,Paraíba,2,Nordeste
2506251,Gado Bravo,PB,Paraíba,2,Nordeste
2506301,Guarabira,PB,Paraíba,2,Nordeste
2506400,Gurinhém,PB,Paraíba,2,Nordeste
2506509,Gurjão,PB,Paraíba,2,Nordeste
2506608,Ibiara,PB,Paraíba,2,Nordeste
2502607,Igaracy,PB,Paraíba,2,Nordeste
2506707,Imaculada,PB,Paraíba,2,Nordeste
2506806,Ingá,PB,Paraíba,2,Nordeste
2506905,Itabaiana,PB,Paraíba,2,Nordeste
2507002,Itaporanga,PB,Paraíba,2,Nordeste
2507101,Itapororoca,PB,Paraíba,2,Nordeste
2507200,Itatuba,PB,Paraíba,2,Nordeste
2507309,Jacaraú,PB,Paraíba,2,Nordeste
2507408,Jericó,PB,Paraíba,2,Nordeste
2513653,Joca Claudino,PB,Paraíba,2,Nordeste
2507507,João Pessoa,PB,Paraíba,2,Nordeste
2507606,Juarez Távora,PB,Paraíba,2,Nordeste
2507705,Juazeirinho,PB,Paraíba,2,Nordeste
2507804,Junco do Seridó,PB,Paraíba,2,Nordeste
2507903,Juripiranga,PB,Paraíba,2,Nordeste
2508000,Juru,PB,Paraíba,2,Nordeste
2508109,Lagoa,PB,Paraíba,2,Nordeste
2508307,Lagoa Seca,PB,Paraíba,2,Nordeste
2508208,Lagoa de Dentro,PB,Paraíba,2,Nordeste
2508406,Lastro,PB,Paraíba,2,Nordeste
2508505,Livramento,PB,Paraíba,2,Nordeste
2508554,Logradouro,PB,Paraíba,2,Nordeste
2508604,Lucena,PB,Paraíba,2,Nordeste
2508802,Malta,PB,Paraíba,2,Nordeste
2508901,Mamanguape,PB,Paraíba,2,Nordeste
2509008,Manaíra,PB,Paraíba,2,Nordeste
2509057,Marcação,PB,Paraíba,2,Nordeste
2509107,Mari,PB,Paraíba,2,Nordeste
2509156,Marizópolis,PB,Paraíba,2,Nordeste
2509206,Massaranduba,PB,Paraíba,2,Nordeste
2509305,Mataraca,PB,Paraíba,2,Nordeste
2509339,Matinhas,PB,Paraíba,2,Nordeste
2509370,Mato Grosso,PB,Paraíba,2,Nordeste
2509396,Maturéia,PB,Paraíba,2,Nordeste
2509404,Mogeiro,PB,Paraíba,2,Nordeste
2509503,Montadas,PB,Paraíba,2,Nordeste
2509602,Monte Horebe,PB,Paraíba,2,Nordeste
2509701,Monteiro,PB,Paraíba,2,Nordeste
2509800,Mulungu,PB,Paraíba,2,Nordeste
2508703,Mãe d'Água,PB,Paraíba,2,Nordeste
2509909,Natuba,PB,Paraíba,2,Nordeste
2510006,Nazarezinho,PB,Paraíba,2,Nordeste
2510105,Nova Floresta,PB,Paraíba,2,Nordeste
2510204,Nova Olinda,PB,Paraíba,2,Nordeste
2510303,Nova Palmeira,PB,Paraíba,2,Nordeste
2510402,Olho d'Água,PB,Paraíba,2,Nordeste
2510501,Olivedos,PB,Paraíba,2,Nordeste
2510600,Ouro Velho,PB,Paraíba,2,Nordeste
2510659,Parari,PB,Paraíba,2,Nordeste
2510709,Passagem,PB,Paraíba,2,Nordeste
2510808,Patos,PB,Paraíba,2,Nordeste
2510907,Paulista,PB,Paraíba,2,Nordeste
2511004,Pedra Branca,PB,Paraíba,2,Nordeste
2511103,Pedra Lavrada,PB,Paraíba,2,Nordeste
2511202,Pedras de Fogo,PB,Paraíba,2,Nordeste
2512721,Pedro Régis,PB,Paraíba,2,Nordeste
2511301,Piancó,PB,Paraíba,2,Nordeste
2511400,Picuí,PB,Paraíba,2,Nordeste
2511509,Pilar,PB,Paraíba,2,Nordeste
2511608,Pilões,PB,Paraíba,2,Nordeste
2511707,Pilõezinhos,PB,Paraíba,2,Nordeste
2511806,Pirpirituba,PB,Paraíba,2,Nordeste
2511905,Pitimbu,PB,Paraíba,2,Nordeste
2512002,Pocinhos,PB,Paraíba,2,Nordeste
2512101,Pombal,PB,Paraíba,2,Nordeste
2512036,Poço Dantas,PB,Paraíba,2,Nordeste
2512077,Poço de José de Moura,PB,Paraíba,2,Nordeste
2512200,Prata,PB,Paraíba,2,Nordeste
2512309,Princesa Isabel,PB,Paraíba,2,Nordeste
2512408,Puxinanã,PB,Paraíba,2,Nordeste
2512507,Queimadas,PB,Paraíba,2,Nordeste
2512606,Quixaba,PB,Paraíba,2,Nordeste
2512705,Remígio,PB,Paraíba,2,Nordeste
2512788,Riacho de Santo Antônio,PB,Paraíba,2,Nordeste
2512804,Riacho dos Cavalos,PB,Paraíba,2,Nordeste
2512747,Riachão,PB,Paraíba,2,Nordeste
2512754,Riachão do Bacamarte,PB,Paraíba,2,Nordeste
2512762,Riachão do Poço,PB,Paraíba,2,Nordeste
2512903,Rio Tinto,PB,Paraíba,2,Nordeste
2513000,Salgadinho,PB,Paraíba,2,Nordeste
2513109,Salgado de São Félix,PB,Paraíba,2,Nordeste
2513158,Santa Cecília,PB,Paraíba,2,Nordeste
2513208,Santa Cruz,PB,Paraíba,2,Nordeste
2513307,Santa Helena,PB,Paraíba,2,Nordeste
2513356,Santa Inês,PB,Paraíba,2,Nordeste
2513406,Santa Luzia,PB,Paraíba,2,Nordeste
2513703,Santa Rita,PB,Paraíba,2,Nordeste
2513802,Santa Teresinha,PB,Paraíba,2,Nordeste
2513505,Santana de Mangueira,PB,Paraíba,2,Nordeste
2513604,Santana dos Garrotes,PB,Paraíba,2,Nordeste
2513851,Santo André,PB,Paraíba,2,Nordeste
2515302,Sapé,PB,Paraíba,2,Nordeste
2515500,Serra Branca,PB,Paraíba,2,Nordeste
2515708,Serra Grande,PB,Paraíba,2,Nordeste
2515807,Serra Redonda,PB,Paraíba,2,Nordeste
2515609,Serra da Raiz,PB,Paraíba,2,Nordeste
2515906,Serraria,PB,Paraíba,2,Nordeste
2515930,Sertãozinho,PB,Paraíba,2,Nordeste
2515971,Sobrado,PB,Paraíba,2,Nordeste
2516102,Soledade,PB,Paraíba,2,Nordeste
2516003,Solânea,PB,Paraíba,2,Nordeste
2516151,Sossêgo,PB,Paraíba,2,Nordeste
2516201,Sousa,PB,Paraíba,2,Nordeste
2516300,Sumé,PB,Paraíba,2,Nordeste
2513927,São Bentinho,PB,Paraíba,2,Nordeste
2513901,São Bento,PB,Paraíba,2,Nordeste
2513968,São Domingos,PB,Paraíba,2,Nordeste
2513943,São Domingos do Cariri,PB,Paraíba,2,Nordeste
2513984,São Francisco,PB,Paraíba,2,Nordeste
2514206,São José da Lagoa Tapada,PB,Paraíba,2,Nordeste
2514305,São José de Caiana,PB,Paraíba,2,Nordeste
2514404,São José de Espinharas,PB,Paraíba,2,Nordeste
2514503,São José de Piranhas,PB,Paraíba,2,Nordeste
2514552,São José de Princesa,PB,Paraíba,2,Nordeste
2514602,São José do Bonfim,PB,Paraíba,2,Nordeste
2514651,São José do Brejo do Cruz,PB,Paraíba,2,Nordeste
2514701,São José do Sabugi,PB,Paraíba,2,Nordeste
2514800,São José dos Cordeiros,PB,Paraíba,2,Nordeste
2514453,São José dos Ramos,PB,Paraíba,2,Nordeste
2514008,São João do Cariri,PB,Paraíba,2,Nordeste
2500700,São João do Rio do Peixe,PB,Paraíba,2,Nordeste
2514107,São João do Tigre,PB,Paraíba,2,Nordeste
2514909,São Mamede,PB,Paraíba,2,Nordeste
2515005,São Miguel de Taipu,PB,Paraíba,2,Nordeste
2515104,São Sebastião de Lagoa de Roça,PB,Paraíba,2,Nordeste
2515203,São Sebastião do Umbuzeiro,PB,Paraíba,2,Nordeste
2515401,São Vicente do Seridó,PB,Paraíba,2,Nordeste
2516409,Tacima,PB,Paraíba,2,Nordeste
2516508,Taperoá,PB,Paraíba,2,Nordeste
2516607,Tavares,PB,Paraíba,2,Nordeste
2516706,Teixeira,PB,Paraíba,2,Nordeste
2516755,Tenório,PB,Paraíba,2,Nordeste
2516805,Triunfo,PB,Paraíba,2,Nordeste
2516904,Uiraúna,PB,Paraíba,2,Nordeste
2517001,Umbuzeiro,PB,Paraíba,2,Nordeste
2517209,Vieirópolis,PB,Paraíba,2,Nordeste
2505501,Vista Serrana,PB,Paraíba,2,Nordeste
2517100,Várzea,PB,Paraíba,2,Nordeste
2517407,Zabelê,PB,Paraíba,2,Nordeste
2500106,Água Branca,PB,Paraíba,2,Nordeste
2600054,Abreu e Lima,PE,Pernambuco,2,Nordeste
2600104,Afogados da Ingazeira,PE,Pernambuco,2,Nordeste
2600203,Afrânio,PE,Pernambuco,2,Nordeste
2600302,Agrestina,PE,Pernambuco,2,Nordeste
2600609,Alagoinha,PE,Pernambuco,2,Nordeste
2600708,Aliança,PE,Pernambuco,2,Nordeste
2600807,Altinho,PE,Pernambuco,2,Nordeste
2600906,Amaraji,PE,Pernambuco,2,Nordeste
2601003,Angelim,PE,Pernambuco,2,Nordeste
2601102,Araripina,PE,Pernambuco,2,Nordeste
2601052,Araçoiaba,PE,Pernambuco,2,Nordeste
2601201,Arcoverde,PE,Pernambuco,2,Nordeste
2601300,Barra de Guabiraba,PE,Pernambuco,2,Nordeste
2601409,Barreiros,PE,Pernambuco,2,Nordeste
2601706,Belo Jardim,PE,Pernambuco,2,Nordeste
2601508,Belém de Maria,PE,Pernambuco,2,Nordeste
2601607,Belém do São Francisco,PE,Pernambuco,2,Nordeste
2601805,Betânia,PE,Pernambuco,2,Nordeste
2601904,Bezerros,PE,Pernambuco,2,Nordeste
2602001,Bodocó,PE,Pernambuco,2,Nordeste
2602100,Bom Conselho,PE,Pernambuco,2,Nordeste
2602209,Bom Jardim,PE,Pernambuco,2,Nordeste
2602308,Bonito,PE,Pernambuco,2,Nordeste
2602506,Brejinho,PE,Pernambuco,2,Nordeste
2602605,Brejo da Madre de Deus,PE,Pernambuco,2,Nordeste
2602407,Brejão,PE,Pernambuco,2,Nordeste
2602704,Buenos Aires,PE,Pernambuco,2,Nordeste
2602803,Buíque,PE,Pernambuco,2,Nordeste
2602902,Cabo de Santo Agostinho,PE,Pernambuco,2,Nordeste
2603009,Cabrobó,PE,Pernambuco,2,Nordeste
2603108,Cachoeirinha,PE,Pernambuco,2,Nordeste
2603207,Caetés,PE,Pernambuco,2,Nordeste
2603405,Calumbi,PE,Pernambuco,2,Nordeste
2603306,Calçado,PE,Pernambuco,2,Nordeste
2603454,Camaragibe,PE,Pernambuco,2,Nordeste
2603504,Camocim de São Félix,PE,Pernambuco,2,Nordeste
2603603,Camutanga,PE,Pernambuco,2,Nordeste
2603702,Canhotinho,PE,Pernambuco,2,Nordeste
2603801,Capoeiras,PE,Pernambuco,2,Nordeste
2603926,Carnaubeira da Penha,PE,Pernambuco,2,Nordeste
2603900,Carnaíba,PE,Pernambuco,2,Nordeste
2604007,Carpina,PE,Pernambuco,2,Nordeste
2604106,Caruaru,PE,Pernambuco,2,Nordeste
2604155,Casinhas,PE,Pernambuco,2,Nordeste
2604205,Catende,PE,Pernambuco,2,Nordeste
2604304,Cedro,PE,Pernambuco,2,Nordeste
2604502,Chã Grande,PE,Pernambuco,2,Nordeste
2604403,Chã de Alegria,PE,Pernambuco,2,Nordeste
2604601,Condado,PE,Pernambuco,2,Nordeste
2604700,Correntes,PE,Pernambuco,2,Nordeste
2604809,Cortês,PE,Pernambuco,2,Nordeste
2604908,Cumaru,PE,Pernambuco,2,Nordeste
2605004,Cupira,PE,Pernambuco,2,Nordeste
2605103,Custódia,PE,Pernambuco,2,Nordeste
2605152,Dormentes,PE,Pernambuco,2,Nordeste
2605202,Escada,PE,Pernambuco,2,Nordeste
2605301,Exu,PE,Pernambuco,2,Nordeste
2605400,Feira Nova,PE,Pernambuco,2,Nordeste
2605459,Fernando de Noronha,PE,Pernambuco,2,Nordeste
2605509,Ferreiros,PE,Pernambuco,2,Nordeste
2605608,Flores,PE,Pernambuco,2,Nordeste
2605707,Floresta,PE,Pernambuco,2,Nordeste
2605806,Frei Miguelinho,PE,Pernambuco,2,Nordeste
2605905,Gameleira,PE,Pernambuco,2,Nordeste
2606002,Garanhuns,PE,Pernambuco,2,Nordeste
2606101,Glória do Goitá,PE,Pernambuco,2,Nordeste
2606200,Goiana,PE,Pernambuco,2,Nordeste
2606309,Granito,PE,Pernambuco,2,Nordeste
2606408,Gravatá,PE,Pernambuco,2,Nordeste
2606507,Iati,PE,Pernambuco,2,Nordeste
2606606,Ibimirim,PE,Pernambuco,2,Nordeste
2606705,Ibirajuba,PE,Pernambuco,2,Nordeste
2606804,Igarassu,PE,Pernambuco,2,Nordeste
2606903,Iguaracy,PE,Pernambuco,2,Nordeste
2607604,Ilha de Itamaracá,PE,Pernambuco,2,Nordeste
2607000,Inajá,PE,Pernambuco,2,Nordeste
2607109,Ingazeira,PE,Pernambuco,2,Nordeste
2607208,Ipojuca,PE,Pernambuco,2,Nordeste
2607307,Ipubi,PE,Pernambuco,2,Nordeste
2607406,Itacuruba,PE,Pernambuco,2,Nordeste
2607653,Itambé,PE,Pernambuco,2,Nordeste
2607703,Itapetim,PE,Pernambuco,2,Nordeste
2607752,Itapissuma,PE,Pernambuco,2,Nordeste
2607802,Itaquitinga,PE,Pernambuco,2,Nordeste
2607505,Itaíba,PE,Pernambuco,2,Nordeste
2607901,Jaboatão dos Guararapes,PE,Pernambuco,2,Nordeste
2607950,Jaqueira,PE,Pernambuco,2,Nordeste
2608008,Jataúba,PE,Pernambuco,2,Nordeste
2608057,Jatobá,PE,Pernambuco,2,Nordeste
2608206,Joaquim Nabuco,PE,Pernambuco,2,Nordeste
2608107,João Alfredo,PE,Pernambuco,2,Nordeste
2608255,Jucati,PE,Pernambuco,2,Nordeste
2608305,Jupi,PE,Pernambuco,2,Nordeste
2608404,Jurema,PE,Pernambuco,2,Nordeste
2608750,Lagoa Grande,PE,Pernambuco,2,Nordeste
2608503,Lagoa de Itaenga,PE,Pernambuco,2,Nordeste
2608453,Lagoa do Carro,PE,Pernambuco,2,Nordeste
2608602,Lagoa do Ouro,PE,Pernambuco,2,Nordeste
2608701,Lagoa dos Gatos,PE,Pernambuco,2,Nordeste
2608800,Lajedo,PE,Pernambuco,2,Nordeste
2608909,Limoeiro,PE,Pernambuco,2,Nordeste
2609006,Macaparana,PE,Pernambuco,2,Nordeste
2609105,Machados,PE,Pernambuco,2,Nordeste
2609154,Manari,PE,Pernambuco,2,Nordeste
2609204,Maraial,PE,Pernambuco,2,Nordeste
2609303,Mirandiba,PE,Pernambuco,2,Nordeste
2614303,Moreilândia,PE,Pernambuco,2,Nordeste
2609402,Moreno,PE,Pernambuco,2,Nordeste
2609501,Nazaré da Mata,PE,Pernambuco,2,Nordeste
2609600,Olinda,PE,Pernambuco,2,Nordeste
2609709,Orobó,PE,Pernambuco,2,Nordeste
2609808,Orocó,PE,Pernambuco,2,Nordeste
2609907,Ouricuri,PE,Pernambuco,2,Nordeste
2610004,Palmares,PE,Pernambuco,2,Nordeste
2610103,Palmeirina,PE,Pernambuco,2,Nordeste
2610202,Panelas,PE,Pernambuco,2,Nordeste
2610301,Paranatama,PE,Pernambuco,2,Nordeste
2610400,Parnamirim,PE,Pernambuco,2,Nordeste
2610509,Passira,PE,Pernambuco,2,Nordeste
2610608,Paudalho,PE,Pernambuco,2,Nordeste
2610707,Paulista,PE,Pernambuco,2,Nordeste
2610806,Pedra,PE,Pernambuco,2,Nordeste
2610905,Pesqueira,PE,Pernambuco,2,Nordeste
2611101,Petrolina,PE,Pernambuco,2,Nordeste
2611002,Petrolândia,PE,Pernambuco,2,Nordeste
2611309,Pombos,PE,Pernambuco,2,Nordeste
2611200,Poção,PE,Pernambuco,2,Nordeste
2611408,Primavera,PE,Pernambuco,2,Nordeste
2611507,Quipapá,PE,Pernambuco,2,Nordeste
2611533,Quixaba,PE,Pernambuco,2,Nordeste
2611606,Recife,PE,Pernambuco,2,Nordeste
2611705,Riacho das Almas,PE,Pernambuco,2,Nordeste
2611804,Ribeirão,PE,Pernambuco,2,Nordeste
2611903,Rio Formoso,PE,Pernambuco,2,Nordeste
2612000,Sairé,PE,Pernambuco,2,Nordeste
2612109,Salgadinho,PE,Pernambuco,2,Nordeste
2612208,Salgueiro,PE,Pernambuco,2,Nordeste
2612307,Saloá,PE,Pernambuco,2,Nordeste
2612406,Sanharó,PE,Pernambuco,2,Nordeste
2612455,Santa Cruz,PE,Pernambuco,2,Nordeste
2612471,Santa Cruz da Baixa Verde,PE,Pernambuco,2,Nordeste
2612505,Santa Cruz do Capibaribe,PE,Pernambuco,2,Nordeste
2612554,Santa Filomena,PE,Pernambuco,2,Nordeste
2612604,Santa Maria da Boa Vista,PE,Pernambuco,2,Nordeste
2612703,Santa Maria do Cambucá,PE,Pernambuco,2,Nordeste
2612802,Santa Terezinha,PE,Pernambuco,2,Nordeste
2613909,Serra Talhada,PE,Pernambuco,2,Nordeste
2614006,Serrita,PE,Pernambuco,2,Nordeste
2614105,Sertânia,PE,Pernambuco,2,Nordeste
2614204,Sirinhaém,PE,Pernambuco,2,Nordeste
2614402,Solidão,PE,Pernambuco,2,Nordeste
2614501,Surubim,PE,Pernambuco,2,Nordeste
2612901,São Benedito do Sul,PE,Pernambuco,2,Nordeste
2613008,São Bento do Una,PE,Pernambuco,2,Nordeste
2613107,São Caitano,PE,Pernambuco,2,Nordeste
2613305,São Joaquim do Monte,PE,Pernambuco,2,Nordeste
2613404,São José da Coroa Grande,PE,Pernambuco,2,Nordeste
2613503,São José do Belmonte,PE,Pernambuco,2,Nordeste
2613602,São José do Egito,PE,Pernambuco,2,Nordeste
2613206,São João,PE,Pernambuco,2,Nordeste
2613701,São Lourenço da Mata,PE,Pernambuco,2,Nordeste
2613800,São Vicente Férrer,PE,Pernambuco,2,Nordeste
2614600,Tabira,PE,Pernambuco,2,Nordeste
2614709,Tacaimbó,PE,Pernambuco,2,Nordeste
2614808,Tacaratu,PE,Pernambuco,2,Nordeste
2614857,Tamandaré,PE,Pernambuco,2,Nordeste
2615003,Taquaritinga do Norte,PE,Pernambuco,2,Nordeste
2615102,Terezinha,PE,Pernambuco,2,Nordeste
2615201,Terra Nova,PE,Pernambuco,2,Nordeste
2615300,Timbaúba,PE,Pernambuco,2,Nordeste
2615409,Toritama,PE,Pernambuco,2,Nordeste
2615508,Tracunhaém,PE,Pernambuco,2,Nordeste
2615607,Trindade,PE,Pernambuco,2,Nordeste
2615706,Triunfo,PE,Pernambuco,2,Nordeste
2615805,Tupanatinga,PE,Pernambuco,2,Nordeste
2615904,Tuparetama,PE,Pernambuco,2,Nordeste
2616001,Venturosa,PE,Pernambuco,2,Nordeste
2616100,Verdejante,PE,Pernambuco,2,Nordeste
2616183,Vertente do Lério,PE,Pernambuco,2,Nordeste
2616209,Vertentes,PE,Pernambuco,2,Nordeste
2616308,Vicência,PE,Pernambuco,2,Nordeste
2616407,Vitória de Santo Antão,PE,Pernambuco,2,Nordeste
2616506,Xexéu,PE,Pernambuco,2,Nordeste
2600401,Água Preta,PE,Pernambuco,2,Nordeste
2600500,Águas Belas,PE,Pernambuco,2,Nordeste
2200053,Acauã,PI,Piauí,2,Nordeste
2200103,Agricolândia,PI,Piauí,2,Nordeste
2200251,Alagoinha do Piauí,PI,Piauí,2,Nordeste
2200277,Alegrete do Piauí,PI,Piauí,2,Nordeste
2200301,Alto Longá,PI,Piauí,2,Nordeste
2200400,Altos,PI,Piauí,2,Nordeste
2200459,Alvorada do Gurguéia,PI,Piauí,2,Nordeste
2200509,Amarante,PI,Piauí,2,Nordeste
2200608,Angical do Piauí,PI,Piauí,2,Nordeste
2200806,Antônio Almeida,PI,Piauí,2,Nordeste
2200707,Anísio de Abreu,PI,Piauí,2,Nordeste
2200905,Aroazes,PI,Piauí,2,Nordeste
2200954,Aroeiras do Itaim,PI,Piauí,2,Nordeste
2201002,Arraial,PI,Piauí,2,Nordeste
2201051,Assunção do Piauí,PI,Piauí,2,Nordeste
2201101,Avelino Lopes,PI,Piauí,2,Nordeste
2201150,Baixa Grande do Ribeiro,PI,Piauí,2,Nordeste
2201176,Barra D'Alcântara,PI,Piauí,2,Nordeste
2201200,Barras,PI,Piauí,2,Nordeste
2201309,Barreiras do Piauí,PI,Piauí,2,Nordeste
2201408,Barro Duro,PI,Piauí,2,Nordeste
2201507,Batalha,PI,Piauí,2,Nordeste
2201556,Bela Vista do Piauí,PI,Piauí,2,Nordeste
2201572,Belém do Piauí,PI,Piauí,2,Nordeste
2201606,Beneditinos,PI,Piauí,2,Nordeste
2201705,Bertolínia,PI,Piauí,2,Nordeste
2201739,Betânia do Piauí,PI,Piauí,2,Nordeste
2201770,Boa Hora,PI,Piauí,2,Nordeste
2201804,Bocaina,PI,Piauí,2,Nordeste
2201903,Bom Jesus,PI,Piauí,2,Nordeste
2201919,Bom Princípio do Piauí,PI,Piauí,2,Nordeste
2201929,Bonfim do Piauí,PI,Piauí,2,Nordeste
2201945,Boqueirão do Piauí,PI,Piauí,2,Nordeste
2201960,Brasileira,PI,Piauí,2,Nordeste
2201988,Brejo do Piauí,PI,Piauí,2,Nordeste
2202000,Buriti dos Lopes,PI,Piauí,2,Nordeste
2202026,Buriti dos Montes,PI,Piauí,2,Nordeste
2202059,Cabeceiras do Piauí,PI,Piauí,2,Nordeste
2202075,Cajazeiras do Piauí,PI,Piauí,2,Nordeste
2202083,Cajueiro da Praia,PI,Piauí,2,Nordeste
2202091,Caldeirão Grande do Piauí,PI,Piauí,2,Nordeste
2202109,Campinas do Piauí,PI,Piauí,2,Nordeste
2202117,Campo Alegre do Fidalgo,PI,Piauí,2,Nordeste
2202133,Campo Grande do Piauí,PI,Piauí,2,Nordeste
2202174,Campo Largo do Piauí,PI,Piauí,2,Nordeste
2202208,Campo Maior,PI,Piauí,2,Nordeste
2202251,Canavieira,PI,Piauí,2,Nordeste
2202307,Canto do Buriti,PI,Piauí,2,Nordeste
2202455,Capitão Gervásio Oliveira,PI,Piauí,2,Nordeste
2202406,Capitão de Campos,PI,Piauí,2,Nordeste
2202505,Caracol,PI,Piauí,2,Nordeste
2202539,Caraúbas do Piauí,PI,Piauí,2,Nordeste
2202554,Caridade do Piauí,PI,Piauí,2,Nordeste
2202604,Castelo do Piauí,PI,Piauí,2,Nordeste
2202653,Caxingó,PI,Piauí,2,Nordeste
2202703,Cocal,PI,Piauí,2,Nordeste
2202711,Cocal de Telha,PI,Piauí,2,Nordeste
2202729,Cocal dos Alves,PI,Piauí,2,Nordeste
2202737,Coivaras,PI,Piauí,2,Nordeste
2202752,Colônia do Gurguéia,PI,Piauí,2,Nordeste
2202778,Colônia do Piauí,PI,Piauí,2,Nordeste
2202802,Conceição do Canindé,PI,Piauí,2,Nordeste
2202851,Coronel José Dias,PI,Piauí,2,Nordeste
2202901,Corrente,PI,Piauí,2,Nordeste
2203008,Cristalândia do Piauí,PI,Piauí,2,Nordeste
2203107,Cristino Castro,PI,Piauí,2,Nordeste
2203206,Curimatá,PI,Piauí,2,Nordeste
2203230,Currais,PI,Piauí,2,Nordeste
2203271,Curral Novo do Piauí,PI,Piauí,2,Nordeste
2203255,Curralinhos,PI,Piauí,2,Nordeste
2203305,Demerval Lobão,PI,Piauí,2,Nordeste
2203354,Dirceu Arcoverde,PI,Piauí,2,Nordeste
2203404,Dom Expedito Lopes,PI,Piauí,2,Nordeste
2203453,Dom Inocêncio,PI,Piauí,2,Nordeste
2203420,Domingos Mourão,PI,Piauí,2,Nordeste
2203503,Elesbão Veloso,PI,Piauí,2,Nordeste
2203602,Eliseu Martins,PI,Piauí,2,Nordeste
2203701,Esperantina,PI,Piauí,2,Nordeste
2203750,Fartura do Piauí,PI,Piauí,2,Nordeste
2203800,Flores do Piauí,PI,Piauí,2,Nordeste
2203859,Floresta do Piauí,PI,Piauí,2,Nordeste
2203909,Floriano,PI,Piauí,2,Nordeste
2204006,Francinópolis,PI,Piauí,2,Nordeste
2204105,Francisco Ayres,PI,Piauí,2,Nordeste
2204154,Francisco Macedo,PI,Piauí,2,Nordeste
2204204,Francisco Santos,PI,Piauí,2,Nordeste
2204303,Fronteiras,PI,Piauí,2,Nordeste
2204352,Geminiano,PI,Piauí,2,Nordeste
2204402,Gilbués,PI,Piauí,2,Nordeste
2204501,Guadalupe,PI,Piauí,2,Nordeste
2204550,Guaribas,PI,Piauí,2,Nordeste
2204600,Hugo Napoleão,PI,Piauí,2,Nordeste
2204659,Ilha Grande,PI,Piauí,2,Nordeste
2204709,Inhuma,PI,Piauí,2,Nordeste
2204808,Ipiranga do Piauí,PI,Piauí,2,Nordeste
2204907,Isaías Coelho,PI,Piauí,2,Nordeste
2205003,Itainópolis,PI,Piauí,2,Nordeste
2205102,Itaueira,PI,Piauí,2,Nordeste
2205151,Jacobina do Piauí,PI,Piauí,2,Nordeste
2205201,Jaicós,PI,Piauí,2,Nordeste
2205250,Jardim do Mulato,PI,Piauí,2,Nordeste
2205276,Jatobá do Piauí,PI,Piauí,2,Nordeste
2205300,Jerumenha,PI,Piauí,2,Nordeste
2205409,Joaquim Pires,PI,Piauí,2,Nordeste
2205458,Joca Marques,PI,Piauí,2,Nordeste
2205508,José de Freitas,PI,Piauí,2,Nordeste
2205359,João Costa,PI,Piauí,2,Nordeste
2205516,Juazeiro do Piauí,PI,Piauí,2,Nordeste
2205532,Jurema,PI,Piauí,2,Nordeste
2205524,Júlio Borges,PI,Piauí,2,Nordeste
2205557,Lagoa Alegre,PI,Piauí,2,Nordeste
2205573,Lagoa de São Francisco,PI,Piauí,2,Nordeste
2205565,Lagoa do Barro do Piauí,PI,Piauí,2,Nordeste
2205581,Lagoa do Piauí,PI,Piauí,2,Nordeste
2205599,Lagoa do Sítio,PI,Piauí,2,Nordeste
2205540,Lagoinha do Piauí,PI,Piauí,2,Nordeste
2205607,Landri Sales,PI,Piauí,2,Nordeste
2205805,Luzilândia,PI,Piauí,2,Nordeste
2205706,Luís Correia,PI,Piauí,2,Nordeste
2205854,Madeiro,PI,Piauí,2,Nordeste
2205904,Manoel Emídio,PI,Piauí,2,Nordeste
2205953,Marcolândia,PI,Piauí,2,Nordeste
2206001,Marcos Parente,PI,Piauí,2,Nordeste
2206050,Massapê do Piauí,PI,Piauí,2,Nordeste
2206100,Matias Olímpio,PI,Piauí,2,Nordeste
2206209,Miguel Alves,PI,Piauí,2,Nordeste
2206308,Miguel Leão,PI,Piauí,2,Nordeste
2206357,Milton Brandão,PI,Piauí,2,Nordeste
2206407,Monsenhor Gil,PI,Piauí,2,Nordeste
2206506,Monsenhor Hipólito,PI,Piauí,2,Nordeste
2206605,Monte Alegre do Piauí,PI,Piauí,2,Nordeste
2206654,Morro Cabeça no Tempo,PI,Piauí,2,Nordeste
2206670,Morro do Chapéu do Piauí,PI,Piauí,2,Nordeste
2206696,Murici dos Portelas,PI,Piauí,2,Nordeste
2206704,Nazaré do Piauí,PI,Piauí,2,Nordeste
2206720,Nazária,PI,Piauí,2,Nordeste
2206753,Nossa Senhora de Nazaré,PI,Piauí,2,Nordeste
2206803,Nossa Senhora dos Remédios,PI,Piauí,2,Nordeste
2207959,Nova Santa Rita,PI,Piauí,2,Nordeste
2206902,Novo Oriente do Piauí,PI,Piauí,2,Nordeste
2206951,Novo Santo Antônio,PI,Piauí,2,Nordeste
2207009,Oeiras,PI,Piauí,2,Nordeste
2207108,Olho D'Água do Piauí,PI,Piauí,2,Nordeste
2207207,Padre Marcos,PI,Piauí,2,Nordeste
2207306,Paes Landim,PI,Piauí,2,Nordeste
2207355,Pajeú do Piauí,PI,Piauí,2,Nordeste
2207405,Palmeira do Piauí,PI,Piauí,2,Nordeste
2207504,Palmeirais,PI,Piauí,2,Nordeste
2207553,Paquetá,PI,Piauí,2,Nordeste
2207603,Parnaguá,PI,Piauí,2,Nordeste
2207702,Parnaíba,PI,Piauí,2,Nordeste
2207751,Passagem Franca do Piauí,PI,Piauí,2,Nordeste
2207777,Patos do Piauí,PI,Piauí,2,Nordeste
2207793,Pau D'Arco do Piauí,PI,Piauí,2,Nordeste
2207801,Paulistana,PI,Piauí,2,Nordeste
2207850,Pavussu,PI,Piauí,2,Nordeste
2207900,Pedro II,PI,Piauí,2,Nordeste
2207934,Pedro Laurentino,PI,Piauí,2,Nordeste
2208007,Picos,PI,Piauí,2,Nordeste
2208106,Pimenteiras,PI,Piauí,2,Nordeste
2208205,Pio IX,PI,Piauí,2,Nordeste
2208304,Piracuruca,PI,Piauí,2,Nordeste
2208403,Piripiri,PI,Piauí,2,Nordeste
2208502,Porto,PI,Piauí,2,Nordeste
2208551,Porto Alegre do Piauí,PI,Piauí,2,Nordeste
2208601,Prata do Piauí,PI,Piauí,2,Nordeste
2208650,Queimada Nova,PI,Piauí,2,Nordeste
2208700,Redenção do Gurguéia,PI,Piauí,2,Nordeste
2208809,Regeneração,PI,Piauí,2,Nordeste
2208858,Riacho Frio,PI,Piauí,2,Nordeste
2208874,Ribeira do Piauí,PI,Piauí,2,Nordeste
2208908,Ribeiro Gonçalves,PI,Piauí,2,Nordeste
2209005,Rio Grande do Piauí,PI,Piauí,2,Nordeste
2209104,Santa Cruz do Piauí,PI,Piauí,2,Nordeste
2209153,Santa Cruz dos Milagres,PI,Piauí,2,Nordeste
2209203,Santa Filomena,PI,Piauí,2,Nordeste
2209302,Santa Luz,PI,Piauí,2,Nordeste
2209377,Santa Rosa do Piauí,PI,Piauí,2,Nordeste
2209351,Santana do Piauí,PI,Piauí,2,Nordeste
2209401,Santo Antônio de Lisboa,PI,Piauí,2,Nordeste
2209450,Santo Antônio dos Milagres,PI,Piauí,2,Nordeste
2209500,Santo Inácio do Piauí,PI,Piauí,2,Nordeste
2210623,Sebastião Barros,PI,Piauí,2,Nordeste
2210631,Sebastião Leal,PI,Piauí,2,Nordeste
2210656,Sigefredo Pacheco,PI,Piauí,2,Nordeste
2210805,Simplício Mendes,PI,Piauí,2,Nordeste
2210706,Simões,PI,Piauí,2,Nordeste
2210904,Socorro do Piauí,PI,Piauí,2,Nordeste
2210938,Sussuapara,PI,Piauí,2,Nordeste
2209559,São Braz do Piauí,PI,Piauí,2,Nordeste
2209658,São Francisco de Assis do Piauí,PI,Piauí,2,Nordeste
2209708,São Francisco do Piauí,PI,Piauí,2,Nordeste
2209609,São Félix do Piauí,PI,Piauí,2,Nordeste
2209757,São Gonçalo do Gurguéia,PI,Piauí,2,Nordeste
2209807,São Gonçalo do Piauí,PI,Piauí,2,Nordeste
2210052,São José do Divino,PI,Piauí,2,Nordeste
2210102,São José do Peixe,PI,Piauí,2,Nordeste
2210201,São José do Piauí,PI,Piauí,2,Nordeste
2209856,São João da Canabrava,PI,Piauí,2,Nordeste
2209872,São João da Fronteira,PI,Piauí,2,Nordeste
2209906,São João da Serra,PI,Piauí,2,Nordeste
2209955,São João da Varjota,PI,Piauí,2,Nordeste
2209971,São João do Arraial,PI,Piauí,2,Nordeste
2210003,São João do Piauí,PI,Piauí,2,Nordeste
2210300,São Julião,PI,Piauí,2,Nordeste
2210359,São Lourenço do Piauí,PI,Piauí,2,Nordeste
2210375,São Luis do Piauí,PI,Piauí,2,Nordeste
2210383,São Miguel da Baixa Grande,PI,Piauí,2,Nordeste
2210391,São Miguel do Fidalgo,PI,Piauí,2,Nordeste
2210409,São Miguel do Tapuio,PI,Piauí,2,Nordeste
2210508,São Pedro do Piauí,PI,Piauí,2,Nordeste
2210607,São Raimundo Nonato,PI,Piauí,2,Nordeste
2210953,Tamboril do Piauí,PI,Piauí,2,Nordeste
2210979,Tanque do Piauí,PI,Piauí,2,Nordeste
2211001,Teresina,PI,Piauí,2,Nordeste
2211100,União,PI,Piauí,2,Nordeste
2211209,Uruçuí,PI,Piauí,2,Nordeste
2211308,Valença do Piauí,PI,Piauí,2,Nordeste
2211506,Vera Mendes,PI,Piauí,2,Nordeste
2211605,Vila Nova do Piauí,PI,Piauí,2,Nordeste
2211357,Várzea Branca,PI,Piauí,2,Nordeste
2211407,Várzea Grande,PI,Piauí,2,Nordeste
2211704,Wall Ferraz,PI,Piauí,2,Nordeste
2200202,Água Branca,PI,Piauí,2,Nordeste
4100103,Abatiá,PR,Paraná,4,Sul
4100202,Adrianópolis,PR,Paraná,4,Sul
4100301,Agudos do Sul,PR,Paraná,4,Sul
4100400,Almirante Tamandaré,PR,Paraná,4,Sul
4100459,Altamira do Paraná,PR,Paraná,4,Sul
4100608,Alto Paraná,PR,Paraná,4,Sul
4128625,Alto Paraíso,PR,Paraná,4,Sul
4100707,Alto Piquiri,PR,Paraná,4,Sul
4100509,Altônia,PR,Paraná,4,Sul
4100806,Alvorada do Sul,PR,Paraná,4,Sul
4100905,Amaporã,PR,Paraná,4,Sul
4101002,Ampére,PR,Paraná,4,Sul
4101051,Anahy,PR,Paraná,4,Sul
4101101,Andirá,PR,Paraná,4,Sul
4101200,Antonina,PR,Paraná,4,Sul
4101309,Antônio Olinto,PR,Paraná,4,Sul
4101408,Apucarana,PR,Paraná,4,Sul
4101507,Arapongas,PR,Paraná,4,Sul
4101606,Arapoti,PR,Paraná,4,Sul
4101655,Arapuã,PR,Paraná,4,Sul
4101705,Araruna,PR,Paraná,4,Sul
4101804,Araucária,PR,Paraná,4,Sul
4101853,Ariranha do Ivaí,PR,Paraná,4,Sul
4101903,Assaí,PR,Paraná,4,Sul
4102000,Assis Chateaubriand,PR,Paraná,4,Sul
4102109,Astorga,PR,Paraná,4,Sul
4102208,Atalaia,PR,Paraná,4,Sul
4102307,Balsa Nova,PR,Paraná,4,Sul
4102406,Bandeirantes,PR,Paraná,4,Sul
4102505,Barbosa Ferraz,PR,Paraná,4,Sul
4102703,Barra do Jacaré,PR,Paraná,4,Sul
4102604,Barracão,PR,Paraná,4,Sul
4102752,Bela Vista da Caroba,PR,Paraná,4,Sul
4102802,Bela Vista do Paraíso,PR,Paraná,4,Sul
4102901,Bituruna,PR,Paraná,4,Sul
4103008,Boa Esperança,PR,Paraná,4,Sul
4103024,Boa Esperança do Iguaçu,PR,Paraná,4,Sul
4103040,Boa Ventura de São Roque,PR,Paraná,4,Sul
4103057,Boa Vista da Aparecida,PR,Paraná,4,Sul
4103107,Bocaiúva do Sul,PR,Paraná,4,Sul
4103156,Bom Jesus do Sul,PR,Paraná,4,Sul
4103206,Bom Sucesso,PR,Paraná,4,Sul
4103222,Bom Sucesso do Sul,PR,Paraná,4,Sul
4103305,Borrazópolis,PR,Paraná,4,Sul
4103354,Braganey,PR,Paraná,4,Sul
4103370,Brasilândia do Sul,PR,Paraná,4,Sul
4103404,Cafeara,PR,Paraná,4,Sul
4103453,Cafelândia,PR,Paraná,4,Sul
4103479,Cafezal do Sul,PR,Paraná,4,Sul
4103503,Califórnia,PR,Paraná,4,Sul
4103602,Cambará,PR,Paraná,4,Sul
4103800,Cambira,PR,Paraná,4,Sul
4103701,Cambé,PR,Paraná,4,Sul
4104006,Campina Grande do Sul,PR,Paraná,4,Sul
4103909,Campina da Lagoa,PR,Paraná,4,Sul
4103958,Campina do Simão,PR,Paraná,4,Sul
4104055,Campo Bonito,PR,Paraná,4,Sul
4104204,Campo Largo,PR,Paraná,4,Sul
4104253,Campo Magro,PR,Paraná,4,Sul
4104303,Campo Mourão,PR,Paraná,4,Sul
4104105,Campo do Tenente,PR,Paraná,4,Sul
4104428,Candói,PR,Paraná,4,Sul
4104451,Cantagalo,PR,Paraná,4,Sul
4104501,Capanema,PR,Paraná,4,Sul
4104600,Capitão Leônidas Marques,PR,Paraná,4,Sul
4104659,Carambeí,PR,Paraná,4,Sul
4104709,Carlópolis,PR,Paraná,4,Sul
4104808,Cascavel,PR,Paraná,4,Sul
4104907,Castro,PR,Paraná,4,Sul
4105003,Catanduvas,PR,Paraná,4,Sul
4105102,Centenário do Sul,PR,Paraná,4,Sul
4105201,Cerro Azul,PR,Paraná,4,Sul
4105409,Chopinzinho,PR,Paraná,4,Sul
4105508,Cianorte,PR,Paraná,4,Sul
4105607,Cidade Gaúcha,PR,Paraná,4,Sul
4105706,Clevelândia,PR,Paraná,4,Sul
4105805,Colombo,PR,Paraná,4,Sul
4105904,Colorado,PR,Paraná,4,Sul
4106001,Congonhinhas,PR,Paraná,4,Sul
4106100,Conselheiro Mairinck,PR,Paraná,4,Sul
4106209,Contenda,PR,Paraná,4,Sul
4106308,Corbélia,PR,Paraná,4,Sul
4106407,Cornélio Procópio,PR,Paraná,4,Sul
4106456,Coronel Domingos Soares,PR,Paraná,4,Sul
4106506,Coronel Vivida,PR,Paraná,4,Sul
4106555,Corumbataí do Sul,PR,Paraná,4,Sul
4106803,Cruz Machado,PR,Paraná,4,Sul
4106571,Cruzeiro do Iguaçu,PR,Paraná,4,Sul
4106605,Cruzeiro do Oeste,PR,Paraná,4,Sul
4106704,Cruzeiro do Sul,PR,Paraná,4,Sul
4106852,Cruzmaltina,PR,Paraná,4,Sul
4106902,Curitiba,PR,Paraná,4,Sul
4107009,Curiúva,PR,Paraná,4,Sul
4104402,Cândido de Abreu,PR,Paraná,4,Sul
4105300,Céu Azul,PR,Paraná,4,Sul
4107157,Diamante D'Oeste,PR,Paraná,4,Sul
4107108,Diamante do Norte,PR,Paraná,4,Sul
4107124,Diamante do Sul,PR,Paraná,4,Sul
4107207,Dois Vizinhos,PR,Paraná,4,Sul
4107256,Douradina,PR,Paraná,4,Sul
4107306,Doutor Camargo,PR,Paraná,4,Sul
4128633,Doutor Ulysses,PR,Paraná,4,Sul
4107504,Engenheiro Beltrão,PR,Paraná,4,Sul
4107538,Entre Rios do Oeste,PR,Paraná,4,Sul
4107405,Enéas Marques,PR,Paraná,4,Sul
4107520,Esperança Nova,PR,Paraná,4,Sul
4107546,Espigão Alto do Iguaçu,PR,Paraná,4,Sul
4107553,Farol,PR,Paraná,4,Sul
4107603,Faxinal,PR,Paraná,4,Sul
4107652,Fazenda Rio Grande,PR,Paraná,4,Sul
4107736,Fernandes Pinheiro,PR,Paraná,4,Sul
4107751,Figueira,PR,Paraná,4,Sul
4107850,Flor da Serra do Sul,PR,Paraná,4,Sul
4107801,Floraí,PR,Paraná,4,Sul
4107900,Floresta,PR,Paraná,4,Sul
4108007,Florestópolis,PR,Paraná,4,Sul
4108106,Flórida,PR,Paraná,4,Sul
4108205,Formosa do Oeste,PR,Paraná,4,Sul
4108304,Foz do Iguaçu,PR,Paraná,4,Sul
4108452,Foz do Jordão,PR,Paraná,4,Sul
4108320,Francisco Alves,PR,Paraná,4,Sul
4108403,Francisco Beltrão,PR,Paraná,4,Sul
4107702,Fênix,PR,Paraná,4,Sul
4108502,General Carneiro,PR,Paraná,4,Sul
4108551,Godoy Moreira,PR,Paraná,4,Sul
4108601,Goioerê,PR,Paraná,4,Sul
4108650,Goioxim,PR,Paraná,4,Sul
4108700,Grandes Rios,PR,Paraná,4,Sul
4108908,Guairaçá,PR,Paraná,4,Sul
4108957,Guamiranga,PR,Paraná,4,Sul
4109005,Guapirama,PR,Paraná,4,Sul
4109104,Guaporema,PR,Paraná,4,Sul
4109203,Guaraci,PR,Paraná,4,Sul
4109302,Guaraniaçu,PR,Paraná,4,Sul
4109401,Guarapuava,PR,Paraná,4,Sul
4109500,Guaraqueçaba,PR,Paraná,4,Sul
4109609,Guaratuba,PR,Paraná,4,Sul
4108809,Guaíra,PR,Paraná,4,Sul
4109658,Honório Serpa,PR,Paraná,4,Sul
4109708,Ibaiti,PR,Paraná,4,Sul
4109757,Ibema,PR,Paraná,4,Sul
4109807,Ibiporã,PR,Paraná,4,Sul
4109906,Icaraíma,PR,Paraná,4,Sul
4110003,Iguaraçu,PR,Paraná,4,Sul
4110052,Iguatu,PR,Paraná,4,Sul
4110078,Imbaú,PR,Paraná,4,Sul
4110102,Imbituva,PR,Paraná,4,Sul
4110300,Inajá,PR,Paraná,4,Sul
4110409,Indianópolis,PR,Paraná,4,Sul
4110201,Inácio Martins,PR,Paraná,4,Sul
4110508,Ipiranga,PR,Paraná,4,Sul
4110607,Iporã,PR,Paraná,4,Sul
4110656,Iracema do Oeste,PR,Paraná,4,Sul
4110706,Irati,PR,Paraná,4,Sul
4110805,Iretama,PR,Paraná,4,Sul
4110904,Itaguajé,PR,Paraná,4,Sul
4110953,Itaipulândia,PR,Paraná,4,Sul
4111001,Itambaracá,PR,Paraná,4,Sul
4111100,Itambé,PR,Paraná,4,Sul
4111209,Itapejara d'Oeste,PR,Paraná,4,Sul
4111258,Itaperuçu,PR,Paraná,4,Sul
4111308,Itaúna do Sul,PR,Paraná,4,Sul
4111506,Ivaiporã,PR,Paraná,4,Sul
4111605,Ivatuba,PR,Paraná,4,Sul
4111555,Ivaté,PR,Paraná,4,Sul
4111407,Ivaí,PR,Paraná,4,Sul
4111704,Jaboti,PR,Paraná,4,Sul
4111803,Jacarezinho,PR,Paraná,4,Sul
4111902,Jaguapitã,PR,Paraná,4,Sul
4112009,Jaguariaíva,PR,Paraná,4,Sul
4112108,Jandaia do Sul,PR,Paraná,4,Sul
4112207,Janiópolis,PR,Paraná,4,Sul
4112306,Japira,PR,Paraná,4,Sul
4112405,Japurá,PR,Paraná,4,Sul
4112504,Jardim Alegre,PR,Paraná,4,Sul
4112603,Jardim Olinda,PR,Paraná,4,Sul
4112702,Jataizinho,PR,Paraná,4,Sul
4112751,Jesuítas,PR,Paraná,4,Sul
4112801,Joaquim Távora,PR,Paraná,4,Sul
4112900,Jundiaí do Sul,PR,Paraná,4,Sul
4112959,Juranda,PR,Paraná,4,Sul
4113007,Jussara,PR,Paraná,4,Sul
4113106,Kaloré,PR,Paraná,4,Sul
4113205,Lapa,PR,Paraná,4,Sul
4113254,Laranjal,PR,Paraná,4,Sul
4113304,Laranjeiras do Sul,PR,Paraná,4,Sul
4113403,Leópolis,PR,Paraná,4,Sul
4113429,Lidianópolis,PR,Paraná,4,Sul
4113452,Lindoeste,PR,Paraná,4,Sul
4113502,Loanda,PR,Paraná,4,Sul
4113601,Lobato,PR,Paraná,4,Sul
4113700,Londrina,PR,Paraná,4,Sul
4113734,Luiziana,PR,Paraná,4,Sul
4113759,Lunardelli,PR,Paraná,4,Sul
4113809,Lupionópolis,PR,Paraná,4,Sul
4113908,Mallet,PR,Paraná,4,Sul
4114005,Mamborê,PR,Paraná,4,Sul
4114203,Mandaguari,PR,Paraná,4,Sul
4114104,Mandaguaçu,PR,Paraná,4,Sul
4114302,Mandirituba,PR,Paraná,4,Sul
4114351,Manfrinópolis,PR,Paraná,4,Sul
4114401,Mangueirinha,PR,Paraná,4,Sul
4114500,Manoel Ribas,PR,Paraná,4,Sul
4114609,Marechal Cândido Rondon,PR,Paraná,4,Sul
4114708,Maria Helena,PR,Paraná,4,Sul
4114807,Marialva,PR,Paraná,4,Sul
4115002,Marilena,PR,Paraná,4,Sul
4115101,Mariluz,PR,Paraná,4,Sul
4114906,Marilândia do Sul,PR,Paraná,4,Sul
4115200,Maringá,PR,Paraná,4,Sul
4115358,Maripá,PR,Paraná,4,Sul
4115309,Mariópolis,PR,Paraná,4,Sul
4115408,Marmeleiro,PR,Paraná,4,Sul
4115457,Marquinho,PR,Paraná,4,Sul
4115507,Marumbi,PR,Paraná,4,Sul
4115606,Matelândia,PR,Paraná,4,Sul
4115705,Matinhos,PR,Paraná,4,Sul
4115739,Mato Rico,PR,Paraná,4,Sul
4115754,Mauá da Serra,PR,Paraná,4,Sul
4115804,Medianeira,PR,Paraná,4,Sul
4115853,Mercedes,PR,Paraná,4,Sul
4115903,Mirador,PR,Paraná,4,Sul
4116000,Miraselva,PR,Paraná,4,Sul
4116059,Missal,PR,Paraná,4,Sul
4116109,Moreira Sales,PR,Paraná,4,Sul
4116208,Morretes,PR,Paraná,4,Sul
4116307,Munhoz de Melo,PR,Paraná,4,Sul
4116406,Nossa Senhora das Graças,PR,Paraná,4,Sul
4116505,Nova Aliança do Ivaí,PR,Paraná,4,Sul
4116604,Nova América da Colina,PR,Paraná,4,Sul
4116703,Nova Aurora,PR,Paraná,4,Sul
4116802,Nova Cantu,PR,Paraná,4,Sul
4116901,Nova Esperança,PR,Paraná,4,Sul
4116950,Nova Esperança do Sudoeste,PR,Paraná,4,Sul
4117008,Nova Fátima,PR,Paraná,4,Sul
4117057,Nova Laranjeiras,PR,Paraná,4,Sul
4117107,Nova Londrina,PR,Paraná,4,Sul
4117206,Nova Olímpia,PR,Paraná,4,Sul
4117255,Nova Prata do Iguaçu,PR,Paraná,4,Sul
4117214,Nova Santa Bárbara,PR,Paraná,4,Sul
4117222,Nova Santa Rosa,PR,Paraná,4,Sul
4117271,Nova Tebas,PR,Paraná,4,Sul
4117297,Novo Itacolomi,PR,Paraná,4,Sul
4117305,Ortigueira,PR,Paraná,4,Sul
4117404,Ourizona,PR,Paraná,4,Sul
4117453,Ouro Verde do Oeste,PR,Paraná,4,Sul
4117503,Paiçandu,PR,Paraná,4,Sul
4117602,Palmas,PR,Paraná,4,Sul
4117701,Palmeira,PR,Paraná,4,Sul
4117800,Palmital,PR,Paraná,4,Sul
4117909,Palotina,PR,Paraná,4,Sul
4118105,Paranacity,PR,Paraná,4,Sul
4118204,Paranaguá,PR,Paraná,4,Sul
4118303,Paranapoema,PR,Paraná,4,Sul
4118402,Paranavaí,PR,Paraná,4,Sul
4118006,Paraíso do Norte,PR,Paraná,4,Sul
4118451,Pato Bragado,PR,Paraná,4,Sul
4118501,Pato Branco,PR,Paraná,4,Sul
4118600,Paula Freitas,PR,Paraná,4,Sul
4118709,Paulo Frontin,PR,Paraná,4,Sul
4118808,Peabiru,PR,Paraná,4,Sul
4118857,Perobal,PR,Paraná,4,Sul
4119152,Pinhais,PR,Paraná,4,Sul
4119251,Pinhal de São Bento,PR,Paraná,4,Sul
4119202,Pinhalão,PR,Paraná,4,Sul
4119301,Pinhão,PR,Paraná,4,Sul
4119509,Piraquara,PR,Paraná,4,Sul
4119400,Piraí do Sul,PR,Paraná,4,Sul
4119608,Pitanga,PR,Paraná,4,Sul
4119657,Pitangueiras,PR,Paraná,4,Sul
4119103,Piên,PR,Paraná,4,Sul
4119707,Planaltina do Paraná,PR,Paraná,4,Sul
4119806,Planalto,PR,Paraná,4,Sul
4119905,Ponta Grossa,PR,Paraná,4,Sul
4119954,Pontal do Paraná,PR,Paraná,4,Sul
4120002,Porecatu,PR,Paraná,4,Sul
4120101,Porto Amazonas,PR,Paraná,4,Sul
4120150,Porto Barreiro,PR,Paraná,4,Sul
4120200,Porto Rico,PR,Paraná,4,Sul
4120309,Porto Vitória,PR,Paraná,4,Sul
4120333,Prado Ferreira,PR,Paraná,4,Sul
4120358,Pranchita,PR,Paraná,4,Sul
4120408,Presidente Castelo Branco,PR,Paraná,4,Sul
4120507,Primeiro de Maio,PR,Paraná,4,Sul
4120606,Prudentópolis,PR,Paraná,4,Sul
4118907,Pérola,PR,Paraná,4,Sul
4119004,Pérola d'Oeste,PR,Paraná,4,Sul
4120655,Quarto Centenário,PR,Paraná,4,Sul
4120705,Quatiguá,PR,Paraná,4,Sul
4120804,Quatro Barras,PR,Paraná,4,Sul
4120853,Quatro Pontes,PR,Paraná,4,Sul
4120903,Quedas do Iguaçu,PR,Paraná,4,Sul
4121000,Querência do Norte,PR,Paraná,4,Sul
4121109,Quinta do Sol,PR,Paraná,4,Sul
4121208,Quitandinha,PR,Paraná,4,Sul
4121257,Ramilândia,PR,Paraná,4,Sul
4121307,Rancho Alegre,PR,Paraná,4,Sul
4121356,Rancho Alegre D'Oeste,PR,Paraná,4,Sul
4121406,Realeza,PR,Paraná,4,Sul
4121505,Rebouças,PR,Paraná,4,Sul
4121604,Renascença,PR,Paraná,4,Sul
4121703,Reserva,PR,Paraná,4,Sul
4121752,Reserva do Iguaçu,PR,Paraná,4,Sul
4121802,Ribeirão Claro,PR,Paraná,4,Sul
4121901,Ribeirão do Pinhal,PR,Paraná,4,Sul
4122008,Rio Azul,PR,Paraná,4,Sul
4122107,Rio Bom,PR,Paraná,4,Sul
4122156,Rio Bonito do Iguaçu,PR,Paraná,4,Sul
4122172,Rio Branco do Ivaí,PR,Paraná,4,Sul
4122206,Rio Branco do Sul,PR,Paraná,4,Sul
4122305,Rio Negro,PR,Paraná,4,Sul
4122404,Rolândia,PR,Paraná,4,Sul
4122503,Roncador,PR,Paraná,4,Sul
4122602,Rondon,PR,Paraná,4,Sul
4122651,Rosário do Ivaí,PR,Paraná,4,Sul
4122701,Sabáudia,PR,Paraná,4,Sul
4122800,Salgado Filho,PR,Paraná,4,Sul
4122909,Salto do Itararé,PR,Paraná,4,Sul
4123006,Salto do Lontra,PR,Paraná,4,Sul
4123105,Santa Amélia,PR,Paraná,4,Sul
4123204,Santa Cecília do Pavão,PR,Paraná,4,Sul
4123303,Santa Cruz de Monte Castelo,PR,Paraná,4,Sul
4123402,Santa Fé,PR,Paraná,4,Sul
4123501,Santa Helena,PR,Paraná,4,Sul
4123600,Santa Inês,PR,Paraná,4,Sul
4123709,Santa Isabel do Ivaí,PR,Paraná,4,Sul
4123808,Santa Izabel do Oeste,PR,Paraná,4,Sul
4123824,Santa Lúcia,PR,Paraná,4,Sul
4123857,Santa Maria do Oeste,PR,Paraná,4,Sul
4123907,Santa Mariana,PR,Paraná,4,Sul
4123956,Santa Mônica,PR,Paraná,4,Sul
4124020,Santa Tereza do Oeste,PR,Paraná,4,Sul
4124053,Santa Terezinha de Itaipu,PR,Paraná,4,Sul
4124004,Santana do Itararé,PR,Paraná,4,Sul
4124103,Santo Antônio da Platina,PR,Paraná,4,Sul
4124202,Santo Antônio do Caiuá,PR,Paraná,4,Sul
4124301,Santo Antônio do Paraíso,PR,Paraná,4,Sul
4124400,Santo Antônio do Sudoeste,PR,Paraná,4,Sul
4124509,Santo Inácio,PR,Paraná,4,Sul
4126207,Sapopema,PR,Paraná,4,Sul
4126256,Sarandi,PR,Paraná,4,Sul
4126272,Saudade do Iguaçu,PR,Paraná,4,Sul
4126306,Sengés,PR,Paraná,4,Sul
4126355,Serranópolis do Iguaçu,PR,Paraná,4,Sul
4126405,Sertaneja,PR,Paraná,4,Sul
4126504,Sertanópolis,PR,Paraná,4,Sul
4126603,Siqueira Campos,PR,Paraná,4,Sul
4126652,Sulina,PR,Paraná,4,Sul
4124608,São Carlos do Ivaí,PR,Paraná,4,Sul
4124707,São Jerônimo da Serra,PR,Paraná,4,Sul
4125209,São Jorge d'Oeste,PR,Paraná,4,Sul
4125308,São Jorge do Ivaí,PR,Paraná,4,Sul
4125357,São Jorge do Patrocínio,PR,Paraná,4,Sul
4125407,São José da Boa Vista,PR,Paraná,4,Sul
4125456,São José das Palmeiras,PR,Paraná,4,Sul
4125506,São José dos Pinhais,PR,Paraná,4,Sul
4124806,São João,PR,Paraná,4,Sul
4124905,São João do Caiuá,PR,Paraná,4,Sul
4125001,São João do Ivaí,PR,Paraná,4,Sul
4125100,São João do Triunfo,PR,Paraná,4,Sul
4125555,São Manoel do Paraná,PR,Paraná,4,Sul
4125605,São Mateus do Sul,PR,Paraná,4,Sul
4125704,São Miguel do Iguaçu,PR,Paraná,4,Sul
4125753,São Pedro do Iguaçu,PR,Paraná,4,Sul
4125803,São Pedro do Ivaí,PR,Paraná,4,Sul
4125902,São Pedro do Paraná,PR,Paraná,4,Sul
4126009,São Sebastião da Amoreira,PR,Paraná,4,Sul
4126108,São Tomé,PR,Paraná,4,Sul
4126678,Tamarana,PR,Paraná,4,Sul
4126702,Tamboara,PR,Paraná,4,Sul
4126801,Tapejara,PR,Paraná,4,Sul
4126900,Tapira,PR,Paraná,4,Sul
4127007,Teixeira Soares,PR,Paraná,4,Sul
4127106,Telêmaco Borba,PR,Paraná,4,Sul
4127205,Terra Boa,PR,Paraná,4,Sul
4127304,Terra Rica,PR,Paraná,4,Sul
4127403,Terra Roxa,PR,Paraná,4,Sul
4127502,Tibagi,PR,Paraná,4,Sul
4127601,Tijucas do Sul,PR,Paraná,4,Sul
4127700,Toledo,PR,Paraná,4,Sul
4127809,Tomazina,PR,Paraná,4,Sul
4127858,Três Barras do Paraná,PR,Paraná,4,Sul
4127882,Tunas do Paraná,PR,Paraná,4,Sul
4127908,Tuneiras do Oeste,PR,Paraná,4,Sul
4127957,Tupãssi,PR,Paraná,4,Sul
4127965,Turvo,PR,Paraná,4,Sul
4128005,Ubiratã,PR,Paraná,4,Sul
4128104,Umuarama,PR,Paraná,4,Sul
4128302,Uniflor,PR,Paraná,4,Sul
4128203,União da Vitória,PR,Paraná,4,Sul
4128401,Uraí,PR,Paraná,4,Sul
4128534,Ventania,PR,Paraná,4,Sul
4128559,Vera Cruz do Oeste,PR,Paraná,4,Sul
4128609,Verê,PR,Paraná,4,Sul
4128658,Virmond,PR,Paraná,4,Sul
4128708,Vitorino,PR,Paraná,4,Sul
4128500,Wenceslau Braz,PR,Paraná,4,Sul
4128807,Xambrê,PR,Paraná,4,Sul
4101150,Ângulo,PR,Paraná,4,Sul
3300100,Angra dos Reis,RJ,Rio de Janeiro,3,Sudeste
3300159,Aperibé,RJ,Rio de Janeiro,3,Sudeste
3300209,Araruama,RJ,Rio de Janeiro,3,Sudeste
3300225,Areal,RJ,Rio de Janeiro,3,Sudeste
3300233,Armação dos Búzios,RJ,Rio de Janeiro,3,Sudeste
3300258,Arraial do Cabo,RJ,Rio de Janeiro,3,Sudeste
3300407,Barra Mansa,RJ,Rio de Janeiro,3,Sudeste
3300308,Barra do Piraí,RJ,Rio de Janeiro,3,Sudeste
3300456,Belford Roxo,RJ,Rio de Janeiro,3,Sudeste
3300506,Bom Jardim,RJ,Rio de Janeiro,3,Sudeste
3300605,Bom Jesus do Itabapoana,RJ,Rio de Janeiro,3,Sudeste
3300704,Cabo Frio,RJ,Rio de Janeiro,3,Sudeste
3300803,Cachoeiras de Macacu,RJ,Rio de Janeiro,3,Sudeste
3300902,Cambuci,RJ,Rio de Janeiro,3,Sudeste
3301009,Campos dos Goytacazes,RJ,Rio de Janeiro,3,Sudeste
3301108,Cantagalo,RJ,Rio de Janeiro,3,Sudeste
3300936,Carapebus,RJ,Rio de Janeiro,3,Sudeste
3301157,Cardoso Moreira,RJ,Rio de Janeiro,3,Sudeste
3301207,Carmo,RJ,Rio de Janeiro,3,Sudeste
3301306,Casimiro de Abreu,RJ,Rio de Janeiro,3,Sudeste
3300951,Comendador Levy Gasparian,RJ,Rio de Janeiro,3,Sudeste
3301405,Conceição de Macabu,RJ,Rio de Janeiro,3,Sudeste
3301504,Cordeiro,RJ,Rio de Janeiro,3,Sudeste
3301603,Duas Barras,RJ,Rio de Janeiro,3,Sudeste
3301702,Duque de Caxias,RJ,Rio de Janeiro,3,Sudeste
3301801,Engenheiro Paulo de Frontin,RJ,Rio de Janeiro,3,Sudeste
3301850,Guapimirim,RJ,Rio de Janeiro,3,Sudeste
3301876,Iguaba Grande,RJ,Rio de Janeiro,3,Sudeste
3301900,Itaboraí,RJ,Rio de Janeiro,3,Sudeste
3302007,Itaguaí,RJ,Rio de Janeiro,3,Sudeste
3302056,Italva,RJ,Rio de Janeiro,3,Sudeste
3302106,Itaocara,RJ,Rio de Janeiro,3,Sudeste
3302205,Itaperuna,RJ,Rio de Janeiro,3,Sudeste
3302254,Itatiaia,RJ,Rio de Janeiro,3,Sudeste
3302270,Japeri,RJ,Rio de Janeiro,3,Sudeste
3302304,Laje do Muriaé,RJ,Rio de Janeiro,3,Sudeste
3302403,Macaé,RJ,Rio de Janeiro,3,Sudeste
3302452,Macuco,RJ,Rio de Janeiro,3,Sudeste
3302502,Magé,RJ,Rio de Janeiro,3,Sudeste
3302601,Mangaratiba,RJ,Rio de Janeiro,3,Sudeste
3302700,Maricá,RJ,Rio de Janeiro,3,Sudeste
3302809,Mendes,RJ,Rio de Janeiro,3,Sudeste
3302858,Mesquita,RJ,Rio de Janeiro,3,Sudeste
3302908,Miguel Pereira,RJ,Rio de Janeiro,3,Sudeste
3303005,Miracema,RJ,Rio de Janeiro,3,Sudeste
3303104,Natividade,RJ,Rio de Janeiro,3,Sudeste
3303203,Nilópolis,RJ,Rio de Janeiro,3,Sudeste
3303302,Niterói,RJ,Rio de Janeiro,3,Sudeste
3303401,Nova Friburgo,RJ,Rio de Janeiro,3,Sudeste
3303500,Nova Iguaçu,RJ,Rio de Janeiro,3,Sudeste
3303609,Paracambi,RJ,Rio de Janeiro,3,Sudeste
3303807,Paraty,RJ,Rio de Janeiro,3,Sudeste
3303708,Paraíba do Sul,RJ,Rio de Janeiro,3,Sudeste
3303856,Paty do Alferes,RJ,Rio de Janeiro,3,Sudeste
3303906,Petrópolis,RJ,Rio de Janeiro,3,Sudeste
3303955,Pinheiral,RJ,Rio de Janeiro,3,Sudeste
3304003,Piraí,RJ,Rio de Janeiro,3,Sudeste
3304102,Porciúncula,RJ,Rio de Janeiro,3,Sudeste
3304110,Porto Real,RJ,Rio de Janeiro,3,Sudeste
3304128,Quatis,RJ,Rio de Janeiro,3,Sudeste
3304144,Queimados,RJ,Rio de Janeiro,3,Sudeste
3304151,Quissamã,RJ,Rio de Janeiro,3,Sudeste
3304201,Resende,RJ,Rio de Janeiro,3,Sudeste
3304300,Rio Bonito,RJ,Rio de Janeiro,3,Sudeste
3304409,Rio Claro,RJ,Rio de Janeiro,3,Sudeste
3304508,Rio das Flores,RJ,Rio de Janeiro,3,Sudeste
3304524,Rio das Ostras,RJ,Rio de Janeiro,3,Sudeste
3304557,Rio de Janeiro,RJ,Rio de Janeiro,3,Sudeste
3304607,Santa Maria Madalena,RJ,Rio de Janeiro,3,Sudeste
3304706,Santo Antônio de Pádua,RJ,Rio de Janeiro,3,Sudeste
3305406,Sapucaia,RJ,Rio de Janeiro,3,Sudeste
3305505,Saquarema,RJ,Rio de Janeiro,3,Sudeste
3305554,Seropédica,RJ,Rio de Janeiro,3,Sudeste
3305604,Silva Jardim,RJ,Rio de Janeiro,3,Sudeste
3305703,Sumidouro,RJ,Rio de Janeiro,3,Sudeste
3304805,São Fidélis,RJ,Rio de Janeiro,3,Sudeste
3304755,São Francisco de Itabapoana,RJ,Rio de Janeiro,3,Sudeste
3304904,São Gonçalo,RJ,Rio de Janeiro,3,Sudeste
3305133,São José de Ubá,RJ,Rio de Janeiro,3,Sudeste
3305158,São José do Vale do Rio Preto,RJ,Rio de Janeiro,3,Sudeste
3305000,São João da Barra,RJ,Rio de Janeiro,3,Sudeste
3305109,São João de Meriti,RJ,Rio de Janeiro,3,Sudeste
3305208,São Pedro da Aldeia,RJ,Rio de Janeiro,3,Sudeste
3305307,São Sebastião do Alto,RJ,Rio de Janeiro,3,Sudeste
3305752,Tanguá,RJ,Rio de Janeiro,3,Sudeste
3305802,Teresópolis,RJ,Rio de Janeiro,3,Sudeste
3305901,Trajano de Moraes,RJ,Rio de Janeiro,3,Sudeste
3306008,Três Rios,RJ,Rio de Janeiro,3,Sudeste
3306107,Valença,RJ,Rio de Janeiro,3,Sudeste
3306156,Varre-Sai,RJ,Rio de Janeiro,3,Sudeste
3306206,Vassouras,RJ,Rio de Janeiro,3,Sudeste
3306305,Volta Redonda,RJ,Rio de Janeiro,3,Sudeste
2400109,Acari,RN,Rio Grande do Norte,2,Nordeste
2400307,Afonso Bezerra,RN,Rio Grande do Norte,2,Nordeste
2400505,Alexandria,RN,Rio Grande do Norte,2,Nordeste
2400604,Almino Afonso,RN,Rio Grande do Norte,2,Nordeste
2400703,Alto do Rodrigues,RN,Rio Grande do Norte,2,Nordeste
2400802,Angicos,RN,Rio Grande do Norte,2,Nordeste
2400901,Antônio Martins,RN,Rio Grande do Norte,2,Nordeste
2401008,Apodi,RN,Rio Grande do Norte,2,Nordeste
2401107,Areia Branca,RN,Rio Grande do Norte,2,Nordeste
2401206,Arez,RN,Rio Grande do Norte,2,Nordeste
2400208,Assú,RN,Rio Grande do Norte,2,Nordeste
2401453,Baraúna,RN,Rio Grande do Norte,2,Nordeste
2401503,Barcelona,RN,Rio Grande do Norte,2,Nordeste
2401404,Baía Formosa,RN,Rio Grande do Norte,2,Nordeste
2401602,Bento Fernandes,RN,Rio Grande do Norte,2,Nordeste
2401651,Bodó,RN,Rio Grande do Norte,2,Nordeste
2401701,Bom Jesus,RN,Rio Grande do Norte,2,Nordeste
2401800,Brejinho,RN,Rio Grande do Norte,2,Nordeste
2402006,Caicó,RN,Rio Grande do Norte,2,Nordeste
2401859,Caiçara do Norte,RN,Rio Grande do Norte,2,Nordeste
2401909,Caiçara do Rio do Vento,RN,Rio Grande do Norte,2,Nordeste
2401305,Campo Grande,RN,Rio Grande do Norte,2,Nordeste
2402105,Campo Redondo,RN,Rio Grande do Norte,2,Nordeste
2402204,Canguaretama,RN,Rio Grande do Norte,2,Nordeste
2402303,Caraúbas,RN,Rio Grande do Norte,2,Nordeste
2402501,Carnaubais,RN,Rio Grande do Norte,2,Nordeste
2402402,Carnaúba dos Dantas,RN,Rio Grande do Norte,2,Nordeste
2402600,Ceará-Mirim,RN,Rio Grande do Norte,2,Nordeste
2402709,Cerro Corá,RN,Rio Grande do Norte,2,Nordeste
2402808,Coronel Ezequiel,RN,Rio Grande do Norte,2,Nordeste
2402907,Coronel João Pessoa,RN,Rio Grande do Norte,2,Nordeste
2403004,Cruzeta,RN,Rio Grande do Norte,2,Nordeste
2403103,Currais Novos,RN,Rio Grande do Norte,2,Nordeste
2403202,Doutor Severiano,RN,Rio Grande do Norte,2,Nordeste
2403301,Encanto,RN,Rio Grande do Norte,2,Nordeste
2403400,Equador,RN,Rio Grande do Norte,2,Nordeste
2403509,Espírito Santo,RN,Rio Grande do Norte,2,Nordeste
2403608,Extremoz,RN,Rio Grande do Norte,2,Nordeste
2403707,Felipe Guerra,RN,Rio Grande do Norte,2,Nordeste
2403756,Fernando Pedroza,RN,Rio Grande do Norte,2,Nordeste
2403806,Florânia,RN,Rio Grande do Norte,2,Nordeste
2403905,Francisco Dantas,RN,Rio Grande do Norte,2,Nordeste
2404002,Frutuoso Gomes,RN,Rio Grande do Norte,2,Nordeste
2404101,Galinhos,RN,Rio Grande do Norte,2,Nordeste
2404200,Goianinha,RN,Rio Grande do Norte,2,Nordeste
2404309,Governador Dix-Sept Rosado,RN,Rio Grande do Norte,2,Nordeste
2404408,Grossos,RN,Rio Grande do Norte,2,Nordeste
2404507,Guamaré,RN,Rio Grande do Norte,2,Nordeste
2404606,Ielmo Marinho,RN,Rio Grande do Norte,2,Nordeste
2404705,Ipanguaçu,RN,Rio Grande do Norte,2,Nordeste
2404804,Ipueira,RN,Rio Grande do Norte,2,Nordeste
2404853,Itajá,RN,Rio Grande do Norte,2,Nordeste
2404903,Itaú,RN,Rio Grande do Norte,2,Nordeste
2405108,Jandaíra,RN,Rio Grande do Norte,2,Nordeste
2405207,Janduís,RN,Rio Grande do Norte,2,Nordeste
2405306,Januário Cicco,RN,Rio Grande do Norte,2,Nordeste
2405405,Japi,RN,Rio Grande do Norte,2,Nordeste
2405504,Jardim de Angicos,RN,Rio Grande do Norte,2,Nordeste
2405603,Jardim de Piranhas,RN,Rio Grande do Norte,2,Nordeste
2405702,Jardim do Seridó,RN,Rio Grande do Norte,2,Nordeste
2405009,Jaçanã,RN,Rio Grande do Norte,2,Nordeste
2406007,José da Penha,RN,Rio Grande do Norte,2,Nordeste
2405801,João Câmara,RN,Rio Grande do Norte,2,Nordeste
2405900,João Dias,RN,Rio Grande do Norte,2,Nordeste
2406106,Jucurutu,RN,Rio Grande do Norte,2,Nordeste
2406155,Jundiá,RN,Rio Grande do Norte,2,Nordeste
2406502,Lagoa Nova,RN,Rio Grande do Norte,2,Nordeste
2406601,Lagoa Salgada,RN,Rio Grande do Norte,2,Nordeste
2406205,Lagoa d'Anta,RN,Rio Grande do Norte,2,Nordeste
2406304,Lagoa de Pedras,RN,Rio Grande do Norte,2,Nordeste
2406403,Lagoa de Velhos,RN,Rio Grande do Norte,2,Nordeste
2406700,Lajes,RN,Rio Grande do Norte,2,Nordeste
2406809,Lajes Pintadas,RN,Rio Grande do Norte,2,Nordeste
2406908,Lucrécia,RN,Rio Grande do Norte,2,Nordeste
2407005,Luís Gomes,RN,Rio Grande do Norte,2,Nordeste
2407203,Macau,RN,Rio Grande do Norte,2,Nordeste
2407104,Macaíba,RN,Rio Grande do Norte,2,Nordeste
2407252,Major Sales,RN,Rio Grande do Norte,2,Nordeste
2407302,Marcelino Vieira,RN,Rio Grande do Norte,2,Nordeste
2407401,Martins,RN,Rio Grande do Norte,2,Nordeste
2407500,Maxaranguape,RN,Rio Grande do Norte,2,Nordeste
2407609,Messias Targino,RN,Rio Grande do Norte,2,Nordeste
2407708,Montanhas,RN,Rio Grande do Norte,2,Nordeste
2407807,Monte Alegre,RN,Rio Grande do Norte,2,Nordeste
2407906,Monte das Gameleiras,RN,Rio Grande do Norte,2,Nordeste
2408003,Mossoró,RN,Rio Grande do Norte,2,Nordeste
2408102,Natal,RN,Rio Grande do Norte,2,Nordeste
2408300,Nova Cruz,RN,Rio Grande do Norte,2,Nordeste
2408201,Nísia Floresta,RN,Rio Grande do Norte,2,Nordeste
2408409,Olho d'Água do Borges,RN,Rio Grande do Norte,2,Nordeste
2408508,Ouro Branco,RN,Rio Grande do Norte,2,Nordeste
2408607,Paraná,RN,Rio Grande do Norte,2,Nordeste
2408805,Parazinho,RN,Rio Grande do Norte,2,Nordeste
2408706,Paraú,RN,Rio Grande do Norte,2,Nordeste
2408904,Parelhas,RN,Rio Grande do Norte,2,Nordeste
2403251,Parnamirim,RN,Rio Grande do Norte,2,Nordeste
2409100,Passa e Fica,RN,Rio Grande do Norte,2,Nordeste
2409209,Passagem,RN,Rio Grande do Norte,2,Nordeste
2409308,Patu,RN,Rio Grande do Norte,2,Nordeste
2409407,Pau dos Ferros,RN,Rio Grande do Norte,2,Nordeste
2409506,Pedra Grande,RN,Rio Grande do Norte,2,Nordeste
2409605,Pedra Preta,RN,Rio Grande do Norte,2,Nordeste
2409704,Pedro Avelino,RN,Rio Grande do Norte,2,Nordeste
2409803,Pedro Velho,RN,Rio Grande do Norte,2,Nordeste
2409902,Pendências,RN,Rio Grande do Norte,2,Nordeste
2410009,Pilões,RN,Rio Grande do Norte,2,Nordeste
2410207,Portalegre,RN,Rio Grande do Norte,2,Nordeste
2410256,Porto do Mangue,RN,Rio Grande do Norte,2,Nordeste
2410108,Poço Branco,RN,Rio Grande do Norte,2,Nordeste
2410405,Pureza,RN,Rio Grande do Norte,2,Nordeste
2410504,Rafael Fernandes,RN,Rio Grande do Norte,2,Nordeste
2410603,Rafael Godeiro,RN,Rio Grande do Norte,2,Nordeste
2410702,Riacho da Cruz,RN,Rio Grande do Norte,2,Nordeste
2410801,Riacho de Santana,RN,Rio Grande do Norte,2,Nordeste
2410900,Riachuelo,RN,Rio Grande do Norte,2,Nordeste
2408953,Rio do Fogo,RN,Rio Grande do Norte,2,Nordeste
2411007,Rodolfo Fernandes,RN,Rio Grande do Norte,2,Nordeste
2411106,Ruy Barbosa,RN,Rio Grande do Norte,2,Nordeste
2411205,Santa Cruz,RN,Rio Grande do Norte,2,Nordeste
2409332,Santa Maria,RN,Rio Grande do Norte,2,Nordeste
2411403,Santana do Matos,RN,Rio Grande do Norte,2,Nordeste
2411429,Santana do Seridó,RN,Rio Grande do Norte,2,Nordeste
2411502,Santo Antônio,RN,Rio Grande do Norte,2,Nordeste
2413102,Senador Elói de Souza,RN,Rio Grande do Norte,2,Nordeste
2413201,Senador Georgino Avelino,RN,Rio Grande do Norte,2,Nordeste
2410306,Serra Caiada,RN,Rio Grande do Norte,2,Nordeste
2413409,Serra Negra do Norte,RN,Rio Grande do Norte,2,Nordeste
2413300,Serra de São Bento,RN,Rio Grande do Norte,2,Nordeste
2413359,Serra do Mel,RN,Rio Grande do Norte,2,Nordeste
2413508,Serrinha,RN,Rio Grande do Norte,2,Nordeste
2413557,Serrinha dos Pintos,RN,Rio Grande do Norte,2,Nordeste
2413607,Severiano Melo,RN,Rio Grande do Norte,2,Nordeste
2411601,São Bento do Norte,RN,Rio Grande do Norte,2,Nordeste
2411700,São Bento do Trairí,RN,Rio Grande do Norte,2,Nordeste
2411809,São Fernando,RN,Rio Grande do Norte,2,Nordeste
2411908,São Francisco do Oeste,RN,Rio Grande do Norte,2,Nordeste
2412005,São Gonçalo do Amarante,RN,Rio Grande do Norte,2,Nordeste
2412203,São José de Mipibu,RN,Rio Grande do Norte,2,Nordeste
2412302,São José do Campestre,RN,Rio Grande do Norte,2,Nordeste
2412401,São José do Seridó,RN,Rio Grande do Norte,2,Nordeste
2412104,São João do Sabugi,RN,Rio Grande do Norte,2,Nordeste
2412500,São Miguel,RN,Rio Grande do Norte,2,Nordeste
2412559,São Miguel do Gostoso,RN,Rio Grande do Norte,2,Nordeste
2412609,São Paulo do Potengi,RN,Rio Grande do Norte,2,Nordeste
2412708,São Pedro,RN,Rio Grande do Norte,2,Nordeste
2412807,São Rafael,RN,Rio Grande do Norte,2,Nordeste
2412906,São Tomé,RN,Rio Grande do Norte,2,Nordeste
2413003,São Vicente,RN,Rio Grande do Norte,2,Nordeste
2413706,Sítio Novo,RN,Rio Grande do Norte,2,Nordeste
2413805,Taboleiro Grande,RN,Rio Grande do Norte,2,Nordeste
2413904,Taipu,RN,Rio Grande do Norte,2,Nordeste
2414001,Tangará,RN,Rio Grande do Norte,2,Nordeste
2414100,Tenente Ananias,RN,Rio Grande do Norte,2,Nordeste
2414159,Tenente Laurentino Cruz,RN,Rio Grande do Norte,2,Nordeste
2411056,Tibau,RN,Rio Grande do Norte,2,Nordeste
2414209,Tibau do Sul,RN,Rio Grande do Norte,2,Nordeste
2414308,Timbaúba dos Batistas,RN,Rio Grande do Norte,2,Nordeste
2414407,Touros,RN,Rio Grande do Norte,2,Nordeste
2414456,Triunfo Potiguar,RN,Rio Grande do Norte,2,Nordeste
2414506,Umarizal,RN,Rio Grande do Norte,2,Nordeste
2414605,Upanema,RN,Rio Grande do Norte,2,Nordeste
2414753,Venha-Ver,RN,Rio Grande do Norte,2,Nordeste
2414803,Vera Cruz,RN,Rio Grande do Norte,2,Nordeste
2415008,Vila Flor,RN,Rio Grande do Norte,2,Nordeste
2414902,Viçosa,RN,Rio Grande do Norte,2,Nordeste
2414704,Várzea,RN,Rio Grande do Norte,2,Nordeste
2400406,Água Nova,RN,Rio Grande do Norte,2,Nordeste
1100015,Alta Floresta D'Oeste,RO,Rondônia,1,Norte
1100379,Alto Alegre dos Parecis,RO,Rondônia,1,Norte
1100403,Alto Paraíso,RO,Rondônia,1,Norte
1100346,Alvorada D'Oeste,RO,Rondônia,1,Norte
1100023,Ariquemes,RO,Rondônia,1,Norte
1100452,Buritis,RO,Rondônia,1,Norte
1100031,Cabixi,RO,Rondônia,1,Norte
1100601,Cacaulândia,RO,Rondônia,1,Norte
1100049,Cacoal,RO,Rondônia,1,Norte
1100700,Campo Novo de Rondônia,RO,Rondônia,1,Norte
1100809,Candeias do Jamari,RO,Rondônia,1,Norte
1100908,Castanheiras,RO,Rondônia,1,Norte
1100056,Cerejeiras,RO,Rondônia,1,Norte
1100924,Chupinguaia,RO,Rondônia,1,Norte
1100064,Colorado do Oeste,RO,Rondônia,1,Norte
1100072,Corumbiara,RO,Rondônia,1,Norte
1100080,Costa Marques,RO,Rondônia,1,Norte
1100940,Cujubim,RO,Rondônia,1,Norte
1100098,Espigão D'Oeste,RO,Rondônia,1,Norte
1101005,Governador Jorge Teixeira,RO,Rondônia,1,Norte
1100106,Guajará-Mirim,RO,Rondônia,1,Norte
1101104,Itapuã do Oeste,RO,Rondônia,1,Norte
1100114,Jaru,RO,Rondônia,1,Norte
1100122,Ji-Paraná,RO,Rondônia,1,Norte
1100130,Machadinho D'Oeste,RO,Rondônia,1,Norte
1101203,Ministro Andreazza,RO,Rondônia,1,Norte
1101302,Mirante da Serra,RO,Rondônia,1,Norte
1101401,Monte Negro,RO,Rondônia,1,Norte
1100148,Nova Brasilândia D'Oeste,RO,Rondônia,1,Norte
1100338,Nova Mamoré,RO,Rondônia,1,Norte
1101435,Nova União,RO,Rondônia,1,Norte
1100502,Novo Horizonte do Oeste,RO,Rondônia,1,Norte
1100155,Ouro Preto do Oeste,RO,Rondônia,1,Norte
1101450,Parecis,RO,Rondônia,1,Norte
1100189,Pimenta Bueno,RO,Rondônia,1,Norte
1101468,Pimenteiras do Oeste,RO,Rondônia,1,Norte
1100205,Porto Velho,RO,Rondônia,1,Norte
1100254,Presidente Médici,RO,Rondônia,1,Norte
1101476,Primavera de Rondônia,RO,Rondônia,1,Norte
1100262,Rio Crespo,RO,Rondônia,1,Norte
1100288,Rolim de Moura,RO,Rondônia,1,Norte
1100296,Santa Luzia D'Oeste,RO,Rondônia,1,Norte
1101500,Seringueiras,RO,Rondônia,1,Norte
1101484,São Felipe D'Oeste,RO,Rondônia,1,Norte
1101492,São Francisco do Guaporé,RO,Rondônia,1,Norte
1100320,São Miguel do Guaporé,RO,Rondônia,1,Norte
1101559,Teixeirópolis,RO,Rondônia,1,Norte
1101609,Theobroma,RO,Rondônia,1,Norte
1101708,Urupá,RO,Rondônia,1,Norte
1101757,Vale do Anari,RO,Rondônia,1,Norte
1101807,Vale do Paraíso,RO,Rondônia,1,Norte
1100304,Vilhena,RO,Rondônia,1,Norte
1400050,Alto Alegre,RR,Roraima,1,Norte
1400027,Amajari,RR,Roraima,1,Norte
1400100,Boa Vista,RR,Roraima,1,Norte
1400159,Bonfim,RR,Roraima,1,Norte
1400175,Cantá,RR,Roraima,1,Norte
1400209,Caracaraí,RR,Roraima,1,Norte
1400233,Caroebe,RR,Roraima,1,Norte
1400282,Iracema,RR,Roraima,1,Norte
1400308,Mucajaí,RR,Roraima,1,Norte
1400407,Normandia,RR,Roraima,1,Norte
1400456,Pacaraima,RR,Roraima,1,Norte
1400472,Rorainópolis,RR,Roraima,1,Norte
1400506,São João da Baliza,RR,Roraima,1,Norte
1400605,São Luiz do Anauá,RR,Roraima,1,Norte
1400704,Uiramutã,RR,Roraima,1,Norte
4300034,Aceguá,RS,Rio Grande do Sul,4,Sul
4300109,Agudo,RS,Rio Grande do Sul,4,Sul
4300208,Ajuricaba,RS,Rio Grande do Sul,4,Sul
4300307,Alecrim,RS,Rio Grande do Sul,4,Sul
4300406,Alegrete,RS,Rio Grande do Sul,4,Sul
4300455,Alegria,RS,Rio Grande do Sul,4,Sul
4300471,Almirante Tamandaré do Sul,RS,Rio Grande do Sul,4,Sul
4300505,Alpestre,RS,Rio Grande do Sul,4,Sul
4300554,Alto Alegre,RS,Rio Grande do Sul,4,Sul
4300570,Alto Feliz,RS,Rio Grande do Sul,4,Sul
4300604,Alvorada,RS,Rio Grande do Sul,4,Sul
4300638,Amaral Ferrador,RS,Rio Grande do Sul,4,Sul
4300646,Ametista do Sul,RS,Rio Grande do Sul,4,Sul
4300661,André da Rocha,RS,Rio Grande do Sul,4,Sul
4300703,Anta Gorda,RS,Rio Grande do Sul,4,Sul
4300802,Antônio Prado,RS,Rio Grande do Sul,4,Sul
4300851,Arambaré,RS,Rio Grande do Sul,4,Sul
4300877,Araricá,RS,Rio Grande do Sul,4,Sul
4300901,Aratiba,RS,Rio Grande do Sul,4,Sul
4301305,Arroio Grande,RS,Rio Grande do Sul,4,Sul
4301008,Arroio do Meio,RS,Rio Grande do Sul,4,Sul
4301073,Arroio do Padre,RS,Rio Grande do Sul,4,Sul
4301057,Arroio do Sal,RS,Rio Grande do Sul,4,Sul
4301206,Arroio do Tigre,RS,Rio Grande do Sul,4,Sul
4301107,Arroio dos Ratos,RS,Rio Grande do Sul,4,Sul
4301404,Arvorezinha,RS,Rio Grande do Sul,4,Sul
4301503,Augusto Pestana,RS,Rio Grande do Sul,4,Sul
4301602,Bagé,RS,Rio Grande do Sul,4,Sul
4301636,Balneário Pinhal,RS,Rio Grande do Sul,4,Sul
4301958,Barra Funda,RS,Rio Grande do Sul,4,Sul
4301859,Barra do Guarita,RS,Rio Grande do Sul,4,Sul
4301875,Barra do Quaraí,RS,Rio Grande do Sul,4,Sul
4301909,Barra do Ribeiro,RS,Rio Grande do Sul,4,Sul
4301925,Barra do Rio Azul,RS,Rio Grande do Sul,4,Sul
4301800,Barracão,RS,Rio Grande do Sul,4,Sul
4302006,Barros Cassal,RS,Rio Grande do Sul,4,Sul
4301651,Barão,RS,Rio Grande do Sul,4,Sul
4301701,Barão de Cotegipe,RS,Rio Grande do Sul,4,Sul
4301750,Barão do Triunfo,RS,Rio Grande do Sul,4,Sul
4302055,Benjamin Constant do Sul,RS,Rio Grande do Sul,4,Sul
4302105,Bento Gonçalves,RS,Rio Grande do Sul,4,Sul
4302154,Boa Vista das Missões,RS,Rio Grande do Sul,4,Sul
4302204,Boa Vista do Buricá,RS,Rio Grande do Sul,4,Sul
4302220,Boa Vista do Cadeado,RS,Rio Grande do Sul,4,Sul
4302238,Boa Vista do Incra,RS,Rio Grande do Sul,4,Sul
4302253,Boa Vista do Sul,RS,Rio Grande do Sul,4,Sul
4302303,Bom Jesus,RS,Rio Grande do Sul,4,Sul
4302352,Bom Princípio,RS,Rio Grande do Sul,4,Sul
4302378,Bom Progresso,RS,Rio Grande do Sul,4,Sul
4302402,Bom Retiro do Sul,RS,Rio Grande do Sul,4,Sul
4302451,Boqueirão do Leão,RS,Rio Grande do Sul,4,Sul
4302501,Bossoroca,RS,Rio Grande do Sul,4,Sul
4302584,Bozano,RS,Rio Grande do Sul,4,Sul
4302600,Braga,RS,Rio Grande do Sul,4,Sul
4302659,Brochier,RS,Rio Grande do Sul,4,Sul
4302709,Butiá,RS,Rio Grande do Sul,4,Sul
4302907,Cacequi,RS,Rio Grande do Sul,4,Sul
4303004,Cachoeira do Sul,RS,Rio Grande do Sul,4,Sul
4303103,Cachoeirinha,RS,Rio Grande do Sul,4,Sul
4303202,Cacique Doble,RS,Rio Grande do Sul,4,Sul
4303301,Caibaté,RS,Rio Grande do Sul,4,Sul
4303400,Caiçara,RS,Rio Grande do Sul,4,Sul
4303509,Camaquã,RS,Rio Grande do Sul,4,Sul
4303558,Camargo,RS,Rio Grande do Sul,4,Sul
4303608,Cambará do Sul,RS,Rio Grande do Sul,4,Sul
4303673,Campestre da Serra,RS,Rio Grande do Sul,4,Sul
4303707,Campina das Missões,RS,Rio Grande do Sul,4,Sul
4303806,Campinas do Sul,RS,Rio Grande do Sul,4,Sul
4303905,Campo Bom,RS,Rio Grande do Sul,4,Sul
4304002,Campo Novo,RS,Rio Grande do Sul,4,Sul
4304101,Campos Borges,RS,Rio Grande do Sul,4,Sul
4304200,Candelária,RS,Rio Grande do Sul,4,Sul
4304358,Candiota,RS,Rio Grande do Sul,4,Sul
4304408,Canela,RS,Rio Grande do Sul,4,Sul
4304507,Canguçu,RS,Rio Grande do Sul,4,Sul
4304606,Canoas,RS,Rio Grande do Sul,4,Sul
4304614,Canudos do Vale,RS,Rio Grande do Sul,4,Sul
4304689,Capela de Santana,RS,Rio Grande do Sul,4,Sul
4304697,Capitão,RS,Rio Grande do Sul,4,Sul
4304671,Capivari do Sul,RS,Rio Grande do Sul,4,Sul
4304622,Capão Bonito do Sul,RS,Rio Grande do Sul,4,Sul
4304630,Capão da Canoa,RS,Rio Grande do Sul,4,Sul
4304655,Capão do Cipó,RS,Rio Grande do Sul,4,Sul
4304663,Capão do Leão,RS,Rio Grande do Sul,4,Sul
4304705,Carazinho,RS,Rio Grande do Sul,4,Sul
4304713,Caraá,RS,Rio Grande do Sul,4,Sul
4304804,Carlos Barbosa,RS,Rio Grande do Sul,4,Sul
4304853,Carlos Gomes,RS,Rio Grande do Sul,4,Sul
4304903,Casca,RS,Rio Grande do Sul,4,Sul
4304952,Caseiros,RS,Rio Grande do Sul,4,Sul
4305009,Catuípe,RS,Rio Grande do Sul,4,Sul
4305108,Caxias do Sul,RS,Rio Grande do Sul,4,Sul
4302808,Caçapava do Sul,RS,Rio Grande do Sul,4,Sul
4305116,Centenário,RS,Rio Grande do Sul,4,Sul
4305124,Cerrito,RS,Rio Grande do Sul,4,Sul
4305132,Cerro Branco,RS,Rio Grande do Sul,4,Sul
4305157,Cerro Grande,RS,Rio Grande do Sul,4,Sul
4305173,Cerro Grande do Sul,RS,Rio Grande do Sul,4,Sul
4305207,Cerro Largo,RS,Rio Grande do Sul,4,Sul
4305306,Chapada,RS,Rio Grande do Sul,4,Sul
4305355,Charqueadas,RS,Rio Grande do Sul,4,Sul
4305371,Charrua,RS,Rio Grande do Sul,4,Sul
4305405,Chiapetta,RS,Rio Grande do Sul,4,Sul
4305447,Chuvisca,RS,Rio Grande do Sul,4,Sul
4305439,Chuí,RS,Rio Grande do Sul,4,Sul
4305454,Cidreira,RS,Rio Grande do Sul,4,Sul
4305504,Ciríaco,RS,Rio Grande do Sul,4,Sul
4305587,Colinas,RS,Rio Grande do Sul,4,Sul
4305603,Colorado,RS,Rio Grande do Sul,4,Sul
4305702,Condor,RS,Rio Grande do Sul,4,Sul
4305801,Constantina,RS,Rio Grande do Sul,4,Sul
4305835,Coqueiro Baixo,RS,Rio Grande do Sul,4,Sul
4305850,Coqueiros do Sul,RS,Rio Grande do Sul,4,Sul
4305871,Coronel Barros,RS,Rio Grande do Sul,4,Sul
4305900,Coronel Bicaco,RS,Rio Grande do Sul,4,Sul
4305934,Coronel Pilar,RS,Rio Grande do Sul,4,Sul
4305959,Cotiporã,RS,Rio Grande do Sul,4,Sul
4305975,Coxilha,RS,Rio Grande do Sul,4,Sul
4306007,Crissiumal,RS,Rio Grande do Sul,4,Sul
4306056,Cristal,RS,Rio Grande do Sul,4,Sul
4306072,Cristal do Sul,RS,Rio Grande do Sul,4,Sul
4306106,Cruz Alta,RS,Rio Grande do Sul,4,Sul
4306130,Cruzaltense,RS,Rio Grande do Sul,4,Sul
4306205,Cruzeiro do Sul,RS,Rio Grande do Sul,4,Sul
4304309,Cândido Godói,RS,Rio Grande do Sul,4,Sul
4306304,David Canabarro,RS,Rio Grande do Sul,4,Sul
4306320,Derrubadas,RS,Rio Grande do Sul,4,Sul
4306353,Dezesseis de Novembro,RS,Rio Grande do Sul,4,Sul
4306379,Dilermando de Aguiar,RS,Rio Grande do Sul,4,Sul
4306403,Dois Irmãos,RS,Rio Grande do Sul,4,Sul
4306429,Dois Irmãos das Missões,RS,Rio Grande do Sul,4,Sul
4306452,Dois Lajeados,RS,Rio Grande do Sul,4,Sul
4306502,Dom Feliciano,RS,Rio Grande do Sul,4,Sul
4306601,Dom Pedrito,RS,Rio Grande do Sul,4,Sul
4306551,Dom Pedro de Alcântara,RS,Rio Grande do Sul,4,Sul
4306700,Dona Francisca,RS,Rio Grande do Sul,4,Sul
4306734,Doutor Maurício Cardoso,RS,Rio Grande do Sul,4,Sul
4306759,Doutor Ricardo,RS,Rio Grande do Sul,4,Sul
4306767,Eldorado do Sul,RS,Rio Grande do Sul,4,Sul
4306809,Encantado,RS,Rio Grande do Sul,4,Sul
4306908,Encruzilhada do Sul,RS,Rio Grande do Sul,4,Sul
4306924,Engenho Velho,RS,Rio Grande do Sul,4,Sul
4306957,Entre Rios do Sul,RS,Rio Grande do Sul,4,Sul
4306932,Entre-Ijuís,RS,Rio Grande do Sul,4,Sul
4306973,Erebango,RS,Rio Grande do Sul,4,Sul
4307005,Erechim,RS,Rio Grande do Sul,4,Sul
4307054,Ernestina,RS,Rio Grande do Sul,4,Sul
4307203,Erval Grande,RS,Rio Grande do Sul,4,Sul
4307302,Erval Seco,RS,Rio Grande do Sul,4,Sul
4307401,Esmeralda,RS,Rio Grande do Sul,4,Sul
4307450,Esperança do Sul,RS,Rio Grande do Sul,4,Sul
4307500,Espumoso,RS,Rio Grande do Sul,4,Sul
4307559,Estação,RS,Rio Grande do Sul,4,Sul
4307708,Esteio,RS,Rio Grande do Sul,4,Sul
4307807,Estrela,RS,Rio Grande do Sul,4,Sul
4307815,Estrela Velha,RS,Rio Grande do Sul,4,Sul
4307609,Estância Velha,RS,Rio Grande do Sul,4,Sul
4307831,Eugênio de Castro,RS,Rio Grande do Sul,4,Sul
4307864,Fagundes Varela,RS,Rio Grande do Sul,4,Sul
4307906,Farroupilha,RS,Rio Grande do Sul,4,Sul
4308003,Faxinal do Soturno,RS,Rio Grande do Sul,4,Sul
4308052,Faxinalzinho,RS,Rio Grande do Sul,4,Sul
4308078,Fazenda Vilanova,RS,Rio Grande do Sul,4,Sul
4308102,Feliz,RS,Rio Grande do Sul,4,Sul
4308201,Flores da Cunha,RS,Rio Grande do Sul,4,Sul
4308250,Floriano Peixoto,RS,Rio Grande do Sul,4,Sul
4308300,Fontoura Xavier,RS,Rio Grande do Sul,4,Sul
4308409,Formigueiro,RS,Rio Grande do Sul,4,Sul
4308433,Forquetinha,RS,Rio Grande do Sul,4,Sul
4308458,Fortaleza dos Valos,RS,Rio Grande do Sul,4,Sul
4308508,Frederico Westphalen,RS,Rio Grande do Sul,4,Sul
4308607,Garibaldi,RS,Rio Grande do Sul,4,Sul
4308656,Garruchos,RS,Rio Grande do Sul,4,Sul
4308706,Gaurama,RS,Rio Grande do Sul,4,Sul
4308805,General Câmara,RS,Rio Grande do Sul,4,Sul
4308854,Gentil,RS,Rio Grande do Sul,4,Sul
4308904,Getúlio Vargas,RS,Rio Grande do Sul,4,Sul
4309001,Giruá,RS,Rio Grande do Sul,4,Sul
4309050,Glorinha,RS,Rio Grande do Sul,4,Sul
4309100,Gramado,RS,Rio Grande do Sul,4,Sul
4309159,Gramado Xavier,RS,Rio Grande do Sul,4,Sul
4309126,Gramado dos Loureiros,RS,Rio Grande do Sul,4,Sul
4309209,Gravataí,RS,Rio Grande do Sul,4,Sul
4309258,Guabiju,RS,Rio Grande do Sul,4,Sul
4309407,Guaporé,RS,Rio Grande do Sul,4,Sul
4309506,Guarani das Missões,RS,Rio Grande do Sul,4,Sul
4309308,Guaíba,RS,Rio Grande do Sul,4,Sul
4309555,Harmonia,RS,Rio Grande do Sul,4,Sul
4307104,Herval,RS,Rio Grande do Sul,4,Sul
4309571,Herveiras,RS,Rio Grande do Sul,4,Sul
4309605,Horizontina,RS,Rio Grande do Sul,4,Sul
4309654,Hulha Negra,RS,Rio Grande do Sul,4,Sul
4309704,Humaitá,RS,Rio Grande do Sul,4,Sul
4309753,Ibarama,RS,Rio Grande do Sul,4,Sul
4309803,Ibiaçá,RS,Rio Grande do Sul,4,Sul
4309902,Ibiraiaras,RS,Rio Grande do Sul,4,Sul
4309951,Ibirapuitã,RS,Rio Grande do Sul,4,Sul
4310009,Ibirubá,RS,Rio Grande do Sul,4,Sul
4310108,Igrejinha,RS,Rio Grande do Sul,4,Sul
4310207,Ijuí,RS,Rio Grande do Sul,4,Sul
4310306,Ilópolis,RS,Rio Grande do Sul,4,Sul
4310330,Imbé,RS,Rio Grande do Sul,4,Sul
4310363,Imigrante,RS,Rio Grande do Sul,4,Sul
4310405,Independência,RS,Rio Grande do Sul,4,Sul
4310413,Inhacorá,RS,Rio Grande do Sul,4,Sul
4310462,Ipiranga do Sul,RS,Rio Grande do Sul,4,Sul
4310439,Ipê,RS,Rio Grande do Sul,4,Sul
4310504,Iraí,RS,Rio Grande do Sul,4,Sul
4310538,Itaara,RS,Rio Grande do Sul,4,Sul
4310553,Itacurubi,RS,Rio Grande do Sul,4,Sul
4310579,Itapuca,RS,Rio Grande do Sul,4,Sul
4310603,Itaqui,RS,Rio Grande do Sul,4,Sul
4310652,Itati,RS,Rio Grande do Sul,4,Sul
4310702,Itatiba do Sul,RS,Rio Grande do Sul,4,Sul
4310751,Ivorá,RS,Rio Grande do Sul,4,Sul
4310801,Ivoti,RS,Rio Grande do Sul,4,Sul
4310850,Jaboticaba,RS,Rio Grande do Sul,4,Sul
4310876,Jacuizinho,RS,Rio Grande do Sul,4,Sul
4310900,Jacutinga,RS,Rio Grande do Sul,4,Sul
4311106,Jaguari,RS,Rio Grande do Sul,4,Sul
4311007,Jaguarão,RS,Rio Grande do Sul,4,Sul
4311122,Jaquirana,RS,Rio Grande do Sul,4,Sul
4311130,Jari,RS,Rio Grande do Sul,4,Sul
4311155,Jóia,RS,Rio Grande do Sul,4,Sul
4311205,Júlio de Castilhos,RS,Rio Grande do Sul,4,Sul
4311239,Lagoa Bonita do Sul,RS,Rio Grande do Sul,4,Sul
4311304,Lagoa Vermelha,RS,Rio Grande do Sul,4,Sul
4311270,Lagoa dos Três Cantos,RS,Rio Grande do Sul,4,Sul
4311254,Lagoão,RS,Rio Grande do Sul,4,Sul
4311403,Lajeado,RS,Rio Grande do Sul,4,Sul
4311429,Lajeado do Bugre,RS,Rio Grande do Sul,4,Sul
4311502,Lavras do Sul,RS,Rio Grande do Sul,4,Sul
4311601,Liberato Salzano,RS,Rio Grande do Sul,4,Sul
4311627,Lindolfo Collor,RS,Rio Grande do Sul,4,Sul
4311643,Linha Nova,RS,Rio Grande do Sul,4,Sul
4311700,Machadinho,RS,Rio Grande do Sul,4,Sul
4311734,Mampituba,RS,Rio Grande do Sul,4,Sul
4311759,Manoel Viana,RS,Rio Grande do Sul,4,Sul
4311775,Maquiné,RS,Rio Grande do Sul,4,Sul
4311791,Maratá,RS,Rio Grande do Sul,4,Sul
4311809,Marau,RS,Rio Grande do Sul,4,Sul
4311908,Marcelino Ramos,RS,Rio Grande do Sul,4,Sul
4311981,Mariana Pimentel,RS,Rio Grande do Sul,4,Sul
4312005,Mariano Moro,RS,Rio Grande do Sul,4,Sul
4312054,Marques de Souza,RS,Rio Grande do Sul,4,Sul
4312104,Mata,RS,Rio Grande do Sul,4,Sul
4312138,Mato Castelhano,RS,Rio Grande do Sul,4,Sul
4312153,Mato Leitão,RS,Rio Grande do Sul,4,Sul
4312179,Mato Queimado,RS,Rio Grande do Sul,4,Sul
4312203,Maximiliano de Almeida,RS,Rio Grande do Sul,4,Sul
4311718,Maçambará,RS,Rio Grande do Sul,4,Sul
4312252,Minas do Leão,RS,Rio Grande do Sul,4,Sul
4312302,Miraguaí,RS,Rio Grande do Sul,4,Sul
4312351,Montauri,RS,Rio Grande do Sul,4,Sul
4312377,Monte Alegre dos Campos,RS,Rio Grande do Sul,4,Sul
4312385,Monte Belo do Sul,RS,Rio Grande do Sul,4,Sul
4312401,Montenegro,RS,Rio Grande do Sul,4,Sul
4312427,Mormaço,RS,Rio Grande do Sul,4,Sul
4312443,Morrinhos do Sul,RS,Rio Grande do Sul,4,Sul
4312450,Morro Redondo,RS,Rio Grande do Sul,4,Sul
4312476,Morro Reuter,RS,Rio Grande do Sul,4,Sul
4312500,Mostardas,RS,Rio Grande do Sul,4,Sul
4312617,Muitos Capões,RS,Rio Grande do Sul,4,Sul
4312625,Muliterno,RS,Rio Grande do Sul,4,Sul
4312609,Muçum,RS,Rio Grande do Sul,4,Sul
4312674,Nicolau Vergueiro,RS,Rio Grande do Sul,4,Sul
4312708,Nonoai,RS,Rio Grande do Sul,4,Sul
4312757,Nova Alvorada,RS,Rio Grande do Sul,4,Sul
4312807,Nova Araçá,RS,Rio Grande do Sul,4,Sul
4312906,Nova Bassano,RS,Rio Grande do Sul,4,Sul
4312955,Nova Boa Vista,RS,Rio Grande do Sul,4,Sul
4313003,Nova Bréscia,RS,Rio Grande do Sul,4,Sul
4313011,Nova Candelária,RS,Rio Grande do Sul,4,Sul
4313037,Nova Esperança do Sul,RS,Rio Grande do Sul,4,Sul
4313060,Nova Hartz,RS,Rio Grande do Sul,4,Sul
4313102,Nova Palma,RS,Rio Grande do Sul,4,Sul
4313201,Nova Petrópolis,RS,Rio Grande do Sul,4,Sul
4313300,Nova Prata,RS,Rio Grande do Sul,4,Sul
4313086,Nova Pádua,RS,Rio Grande do Sul,4,Sul
4313334,Nova Ramada,RS,Rio Grande do Sul,4,Sul
4313359,Nova Roma do Sul,RS,Rio Grande do Sul,4,Sul
4313375,Nova Santa Rita,RS,Rio Grande do Sul,4,Sul
4313490,Novo Barreiro,RS,Rio Grande do Sul,4,Sul
4313391,Novo Cabrais,RS,Rio Grande do Sul,4,Sul
4313409,Novo Hamburgo,RS,Rio Grande do Sul,4,Sul
4313425,Novo Machado,RS,Rio Grande do Sul,4,Sul
4313441,Novo Tiradentes,RS,Rio Grande do Sul,4,Sul
4313466,Novo Xingu,RS,Rio Grande do Sul,4,Sul
4312658,Não-Me-Toque,RS,Rio Grande do Sul,4,Sul
4313508,Osório,RS,Rio Grande do Sul,4,Sul
4313607,Paim Filho,RS,Rio Grande do Sul,4,Sul
4313656,Palmares do Sul,RS,Rio Grande do Sul,4,Sul
4313706,Palmeira das Missões,RS,Rio Grande do Sul,4,Sul
4313805,Palmitinho,RS,Rio Grande do Sul,4,Sul
4313904,Panambi,RS,Rio Grande do Sul,4,Sul
4313953,Pantano Grande,RS,Rio Grande do Sul,4,Sul
4314001,Paraí,RS,Rio Grande do Sul,4,Sul
4314027,Paraíso do Sul,RS,Rio Grande do Sul,4,Sul
4314035,Pareci Novo,RS,Rio Grande do Sul,4,Sul
4314050,Parobé,RS,Rio Grande do Sul,4,Sul
4314068,Passa Sete,RS,Rio Grande do Sul,4,Sul
4314100,Passo Fundo,RS,Rio Grande do Sul,4,Sul
4314076,Passo do Sobrado,RS,Rio Grande do Sul,4,Sul
4314134,Paulo Bento,RS,Rio Grande do Sul,4,Sul
4314159,Paverama,RS,Rio Grande do Sul,4,Sul
4314175,Pedras Altas,RS,Rio Grande do Sul,4,Sul
4314209,Pedro Osório,RS,Rio Grande do Sul,4,Sul
4314308,Pejuçara,RS,Rio Grande do Sul,4,Sul
4314407,Pelotas,RS,Rio Grande do Sul,4,Sul
4314423,Picada Café,RS,Rio Grande do Sul,4,Sul
4314456,Pinhal,RS,Rio Grande do Sul,4,Sul
4314472,Pinhal Grande,RS,Rio Grande do Sul,4,Sul
4314464,Pinhal da Serra,RS,Rio Grande do Sul,4,Sul
4314498,Pinheirinho do Vale,RS,Rio Grande do Sul,4,Sul
4314506,Pinheiro Machado,RS,Rio Grande do Sul,4,Sul
4314548,Pinto Bandeira,RS,Rio Grande do Sul,4,Sul
4314555,Pirapó,RS,Rio Grande do Sul,4,Sul
4314605,Piratini,RS,Rio Grande do Sul,4,Sul
4314704,Planalto,RS,Rio Grande do Sul,4,Sul
4314787,Ponte Preta,RS,Rio Grande do Sul,4,Sul
4314779,Pontão,RS,Rio Grande do Sul,4,Sul
4314902,Porto Alegre,RS,Rio Grande do Sul,4,Sul
4315008,Porto Lucena,RS,Rio Grande do Sul,4,Sul
4315057,Porto Mauá,RS,Rio Grande do Sul,4,Sul
4315073,Porto Vera Cruz,RS,Rio Grande do Sul,4,Sul
4315107,Porto Xavier,RS,Rio Grande do Sul,4,Sul
4314803,Portão,RS,Rio Grande do Sul,4,Sul
4315131,Pouso Novo,RS,Rio Grande do Sul,4,Sul
4314753,Poço das Antas,RS,Rio Grande do Sul,4,Sul
4315149,Presidente Lucena,RS,Rio Grande do Sul,4,Sul
4315156,Progresso,RS,Rio Grande do Sul,4,Sul
4315172,Protásio Alves,RS,Rio Grande do Sul,4,Sul
4315206,Putinga,RS,Rio Grande do Sul,4,Sul
4315305,Quaraí,RS,Rio Grande do Sul,4,Sul
4315313,Quatro Irmãos,RS,Rio Grande do Sul,4,Sul
4315321,Quevedos,RS,Rio Grande do Sul,4,Sul
4315354,Quinze de Novembro,RS,Rio Grande do Sul,4,Sul
4315404,Redentora,RS,Rio Grande do Sul,4,Sul
4315453,Relvado,RS,Rio Grande do Sul,4,Sul
4315503,Restinga Sêca,RS,Rio Grande do Sul,4,Sul
4315602,Rio Grande,RS,Rio Grande do Sul,4,Sul
4315701,Rio Pardo,RS,Rio Grande do Sul,4,Sul
4315552,Rio dos Índios,RS,Rio Grande do Sul,4,Sul
4315750,Riozinho,RS,Rio Grande do Sul,4,Sul
4315800,Roca Sales,RS,Rio Grande do Sul,4,Sul
4315909,Rodeio Bonito,RS,Rio Grande do Sul,4,Sul
4315958,Rolador,RS,Rio Grande do Sul,4,Sul
4316006,Rolante,RS,Rio Grande do Sul,4,Sul
4316105,Ronda Alta,RS,Rio Grande do Sul,4,Sul
4316204,Rondinha,RS,Rio Grande do Sul,4,Sul
4316303,Roque Gonzales,RS,Rio Grande do Sul,4,Sul
4316402,Rosário do Sul,RS,Rio Grande do Sul,4,Sul
4316428,Sagrada Família,RS,Rio Grande do Sul,4,Sul
4316436,Saldanha Marinho,RS,Rio Grande do Sul,4,Sul
4316451,Salto do Jacuí,RS,Rio Grande do Sul,4,Sul
4316477,Salvador das Missões,RS,Rio Grande do Sul,4,Sul
4316501,Salvador do Sul,RS,Rio Grande do Sul,4,Sul
4316600,Sananduva,RS,Rio Grande do Sul,4,Sul
4317103,Sant'Ana do Livramento,RS,Rio Grande do Sul,4,Sul
4316709,Santa Bárbara do Sul,RS,Rio Grande do Sul,4,Sul
4316733,Santa Cecília do Sul,RS,Rio Grande do Sul,4,Sul
4316758,Santa Clara do Sul,RS,Rio Grande do Sul,4,Sul
4316808,Santa Cruz do Sul,RS,Rio Grande do Sul,4,Sul
4316972,Santa Margarida do Sul,RS,Rio Grande do Sul,4,Sul
4316907,Santa Maria,RS,Rio Grande do Sul,4,Sul
4316956,Santa Maria do Herval,RS,Rio Grande do Sul,4,Sul
4317202,Santa Rosa,RS,Rio Grande do Sul,4,Sul
4317251,Santa Tereza,RS,Rio Grande do Sul,4,Sul
4317301,Santa Vitória do Palmar,RS,Rio Grande do Sul,4,Sul
4317004,Santana da Boa Vista,RS,Rio Grande do Sul,4,Sul
4317400,Santiago,RS,Rio Grande do Sul,4,Sul
4317608,Santo Antônio da Patrulha,RS,Rio Grande do Sul,4,Sul
4317707,Santo Antônio das Missões,RS,Rio Grande do Sul,4,Sul
4317558,Santo Antônio do Palma,RS,Rio Grande do Sul,4,Sul
4317756,Santo Antônio do Planalto,RS,Rio Grande do Sul,4,Sul
4317806,Santo Augusto,RS,Rio Grande do Sul,4,Sul
4317905,Santo Cristo,RS,Rio Grande do Sul,4,Sul
4317954,Santo Expedito do Sul,RS,Rio Grande do Sul,4,Sul
4317509,Santo Ângelo,RS,Rio Grande do Sul,4,Sul
4319901,Sapiranga,RS,Rio Grande do Sul,4,Sul
4320008,Sapucaia do Sul,RS,Rio Grande do Sul,4,Sul
4320107,Sarandi,RS,Rio Grande do Sul,4,Sul
4320206,Seberi,RS,Rio Grande do Sul,4,Sul
4320230,Sede Nova,RS,Rio Grande do Sul,4,Sul
4320263,Segredo,RS,Rio Grande do Sul,4,Sul
4320305,Selbach,RS,Rio Grande do Sul,4,Sul
4320321,Senador Salgado Filho,RS,Rio Grande do Sul,4,Sul
4320354,Sentinela do Sul,RS,Rio Grande do Sul,4,Sul
4320404,Serafina Corrêa,RS,Rio Grande do Sul,4,Sul
4320503,Sertão,RS,Rio Grande do Sul,4,Sul
4320552,Sertão Santana,RS,Rio Grande do Sul,4,Sul
4320578,Sete de Setembro,RS,Rio Grande do Sul,4,Sul
4320602,Severiano de Almeida,RS,Rio Grande do Sul,4,Sul
4320651,Silveira Martins,RS,Rio Grande do Sul,4,Sul
4320677,Sinimbu,RS,Rio Grande do Sul,4,Sul
4320701,Sobradinho,RS,Rio Grande do Sul,4,Sul
4320800,Soledade,RS,Rio Grande do Sul,4,Sul
4318002,São Borja,RS,Rio Grande do Sul,4,Sul
4318051,São Domingos do Sul,RS,Rio Grande do Sul,4,Sul
4318101,São Francisco de Assis,RS,Rio Grande do Sul,4,Sul
4318200,São Francisco de Paula,RS,Rio Grande do Sul,4,Sul
4318309,São Gabriel,RS,Rio Grande do Sul,4,Sul
4318408,São Jerônimo,RS,Rio Grande do Sul,4,Sul
4318440,São Jorge,RS,Rio Grande do Sul,4,Sul
4318457,São José das Missões,RS,Rio Grande do Sul,4,Sul
4318465,São José do Herval,RS,Rio Grande do Sul,4,Sul
4318481,São José do Hortêncio,RS,Rio Grande do Sul,4,Sul
4318499,São José do Inhacorá,RS,Rio Grande do Sul,4,Sul
4318507,São José do Norte,RS,Rio Grande do Sul,4,Sul
4318606,São José do Ouro,RS,Rio Grande do Sul,4,Sul
4318614,São José do Sul,RS,Rio Grande do Sul,4,Sul
4318622,São José dos Ausentes,RS,Rio Grande do Sul,4,Sul
4318424,São João da Urtiga,RS,Rio Grande do Sul,4,Sul
4318432,São João do Polêsine,RS,Rio Grande do Sul,4,Sul
4318705,São Leopoldo,RS,Rio Grande do Sul,4,Sul
4318804,São Lourenço do Sul,RS,Rio Grande do Sul,4,Sul
4318903,São Luiz Gonzaga,RS,Rio Grande do Sul,4,Sul
4319000,São Marcos,RS,Rio Grande do Sul,4,Sul
4319109,São Martinho,RS,Rio Grande do Sul,4,Sul
4319125,São Martinho da Serra,RS,Rio Grande do Sul,4,Sul
4319158,São Miguel das Missões,RS,Rio Grande do Sul,4,Sul
4319208,São Nicolau,RS,Rio Grande do Sul,4,Sul
4319307,São Paulo das Missões,RS,Rio Grande do Sul,4,Sul
4319356,São Pedro da Serra,RS,Rio Grande do Sul,4,Sul
4319364,São Pedro das Missões,RS,Rio Grande do Sul,4,Sul
4319372,São Pedro do Butiá,RS,Rio Grande do Sul,4,Sul
4319406,São Pedro do Sul,RS,Rio Grande do Sul,4,Sul
4319505,São Sebastião do Caí,RS,Rio Grande do Sul,4,Sul
4319604,São Sepé,RS,Rio Grande do Sul,4,Sul
4319703,São Valentim,RS,Rio Grande do Sul,4,Sul
4319711,São Valentim do Sul,RS,Rio Grande do Sul,4,Sul
4319737,São Valério do Sul,RS,Rio Grande do Sul,4,Sul
4319752,São Vendelino,RS,Rio Grande do Sul,4,Sul
4319802,São Vicente do Sul,RS,Rio Grande do Sul,4,Sul
4320453,Sério,RS,Rio Grande do Sul,4,Sul
4320859,Tabaí,RS,Rio Grande do Sul,4,Sul
4320909,Tapejara,RS,Rio Grande do Sul,4,Sul
4321006,Tapera,RS,Rio Grande do Sul,4,Sul
4321105,Tapes,RS,Rio Grande do Sul,4,Sul
4321204,Taquara,RS,Rio Grande do Sul,4,Sul
4321303,Taquari,RS,Rio Grande do Sul,4,Sul
4321329,Taquaruçu do Sul,RS,Rio Grande do Sul,4,Sul
4321352,Tavares,RS,Rio Grande do Sul,4,Sul
4321402,Tenente Portela,RS,Rio Grande do Sul,4,Sul
4321436,Terra de Areia,RS,Rio Grande do Sul,4,Sul
4321451,Teutônia,RS,Rio Grande do Sul,4,Sul
4321469,Tio Hugo,RS,Rio Grande do Sul,4,Sul
4321477,Tiradentes do Sul,RS,Rio Grande do Sul,4,Sul
4321493,Toropi,RS,Rio Grande do Sul,4,Sul
4321501,Torres,RS,Rio Grande do Sul,4,Sul
4321600,Tramandaí,RS,Rio Grande do Sul,4,Sul
4321626,Travesseiro,RS,Rio Grande do Sul,4,Sul
4321956,Trindade do Sul,RS,Rio Grande do Sul,4,Sul
4322004,Triunfo,RS,Rio Grande do Sul,4,Sul
4321634,Três Arroios,RS,Rio Grande do Sul,4,Sul
4321667,Três Cachoeiras,RS,Rio Grande do Sul,4,Sul
4321709,Três Coroas,RS,Rio Grande do Sul,4,Sul
4321832,Três Forquilhas,RS,Rio Grande do Sul,4,Sul
4321857,Três Palmeiras,RS,Rio Grande do Sul,4,Sul
4321907,Três Passos,RS,Rio Grande do Sul,4,Sul
4321808,Três de Maio,RS,Rio Grande do Sul,4,Sul
4322103,Tucunduva,RS,Rio Grande do Sul,4,Sul
4322152,Tunas,RS,Rio Grande do Sul,4,Sul
4322186,Tupanci do Sul,RS,Rio Grande do Sul,4,Sul
4322202,Tupanciretã,RS,Rio Grande do Sul,4,Sul
4322251,Tupandi,RS,Rio Grande do Sul,4,Sul
4322301,Tuparendi,RS,Rio Grande do Sul,4,Sul
4322327,Turuçu,RS,Rio Grande do Sul,4,Sul
4322343,Ubiretama,RS,Rio Grande do Sul,4,Sul
4322376,Unistalda,RS,Rio Grande do Sul,4,Sul
4322350,União da Serra,RS,Rio Grande do Sul,4,Sul
4322400,Uruguaiana,RS,Rio Grande do Sul,4,Sul
4322509,Vacaria,RS,Rio Grande do Sul,4,Sul
4322541,Vale Real,RS,Rio Grande do Sul,4,Sul
4322525,Vale Verde,RS,Rio Grande do Sul,4,Sul
4322533,Vale do Sol,RS,Rio Grande do Sul,4,Sul
4322558,Vanini,RS,Rio Grande do Sul,4,Sul
4322608,Venâncio Aires,RS,Rio Grande do Sul,4,Sul
4322707,Vera Cruz,RS,Rio Grande do Sul,4,Sul
4322806,Veranópolis,RS,Rio Grande do Sul,4,Sul
4322855,Vespasiano Corrêa,RS,Rio Grande do Sul,4,Sul
4322905,Viadutos,RS,Rio Grande do Sul,4,Sul
4323002,Viamão,RS,Rio Grande do Sul,4,Sul
4323101,Vicente Dutra,RS,Rio Grande do Sul,4,Sul
4323200,Victor Graeff,RS,Rio Grande do Sul,4,Sul
4323309,Vila Flores,RS,Rio Grande do Sul,4,Sul
4323358,Vila Lângaro,RS,Rio Grande do Sul,4,Sul
4323408,Vila Maria,RS,Rio Grande do Sul,4,Sul
4323457,Vila Nova do Sul,RS,Rio Grande do Sul,4,Sul
4323507,Vista Alegre,RS,Rio Grande do Sul,4,Sul
4323606,Vista Alegre do Prata,RS,Rio Grande do Sul,4,Sul
4323705,Vista Gaúcha,RS,Rio Grande do Sul,4,Sul
4323754,Vitória das Missões,RS,Rio Grande do Sul,4,Sul
4323770,Westfália,RS,Rio Grande do Sul,4,Sul
4323804,Xangri-lá,RS,Rio Grande do Sul,4,Sul
4300059,Água Santa,RS,Rio Grande do Sul,4,Sul
4301552,Áurea,RS,Rio Grande do Sul,4,Sul
4200051,Abdon Batista,SC,Santa Catarina,4,Sul
4200101,Abelardo Luz,SC,Santa Catarina,4,Sul
4200200,Agrolândia,SC,Santa Catarina,4,Sul
4200309,Agronômica,SC,Santa Catarina,4,Sul
4200705,Alfredo Wagner,SC,Santa Catarina,4,Sul
4200754,Alto Bela Vista,SC,Santa Catarina,4,Sul
4200804,Anchieta,SC,Santa Catarina,4,Sul
4200903,Angelina,SC,Santa Catarina,4,Sul
4201000,Anita Garibaldi,SC,Santa Catarina,4,Sul
4201109,Anitápolis,SC,Santa Catarina,4,Sul
4201208,Antônio Carlos,SC,Santa Catarina,4,Sul
4201257,Apiúna,SC,Santa Catarina,4,Sul
4201273,Arabutã,SC,Santa Catarina,4,Sul
4201307,Araquari,SC,Santa Catarina,4,Sul
4201406,Araranguá,SC,Santa Catarina,4,Sul
4201505,Armazém,SC,Santa Catarina,4,Sul
4201604,Arroio Trinta,SC,Santa Catarina,4,Sul
4201653,Arvoredo,SC,Santa Catarina,4,Sul
4201703,Ascurra,SC,Santa Catarina,4,Sul
4201802,Atalanta,SC,Santa Catarina,4,Sul
4201901,Aurora,SC,Santa Catarina,4,Sul
4201950,Balneário Arroio do Silva,SC,Santa Catarina,4,Sul
4202057,Balneário Barra do Sul,SC,Santa Catarina,4,Sul
4202008,Balneário Camboriú,SC,Santa Catarina,4,Sul
4202073,Balneário Gaivota,SC,Santa Catarina,4,Sul
4212809,Balneário Piçarras,SC,Santa Catarina,4,Sul
4220000,Balneário Rincão,SC,Santa Catarina,4,Sul
4202081,Bandeirante,SC,Santa Catarina,4,Sul
4202099,Barra Bonita,SC,Santa Catarina,4,Sul
4202107,Barra Velha,SC,Santa Catarina,4,Sul
4202131,Bela Vista do Toldo,SC,Santa Catarina,4,Sul
4202156,Belmonte,SC,Santa Catarina,4,Sul
4202206,Benedito Novo,SC,Santa Catarina,4,Sul
4202305,Biguaçu,SC,Santa Catarina,4,Sul
4202404,Blumenau,SC,Santa Catarina,4,Sul
4202438,Bocaina do Sul,SC,Santa Catarina,4,Sul
4202503,Bom Jardim da Serra,SC,Santa Catarina,4,Sul
4202537,Bom Jesus,SC,Santa Catarina,4,Sul
4202578,Bom Jesus do Oeste,SC,Santa Catarina,4,Sul
4202602,Bom Retiro,SC,Santa Catarina,4,Sul
4202453,Bombinhas,SC,Santa Catarina,4,Sul
4202701,Botuverá,SC,Santa Catarina,4,Sul
4202800,Braço do Norte,SC,Santa Catarina,4,Sul
4202859,Braço do Trombudo,SC,Santa Catarina,4,Sul
4202875,Brunópolis,SC,Santa Catarina,4,Sul
4202909,Brusque,SC,Santa Catarina,4,Sul
4203105,Caibi,SC,Santa Catarina,4,Sul
4203154,Calmon,SC,Santa Catarina,4,Sul
4203204,Camboriú,SC,Santa Catarina,4,Sul
4203303,Campo Alegre,SC,Santa Catarina,4,Sul
4203402,Campo Belo do Sul,SC,Santa Catarina,4,Sul
4203501,Campo Erê,SC,Santa Catarina,4,Sul
4203600,Campos Novos,SC,Santa Catarina,4,Sul
4203709,Canelinha,SC,Santa Catarina,4,Sul
4203808,Canoinhas,SC,Santa Catarina,4,Sul
4203907,Capinzal,SC,Santa Catarina,4,Sul
4203956,Capivari de Baixo,SC,Santa Catarina,4,Sul
4203253,Capão Alto,SC,Santa Catarina,4,Sul
4204004,Catanduvas,SC,Santa Catarina,4,Sul
4204103,Caxambu do Sul,SC,Santa Catarina,4,Sul
4203006,Caçador,SC,Santa Catarina,4,Sul
4204152,Celso Ramos,SC,Santa Catarina,4,Sul
4204178,Cerro Negro,SC,Santa Catarina,4,Sul
4204194,Chapadão do Lageado,SC,Santa Catarina,4,Sul
4204202,Chapecó,SC,Santa Catarina,4,Sul
4204251,Cocal do Sul,SC,Santa Catarina,4,Sul
4204301,Concórdia,SC,Santa Catarina,4,Sul
4204350,Cordilheira Alta,SC,Santa Catarina,4,Sul
4204400,Coronel Freitas,SC,Santa Catarina,4,Sul
4204459,Coronel Martins,SC,Santa Catarina,4,Sul
4204558,Correia Pinto,SC,Santa Catarina,4,Sul
4204509,Corupá,SC,Santa Catarina,4,Sul
4204608,Criciúma,SC,Santa Catarina,4,Sul
4204707,Cunha Porã,SC,Santa Catarina,4,Sul
4204756,Cunhataí,SC,Santa Catarina,4,Sul
4204806,Curitibanos,SC,Santa Catarina,4,Sul
4204905,Descanso,SC,Santa Catarina,4,Sul
4205001,Dionísio Cerqueira,SC,Santa Catarina,4,Sul
4205100,Dona Emma,SC,Santa Catarina,4,Sul
4205159,Doutor Pedrinho,SC,Santa Catarina,4,Sul
4205175,Entre Rios,SC,Santa Catarina,4,Sul
4205191,Ermo,SC,Santa Catarina,4,Sul
4205209,Erval Velho,SC,Santa Catarina,4,Sul
4205308,Faxinal dos Guedes,SC,Santa Catarina,4,Sul
4205357,Flor do Sertão,SC,Santa Catarina,4,Sul
4205407,Florianópolis,SC,Santa Catarina,4,Sul
4205431,Formosa do Sul,SC,Santa Catarina,4,Sul
4205456,Forquilhinha,SC,Santa Catarina,4,Sul
4205506,Fraiburgo,SC,Santa Catarina,4,Sul
4205555,Frei Rogério,SC,Santa Catarina,4,Sul
4205605,Galvão,SC,Santa Catarina,4,Sul
4205704,Garopaba,SC,Santa Catarina,4,Sul
4205803,Garuva,SC,Santa Catarina,4,Sul
4205902,Gaspar,SC,Santa Catarina,4,Sul
4206009,Governador Celso Ramos,SC,Santa Catarina,4,Sul
4206207,Gravatal,SC,Santa Catarina,4,Sul
4206108,Grão-Pará,SC,Santa Catarina,4,Sul
4206306,Guabiruba,SC,Santa Catarina,4,Sul
4206405,Guaraciaba,SC,Santa Catarina,4,Sul
4206504,Guaramirim,SC,Santa Catarina,4,Sul
4206603,Guarujá do Sul,SC,Santa Catarina,4,Sul
4206652,Guatambú,SC,Santa Catarina,4,Sul
4206702,Herval d'Oeste,SC,Santa Catarina,4,Sul
4206751,Ibiam,SC,Santa Catarina,4,Sul
4206801,Ibicaré,SC,Santa Catarina,4,Sul
4206900,Ibirama,SC,Santa Catarina,4,Sul
4207106,Ilhota,SC,Santa Catarina,4,Sul
4207205,Imaruí,SC,Santa Catarina,4,Sul
4207304,Imbituba,SC,Santa Catarina,4,Sul
4207403,Imbuia,SC,Santa Catarina,4,Sul
4207502,Indaial,SC,Santa Catarina,4,Sul
4207577,Iomerê,SC,Santa Catarina,4,Sul
4207601,Ipira,SC,Santa Catarina,4,Sul
4207650,Iporã do Oeste,SC,Santa Catarina,4,Sul
4207684,Ipuaçu,SC,Santa Catarina,4,Sul
4207700,Ipumirim,SC,Santa Catarina,4,Sul
4207759,Iraceminha,SC,Santa Catarina,4,Sul
4207809,Irani,SC,Santa Catarina,4,Sul
4207858,Irati,SC,Santa Catarina,4,Sul
4207908,Irineópolis,SC,Santa Catarina,4,Sul
4208104,Itaiópolis,SC,Santa Catarina,4,Sul
4208203,Itajaí,SC,Santa Catarina,4,Sul
4208302,Itapema,SC,Santa Catarina,4,Sul
4208401,Itapiranga,SC,Santa Catarina,4,Sul
4208450,Itapoá,SC,Santa Catarina,4,Sul
4208500,Ituporanga,SC,Santa Catarina,4,Sul
4208005,Itá,SC,Santa Catarina,4,Sul
4207007,Içara,SC,Santa Catarina,4,Sul
4208609,Jaborá,SC,Santa Catarina,4,Sul
4208708,Jacinto Machado,SC,Santa Catarina,4,Sul
4208807,Jaguaruna,SC,Santa Catarina,4,Sul
4208906,Jaraguá do Sul,SC,Santa Catarina,4,Sul
4208955,Jardinópolis,SC,Santa Catarina,4,Sul
4209003,Joaçaba,SC,Santa Catarina,4,Sul
4209102,Joinville,SC,Santa Catarina,4,Sul
4209151,José Boiteux,SC,Santa Catarina,4,Sul
4209177,Jupiá,SC,Santa Catarina,4,Sul
4209201,Lacerdópolis,SC,Santa Catarina,4,Sul
4209300,Lages,SC,Santa Catarina,4,Sul
4209409,Laguna,SC,Santa Catarina,4,Sul
4209458,Lajeado Grande,SC,Santa Catarina,4,Sul
4209508,Laurentino,SC,Santa Catarina,4,Sul
4209607,Lauro Müller,SC,Santa Catarina,4,Sul
4209706,Lebon Régis,SC,Santa Catarina,4,Sul
4209805,Leoberto Leal,SC,Santa Catarina,4,Sul
4209854,Lindóia do Sul,SC,Santa Catarina,4,Sul
4209904,Lontras,SC,Santa Catarina,4,Sul
4210001,Luiz Alves,SC,Santa Catarina,4,Sul
4210035,Luzerna,SC,Santa Catarina,4,Sul
4210050,Macieira,SC,Santa Catarina,4,Sul
4210100,Mafra,SC,Santa Catarina,4,Sul
4210209,Major Gercino,SC,Santa Catarina,4,Sul
4210308,Major Vieira,SC,Santa Catarina,4,Sul
4210407,Maracajá,SC,Santa Catarina,4,Sul
4210506,Maravilha,SC,Santa Catarina,4,Sul
4210555,Marema,SC,Santa Catarina,4,Sul
4210605,Massaranduba,SC,Santa Catarina,4,Sul
4210704,Matos Costa,SC,Santa Catarina,4,Sul
4210803,Meleiro,SC,Santa Catarina,4,Sul
4210852,Mirim Doce,SC,Santa Catarina,4,Sul
4210902,Modelo,SC,Santa Catarina,4,Sul
4211009,Mondaí,SC,Santa Catarina,4,Sul
4211058,Monte Carlo,SC,Santa Catarina,4,Sul
4211108,Monte Castelo,SC,Santa Catarina,4,Sul
4211256,Morro Grande,SC,Santa Catarina,4,Sul
4211207,Morro da Fumaça,SC,Santa Catarina,4,Sul
4211306,Navegantes,SC,Santa Catarina,4,Sul
4211405,Nova Erechim,SC,Santa Catarina,4,Sul
4211454,Nova Itaberaba,SC,Santa Catarina,4,Sul
4211504,Nova Trento,SC,Santa Catarina,4,Sul
4211603,Nova Veneza,SC,Santa Catarina,4,Sul
4211652,Novo Horizonte,SC,Santa Catarina,4,Sul
4211702,Orleans,SC,Santa Catarina,4,Sul
4211751,Otacílio Costa,SC,Santa Catarina,4,Sul
4211801,Ouro,SC,Santa Catarina,4,Sul
4211850,Ouro Verde,SC,Santa Catarina,4,Sul
4211876,Paial,SC,Santa Catarina,4,Sul
4211892,Painel,SC,Santa Catarina,4,Sul
4211900,Palhoça,SC,Santa Catarina,4,Sul
4212007,Palma Sola,SC,Santa Catarina,4,Sul
4212056,Palmeira,SC,Santa Catarina,4,Sul
4212106,Palmitos,SC,Santa Catarina,4,Sul
4212205,Papanduva,SC,Santa Catarina,4,Sul
4212239,Paraíso,SC,Santa Catarina,4,Sul
4212254,Passo de Torres,SC,Santa Catarina,4,Sul
4212270,Passos Maia,SC,Santa Catarina,4,Sul
4212304,Paulo Lopes,SC,Santa Catarina,4,Sul
4212403,Pedras Grandes,SC,Santa Catarina,4,Sul
4212502,Penha,SC,Santa Catarina,4,Sul
4212601,Peritiba,SC,Santa Catarina,4,Sul
4212650,Pescaria Brava,SC,Santa Catarina,4,Sul
4212700,Petrolândia,SC,Santa Catarina,4,Sul
4212908,Pinhalzinho,SC,Santa Catarina,4,Sul
4213005,Pinheiro Preto,SC,Santa Catarina,4,Sul
4213104,Piratuba,SC,Santa Catarina,4,Sul
4213153,Planalto Alegre,SC,Santa Catarina,4,Sul
4213203,Pomerode,SC,Santa Catarina,4,Sul
4213302,Ponte Alta,SC,Santa Catarina,4,Sul
4213351,Ponte Alta do Norte,SC,Santa Catarina,4,Sul
4213401,Ponte Serrada,SC,Santa Catarina,4,Sul
4213500,Porto Belo,SC,Santa Catarina,4,Sul
4213609,Porto União,SC,Santa Catarina,4,Sul
4213708,Pouso Redondo,SC,Santa Catarina,4,Sul
4213807,Praia Grande,SC,Santa Catarina,4,Sul
4213906,Presidente Castello Branco,SC,Santa Catarina,4,Sul
4214003,Presidente Getúlio,SC,Santa Catarina,4,Sul
4214102,Presidente Nereu,SC,Santa Catarina,4,Sul
4214151,Princesa,SC,Santa Catarina,4,Sul
4214201,Quilombo,SC,Santa Catarina,4,Sul
4214300,Rancho Queimado,SC,Santa Catarina,4,Sul
4214904,Rio Fortuna,SC,Santa Catarina,4,Sul
4215000,Rio Negrinho,SC,Santa Catarina,4,Sul
4215059,Rio Rufino,SC,Santa Catarina,4,Sul
4214409,Rio das Antas,SC,Santa Catarina,4,Sul
4214508,Rio do Campo,SC,Santa Catarina,4,Sul
4214607,Rio do Oeste,SC,Santa Catarina,4,Sul
4214805,Rio do Sul,SC,Santa Catarina,4,Sul
4214706,Rio dos Cedros,SC,Santa Catarina,4,Sul
4215075,Riqueza,SC,Santa Catarina,4,Sul
4215109,Rodeio,SC,Santa Catarina,4,Sul
4215208,Romelândia,SC,Santa Catarina,4,Sul
4215307,Salete,SC,Santa Catarina,4,Sul
4215356,Saltinho,SC,Santa Catarina,4,Sul
4215406,Salto Veloso,SC,Santa Catarina,4,Sul
4215455,Sangão,SC,Santa Catarina,4,Sul
4215505,Santa Cecília,SC,Santa Catarina,4,Sul
4215554,Santa Helena,SC,Santa Catarina,4,Sul
4215604,Santa Rosa de Lima,SC,Santa Catarina,4,Sul
4215653,Santa Rosa do Sul,SC,Santa Catarina,4,Sul
4215679,Santa Terezinha,SC,Santa Catarina,4,Sul
4215687,Santa Terezinha do Progresso,SC,Santa Catarina,4,Sul
4215695,Santiago do Sul,SC,Santa Catarina,4,Sul
4215703,Santo Amaro da Imperatriz,SC,Santa Catarina,4,Sul
4217303,Saudades,SC,Santa Catarina,4,Sul
4217402,Schroeder,SC,Santa Catarina,4,Sul
4217501,Seara,SC,Santa Catarina,4,Sul
4217550,Serra Alta,SC,Santa Catarina,4,Sul
4217600,Siderópolis,SC,Santa Catarina,4,Sul
4217709,Sombrio,SC,Santa Catarina,4,Sul
4217758,Sul Brasil,SC,Santa Catarina,4,Sul
4215802,São Bento do Sul,SC,Santa Catarina,4,Sul
4215752,São Bernardino,SC,Santa Catarina,4,Sul
4215901,São Bonifácio,SC,Santa Catarina,4,Sul
4216008,São Carlos,SC,Santa Catarina,4,Sul
4216057,São Cristóvão do Sul,SC,Santa Catarina,4,Sul
4216107,São Domingos,SC,Santa Catarina,4,Sul
4216206,São Francisco do Sul,SC,Santa Catarina,4,Sul
4216503,São Joaquim,SC,Santa Catarina,4,Sul
4216602,São José,SC,Santa Catarina,4,Sul
4216701,São José do Cedro,SC,Santa Catarina,4,Sul
4216800,São José do Cerrito,SC,Santa Catarina,4,Sul
4216305,São João Batista,SC,Santa Catarina,4,Sul
4216354,São João do Itaperiú,SC,Santa Catarina,4,Sul
4216255,São João do Oeste,SC,Santa Catarina,4,Sul
4216404,São João do Sul,SC,Santa Catarina,4,Sul
4216909,São Lourenço do Oeste,SC,Santa Catarina,4,Sul
4217006,São Ludgero,SC,Santa Catarina,4,Sul
4217105,São Martinho,SC,Santa Catarina,4,Sul
4217154,São Miguel da Boa Vista,SC,Santa Catarina,4,Sul
4217204,São Miguel do Oeste,SC,Santa Catarina,4,Sul
4217253,São Pedro de Alcântara,SC,Santa Catarina,4,Sul
4217808,Taió,SC,Santa Catarina,4,Sul
4217907,Tangará,SC,Santa Catarina,4,Sul
4217956,Tigrinhos,SC,Santa Catarina,4,Sul
4218004,Tijucas,SC,Santa Catarina,4,Sul
4218103,Timbé do Sul,SC,Santa Catarina,4,Sul
4218202,Timbó,SC,Santa Catarina,4,Sul
4218251,Timbó Grande,SC,Santa Catarina,4,Sul
4218350,Treviso,SC,Santa Catarina,4,Sul
4218509,Treze Tílias,SC,Santa Catarina,4,Sul
4218400,Treze de Maio,SC,Santa Catarina,4,Sul
4218608,Trombudo Central,SC,Santa Catarina,4,Sul
4218301,Três Barras,SC,Santa Catarina,4,Sul
4218707,Tubarão,SC,Santa Catarina,4,Sul
4218756,Tunápolis,SC,Santa Catarina,4,Sul
4218806,Turvo,SC,Santa Catarina,4,Sul
4218855,União do Oeste,SC,Santa Catarina,4,Sul
4218905,Urubici,SC,Santa Catarina,4,Sul
4218954,Urupema,SC,Santa Catarina,4,Sul
4219002,Urussanga,SC,Santa Catarina,4,Sul
4219150,Vargem,SC,Santa Catarina,4,Sul
4219176,Vargem Bonita,SC,Santa Catarina,4,Sul
4219101,Vargeão,SC,Santa Catarina,4,Sul
4219200,Vidal Ramos,SC,Santa Catarina,4,Sul
4219309,Videira,SC,Santa Catarina,4,Sul
4219358,Vitor Meireles,SC,Santa Catarina,4,Sul
4219408,Witmarsum,SC,Santa Catarina,4,Sul
4219507,Xanxerê,SC,Santa Catarina,4,Sul
4219606,Xavantina,SC,Santa Catarina,4,Sul
4219705,Xaxim,SC,Santa Catarina,4,Sul
4219853,Zortéa,SC,Santa Catarina,4,Sul
4200408,Água Doce,SC,Santa Catarina,4,Sul
4200556,Águas Frias,SC,Santa Catarina,4,Sul
4200606,Águas Mornas,SC,Santa Catarina,4,Sul
4200507,Águas de Chapecó,SC,Santa Catarina,4,Sul
2800100,Amparo do São Francisco,SE,Sergipe,2,Nordeste
2800209,Aquidabã,SE,Sergipe,2,Nordeste
2800308,Aracaju,SE,Sergipe,2,Nordeste
2800407,Arauá,SE,Sergipe,2,Nordeste
2800506,Areia Branca,SE,Sergipe,2,Nordeste
2800605,Barra dos Coqueiros,SE,Sergipe,2,Nordeste
2800670,Boquim,SE,Sergipe,2,Nordeste
2800704,Brejo Grande,SE,Sergipe,2,Nordeste
2801009,Campo do Brito,SE,Sergipe,2,Nordeste
2801108,Canhoba,SE,Sergipe,2,Nordeste
2801207,Canindé de São Francisco,SE,Sergipe,2,Nordeste
2801306,Capela,SE,Sergipe,2,Nordeste
2801405,Carira,SE,Sergipe,2,Nordeste
2801504,Carmópolis,SE,Sergipe,2,Nordeste
2801603,Cedro de São João,SE,Sergipe,2,Nordeste
2801702,Cristinápolis,SE,Sergipe,2,Nordeste
2801900,Cumbe,SE,Sergipe,2,Nordeste
2802007,Divina Pastora,SE,Sergipe,2,Nordeste
2802106,Estância,SE,Sergipe,2,Nordeste
2802205,Feira Nova,SE,Sergipe,2,Nordeste
2802304,Frei Paulo,SE,Sergipe,2,Nordeste
2802403,Gararu,SE,Sergipe,2,Nordeste
2802502,General Maynard,SE,Sergipe,2,Nordeste
2802601,Graccho Cardoso,SE,Sergipe,2,Nordeste
2802700,Ilha das Flores,SE,Sergipe,2,Nordeste
2802809,Indiaroba,SE,Sergipe,2,Nordeste
2802908,Itabaiana,SE,Sergipe,2,Nordeste
2803005,Itabaianinha,SE,Sergipe,2,Nordeste
2803104,Itabi,SE,Sergipe,2,Nordeste
2803203,Itaporanga d'Ajuda,SE,Sergipe,2,Nordeste
2803302,Japaratuba,SE,Sergipe,2,Nordeste
2803401,Japoatã,SE,Sergipe,2,Nordeste
2803500,Lagarto,SE,Sergipe,2,Nordeste
2803609,Laranjeiras,SE,Sergipe,2,Nordeste
2803708,Macambira,SE,Sergipe,2,Nordeste
2803807,Malhada dos Bois,SE,Sergipe,2,Nordeste
2803906,Malhador,SE,Sergipe,2,Nordeste
2804003,Maruim,SE,Sergipe,2,Nordeste
2804102,Moita Bonita,SE,Sergipe,2,Nordeste
2804201,Monte Alegre de Sergipe,SE,Sergipe,2,Nordeste
2804300,Muribeca,SE,Sergipe,2,Nordeste
2804409,Neópolis,SE,Sergipe,2,Nordeste
2804458,Nossa Senhora Aparecida,SE,Sergipe,2,Nordeste
2804508,Nossa Senhora da Glória,SE,Sergipe,2,Nordeste
2804607,Nossa Senhora das Dores,SE,Sergipe,2,Nordeste
2804706,Nossa Senhora de Lourdes,SE,Sergipe,2,Nordeste
2804805,Nossa Senhora do Socorro,SE,Sergipe,2,Nordeste
2804904,Pacatuba,SE,Sergipe,2,Nordeste
2805000,Pedra Mole,SE,Sergipe,2,Nordeste
2805109,Pedrinhas,SE,Sergipe,2,Nordeste
2805208,Pinhão,SE,Sergipe,2,Nordeste
2805307,Pirambu,SE,Sergipe,2,Nordeste
2805604,Porto da Folha,SE,Sergipe,2,Nordeste
2805406,Poço Redondo,SE,Sergipe,2,Nordeste
2805505,Poço Verde,SE,Sergipe,2,Nordeste
2805703,Propriá,SE,Sergipe,2,Nordeste
2805901,Riachuelo,SE,Sergipe,2,Nordeste
2805802,Riachão do Dantas,SE,Sergipe,2,Nordeste
2806008,Ribeirópolis,SE,Sergipe,2,Nordeste
2806107,Rosário do Catete,SE,Sergipe,2,Nordeste
2806206,Salgado,SE,Sergipe,2,Nordeste
2806305,Santa Luzia do Itanhy,SE,Sergipe,2,Nordeste
2806503,Santa Rosa de Lima,SE,Sergipe,2,Nordeste
2806404,Santana do São Francisco,SE,Sergipe,2,Nordeste
2806602,Santo Amaro das Brotas,SE,Sergipe,2,Nordeste
2807105,Simão Dias,SE,Sergipe,2,Nordeste
2807204,Siriri,SE,Sergipe,2,Nordeste
2806701,São Cristóvão,SE,Sergipe,2,Nordeste
2806800,São Domingos,SE,Sergipe,2,Nordeste
2806909,São Francisco,SE,Sergipe,2,Nordeste
2807006,São Miguel do Aleixo,SE,Sergipe,2,Nordeste
2807303,Telha,SE,Sergipe,2,Nordeste
2807402,Tobias Barreto,SE,Sergipe,2,Nordeste
2807501,Tomar do Geru,SE,Sergipe,2,Nordeste
2807600,Umbaúba,SE,Sergipe,2,Nordeste
3500105,Adamantina,SP,São Paulo,3,Sudeste
3500204,Adolfo,SP,São Paulo,3,Sudeste
3500303,Aguaí,SP,São Paulo,3,Sudeste
3500709,Agudos,SP,São Paulo,3,Sudeste
3500758,Alambari,SP,São Paulo,3,Sudeste
3500808,Alfredo Marcondes,SP,São Paulo,3,Sudeste
3500907,Altair,SP,São Paulo,3,Sudeste
3501004,Altinópolis,SP,São Paulo,3,Sudeste
3501103,Alto Alegre,SP,São Paulo,3,Sudeste
3501152,Alumínio,SP,São Paulo,3,Sudeste
3501509,Alvinlândia,SP,São Paulo,3,Sudeste
3501608,Americana,SP,São Paulo,3,Sudeste
3501905,Amparo,SP,São Paulo,3,Sudeste
3501707,Américo Brasiliense,SP,São Paulo,3,Sudeste
3501806,Américo de Campos,SP,São Paulo,3,Sudeste
3502002,Analândia,SP,São Paulo,3,Sudeste
3502101,Andradina,SP,São Paulo,3,Sudeste
3502200,Angatuba,SP,São Paulo,3,Sudeste
3502309,Anhembi,SP,São Paulo,3,Sudeste
3502408,Anhumas,SP,São Paulo,3,Sudeste
3502507,Aparecida,SP,São Paulo,3,Sudeste
3502606,Aparecida d'Oeste,SP,São Paulo,3,Sudeste
3502705,Apiaí,SP,São Paulo,3,Sudeste
3503000,Aramina,SP,São Paulo,3,Sudeste
3503109,Arandu,SP,São Paulo,3,Sudeste
3503158,Arapeí,SP,São Paulo,3,Sudeste
3503208,Araraquara,SP,São Paulo,3,Sudeste
3503307,Araras,SP,São Paulo,3,Sudeste
3502754,Araçariguama,SP,São Paulo,3,Sudeste
3502804,Araçatuba,SP,São Paulo,3,Sudeste
3502903,Araçoiaba da Serra,SP,São Paulo,3,Sudeste
3503356,Arco-Íris,SP,São Paulo,3,Sudeste
3503406,Arealva,SP,São Paulo,3,Sudeste
3503505,Areias,SP,São Paulo,3,Sudeste
3503604,Areiópolis,SP,São Paulo,3,Sudeste
3503703,Ariranha,SP,São Paulo,3,Sudeste
3503802,Artur Nogueira,SP,São Paulo,3,Sudeste
3503901,Arujá,SP,São Paulo,3,Sudeste
3503950,Aspásia,SP,São Paulo,3,Sudeste
3504008,Assis,SP,São Paulo,3,Sudeste
3504107,Atibaia,SP,São Paulo,3,Sudeste
3504206,Auriflama,SP,São Paulo,3,Sudeste
3504404,Avanhandava,SP,São Paulo,3,Sudeste
3504503,Avaré,SP,São Paulo,3,Sudeste
3504305,Avaí,SP,São Paulo,3,Sudeste
3504602,Bady Bassitt,SP,São Paulo,3,Sudeste
3504701,Balbinos,SP,São Paulo,3,Sudeste
3504909,Bananal,SP,São Paulo,3,Sudeste
3505104,Barbosa,SP,São Paulo,3,Sudeste
3505203,Bariri,SP,São Paulo,3,Sudeste
3505302,Barra Bonita,SP,São Paulo,3,Sudeste
3505351,Barra do Chapéu,SP,São Paulo,3,Sudeste
3505401,Barra do Turvo,SP,São Paulo,3,Sudeste
3505500,Barretos,SP,São Paulo,3,Sudeste
3505609,Barrinha,SP,São Paulo,3,Sudeste
3505708,Barueri,SP,São Paulo,3,Sudeste
3505005,Barão de Antonina,SP,São Paulo,3,Sudeste
3505807,Bastos,SP,São Paulo,3,Sudeste
3505906,Batatais,SP,São Paulo,3,Sudeste
3506003,Bauru,SP,São Paulo,3,Sudeste
3506102,Bebedouro,SP,São Paulo,3,Sudeste
3506201,Bento de Abreu,SP,São Paulo,3,Sudeste
3506300,Bernardino de Campos,SP,São Paulo,3,Sudeste
3506359,Bertioga,SP,São Paulo,3,Sudeste
3506409,Bilac,SP,São Paulo,3,Sudeste
3506508,Birigui,SP,São Paulo,3,Sudeste
3506607,Biritiba Mirim,SP,São Paulo,3,Sudeste
3506706,Boa Esperança do Sul,SP,São Paulo,3,Sudeste
3506805,Bocaina,SP,São Paulo,3,Sudeste
3506904,Bofete,SP,São Paulo,3,Sudeste
3507001,Boituva,SP,São Paulo,3,Sudeste
3507100,Bom Jesus dos Perdões,SP,São Paulo,3,Sudeste
3507159,Bom Sucesso de Itararé,SP,São Paulo,3,Sudeste
3507308,Boracéia,SP,São Paulo,3,Sudeste
3507407,Borborema,SP,São Paulo,3,Sudeste
3507456,Borebi,SP,São Paulo,3,Sudeste
3507209,Borá,SP,São Paulo,3,Sudeste
3507506,Botucatu,SP,São Paulo,3,Sudeste
3507605,Bragança Paulista,SP,São Paulo,3,Sudeste
3507704,Braúna,SP,São Paulo,3,Sudeste
3507753,Brejo Alegre,SP,São Paulo,3,Sudeste
3507803,Brodowski,SP,São Paulo,3,Sudeste
3507902,Brotas,SP,São Paulo,3,Sudeste
3508009,Buri,SP,São Paulo,3,Sudeste
3508108,Buritama,SP,São Paulo,3,Sudeste
3508207,Buritizal,SP,São Paulo,3,Sudeste
3504800,Bálsamo,SP,São Paulo,3,Sudeste
3508405,Cabreúva,SP,São Paulo,3,Sudeste
3508306,Cabrália Paulista,SP,São Paulo,3,Sudeste
3508603,Cachoeira Paulista,SP,São Paulo,3,Sudeste
3508702,Caconde,SP,São Paulo,3,Sudeste
3508801,Cafelândia,SP,São Paulo,3,Sudeste
3508900,Caiabu,SP,São Paulo,3,Sudeste
3509007,Caieiras,SP,São Paulo,3,Sudeste
3509106,Caiuá,SP,São Paulo,3,Sudeste
3509205,Cajamar,SP,São Paulo,3,Sudeste
3509254,Cajati,SP,São Paulo,3,Sudeste
3509304,Cajobi,SP,São Paulo,3,Sudeste
3509403,Cajuru,SP,São Paulo,3,Sudeste
3509452,Campina do Monte Alegre,SP,São Paulo,3,Sudeste
3509502,Campinas,SP,São Paulo,3,Sudeste
3509601,Campo Limpo Paulista,SP,São Paulo,3,Sudeste
3509809,Campos Novos Paulista,SP,São Paulo,3,Sudeste
3509700,Campos do Jordão,SP,São Paulo,3,Sudeste
3509908,Cananéia,SP,São Paulo,3,Sudeste
3509957,Canas,SP,São Paulo,3,Sudeste
3510153,Canitar,SP,São Paulo,3,Sudeste
3510302,Capela do Alto,SP,São Paulo,3,Sudeste
3510401,Capivari,SP,São Paulo,3,Sudeste
3510203,Capão Bonito,SP,São Paulo,3,Sudeste
3510500,Caraguatatuba,SP,São Paulo,3,Sudeste
3510609,Carapicuíba,SP,São Paulo,3,Sudeste
3510708,Cardoso,SP,São Paulo,3,Sudeste
3510807,Casa Branca,SP,São Paulo,3,Sudeste
3511003,Castilho,SP,São Paulo,3,Sudeste
3511102,Catanduva,SP,São Paulo,3,Sudeste
3511201,Catiguá,SP,São Paulo,3,Sudeste
3508504,Caçapava,SP,São Paulo,3,Sudeste
3511300,Cedral,SP,São Paulo,3,Sudeste
3511409,Cerqueira César,SP,São Paulo,3,Sudeste
3511508,Cerquilho,SP,São Paulo,3,Sudeste
3511607,Cesário Lange,SP,São Paulo,3,Sudeste
3511706,Charqueada,SP,São Paulo,3,Sudeste
3557204,Chavantes,SP,São Paulo,3,Sudeste
3511904,Clementina,SP,São Paulo,3,Sudeste
3512001,Colina,SP,São Paulo,3,Sudeste
3512100,Colômbia,SP,São Paulo,3,Sudeste
3512209,Conchal,SP,São Paulo,3,Sudeste
3512308,Conchas,SP,São Paulo,3,Sudeste
3512407,Cordeirópolis,SP,São Paulo,3,Sudeste
3512506,Coroados,SP,São Paulo,3,Sudeste
3512605,Coronel Macedo,SP,São Paulo,3,Sudeste
3512704,Corumbataí,SP,São Paulo,3,Sudeste
3512902,Cosmorama,SP,São Paulo,3,Sudeste
3512803,Cosmópolis,SP,São Paulo,3,Sudeste
3513009,Cotia,SP,São Paulo,3,Sudeste
3513108,Cravinhos,SP,São Paulo,3,Sudeste
3513207,Cristais Paulista,SP,São Paulo,3,Sudeste
3513405,Cruzeiro,SP,São Paulo,3,Sudeste
3513306,Cruzália,SP,São Paulo,3,Sudeste
3513504,Cubatão,SP,São Paulo,3,Sudeste
3513603,Cunha,SP,São Paulo,3,Sudeste
3510906,Cássia dos Coqueiros,SP,São Paulo,3,Sudeste
3510005,Cândido Mota,SP,São Paulo,3,Sudeste
3510104,Cândido Rodrigues,SP,São Paulo,3,Sudeste
3513702,Descalvado,SP,São Paulo,3,Sudeste
3513801,Diadema,SP,São Paulo,3,Sudeste
3513850,Dirce Reis,SP,São Paulo,3,Sudeste
3513900,Divinolândia,SP,São Paulo,3,Sudeste
3514007,Dobrada,SP,São Paulo,3,Sudeste
3514106,Dois Córregos,SP,São Paulo,3,Sudeste
3514205,Dolcinópolis,SP,São Paulo,3,Sudeste
3514304,Dourado,SP,São Paulo,3,Sudeste
3514403,Dracena,SP,São Paulo,3,Sudeste
3514502,Duartina,SP,São Paulo,3,Sudeste
3514601,Dumont,SP,São Paulo,3,Sudeste
3514700,Echaporã,SP,São Paulo,3,Sudeste
3514809,Eldorado,SP,São Paulo,3,Sudeste
3514908,Elias Fausto,SP,São Paulo,3,Sudeste
3514924,Elisiário,SP,São Paulo,3,Sudeste
3514957,Embaúba,SP,São Paulo,3,Sudeste
3515004,Embu das Artes,SP,São Paulo,3,Sudeste
3515103,Embu-Guaçu,SP,São Paulo,3,Sudeste
3515129,Emilianópolis,SP,São Paulo,3,Sudeste
3515152,Engenheiro Coelho,SP,São Paulo,3,Sudeste
3515186,Espírito Santo do Pinhal,SP,São Paulo,3,Sudeste
3515194,Espírito Santo do Turvo,SP,São Paulo,3,Sudeste
3557303,Estiva Gerbi,SP,São Paulo,3,Sudeste
3515202,Estrela d'Oeste,SP,São Paulo,3,Sudeste
3515301,Estrela do Norte,SP,São Paulo,3,Sudeste
3515350,Euclides da Cunha Paulista,SP,São Paulo,3,Sudeste
3515400,Fartura,SP,São Paulo,3,Sudeste
3515608,Fernando Prestes,SP,São Paulo,3,Sudeste
3515509,Fernandópolis,SP,São Paulo,3,Sudeste
3515657,Fernão,SP,São Paulo,3,Sudeste
3515707,Ferraz de Vasconcelos,SP,São Paulo,3,Sudeste
3515806,Flora Rica,SP,São Paulo,3,Sudeste
3515905,Floreal,SP,São Paulo,3,Sudeste
3516101,Florínea,SP,São Paulo,3,Sudeste
3516002,Flórida Paulista,SP,São Paulo,3,Sudeste
3516200,Franca,SP,São Paulo,3,Sudeste
3516309,Francisco Morato,SP,São Paulo,3,Sudeste
3516408,Franco da Rocha,SP,São Paulo,3,Sudeste
3516507,Gabriel Monteiro,SP,São Paulo,3,Sudeste
3516705,Garça,SP,São Paulo,3,Sudeste
3516804,Gastão Vidigal,SP,São Paulo,3,Sudeste
3516853,Gavião Peixoto,SP,São Paulo,3,Sudeste
3516903,General Salgado,SP,São Paulo,3,Sudeste
3517000,Getulina,SP,São Paulo,3,Sudeste
3517109,Glicério,SP,São Paulo,3,Sudeste
3517307,Guaimbê,SP,São Paulo,3,Sudeste
3517208,Guaiçara,SP,São Paulo,3,Sudeste
3517604,Guapiara,SP,São Paulo,3,Sudeste
3517505,Guapiaçu,SP,São Paulo,3,Sudeste
3517901,Guaraci,SP,São Paulo,3,Sudeste
3518008,Guarani d'Oeste,SP,São Paulo,3,Sudeste
3518107,Guarantã,SP,São Paulo,3,Sudeste
3518206,Guararapes,SP,São Paulo,3,Sudeste
3518305,Guararema,SP,São Paulo,3,Sudeste
3518404,Guaratinguetá,SP,São Paulo,3,Sudeste
3517802,Guaraçaí,SP,São Paulo,3,Sudeste
3518503,Guareí,SP,São Paulo,3,Sudeste
3518602,Guariba,SP,São Paulo,3,Sudeste
3518701,Guarujá,SP,São Paulo,3,Sudeste
3518800,Guarulhos,SP,São Paulo,3,Sudeste
3517703,Guará,SP,São Paulo,3,Sudeste
3518859,Guatapará,SP,São Paulo,3,Sudeste
3517406,Guaíra,SP,São Paulo,3,Sudeste
3518909,Guzolândia,SP,São Paulo,3,Sudeste
3516606,Gália,SP,São Paulo,3,Sudeste
3519006,Herculândia,SP,São Paulo,3,Sudeste
3519055,Holambra,SP,São Paulo,3,Sudeste
3519071,Hortolândia,SP,São Paulo,3,Sudeste
3519105,Iacanga,SP,São Paulo,3,Sudeste
3519204,Iacri,SP,São Paulo,3,Sudeste
3519253,Iaras,SP,São Paulo,3,Sudeste
3519303,Ibaté,SP,São Paulo,3,Sudeste
3519501,Ibirarema,SP,São Paulo,3,Sudeste
3519402,Ibirá,SP,São Paulo,3,Sudeste
3519600,Ibitinga,SP,São Paulo,3,Sudeste
3519709,Ibiúna,SP,São Paulo,3,Sudeste
3519808,Icém,SP,São Paulo,3,Sudeste
3519907,Iepê,SP,São Paulo,3,Sudeste
3520103,Igarapava,SP,São Paulo,3,Sudeste
3520202,Igaratá,SP,São Paulo,3,Sudeste
3520004,Igaraçu do Tietê,SP,São Paulo,3,Sudeste
3520301,Iguape,SP,São Paulo,3,Sudeste
3520426,Ilha Comprida,SP,São Paulo,3,Sudeste
3520442,Ilha Solteira,SP,São Paulo,3,Sudeste
3520400,Ilhabela,SP,São Paulo,3,Sudeste
3520509,Indaiatuba,SP,São Paulo,3,Sudeste
3520608,Indiana,SP,São Paulo,3,Sudeste
3520707,Indiaporã,SP,São Paulo,3,Sudeste
3520806,Inúbia Paulista,SP,São Paulo,3,Sudeste
3520905,Ipaussu,SP,São Paulo,3,Sudeste
3521002,Iperó,SP,São Paulo,3,Sudeste
3521101,Ipeúna,SP,São Paulo,3,Sudeste
3521150,Ipiguá,SP,São Paulo,3,Sudeste
3521200,Iporanga,SP,São Paulo,3,Sudeste
3521309,Ipuã,SP,São Paulo,3,Sudeste
3521408,Iracemápolis,SP,São Paulo,3,Sudeste
3521606,Irapuru,SP,São Paulo,3,Sudeste
3521507,Irapuã,SP,São Paulo,3,Sudeste
3521705,Itaberá,SP,São Paulo,3,Sudeste
3521903,Itajobi,SP,São Paulo,3,Sudeste
3522000,Itaju,SP,São Paulo,3,Sudeste
3522109,Itanhaém,SP,São Paulo,3,Sudeste
3522158,Itaoca,SP,São Paulo,3,Sudeste
3522208,Itapecerica da Serra,SP,São Paulo,3,Sudeste
3522307,Itapetininga,SP,São Paulo,3,Sudeste
3522406,Itapeva,SP,São Paulo,3,Sudeste
3522505,Itapevi,SP,São Paulo,3,Sudeste
3522604,Itapira,SP,São Paulo,3,Sudeste
3522653,Itapirapuã Paulista,SP,São Paulo,3,Sudeste
3522802,Itaporanga,SP,São Paulo,3,Sudeste
3523008,Itapura,SP,São Paulo,3,Sudeste
3522901,Itapuí,SP,São Paulo,3,Sudeste
3523107,Itaquaquecetuba,SP,São Paulo,3,Sudeste
3523206,Itararé,SP,São Paulo,3,Sudeste
3523305,Itariri,SP,São Paulo,3,Sudeste
3523404,Itatiba,SP,São Paulo,3,Sudeste
3523503,Itatinga,SP,São Paulo,3,Sudeste
3521804,Itaí,SP,São Paulo,3,Sudeste
3523602,Itirapina,SP,São Paulo,3,Sudeste
3523701,Itirapuã,SP,São Paulo,3,Sudeste
3523800,Itobi,SP,São Paulo,3,Sudeste
3523909,Itu,SP,São Paulo,3,Sudeste
3524006,Itupeva,SP,São Paulo,3,Sudeste
3524105,Ituverava,SP,São Paulo,3,Sudeste
3522703,Itápolis,SP,São Paulo,3,Sudeste
3524204,Jaborandi,SP,São Paulo,3,Sudeste
3524303,Jaboticabal,SP,São Paulo,3,Sudeste
3524402,Jacareí,SP,São Paulo,3,Sudeste
3524501,Jaci,SP,São Paulo,3,Sudeste
3524600,Jacupiranga,SP,São Paulo,3,Sudeste
3524709,Jaguariúna,SP,São Paulo,3,Sudeste
3524808,Jales,SP,São Paulo,3,Sudeste
3524907,Jambeiro,SP,São Paulo,3,Sudeste
3525003,Jandira,SP,São Paulo,3,Sudeste
3525102,Jardinópolis,SP,São Paulo,3,Sudeste
3525201,Jarinu,SP,São Paulo,3,Sudeste
3525300,Jaú,SP,São Paulo,3,Sudeste
3525409,Jeriquara,SP,São Paulo,3,Sudeste
3525508,Joanópolis,SP,São Paulo,3,Sudeste
3525706,José Bonifácio,SP,São Paulo,3,Sudeste
3525607,João Ramalho,SP,São Paulo,3,Sudeste
3525854,Jumirim,SP,São Paulo,3,Sudeste
3525904,Jundiaí,SP,São Paulo,3,Sudeste
3526001,Junqueirópolis,SP,São Paulo,3,Sudeste
3526209,Juquitiba,SP,São Paulo,3,Sudeste
3526100,Juquiá,SP,São Paulo,3,Sudeste
3525805,Júlio Mesquita,SP,São Paulo,3,Sudeste
3526308,Lagoinha,SP,São Paulo,3,Sudeste
3526407,Laranjal Paulista,SP,São Paulo,3,Sudeste
3526605,Lavrinhas,SP,São Paulo,3,Sudeste
3526506,Lavínia,SP,São Paulo,3,Sudeste
3526704,Leme,SP,São Paulo,3,Sudeste
3526803,Lençóis Paulista,SP,São Paulo,3,Sudeste
3526902,Limeira,SP,São Paulo,3,Sudeste
3527009,Lindóia,SP,São Paulo,3,Sudeste
3527108,Lins,SP,São Paulo,3,Sudeste
3527207,Lorena,SP,São Paulo,3,Sudeste
3527256,Lourdes,SP,São Paulo,3,Sudeste
3527306,Louveira,SP,São Paulo,3,Sudeste
3527504,Lucianópolis,SP,São Paulo,3,Sudeste
3527405,Lucélia,SP,São Paulo,3,Sudeste
3527702,Luiziânia,SP,São Paulo,3,Sudeste
3527801,Lupércio,SP,São Paulo,3,Sudeste
3527900,Lutécia,SP,São Paulo,3,Sudeste
3527603,Luís Antônio,SP,São Paulo,3,Sudeste
3528007,Macatuba,SP,São Paulo,3,Sudeste
3528106,Macaubal,SP,São Paulo,3,Sudeste
3528205,Macedônia,SP,São Paulo,3,Sudeste
3528304,Magda,SP,São Paulo,3,Sudeste
3528403,Mairinque,SP,São Paulo,3,Sudeste
3528502,Mairiporã,SP,São Paulo,3,Sudeste
3528601,Manduri,SP,São Paulo,3,Sudeste
3528700,Marabá Paulista,SP,São Paulo,3,Sudeste
3528809,Maracaí,SP,São Paulo,3,Sudeste
3528858,Marapoama,SP,São Paulo,3,Sudeste
3529104,Marinópolis,SP,São Paulo,3,Sudeste
3528908,Mariápolis,SP,São Paulo,3,Sudeste
3529203,Martinópolis,SP,São Paulo,3,Sudeste
3529005,Marília,SP,São Paulo,3,Sudeste
3529302,Matão,SP,São Paulo,3,Sudeste
3529401,Mauá,SP,São Paulo,3,Sudeste
3529500,Mendonça,SP,São Paulo,3,Sudeste
3529609,Meridiano,SP,São Paulo,3,Sudeste
3529658,Mesópolis,SP,São Paulo,3,Sudeste
3529708,Miguelópolis,SP,São Paulo,3,Sudeste
3529807,Mineiros do Tietê,SP,São Paulo,3,Sudeste
3530003,Mira Estrela,SP,São Paulo,3,Sudeste
3529906,Miracatu,SP,São Paulo,3,Sudeste
3530102,Mirandópolis,SP,São Paulo,3,Sudeste
3530201,Mirante do Paranapanema,SP,São Paulo,3,Sudeste
3530300,Mirassol,SP,São Paulo,3,Sudeste
3530409,Mirassolândia,SP,São Paulo,3,Sudeste
3530508,Mococa,SP,São Paulo,3,Sudeste
3530706,Mogi Guaçu,SP,São Paulo,3,Sudeste
3530805,Mogi Mirim,SP,São Paulo,3,Sudeste
3530607,Mogi das Cruzes,SP,São Paulo,3,Sudeste
3530904,Mombuca,SP,São Paulo,3,Sudeste
3531100,Mongaguá,SP,São Paulo,3,Sudeste
3531209,Monte Alegre do Sul,SP,São Paulo,3,Sudeste
3531308,Monte Alto,SP,São Paulo,3,Sudeste
3531407,Monte Aprazível,SP,São Paulo,3,Sudeste
3531506,Monte Azul Paulista,SP,São Paulo,3,Sudeste
3531605,Monte Castelo,SP,São Paulo,3,Sudeste
3531803,Monte Mor,SP,São Paulo,3,Sudeste
3531704,Monteiro Lobato,SP,São Paulo,3,Sudeste
3531001,Monções,SP,São Paulo,3,Sudeste
3531902,Morro Agudo,SP,São Paulo,3,Sudeste
3532009,Morungaba,SP,São Paulo,3,Sudeste
3532058,Motuca,SP,São Paulo,3,Sudeste
3532108,Murutinga do Sul,SP,São Paulo,3,Sudeste
3532157,Nantes,SP,São Paulo,3,Sudeste
3532207,Narandiba,SP,São Paulo,3,Sudeste
3532306,Natividade da Serra,SP,São Paulo,3,Sudeste
3532405,Nazaré Paulista,SP,São Paulo,3,Sudeste
3532504,Neves Paulista,SP,São Paulo,3,Sudeste
3532603,Nhandeara,SP,São Paulo,3,Sudeste
3532702,Nipoã,SP,São Paulo,3,Sudeste
3532801,Nova Aliança,SP,São Paulo,3,Sudeste
3532827,Nova Campina,SP,São Paulo,3,Sudeste
3532843,Nova Canaã Paulista,SP,São Paulo,3,Sudeste
3532868,Nova Castilho,SP,São Paulo,3,Sudeste
3532900,Nova Europa,SP,São Paulo,3,Sudeste
3533007,Nova Granada,SP,São Paulo,3,Sudeste
3533106,Nova Guataporanga,SP,São Paulo,3,Sudeste
3533205,Nova Independência,SP,São Paulo,3,Sudeste
3533304,Nova Luzitânia,SP,São Paulo,3,Sudeste
3533403,Nova Odessa,SP,São Paulo,3,Sudeste
3533254,Novais,SP,São Paulo,3,Sudeste
3533502,Novo Horizonte,SP,São Paulo,3,Sudeste
3533601,Nuporanga,SP,São Paulo,3,Sudeste
3533700,Ocauçu,SP,São Paulo,3,Sudeste
3533908,Olímpia,SP,São Paulo,3,Sudeste
3534005,Onda Verde,SP,São Paulo,3,Sudeste
3534104,Oriente,SP,São Paulo,3,Sudeste
3534203,Orindiúva,SP,São Paulo,3,Sudeste
3534302,Orlândia,SP,São Paulo,3,Sudeste
3534401,Osasco,SP,São Paulo,3,Sudeste
3534500,Oscar Bressane,SP,São Paulo,3,Sudeste
3534609,Osvaldo Cruz,SP,São Paulo,3,Sudeste
3534708,Ourinhos,SP,São Paulo,3,Sudeste
3534807,Ouro Verde,SP,São Paulo,3,Sudeste
3534757,Ouroeste,SP,São Paulo,3,Sudeste
3534906,Pacaembu,SP,São Paulo,3,Sudeste
3535002,Palestina,SP,São Paulo,3,Sudeste
3535101,Palmares Paulista,SP,São Paulo,3,Sudeste
3535200,Palmeira d'Oeste,SP,São Paulo,3,Sudeste
3535309,Palmital,SP,São Paulo,3,Sudeste
3535408,Panorama,SP,São Paulo,3,Sudeste
3535507,Paraguaçu Paulista,SP,São Paulo,3,Sudeste
3535606,Paraibuna,SP,São Paulo,3,Sudeste
3535804,Paranapanema,SP,São Paulo,3,Sudeste
3535903,Paranapuã,SP,São Paulo,3,Sudeste
3536000,Parapuã,SP,São Paulo,3,Sudeste
3535705,Paraíso,SP,São Paulo,3,Sudeste
3536109,Pardinho,SP,São Paulo,3,Sudeste
3536208,Pariquera-Açu,SP,São Paulo,3,Sudeste
3536257,Parisi,SP,São Paulo,3,Sudeste
3536307,Patrocínio Paulista,SP,São Paulo,3,Sudeste
3536406,Paulicéia,SP,São Paulo,3,Sudeste
3536570,Paulistânia,SP,São Paulo,3,Sudeste
3536604,Paulo de Faria,SP,São Paulo,3,Sudeste
3536505,Paulínia,SP,São Paulo,3,Sudeste
3536703,Pederneiras,SP,São Paulo,3,Sudeste
3536802,Pedra Bela,SP,São Paulo,3,Sudeste
3536901,Pedranópolis,SP,São Paulo,3,Sudeste
3537008,Pedregulho,SP,São Paulo,3,Sudeste
3537107,Pedreira,SP,São Paulo,3,Sudeste
3537156,Pedrinhas Paulista,SP,São Paulo,3,Sudeste
3537206,Pedro de Toledo,SP,São Paulo,3,Sudeste
3537305,Penápolis,SP,São Paulo,3,Sudeste
3537404,Pereira Barreto,SP,São Paulo,3,Sudeste
3537503,Pereiras,SP,São Paulo,3,Sudeste
3537602,Peruíbe,SP,São Paulo,3,Sudeste
3537701,Piacatu,SP,São Paulo,3,Sudeste
3537800,Piedade,SP,São Paulo,3,Sudeste
3537909,Pilar do Sul,SP,São Paulo,3,Sudeste
3538006,Pindamonhangaba,SP,São Paulo,3,Sudeste
3538105,Pindorama,SP,São Paulo,3,Sudeste
3538204,Pinhalzinho,SP,São Paulo,3,Sudeste
3538303,Piquerobi,SP,São Paulo,3,Sudeste
3538501,Piquete,SP,São Paulo,3,Sudeste
3538600,Piracaia,SP,São Paulo,3,Sudeste
3538709,Piracicaba,SP,São Paulo,3,Sudeste
3538808,Piraju,SP,São Paulo,3,Sudeste
3538907,Pirajuí,SP,São Paulo,3,Sudeste
3539004,Pirangi,SP,São Paulo,3,Sudeste
3539103,Pirapora do Bom Jesus,SP,São Paulo,3,Sudeste
3539202,Pirapozinho,SP,São Paulo,3,Sudeste
3539301,Pirassununga,SP,São Paulo,3,Sudeste
3539400,Piratininga,SP,São Paulo,3,Sudeste
3539509,Pitangueiras,SP,São Paulo,3,Sudeste
3539608,Planalto,SP,São Paulo,3,Sudeste
3539707,Platina,SP,São Paulo,3,Sudeste
3539905,Poloni,SP,São Paulo,3,Sudeste
3540002,Pompéia,SP,São Paulo,3,Sudeste
3540101,Pongaí,SP,São Paulo,3,Sudeste
3540200,Pontal,SP,São Paulo,3,Sudeste
3540259,Pontalinda,SP,São Paulo,3,Sudeste
3540309,Pontes Gestal,SP,São Paulo,3,Sudeste
3540408,Populina,SP,São Paulo,3,Sudeste
3540507,Porangaba,SP,São Paulo,3,Sudeste
3540606,Porto Feliz,SP,São Paulo,3,Sudeste
3540705,Porto Ferreira,SP,São Paulo,3,Sudeste
3540754,Potim,SP,São Paulo,3,Sudeste
3540804,Potirendaba,SP,São Paulo,3,Sudeste
3539806,Poá,SP,São Paulo,3,Sudeste
3540853,Pracinha,SP,São Paulo,3,Sudeste
3540903,Pradópolis,SP,São Paulo,3,Sudeste
3541000,Praia Grande,SP,São Paulo,3,Sudeste
3541059,Pratânia,SP,São Paulo,3,Sudeste
3541109,Presidente Alves,SP,São Paulo,3,Sudeste
3541208,Presidente Bernardes,SP,São Paulo,3,Sudeste
3541307,Presidente Epitácio,SP,São Paulo,3,Sudeste
3541406,Presidente Prudente,SP,São Paulo,3,Sudeste
3541505,Presidente Venceslau,SP,São Paulo,3,Sudeste
3541604,Promissão,SP,São Paulo,3,Sudeste
3541653,Quadra,SP,São Paulo,3,Sudeste
3541703,Quatá,SP,São Paulo,3,Sudeste
3541802,Queiroz,SP,São Paulo,3,Sudeste
3541901,Queluz,SP,São Paulo,3,Sudeste
3542008,Quintana,SP,São Paulo,3,Sudeste
3542107,Rafard,SP,São Paulo,3,Sudeste
3542206,Rancharia,SP,São Paulo,3,Sudeste
3542305,Redenção da Serra,SP,São Paulo,3,Sudeste
3542404,Regente Feijó,SP,São Paulo,3,Sudeste
3542503,Reginópolis,SP,São Paulo,3,Sudeste
3542602,Registro,SP,São Paulo,3,Sudeste
3542701,Restinga,SP,São Paulo,3,Sudeste
3542800,Ribeira,SP,São Paulo,3,Sudeste
3542909,Ribeirão Bonito,SP,São Paulo,3,Sudeste
3543006,Ribeirão Branco,SP,São Paulo,3,Sudeste
3543105,Ribeirão Corrente,SP,São Paulo,3,Sudeste
3543253,Ribeirão Grande,SP,São Paulo,3,Sudeste
3543303,Ribeirão Pires,SP,São Paulo,3,Sudeste
3543402,Ribeirão Preto,SP,São Paulo,3,Sudeste
3543204,Ribeirão do Sul,SP,São Paulo,3,Sudeste
3543238,Ribeirão dos Índios,SP,São Paulo,3,Sudeste
3543600,Rifaina,SP,São Paulo,3,Sudeste
3543709,Rincão,SP,São Paulo,3,Sudeste
3543808,Rinópolis,SP,São Paulo,3,Sudeste
3543907,Rio Claro,SP,São Paulo,3,Sudeste
3544103,Rio Grande da Serra,SP,São Paulo,3,Sudeste
3544004,Rio das Pedras,SP,São Paulo,3,Sudeste
3544202,Riolândia,SP,São Paulo,3,Sudeste
3543501,Riversul,SP,São Paulo,3,Sudeste
3544251,Rosana,SP,São Paulo,3,Sudeste
3544301,Roseira,SP,São Paulo,3,Sudeste
3544509,Rubinéia,SP,São Paulo,3,Sudeste
3544400,Rubiácea,SP,São Paulo,3,Sudeste
3544608,Sabino,SP,São Paulo,3,Sudeste
3544707,Sagres,SP,São Paulo,3,Sudeste
3544806,Sales,SP,São Paulo,3,Sudeste
3544905,Sales Oliveira,SP,São Paulo,3,Sudeste
3545001,Salesópolis,SP,São Paulo,3,Sudeste
3545100,Salmourão,SP,São Paulo,3,Sudeste
3545159,Saltinho,SP,São Paulo,3,Sudeste
3545209,Salto,SP,São Paulo,3,Sudeste
3545407,Salto Grande,SP,São Paulo,3,Sudeste
3545308,Salto de Pirapora,SP,São Paulo,3,Sudeste
3545506,Sandovalina,SP,São Paulo,3,Sudeste
3545605,Santa Adélia,SP,São Paulo,3,Sudeste
3545704,Santa Albertina,SP,São Paulo,3,Sudeste
3546009,Santa Branca,SP,São Paulo,3,Sudeste
3545803,Santa Bárbara d'Oeste,SP,São Paulo,3,Sudeste
3546108,Santa Clara d'Oeste,SP,São Paulo,3,Sudeste
3546207,Santa Cruz da Conceição,SP,São Paulo,3,Sudeste
3546256,Santa Cruz da Esperança,SP,São Paulo,3,Sudeste
3546306,Santa Cruz das Palmeiras,SP,São Paulo,3,Sudeste
3546405,Santa Cruz do Rio Pardo,SP,São Paulo,3,Sudeste
3546504,Santa Ernestina,SP,São Paulo,3,Sudeste
3546603,Santa Fé do Sul,SP,São Paulo,3,Sudeste
3546702,Santa Gertrudes,SP,São Paulo,3,Sudeste
3546801,Santa Isabel,SP,São Paulo,3,Sudeste
3546900,Santa Lúcia,SP,São Paulo,3,Sudeste
3547007,Santa Maria da Serra,SP,São Paulo,3,Sudeste
3547106,Santa Mercedes,SP,São Paulo,3,Sudeste
3547403,Santa Rita d'Oeste,SP,São Paulo,3,Sudeste
3547502,Santa Rita do Passa Quatro,SP,São Paulo,3,Sudeste
3547601,Santa Rosa de Viterbo,SP,São Paulo,3,Sudeste
3547650,Santa Salete,SP,São Paulo,3,Sudeste
3547205,Santana da Ponte Pensa,SP,São Paulo,3,Sudeste
3547304,Santana de Parnaíba,SP,São Paulo,3,Sudeste
3547700,Santo Anastácio,SP,São Paulo,3,Sudeste
3547809,Santo André,SP,São Paulo,3,Sudeste
3547908,Santo Antônio da Alegria,SP,São Paulo,3,Sudeste
3548005,Santo Antônio de Posse,SP,São Paulo,3,Sudeste
3548054,Santo Antônio do Aracanguá,SP,São Paulo,3,Sudeste
3548104,Santo Antônio do Jardim,SP,São Paulo,3,Sudeste
3548203,Santo Antônio do Pinhal,SP,São Paulo,3,Sudeste
3548302,Santo Expedito,SP,São Paulo,3,Sudeste
3548500,Santos,SP,São Paulo,3,Sudeste
3548401,Santópolis do Aguapeí,SP,São Paulo,3,Sudeste
3551108,Sarapuí,SP,São Paulo,3,Sudeste
3551207,Sarutaiá,SP,São Paulo,3,Sudeste
3551306,Sebastianópolis do Sul,SP,São Paulo,3,Sudeste
3551405,Serra Azul,SP,São Paulo,3,Sudeste
3551603,Serra Negra,SP,São Paulo,3,Sudeste
3551504,Serrana,SP,São Paulo,3,Sudeste
3551702,Sertãozinho,SP,São Paulo,3,Sudeste
3551801,Sete Barras,SP,São Paulo,3,Sudeste
3551900,Severínia,SP,São Paulo,3,Sudeste
3552007,Silveiras,SP,São Paulo,3,Sudeste
3552106,Socorro,SP,São Paulo,3,Sudeste
3552205,Sorocaba,SP,São Paulo,3,Sudeste
3552304,Sud Mennucci,SP,São Paulo,3,Sudeste
3552403,Sumaré,SP,São Paulo,3,Sudeste
3552502,Suzano,SP,São Paulo,3,Sudeste
3552551,Suzanápolis,SP,São Paulo,3,Sudeste
3548609,São Bento do Sapucaí,SP,São Paulo,3,Sudeste
3548708,São Bernardo do Campo,SP,São Paulo,3,Sudeste
3548807,São Caetano do Sul,SP,São Paulo,3,Sudeste
3548906,São Carlos,SP,São Paulo,3,Sudeste
3549003,São Francisco,SP,São Paulo,3,Sudeste
3549409,São Joaquim da Barra,SP,São Paulo,3,Sudeste
3549508,São José da Bela Vista,SP,São Paulo,3,Sudeste
3549607,São José do Barreiro,SP,São Paulo,3,Sudeste
3549706,São José do Rio Pardo,SP,São Paulo,3,Sudeste
3549805,São José do Rio Preto,SP,São Paulo,3,Sudeste
3549904,São José dos Campos,SP,São Paulo,3,Sudeste
3549102,São João da Boa Vista,SP,São Paulo,3,Sudeste
3549201,São João das Duas Pontes,SP,São Paulo,3,Sudeste
3549250,São João de Iracema,SP,São Paulo,3,Sudeste
3549300,São João do Pau d'Alho,SP,São Paulo,3,Sudeste
3549953,São Lourenço da Serra,SP,São Paulo,3,Sudeste
3550001,São Luiz do Paraitinga,SP,São Paulo,3,Sudeste
3550100,São Manuel,SP,São Paulo,3,Sudeste
3550209,São Miguel Arcanjo,SP,São Paulo,3,Sudeste
3550308,São Paulo,SP,São Paulo,3,Sudeste
3550407,São Pedro,SP,São Paulo,3,Sudeste
3550506,São Pedro do Turvo,SP,São Paulo,3,Sudeste
3550605,São Roque,SP,São Paulo,3,Sudeste
3550704,São Sebastião,SP,São Paulo,3,Sudeste
3550803,São Sebastião da Grama,SP,São Paulo,3,Sudeste
3550902,São Simão,SP,São Paulo,3,Sudeste
3551009,São Vicente,SP,São Paulo,3,Sudeste
3552601,Tabapuã,SP,São Paulo,3,Sudeste
3552700,Tabatinga,SP,São Paulo,3,Sudeste
3552809,Taboão da Serra,SP,São Paulo,3,Sudeste
3552908,Taciba,SP,São Paulo,3,Sudeste
3553005,Taguaí,SP,São Paulo,3,Sudeste
3553104,Taiaçu,SP,São Paulo,3,Sudeste
3553203,Taiúva,SP,São Paulo,3,Sudeste
3553302,Tambaú,SP,São Paulo,3,Sudeste
3553401,Tanabi,SP,São Paulo,3,Sudeste
3553609,Tapiratiba,SP,São Paulo,3,Sudeste
3553500,Tapiraí,SP,São Paulo,3,Sudeste
3553658,Taquaral,SP,São Paulo,3,Sudeste
3553708,Taquaritinga,SP,São Paulo,3,Sudeste
3553807,Taquarituba,SP,São Paulo,3,Sudeste
3553856,Taquarivaí,SP,São Paulo,3,Sudeste
3553906,Tarabai,SP,São Paulo,3,Sudeste
3553955,Tarumã,SP,São Paulo,3,Sudeste
3554003,Tatuí,SP,São Paulo,3,Sudeste
3554102,Taubaté,SP,São Paulo,3,Sudeste
3554201,Tejupá,SP,São Paulo,3,Sudeste
3554300,Teodoro Sampaio,SP,São Paulo,3,Sudeste
3554409,Terra Roxa,SP,São Paulo,3,Sudeste
3554508,Tietê,SP,São Paulo,3,Sudeste
3554607,Timburi,SP,São Paulo,3,Sudeste
3554656,Torre de Pedra,SP,São Paulo,3,Sudeste
3554706,Torrinha,SP,São Paulo,3,Sudeste
3554755,Trabiju,SP,São Paulo,3,Sudeste
3554805,Tremembé,SP,São Paulo,3,Sudeste
3554904,Três Fronteiras,SP,São Paulo,3,Sudeste
3554953,Tuiuti,SP,São Paulo,3,Sudeste
3555109,Tupi Paulista,SP,São Paulo,3,Sudeste
3555000,Tupã,SP,São Paulo,3,Sudeste
3555208,Turiúba,SP,São Paulo,3,Sudeste
3555307,Turmalina,SP,São Paulo,3,Sudeste
3555356,Ubarana,SP,São Paulo,3,Sudeste
3555406,Ubatuba,SP,São Paulo,3,Sudeste
3555505,Ubirajara,SP,São Paulo,3,Sudeste
3555604,Uchoa,SP,São Paulo,3,Sudeste
3555703,União Paulista,SP,São Paulo,3,Sudeste
3555901,Uru,SP,São Paulo,3,Sudeste
3556008,Urupês,SP,São Paulo,3,Sudeste
3555802,Urânia,SP,São Paulo,3,Sudeste
3556107,Valentim Gentil,SP,São Paulo,3,Sudeste
3556206,Valinhos,SP,São Paulo,3,Sudeste
3556305,Valparaíso,SP,São Paulo,3,Sudeste
3556354,Vargem,SP,São Paulo,3,Sudeste
3556453,Vargem Grande Paulista,SP,São Paulo,3,Sudeste
3556404,Vargem Grande do Sul,SP,São Paulo,3,Sudeste
3556602,Vera Cruz,SP,São Paulo,3,Sudeste
3556701,Vinhedo,SP,São Paulo,3,Sudeste
3556800,Viradouro,SP,São Paulo,3,Sudeste
3556909,Vista Alegre do Alto,SP,São Paulo,3,Sudeste
3556958,Vitória Brasil,SP,São Paulo,3,Sudeste
3557006,Votorantim,SP,São Paulo,3,Sudeste
3557105,Votuporanga,SP,São Paulo,3,Sudeste
3556503,Várzea Paulista,SP,São Paulo,3,Sudeste
3557154,Zacarias,SP,São Paulo,3,Sudeste
3500402,Águas da Prata,SP,São Paulo,3,Sudeste
3500501,Águas de Lindóia,SP,São Paulo,3,Sudeste
3500550,Águas de Santa Bárbara,SP,São Paulo,3,Sudeste
3500600,Águas de São Pedro,SP,São Paulo,3,Sudeste
3501202,Álvares Florence,SP,São Paulo,3,Sudeste
3501301,Álvares Machado,SP,São Paulo,3,Sudeste
3501400,Álvaro de Carvalho,SP,São Paulo,3,Sudeste
3533809,Óleo,SP,São Paulo,3,Sudeste
1700251,Abreulândia,TO,Tocantins,1,Norte
1700301,Aguiarnópolis,TO,Tocantins,1,Norte
1700350,Aliança do Tocantins,TO,Tocantins,1,Norte
1700400,Almas,TO,Tocantins,1,Norte
1700707,Alvorada,TO,Tocantins,1,Norte
1701002,Ananás,TO,Tocantins,1,Norte
1701051,Angico,TO,Tocantins,1,Norte
1701101,Aparecida do Rio Negro,TO,Tocantins,1,Norte
1701309,Aragominas,TO,Tocantins,1,Norte
1701903,Araguacema,TO,Tocantins,1,Norte
1702158,Araguanã,TO,Tocantins,1,Norte
1702208,Araguatins,TO,Tocantins,1,Norte
1702000,Araguaçu,TO,Tocantins,1,Norte
1702109,Araguaína,TO,Tocantins,1,Norte
1702307,Arapoema,TO,Tocantins,1,Norte
1702406,Arraias,TO,Tocantins,1,Norte
1702554,Augustinópolis,TO,Tocantins,1,Norte
1702703,Aurora do Tocantins,TO,Tocantins,1,Norte
1702901,Axixá do Tocantins,TO,Tocantins,1,Norte
1703008,Babaçulândia,TO,Tocantins,1,Norte
1703057,Bandeirantes do Tocantins,TO,Tocantins,1,Norte
1703073,Barra do Ouro,TO,Tocantins,1,Norte
1703107,Barrolândia,TO,Tocantins,1,Norte
1703206,Bernardo Sayão,TO,Tocantins,1,Norte
1703305,Bom Jesus do Tocantins,TO,Tocantins,1,Norte
1703602,Brasilândia do Tocantins,TO,Tocantins,1,Norte
1703701,Brejinho de Nazaré,TO,Tocantins,1,Norte
1703800,Buriti do Tocantins,TO,Tocantins,1,Norte
1703826,Cachoeirinha,TO,Tocantins,1,Norte
1703842,Campos Lindos,TO,Tocantins,1,Norte
1703867,Cariri do Tocantins,TO,Tocantins,1,Norte
1703883,Carmolândia,TO,Tocantins,1,Norte
1703891,Carrasco Bonito,TO,Tocantins,1,Norte
1703909,Caseara,TO,Tocantins,1,Norte
1704105,Centenário,TO,Tocantins,1,Norte
1705102,Chapada da Natividade,TO,Tocantins,1,Norte
1704600,Chapada de Areia,TO,Tocantins,1,Norte
1705508,Colinas do Tocantins,TO,Tocantins,1,Norte
1716703,Colméia,TO,Tocantins,1,Norte
1705557,Combinado,TO,Tocantins,1,Norte
1705607,Conceição do Tocantins,TO,Tocantins,1,Norte
1706001,Couto Magalhães,TO,Tocantins,1,Norte
1706100,Cristalândia,TO,Tocantins,1,Norte
1706258,Crixás do Tocantins,TO,Tocantins,1,Norte
1706506,Darcinópolis,TO,Tocantins,1,Norte
1707009,Dianópolis,TO,Tocantins,1,Norte
1707108,Divinópolis do Tocantins,TO,Tocantins,1,Norte
1707207,Dois Irmãos do Tocantins,TO,Tocantins,1,Norte
1707306,Dueré,TO,Tocantins,1,Norte
1707405,Esperantina,TO,Tocantins,1,Norte
1707652,Figueirópolis,TO,Tocantins,1,Norte
1707702,Filadélfia,TO,Tocantins,1,Norte
1708205,Formoso do Araguaia,TO,Tocantins,1,Norte
1707553,Fátima,TO,Tocantins,1,Norte
1708304,Goianorte,TO,Tocantins,1,Norte
1709005,Goiatins,TO,Tocantins,1,Norte
1709302,Guaraí,TO,Tocantins,1,Norte
1709500,Gurupi,TO,Tocantins,1,Norte
1709807,Ipueiras,TO,Tocantins,1,Norte
1710508,Itacajá,TO,Tocantins,1,Norte
1710706,Itaguatins,TO,Tocantins,1,Norte
1710904,Itapiratins,TO,Tocantins,1,Norte
1711100,Itaporã do Tocantins,TO,Tocantins,1,Norte
1711506,Jaú do Tocantins,TO,Tocantins,1,Norte
1711803,Juarina,TO,Tocantins,1,Norte
1711902,Lagoa da Confusão,TO,Tocantins,1,Norte
1711951,Lagoa do Tocantins,TO,Tocantins,1,Norte
1712009,Lajeado,TO,Tocantins,1,Norte
1712157,Lavandeira,TO,Tocantins,1,Norte
1712405,Lizarda,TO,Tocantins,1,Norte
1712454,Luzinópolis,TO,Tocantins,1,Norte
1712504,Marianópolis do Tocantins,TO,Tocantins,1,Norte
1712702,Mateiros,TO,Tocantins,1,Norte
1712801,Maurilândia do Tocantins,TO,Tocantins,1,Norte
1713205,Miracema do Tocantins,TO,Tocantins,1,Norte
1713304,Miranorte,TO,Tocantins,1,Norte
1713700,Monte Santo do Tocantins,TO,Tocantins,1,Norte
1713601,Monte do Carmo,TO,Tocantins,1,Norte
1713957,Muricilândia,TO,Tocantins,1,Norte
1714203,Natividade,TO,Tocantins,1,Norte
1714302,Nazaré,TO,Tocantins,1,Norte
1714880,Nova Olinda,TO,Tocantins,1,Norte
1715002,Nova Rosalândia,TO,Tocantins,1,Norte
1715101,Novo Acordo,TO,Tocantins,1,Norte
1715150,Novo Alegre,TO,Tocantins,1,Norte
1715259,Novo Jardim,TO,Tocantins,1,Norte
1715507,Oliveira de Fátima,TO,Tocantins,1,Norte
1721000,Palmas,TO,Tocantins,1,Norte
1715705,Palmeirante,TO,Tocantins,1,Norte
1713809,Palmeiras do Tocantins,TO,Tocantins,1,Norte
1715754,Palmeirópolis,TO,Tocantins,1,Norte
1716208,Paranã,TO,Tocantins,1,Norte
1716109,Paraíso do Tocantins,TO,Tocantins,1,Norte
1716307,Pau D'Arco,TO,Tocantins,1,Norte
1716505,Pedro Afonso,TO,Tocantins,1,Norte
1716604,Peixe,TO,Tocantins,1,Norte
1716653,Pequizeiro,TO,Tocantins,1,Norte
1717008,Pindorama do Tocantins,TO,Tocantins,1,Norte
1717206,Piraquê,TO,Tocantins,1,Norte
1717503,Pium,TO,Tocantins,1,Norte
1717800,Ponte Alta do Bom Jesus,TO,Tocantins,1,Norte
1717909,Ponte Alta do Tocantins,TO,Tocantins,1,Norte
1718006,Porto Alegre do Tocantins,TO,Tocantins,1,Norte
1718204,Porto Nacional,TO,Tocantins,1,Norte
1718303,Praia Norte,TO,Tocantins,1,Norte
1718402,Presidente Kennedy,TO,Tocantins,1,Norte
1718451,Pugmil,TO,Tocantins,1,Norte
1718501,Recursolândia,TO,Tocantins,1,Norte
1718550,Riachinho,TO,Tocantins,1,Norte
1718758,Rio Sono,TO,Tocantins,1,Norte
1718659,Rio da Conceição,TO,Tocantins,1,Norte
1718709,Rio dos Bois,TO,Tocantins,1,Norte
1718808,Sampaio,TO,Tocantins,1,Norte
1718840,Sandolândia,TO,Tocantins,1,Norte
1718865,Santa Fé do Araguaia,TO,Tocantins,1,Norte
1718881,Santa Maria do Tocantins,TO,Tocantins,1,Norte
1718899,Santa Rita do Tocantins,TO,Tocantins,1,Norte
1718907,Santa Rosa do Tocantins,TO,Tocantins,1,Norte
1719004,Santa Tereza do Tocantins,TO,Tocantins,1,Norte
1720002,Santa Terezinha do Tocantins,TO,Tocantins,1,Norte
1720655,Silvanópolis,TO,Tocantins,1,Norte
1720853,Sucupira,TO,Tocantins,1,Norte
1720101,São Bento do Tocantins,TO,Tocantins,1,Norte
1720150,São Félix do Tocantins,TO,Tocantins,1,Norte
1720200,São Miguel do Tocantins,TO,Tocantins,1,Norte
1720259,São Salvador do Tocantins,TO,Tocantins,1,Norte
1720309,São Sebastião do Tocantins,TO,Tocantins,1,Norte
1720499,São Valério,TO,Tocantins,1,Norte
1720804,Sítio Novo do Tocantins,TO,Tocantins,1,Norte
1708254,Tabocão,TO,Tocantins,1,Norte
1720903,Taguatinga,TO,Tocantins,1,Norte
1720937,Taipas do Tocantins,TO,Tocantins,1,Norte
1720978,Talismã,TO,Tocantins,1,Norte
1721208,Tocantinópolis,TO,Tocantins,1,Norte
1721109,Tocantínia,TO,Tocantins,1,Norte
1721257,Tupirama,TO,Tocantins,1,Norte
1721307,Tupiratins,TO,Tocantins,1,Norte
1722081,Wanderlândia,TO,Tocantins,1,Norte
1722107,Xambioá,TO,Tocantins,1,Norte
