cnae_key,cnae_class,import_value_usd,export_value_usd,trade_balance_usd,import_net_weight_kg,export_net_weight_kg,domestic_production_value_brl_thousand,domestic_production_status,domestic_production_is_confidential,domestic_production_value_usd_comparable,apparent_consumption_value_usd,external_dependency_ratio,external_dependency_status,cnae_name,transition_relevance,rationale,trade_value_usd,import_share_trade,export_share_trade,import_penetration_ratio,export_orientation_ratio,economic_relevance_score,external_vulnerability_score,transition_score,priority_score,priority_tier,tsb_associated,tsb_cnae5_count,tsb_cnae5_list,tsb_scn67_list,tsb_setor_scn67_list,tsb_exposicao_scn67_max,tsb_grupo_exposicao,tsb_leitura_tecnica,tsb_rais_formal_jobs,tsb_rais_wage_mass,tsb_exposure_component_score,border_value_relevance_component_score,rais_scale_component_score,external_or_commercial_component_score,tsb_platform_alignment_score,tsb_platform_alignment_label
104,1921,8560947166.975705,7027667773.943399,-1533279393.0323057,12311175389.747566,10729258853.861794,1339756264.0,published,False,248470379909.8519,250003659302.88425,0.0342432874416608,calculated,Fabricação de produtos do refino de petróleo,True,valor comercial muito alto; forte exposição importadora; forte peso exportador; relevante para transição energética,15588614940.919106,0.549179462025441,0.450820537974559,0.0342432874416608,0.0282837245087045,0.9963898916967509,0.9963898916967509,1.0,0.9971119133574008,1 - priorizar,False,0,,,,0.0,Sem exposicao TSB direta,,27989.0,721134788.85,0.0,0.9971119133574008,0.9783393501805054,0.9963898916967509,0.5944,2 - aderencia media
232,2910,9953955984.112017,3685905917.5383,-6268050066.573717,897352374.1417907,304028549.24525195,275770861.0,published,False,51144295751.34792,57412345817.92163,0.1733765768024902,calculated,"Fabricação de automóveis, camionetas e utilitários",True,valor comercial muito alto; forte exposição importadora; forte peso exportador; relevante para transição energética,13639861901.650316,0.7297695574841315,0.2702304425158685,0.1733765768024902,0.0720687588594111,0.9927797833935018,1.0,1.0,0.9971119133574008,1 - priorizar,False,0,,,,0.0,Sem exposicao TSB direta,,76919.0,574704701.95,0.0,0.9971119133574008,0.9566787003610109,0.9927797833935018,0.5895,2 - aderencia media
2,0600,3862988168.5,27903802034.0,24040813865.5,6490788433.0,51175610925.5,618405357.0,published,False,114689080484.92438,90648266619.42438,0.0426151355405203,calculated,Extração de petróleo e gás natural,True,valor comercial muito alto; forte exposição importadora; forte peso exportador; relevante para transição energética,31766790202.5,0.1216046111009348,0.8783953888990651,0.0426151355405203,0.2432995531572676,1.0,0.9783393501805054,1.0,0.9913357400722024,1 - priorizar,False,0,,,,0.0,Sem exposicao TSB direta,,0.0,0.0,0.0,0.9913357400722024,0.030685920577617327,1.0,0.404,3 - aderencia baixa
164,2442,816020059.0,4842658912.0,4026638853.0,63814.0,2246551.0,26149428.0,published,False,4849656974.311648,823018121.3116484,0.9914970738426808,calculated,Metalurgia dos metais preciosos,True,valor comercial alto; forte peso exportador; dependência externa muito alta; relevante para transição energética,5658678971.0,0.1442068127882846,0.8557931872117154,0.9914970738426808,0.9985569984952096,0.9638989169675092,1.0,1.0,0.9855595667870036,1 - priorizar,False,0,,,,0.0,Sem exposicao TSB direta,,1527.0,10126294.280000001,0.0,0.9855595667870036,0.11191335740072202,1.0,0.4188,3 - aderencia baixa
115,2029,5578865061.521033,991232128.0145912,-4587632933.506442,1186223098.1215224,439228606.8568566,38736647.0,published,False,7184074935.979418,11771707869.48586,0.4739214669081569,calculated,Fabricação de produtos químicos orgânicos não especificados anteriormente,True,valor comercial alto; forte exposição importadora; dependência externa alta; relevante para transição energética,6570097189.5356245,0.8491297617950988,0.1508702382049011,0.4739214669081569,0.1379763068798578,0.9747292418772564,0.9855595667870036,1.0,0.984115523465704,1 - priorizar,True,1,20291,2091,"Fabricação de químicos orgânicos e inorgânicos, resinas e elastômeros",0.6944,Exposicao intermediaria TSB,"Exposição elevada, mas ainda não integral.",15661.0,139331846.69,0.6944,0.984115523465704,0.7689530685920578,0.9747292418772563,0.8238,1 - maior aderencia TSB
109,2012,6268623160.327027,50369915.4413484,-6218253244.885679,16664202284.19664,92302351.45740946,32832866.0,published,False,6089163311.088098,12307416555.973776,0.5093370433849793,calculated,Fabricação de intermediários para fertilizantes,True,valor comercial alto; forte exposição importadora; dependência externa alta; relevante para transição energética,6318993075.768375,0.9920288066726164,0.0079711933273836,0.5093370433849793,0.0082720585518911,0.9711191335740073,0.9891696750902528,1.0,0.984115523465704,1 - priorizar,True,1,20126,2091,"Fabricação de químicos orgânicos e inorgânicos, resinas e elastômeros",0.6944,Exposicao intermediaria TSB,"Exposição elevada, mas ainda não integral.",4212.0,28215305.18,0.6944,0.984115523465704,0.2527075812274368,0.9711191335740073,0.72,1 - maior aderencia TSB
185,2610,4368866051.725076,84819524.8315473,-4284046526.893529,339949513.545129,443916.6472596672,14583189.0,published,False,2704589340.981184,6988635867.874712,0.6251386013410476,calculated,Fabricação de componentes eletrônicos,True,valor comercial alto; forte exposição importadora; dependência externa muito alta; relevante para transição energética,4453685576.556623,0.980955205891044,0.0190447941089558,0.6251386013410476,0.0313613322164377,0.9566787003610108,0.9819494584837544,1.0,0.9754512635379062,1 - priorizar,False,0,,,,0.0,Sem exposicao TSB direta,,31064.0,130186365.14,0.0,0.9754512635379062,0.7545126353790613,0.9566787003610109,0.5383,2 - aderencia media
247,3042,2313132579.206856,1044923294.6661336,-1268209284.5407224,2197920.315390536,507093.6282221401,7529893.0,published,False,1396489365.016721,2664698649.557443,0.8680653550040355,calculated,"Fabricação de turbinas, motores e outros componentes e peças para aeronaves",True,valor comercial alto; dependência externa muito alta; relevante para transição energética,3358055873.8729897,0.6888308789630176,0.3111691210369823,0.8680653550040355,0.7482500911516946,0.9386281588447654,0.9963898916967509,1.0,0.9740072202166066,1 - priorizar,False,0,,,,0.0,Sem exposicao TSB direta,,2661.0,21826001.58,0.0,0.9740072202166066,0.22021660649819494,0.9963898916967509,0.437,3 - aderencia baixa
116,2031,3036578988.0217934,684630678.0315042,-2351948309.990289,2218111055.5783896,482775346.617931,68256894.0,published,False,12658881946.937843,15010830256.928131,0.2022925405222195,calculated,Fabricação de resinas termoplásticas,True,valor comercial alto; forte exposição importadora; relevante para transição energética,3721209666.0532975,0.816019321814344,0.183980678185656,0.2022925405222195,0.0540830288884331,0.9458483754512635,0.9747292418772564,1.0,0.968231046931408,1 - priorizar,True,1,20312,2091,"Fabricação de químicos orgânicos e inorgânicos, resinas e elastômeros",0.6944,Exposicao intermediaria TSB,"Exposição elevada, mas ainda não integral.",10288.0,81257384.84,0.6944,0.968231046931408,0.5992779783393501,0.9458483754512635,0.7816,1 - maior aderencia TSB
242,3011,2498875862.0,10022842.0,-2488853020.0,147885475.0,4731264.0,7756556.0,published,False,1438526146.806686,3927379166.806686,0.6362705906065627,calculated,Construção de embarcações e estruturas flutuantes,True,dependência externa muito alta; relevante para transição energética,2508898704.0,0.996005083033436,0.0039949169665639,0.6362705906065627,0.0069674381812587,0.9097472924187726,0.967509025270758,1.0,0.9509025270758122,1 - priorizar,False,0,,,,0.0,Sem exposicao TSB direta,,26851.0,135566908.15,0.0,0.9509025270758122,0.7617328519855595,0.9602888086642599,0.5341,2 - aderencia media
196,2710,1763628320.0,1184841759.0,-578786561.0,147337032.0,117322517.0,51985169.0,published,False,9641137748.84941,10219924309.84941,0.1725676498700005,calculated,"Fabricação de geradores, transformadores e motores elétricos",True,relevante para transição energética,2948470079.0,0.5981503195712097,0.4018496804287902,0.1725676498700005,0.1228943917061449,0.924187725631769,0.9458483754512635,1.0,0.9480144404332131,1 - priorizar,False,0,,,,0.0,Sem exposicao TSB direta,,52048.0,263381838.82,0.0,0.9480144404332131,0.8880866425992779,0.924187725631769,0.5532,2 - aderencia media
216,2829,2021022200.3347163,499398026.216804,-1521624174.1179123,111524733.83574736,17671545.601548765,18616587.0,published,False,3452620875.0122404,4974245049.130152,0.4062972733295745,calculated,Fabricação de máquinas e equipamentos de uso geral não especificados anteriormente,True,dependência externa alta; relevante para transição energética,2520420226.5515203,0.8018592213489382,0.1981407786510619,0.4062972733295745,0.1446431694343021,0.9133574007220217,0.9566787003610108,1.0,0.9480144404332131,1 - priorizar,False,0,,,,0.0,Sem exposicao TSB direta,,56111.0,298549948.64,0.0,0.9480144404332131,0.9025270758122743,0.9133574007220217,0.5545,2 - aderencia media
191,2651,2146930667.457467,295424096.72354084,-1851506570.7339263,23065543.00175327,4024934.608742517,9395590.0,published,False,1742500393.1739075,3594006963.9078336,0.5973640810987934,calculated,"Fabricação de aparelhos e equipamentos de medida, teste e controle",True,dependência externa alta; relevante para transição energética,2442354764.181008,0.8790412838232348,0.1209587161767652,0.5973640810987934,0.169540332892227,0.9025270758122744,0.96028880866426,1.0,0.9451263537906138,1 - priorizar,False,0,,,,0.0,Sem exposicao TSB direta,,22708.0,128791185.89999999,0.0,0.9451263537906138,0.7436823104693141,0.9494584837545126,0.5274,2 - aderencia media
165,2443,1988613969.0,404044858.0,-1584569111.0,156258536.0,41411257.0,25191688.0,published,False,4672035097.818701,6256604208.818701,0.31784237944875,calculated,Metalurgia do cobre,True,dependência externa alta; relevante para transição energética,2392658827.0,0.8311314369434752,0.1688685630565247,0.31784237944875,0.0864815545132874,0.8953068592057761,0.9530685920577616,1.0,0.9393501805054152,1 - priorizar,False,0,,,,0.0,Sem exposicao TSB direta,,5076.0,29554590.77,0.0,0.9393501805054152,0.26353790613718414,0.8953068592057761,0.4218,3 - aderencia baixa
239,2945,1766953215.8300734,321512472.38969505,-1445440743.4403782,61017442.98052096,8428470.541734464,22299009.0,published,False,4135560614.0634594,5581001357.503838,0.3166014667698203,calculated,"Fabricação de material elétrico e eletrônico para veículos automotores, exceto baterias",True,dependência externa alta; relevante para transição energética,2088465688.2197683,0.8460532657044723,0.1539467342955277,0.3166014667698203,0.0777433829155723,0.8844765342960289,0.9494584837545126,1.0,0.9335740072202166,1 - priorizar,False,0,,,,0.0,Sem exposicao TSB direta,,38875.0,131540930.19,0.0,0.9335740072202166,0.8122743682310469,0.8844765342960289,0.5285,2 - aderencia media
210,2815,1556953771.0,347840030.0,-1209113741.0,155222022.0,28270286.0,7203917.0,published,False,1336034054.7950895,2545147795.7950897,0.6117341293783752,calculated,Fabricação de equipamentos de transmissão para fins industriais,True,dependência externa muito alta; relevante para transição energética,1904793801.0,0.8173870421998501,0.1826129578001498,0.6117341293783752,0.2603526674724987,0.8772563176895307,0.9530685920577616,1.0,0.9321299638989172,1 - priorizar,False,0,,,,0.0,Sem exposicao TSB direta,,11515.0,69556208.18,0.0,0.9321299638989172,0.5270758122743683,0.9530685920577617,0.4814,3 - aderencia baixa
163,2441,1046995753.0,2398932963.0,1351937210.0,321048851.0,4393339276.0,119585346.0,published,False,22178225361.349075,20826288151.349075,0.0502727968321219,calculated,Metalurgia do alumínio e suas ligas,True,valor comercial alto; relevante para transição energética,3445928716.0,0.3038355808518704,0.6961644191481295,0.0502727968321219,0.108166137006648,0.9422382671480144,0.8880866425992779,1.0,0.9321299638989168,1 - priorizar,True,1,24415,2492,Metalurgia de metais não-ferosos e a fundição de metais,0.3014,Exposicao intermediaria TSB,"Parcela compatível relevante, mas minoritária.",27064.0,158013244.46,0.3014,0.9321299638989168,0.8050541516245487,0.9422382671480144,0.6559,2 - aderencia media
246,3041,1156343485.001516,1797542411.6292963,641198926.6277804,1197281.6093247072,1389623.7456311872,22128583.0,published,False,4103953512.0073824,3462754585.379601,0.3339374640882188,calculated,Fabricação de aeronaves,True,dependência externa alta; relevante para transição energética,2953885896.6308126,0.3914651836485748,0.6085348163514251,0.3339374640882188,0.4380026251199072,0.927797833935018,0.9025270758122744,1.0,0.9321299638989168,1 - priorizar,False,0,,,,0.0,Sem exposicao TSB direta,,17946.0,196788072.53,0.0,0.9321299638989168,0.8447653429602888,0.927797833935018,0.5412,2 - aderencia media
1,0500,1335854826.0,82984.0,-1335771842.0,9225205240.0,88000.0,2241383.0,published,False,415685524.6720336,1751457366.6720335,0.7627104441247546,calculated,Extração de carvão mineral,True,dependência externa muito alta; relevante para transição energética,1335937810.0,0.9999378833360514,6.211666394860103e-05,0.7627104441247546,0.0001996316808613,0.8339350180505415,0.9855595667870036,1.0,0.927797833935018,1 - priorizar,False,0,,,,0.0,Sem exposicao TSB direta,,0.0,0.0,0.0,0.927797833935018,0.030685920577617327,0.9855595667870036,0.3859,3 - aderencia baixa
235,2941,1403255223.4686594,690053290.228529,-713201933.2401304,90836739.77886128,101877695.43091512,32100934.0,published,False,5953419648.606383,6666621581.846514,0.2104897070038865,calculated,Fabricação de peças e acessórios para o sistema motor de veículos automotores,True,relevante para transição energética,2093308513.6971884,0.6703528000228876,0.3296471999771124,0.2104897070038865,0.1159087265736527,0.8880866425992779,0.924187725631769,1.0,0.9249097472924188,1 - priorizar,False,0,,,,0.0,Sem exposicao TSB direta,,36828.0,218650470.31,0.0,0.9249097472924188,0.8592057761732852,0.8880866425992779,0.5363,2 - aderencia media
240,2949,1473802428.7643738,391463085.6070509,-1082339343.157323,175723238.165034,47263176.47134982,83278502.0,published,False,15444780208.367334,16527119551.524658,0.0891747908139511,calculated,Fabricação de peças e acessórios para veículos automotores não especificados anteriormente,True,relevante para transição energética,1865265514.371425,0.7901301007331549,0.2098698992668451,0.0891747908139511,0.025345979698369,0.8700361010830325,0.927797833935018,1.0,0.9191335740072202,1 - priorizar,False,0,,,,0.0,Sem exposicao TSB direta,,166422.0,817382838.4399999,0.0,0.9191335740072202,0.9855595667870036,0.8700361010830325,0.5574,2 - aderencia media
236,2942,1548483894.180928,155783926.7002857,-1392699967.4806423,118182540.58580384,14979131.318732493,14503144.0,published,False,2689744244.0823617,4082444211.563004,0.3793031365364515,calculated,Fabricação de peças e acessórios para os sistemas de marcha e transmissão de veículos automotores,True,dependência externa alta; relevante para transição energética,1704267820.8812137,0.9085918745917906,0.0914081254082093,0.3793031365364515,0.0579177470285593,0.8592057761732852,0.9350180505415162,1.0,0.9176895306859204,1 - priorizar,False,0,,,,0.0,Sem exposicao TSB direta,,11138.0,68214456.75,0.0,0.9176895306859204,0.516245487364621,0.8736462093862816,0.4637,3 - aderencia baixa
137,2211,1203707097.0,678118528.0,-525588569.0,452203824.0,137644860.0,28785664.0,published,False,5338571695.632951,5864160264.632951,0.2052650409743435,calculated,Fabricação de pneumáticos e de câmaras-de-ar,True,relevante para transição energética,1881825625.0,0.6396485843368191,0.3603514156631808,0.2052650409743435,0.1270224634343139,0.8736462093862816,0.9061371841155236,1.0,0.911913357400722,1 - priorizar,False,0,,,,0.0,Sem exposicao TSB direta,,30736.0,178224733.79,0.0,0.911913357400722,0.8303249097472925,0.8736462093862816,0.5251,2 - aderencia media
158,2422,1299642489.236276,514842856.29482657,-784799632.9414496,1745179859.9093711,696978414.6894524,74531299.0,published,False,13822529272.91017,14607328905.85162,0.0889719467270738,calculated,Produção de laminados planos de aço,True,relevante para transição energética,1814485345.5311024,0.7162595677265549,0.2837404322734452,0.0889719467270738,0.0372466461187991,0.8628158844765343,0.9169675090252708,1.0,0.911913357400722,1 - priorizar,True,1,24229,2491,"Produção de ferro-gusa/ferroligas, siderurgia e tubos de aço sem costura",0.8140000000000001,Alta exposicao TSB,"Setor industrial de transição, com forte peso em atividades compatíveis.",33879.0,195702006.65,0.8140000000000001,0.911913357400722,0.8411552346570397,0.8628158844765343,0.8512,1 - maior aderencia TSB
233,2920,933739839.4022936,1205310003.317327,271570163.91503334,89838544.3850348,101269747.89080612,95569324.0,published,False,17724228563.11999,17452658399.20496,0.0535012957937015,calculated,Fabricação de caminhões e ônibus,True,relevante para transição energética,2139049842.7196207,0.4365208424573793,0.5634791575426207,0.0535012957937015,0.0680035240476021,0.8916967509025271,0.8664259927797834,1.0,0.903249097472924,1 - priorizar,False,0,,,,0.0,Sem exposicao TSB direta,,40313.0,347245221.46,0.0,0.903249097472924,0.9205776173285198,0.8916967509025271,0.5437,2 - aderencia media
212,2822,1206169508.5766563,170537547.43240285,-1035631961.1442536,237819183.12759715,18452017.580902506,17121196.0,published,False,3175286571.849935,4210918532.994189,0.2864385760792681,calculated,"Fabricação de máquinas, equipamentos e aparelhos para transporte e elevação de cargas e pessoas",True,relevante para transição energética,1376707056.0090592,0.8761264811652998,0.1238735188347002,0.2864385760792681,0.0537077657633424,0.8483754512635379,0.9097472924187726,1.0,0.903249097472924,1 - priorizar,False,0,,,,0.0,Sem exposicao TSB direta,,25143.0,139626022.08,0.0,0.903249097472924,0.776173285198556,0.8483754512635379,0.5083,2 - aderencia media
220,2840,1069664654.0,222444812.0,-847219842.0,108082253.0,9832412.0,8360008.0,published,False,1550441986.81903,2397661828.81903,0.4461282409149684,calculated,Fabricação de máquinas-ferramenta,True,dependência externa alta; relevante para transição energética,1292109466.0,0.8278436789967762,0.1721563210032237,0.4461282409149684,0.1434718705318215,0.8303249097472925,0.9169675090252708,1.0,0.8989169675090254,1 - priorizar,False,0,,,,0.0,Sem exposicao TSB direta,,18204.0,101092720.69,0.0,0.8989169675090254,0.6642599277978339,0.9169675090252708,0.4951,3 - aderencia baixa
188,2631,1109285470.3850648,112757564.09643498,-996527906.28863,10692429.240541872,759825.1502877658,9229336.0,published,False,1711667027.6942797,2708194933.9829097,0.4096032587852352,calculated,Fabricação de equipamentos transmissores de comunicação,True,dependência externa alta; relevante para transição energética,1222043034.4815,0.9077302837012798,0.09226971629872,0.4096032587852352,0.0658758755482521,0.8267148014440433,0.8989169675090253,1.0,0.8902527075812274,1 - priorizar,False,0,,,,0.0,Sem exposicao TSB direta,,7268.0,33372679.35,0.0,0.8902527075812274,0.3104693140794224,0.8989169675090253,0.4195,3 - aderencia baixa
208,2813,906099444.4527928,256832507.31445536,-649266937.1383374,41037246.41948749,6454606.672816128,8353664.0,published,False,1549265432.4467878,2198532369.585125,0.412138323268708,calculated,"Fabricação de válvulas, registros e dispositivos semelhantes",True,dependência externa alta; relevante para transição energética,1162931951.7672482,0.7791508721347279,0.220849127865272,0.412138323268708,0.1657769559273225,0.8122743682310469,0.9025270758122744,1.0,0.8859205776173285,1 - priorizar,False,0,,,,0.0,Sem exposicao TSB direta,,16743.0,75293795.06,0.0,0.8859205776173285,0.5631768953068592,0.9025270758122743,0.4695,3 - aderencia baixa
110,2013,1038328295.9509676,107355943.7819114,-930972352.1690562,2286852746.324748,146316700.84021884,102553393.0,published,False,19019489741.8702,19950462094.039257,0.052045325619861,calculated,Fabricação de adubos e fertilizantes,True,relevante para transição energética,1145684239.732879,0.9062953473053432,0.0937046526946568,0.052045325619861,0.0056445228152243,0.8086642599277978,0.8844765342960289,1.0,0.8772563176895307,1 - priorizar,False,0,,,,0.0,Sem exposicao TSB direta,,46561.0,265131302.21,0.0,0.8772563176895307,0.8916967509025271,0.8086642599277978,0.519,2 - aderencia media
190,2640,1002184792.3573472,67212614.9819713,-934972177.375376,60557009.94677298,1408548.1223662389,25235073.0,published,False,4680081253.46809,5615053430.843466,0.1784817909037784,calculated,"Fabricação de aparelhos de recepção, reprodução, gravação e amplificação de áudio e vídeo",True,relevante para transição energética,1069397407.3393184,0.9371490761800166,0.0628509238199834,0.1784817909037784,0.0143614205270826,0.7978339350180506,0.8772563176895307,1.0,0.8700361010830326,1 - priorizar,False,0,,,,0.0,Sem exposicao TSB direta,,16444.0,74458788.67999999,0.0,0.8700361010830326,0.5523465703971119,0.7978339350180506,0.4477,3 - aderencia baixa
182,2592,914206166.4911958,212449843.6257616,-701756322.8654343,250098235.3929604,36982970.61110252,22128469.0,published,False,4103932369.636885,4805688692.502319,0.1902341630904038,calculated,Fabricação de produtos de trefilados de metal,True,relevante para transição energética,1126656010.1169574,0.811433266482369,0.1885667335176309,0.1902341630904038,0.0517673841795202,0.8050541516245487,0.8628158844765343,1.0,0.8671480144404333,1 - priorizar,False,0,,,,0.0,Sem exposicao TSB direta,,28338.0,108941479.18,0.0,0.8671480144404333,0.7292418772563177,0.8050541516245487,0.4834,3 - aderencia baixa
222,2852,864783294.9692101,125757540.12070736,-739025754.8485028,176987903.12531596,15916503.91567674,8065409.0,published,False,1495805835.8877273,2234831590.73623,0.3869568062998075,calculated,"Fabricação de outras máquinas e equipamentos para uso na extração mineral, exceto na extração de petróleo",True,dependência externa alta; relevante para transição energética,990540835.0899175,0.873041538858626,0.1269584611413739,0.3869568062998075,0.084073438613156,0.7725631768953068,0.8772563176895307,1.0,0.859927797833935,1 - priorizar,False,0,,,,0.0,Sem exposicao TSB direta,,6690.0,36509746.96,0.0,0.859927797833935,0.33574007220216606,0.8772563176895307,0.4137,3 - aderencia baixa
193,2660,605370558.3451257,26564526.80983118,-578806031.5352945,3815256.8656318495,380056.48967486096,1713238.0,published,False,317736074.96713656,896542106.5024312,0.6752282508032813,calculated,Fabricação de aparelhos eletromédicos e eletroterapêuticos e equipamentos de irradiação,True,dependência externa muito alta; relevante para transição energética,631935085.1549568,0.9579632031297688,0.0420367968702312,0.6752282508032813,0.0836056365729914,0.6787003610108303,0.9711191335740073,1.0,0.859927797833935,1 - priorizar,False,0,,,,0.0,Sem exposicao TSB direta,,5860.0,27963364.68,0.0,0.859927797833935,0.2563176895306859,0.9711191335740073,0.4119,3 - aderencia baixa
140,2221,839917830.0,240141887.0,-599775943.0,246961185.0,65117128.0,41887840.0,published,False,7768493268.565968,8368269211.565968,0.1003693605888217,calculated,Fabricação de laminados planos e tubulares de material plástico,True,relevante para transição energética,1080059717.0,0.7776586949589936,0.2223413050410063,0.1003693605888217,0.0309122861664433,0.8014440433212996,0.8447653429602888,1.0,0.8584837545126354,1 - priorizar,False,0,,,,0.0,Sem exposicao TSB direta,,20525.0,86870463.64,0.0,0.8584837545126354,0.628158844765343,0.8014440433212996,0.4605,3 - aderencia baixa
186,2621,968946391.0,45231752.0,-923714639.0,2751992.0,283286.0,16960138.0,published,False,3145416853.362453,4069131492.362453,0.2381211796223989,calculated,Fabricação de equipamentos de informática,True,relevante para transição energética,1014178143.0,0.9554005848852138,0.0445994151147862,0.2381211796223989,0.0143802090815553,0.776173285198556,0.8700361010830325,1.0,0.8584837545126354,1 - priorizar,False,0,,,,0.0,Sem exposicao TSB direta,,10049.0,57539427.37,0.0,0.8584837545126354,0.4729241877256318,0.776173285198556,0.4256,3 - aderencia baixa
206,2811,616580604.264134,98187090.11236368,-518393514.1517704,30234733.56763937,3771308.626320329,3728752.0,published,False,691532072.6051258,1209925586.7568965,0.5096020871141559,calculated,"Fabricação de motores e turbinas, exceto para aviões e veículos rodoviários",True,dependência externa alta; relevante para transição energética,714767694.3764977,0.8626307667723935,0.1373692332276065,0.5096020871141559,0.141984868095091,0.703971119133574,0.9386281588447654,1.0,0.8570397111913357,1 - priorizar,False,0,,,,0.0,Sem exposicao TSB direta,,5525.0,42087629.93,0.0,0.8570397111913357,0.37545126353790614,0.9386281588447654,0.4301,3 - aderencia baixa
209,2814,578478167.5871727,476453031.8055909,-102025135.78158182,55955704.45361389,29151532.072245307,8521463.0,published,False,1580385332.6844728,1682410468.466055,0.3438389016412878,calculated,Fabricação de compressores,True,dependência externa alta; relevante para transição energética,1054931199.3927636,0.5483562984203658,0.4516437015796342,0.3438389016412878,0.3014790266347756,0.7942238267148014,0.8447653429602888,1.0,0.855595667870036,1 - priorizar,False,0,,,,0.0,Sem exposicao TSB direta,,11900.0,74459297.74,0.0,0.855595667870036,0.555956678700361,0.8447653429602888,0.4518,3 - aderencia baixa
139,2219,773511745.6009225,177570806.2476401,-595940939.3532823,93661320.320539,20515888.45747504,14463051.0,published,False,2682308620.7459326,3278249560.099215,0.2359526727359684,calculated,Fabricação de artefatos de borracha não especificados anteriormente,True,relevante para transição energética,951082551.8485626,0.813296116196742,0.1867038838032579,0.2359526727359684,0.0662007365126608,0.7653429602888087,0.8303249097472925,1.0,0.8382671480144406,1 - priorizar,False,0,,,,0.0,Sem exposicao TSB direta,,49852.0,189444316.23,0.0,0.8382671480144406,0.8592057761732852,0.7689530685920578,0.4968,3 - aderencia baixa
231,2869,686488382.7479539,131184501.20317112,-555303881.5447828,41670498.17830813,16280219.724609043,7186801.0,published,False,1332859731.870232,1888163613.4150147,0.3635746276808825,calculated,Fabricação de máquinas e equipamentos para uso industrial específico não especificados anteriormente,True,dependência externa alta; relevante para transição energética,817672883.951125,0.839563591042341,0.1604364089576589,0.3635746276808825,0.0984233359793206,0.7328519855595668,0.8628158844765343,1.0,0.8382671480144404,1 - priorizar,False,0,,,,0.0,Sem exposicao TSB direta,,46955.0,251817900.96,0.0,0.8382671480144404,0.8844765342960289,0.8628158844765343,0.5159,2 - aderencia media
205,2790,597621356.8383034,225068642.71926835,-372552714.1190351,40616432.28920637,13564827.868157623,7105740.0,published,False,1317826208.2308362,1690378922.3498712,0.3535428352404698,calculated,Fabricação de equipamentos e aparelhos elétricos não especificados anteriormente,True,dependência externa alta; relevante para transição energética,822689999.5575718,0.7264235096569713,0.2735764903430287,0.3535428352404698,0.1707878029087158,0.7364620938628159,0.851985559566787,1.0,0.8353790613718413,1 - priorizar,False,0,,,,0.0,Sem exposicao TSB direta,,32439.0,147799225.4,0.0,0.8353790613718413,0.7906137184115524,0.851985559566787,0.4948,3 - aderencia baixa
207,2812,748497704.3395574,169181436.36028507,-579316267.9792724,56797834.94222523,7238876.226562435,10702017.0,published,False,1984789548.102231,2564105816.0815034,0.2919137344664739,calculated,"Fabricação de equipamentos hidráulicos e pneumáticos, exceto válvulas",True,relevante para transição energética,917679140.6998425,0.8156420595642355,0.1843579404357644,0.2919137344664739,0.085238979881796,0.7545126353790613,0.8194945848375451,1.0,0.8296028880866426,1 - priorizar,False,0,,,,0.0,Sem exposicao TSB direta,,14306.0,81655310.58,0.0,0.8296028880866426,0.6028880866425993,0.8122743682310469,0.4498,3 - aderencia baixa
200,2732,759460412.7800363,112252343.33232167,-647208069.4477147,27161947.71069229,3243681.5084577976,12605569.0,published,False,2337821141.4802923,2985029210.928007,0.2544231091607743,calculated,Fabricação de material elétrico para instalações em circuito de consumo,True,relevante para transição energética,871712756.112358,0.8712278298726042,0.1287721701273958,0.2544231091607743,0.0480157961362451,0.7436823104693141,0.8267148014440433,1.0,0.828158844765343,1 - priorizar,False,0,,,,0.0,Sem exposicao TSB direta,,8624.0,35865126.15,0.0,0.828158844765343,0.33935018050541516,0.7870036101083032,0.393,3 - aderencia baixa
103,1910,411490396.0,11047453.0,-400442943.0,1706814901.5,27003370.0,516898.0,published,False,95863587.94187552,496306530.9418755,0.829105341852113,calculated,Coquerias,True,dependência externa muito alta; relevante para transição energética,422537849.0,0.9738545244499504,0.0261454755500494,0.829105341852113,0.1152413886980565,0.5812274368231047,0.9891696750902528,1.0,0.828158844765343,1 - priorizar,False,0,,,,0.0,Sem exposicao TSB direta,,309.0,2987147.95,0.0,0.828158844765343,0.06859205776173286,0.9891696750902527,0.3691,3 - aderencia baixa
199,2731,730115446.2199637,185910510.6676784,-544204935.5522853,18733465.289307702,5365010.491542202,16603691.0,published,False,3079310410.0581303,3623515345.610416,0.201493681296103,calculated,Fabricação de aparelhos e equipamentos para distribuição e controle de energia elétrica,True,relevante para transição energética,916025956.887642,0.7970466783503147,0.2029533216496852,0.201493681296103,0.0603740727340862,0.7509025270758123,0.8158844765342961,1.0,0.8267148014440433,1 - priorizar,False,0,,,,0.0,Sem exposicao TSB direta,,27424.0,137413530.2,0.0,0.8267148014440433,0.7653429602888087,0.7509025270758123,0.4724,3 - aderencia baixa
11,0891,409332208.9950473,105737571.29295433,-303594637.702093,873581663.3636398,181122511.5693857,2061294.0,published,False,382286328.5272151,685880966.229308,0.5967977377261069,calculated,"Extração de minerais para fabricação de adubos, fertilizantes e outros produtos químicos",True,dependência externa alta; relevante para transição energética,515069780.2880016,0.794712143209351,0.205287856790649,0.5967977377261069,0.2765926045545906,0.6173285198555957,0.9458483754512635,1.0,0.8252707581227436,1 - priorizar,False,0,,,,0.0,Sem exposicao TSB direta,,0.0,0.0,0.0,0.8252707581227436,0.030685920577617327,0.9458483754512635,0.3543,3 - aderencia baixa
9,0729,241215948.0,4118853737.0,3877637789.0,77257048.0,954659358.0,47816821.0,published,False,8868078470.09356,4990440681.093559,0.0483356006842951,calculated,Extração de minerais metálicos não-ferrosos não especificados anteriormente,True,valor comercial alto; forte peso exportador; relevante para transição energética,4360069685.0,0.0553238744852767,0.9446761255147232,0.0483356006842951,0.4644584225196358,0.9530685920577616,0.6028880866425993,1.0,0.8223826714801445,1 - priorizar,True,1,07294,0792,"Extração de minerais metálicos não-ferrosos, inclusive beneficiamentos",0.4672,Exposicao intermediaria TSB,"Exposição parcial, relevante para minerais estratégicos e transição.",0.0,0.0,0.4672,0.8223826714801445,0.030685920577617327,0.9530685920577617,0.5416,2 - aderencia media
217,2831,620816063.019548,274189028.66248417,-346627034.3570639,96887970.52926022,30988724.25401476,17447858.0,published,False,3235869107.213332,3582496141.5703955,0.1732914812707689,calculated,Fabricação de tratores agrícolas,True,relevante para transição energética,895005091.6820322,0.6936452862550919,0.306354713744908,0.1732914812707689,0.0847342768133815,0.7472924187725631,0.7942238267148014,1.0,0.8166064981949459,1 - priorizar,False,0,,,,0.0,Sem exposicao TSB direta,,7214.0,48947933.67,0.0,0.8166064981949459,0.4151624548736462,0.7472924187725631,0.3993,3 - aderencia baixa
249,3091,698631467.429869,116999328.1485149,-581632139.2813542,124287817.92410593,5227523.532230174,34091986.0,published,False,6322678938.638164,6904311077.9195175,0.1011877158409247,calculated,Fabricação de motocicletas,True,relevante para transição energética,815630795.5783839,0.8565535671497694,0.1434464328502307,0.1011877158409247,0.0185047080966782,0.7292418772563177,0.8122743682310469,1.0,0.8166064981949459,1 - priorizar,False,0,,,,0.0,Sem exposicao TSB direta,,22711.0,134960287.57,0.0,0.8166064981949459,0.7545126353790613,0.7292418772563177,0.4644,3 - aderencia baixa
117,2032,643133545.6894205,129155488.87583378,-513978056.8135867,276109455.10895807,73713229.97378111,12212506.0,published,False,2264923917.139712,2778901973.953298,0.2314344124828884,calculated,Fabricação de resinas termofixas,True,relevante para transição energética,772289034.5652542,0.832762757082859,0.167237242917141,0.2314344124828884,0.0570242063755234,0.7184115523465704,0.8014440433212996,1.0,0.807942238267148,1 - priorizar,True,1,20321,2091,"Fabricação de químicos orgânicos e inorgânicos, resinas e elastômeros",0.6944,Exposicao intermediaria TSB,"Exposição elevada, mas ainda não integral.",2649.0,19754776.76,0.6944,0.807942238267148,0.19494584837545126,0.7617328519855595,0.633,2 - aderencia media
166,2449,496047651.80024,434151217.1903187,-61896434.60992128,113120616.91018686,53689202.35880612,11468132.0,published,False,2126872768.9235344,2188769203.5334554,0.2266331466101779,calculated,Metalurgia dos metais não-ferrosos e suas ligas não especificados anteriormente,True,relevante para transição energética,930198868.9905586,0.5332705385231712,0.4667294614768288,0.2266331466101779,0.2041265577959578,0.7617328519855595,0.7545126353790613,1.0,0.8064981949458483,1 - priorizar,False,0,,,,0.0,Sem exposicao TSB direta,,9041.0,45240933.24,0.0,0.8064981949458483,0.4007220216606498,0.7617328519855595,0.396,3 - aderencia baixa
197,2721,352280163.2896596,57067934.66201474,-295212228.62764484,30044947.825584177,17677533.875561133,2579225.0,published,False,478341496.0192996,773553724.6469445,0.4554049086253741,calculated,"Fabricação de pilhas, baterias e acumuladores elétricos, exceto para veículos automotores",True,dependência externa alta; relevante para transição energética,409348097.9516744,0.8605882500796379,0.1394117499203621,0.4554049086253741,0.1193037508493978,0.5776173285198556,0.924187725631769,1.0,0.8007220216606499,1 - priorizar,False,0,,,,0.0,Sem exposicao TSB direta,,2810.0,12208947.17,0.0,0.8007220216606499,0.15162454873646208,0.924187725631769,0.3691,3 - aderencia baixa
228,2864,275613375.0,23476396.0,-252136979.0,58820571.0,3780193.0,611528.0,published,False,113413610.04863489,365550589.0486349,0.7539678043394723,calculated,"Fabricação de máquinas e equipamentos para as indústrias do vestuário, do couro e de calçados",True,dependência externa muito alta; relevante para transição energética,299089771.0,0.9215071918992508,0.0784928081007491,0.7539678043394723,0.20699804891082,0.5054151624548736,0.9819494584837544,1.0,0.7949458483754512,1 - priorizar,False,0,,,,0.0,Sem exposicao TSB direta,,2491.0,11463589.23,0.0,0.7949458483754512,0.13357400722021662,0.9819494584837545,0.3727,3 - aderencia baixa
157,2421,193594382.57341307,2376610890.9521613,2183016508.3787484,385003635.86771065,4303480789.832453,74868510.0,published,False,13885068219.382135,11702051711.00339,0.0165436273359975,calculated,Produção de semi-acabados de aço,True,relevante para transição energética,2570205273.525574,0.0753225372959638,0.9246774627040362,0.0165436273359975,0.1711630690899059,0.9169675090252708,0.5667870036101083,1.0,0.7935018050541516,1 - priorizar,True,1,24211,2491,"Produção de ferro-gusa/ferroligas, siderurgia e tubos de aço sem costura",0.8140000000000001,Alta exposicao TSB,"Setor industrial de transição, com forte peso em atividades compatíveis.",6912.0,49108460.54000001,0.8140000000000001,0.7935018050541516,0.4187725631768953,0.9169675090252708,0.7453,1 - maior aderencia TSB
238,2944,552967118.4092469,162126278.5496212,-390840839.8596257,67717193.74626666,17083872.408905014,23644685.0,published,False,4385128864.602776,4775969704.4624,0.1157811193594015,calculated,Fabricação de peças e acessórios para o sistema de direção e suspensão de veículos automotores,True,relevante para transição energética,715093396.9588681,0.7732795754525102,0.2267204245474897,0.1157811193594015,0.0369718390395141,0.7075812274368231,0.7689530685920578,1.0,0.7906137184115523,1 - priorizar,False,0,,,,0.0,Sem exposicao TSB direta,,16946.0,85380296.19,0.0,0.7906137184115523,0.6173285198555957,0.7075812274368231,0.4273,3 - aderencia baixa
134,2121,6837488358.092604,457604189.6860732,-6379884168.40653,24935008.36721315,19578217.62253453,67164746.0,published,False,12456332844.70966,18836217013.116188,0.3629968986517551,calculated,Fabricação de medicamentos para uso humano,False,valor comercial alto; forte exposição importadora; dependência externa alta,7295092547.778677,0.937272325650562,0.062727674349438,0.3629968986517551,0.036736670044942,0.9819494584837544,0.9927797833935018,0.0,0.7898916967509026,1 - priorizar,False,0,,,,0.0,Sem exposicao TSB direta,,99896.0,785195064.78,0.0,0.7898916967509026,0.9819494584837545,0.9819494584837545,0.5412,2 - aderencia media
105,1922,474917121.0242941,220883922.05660027,-254033198.96769387,580834567.2524331,242043082.13820767,42707934.0,published,False,7920587401.817799,8174620600.785492,0.0580965336762735,calculated,"Fabricação de produtos derivados do petróleo, exceto produtos do refino",True,relevante para transição energética,695801043.0808944,0.6825472967408011,0.3174527032591989,0.0580965336762735,0.027887315782401,0.7003610108303249,0.7472924187725631,1.0,0.7790613718411552,1 - priorizar,False,0,,,,0.0,Sem exposicao TSB direta,,7973.0,47787142.07,0.0,0.7790613718411552,0.41155234657039713,0.7003610108303249,0.3821,3 - aderencia baixa
113,2021,497793184.33932686,153132401.6552806,-344660782.68404627,907083263.5993892,120992910.4696714,31577774.0,published,False,5856394713.962273,6201055496.646318,0.0802755570577534,calculated,Fabricação de produtos petroquímicos básicos,True,relevante para transição energética,650925585.9946074,0.7647466854121338,0.2352533145878662,0.0802755570577534,0.0261478962970505,0.6895306859205776,0.7581227436823105,1.0,0.7790613718411552,1 - priorizar,True,1,20215,2091,"Fabricação de químicos orgânicos e inorgânicos, resinas e elastômeros",0.6944,Exposicao intermediaria TSB,"Exposição elevada, mas ainda não integral.",3889.0,56311757.64,0.6944,0.7790613718411552,0.4620938628158845,0.6895306859205776,0.6684,2 - aderencia media
198,2722,291575695.7103405,50614722.33798528,-240960973.3723552,22971563.174415827,16453559.124438869,2571529.0,published,False,476914200.55133367,717875173.9236889,0.4061648964912323,calculated,Fabricação de baterias e acumuladores para veículos automotores,True,dependência externa alta; relevante para transição energética,342190418.0483258,0.8520860910522713,0.1479139089477286,0.4061648964912323,0.1061296188695418,0.555956678700361,0.8916967509025271,1.0,0.7790613718411552,1 - priorizar,False,0,,,,0.0,Sem exposicao TSB direta,,8991.0,39239581.83,0.0,0.7790613718411552,0.36101083032490977,0.8916967509025271,0.4007,3 - aderencia baixa
202,2740,316694387.0,20727924.0,-295966463.0,55705903.0,845524.0,2704096.0,published,False,501499995.5489746,797466458.5489746,0.3971256516245703,calculated,Fabricação de lâmpadas e outros equipamentos de iluminação,True,dependência externa alta; relevante para transição energética,337422311.0,0.9385697882912076,0.0614302117087924,0.3971256516245703,0.0413318528095097,0.5415162454873647,0.8844765342960289,1.0,0.7703971119133575,1 - priorizar,False,0,,,,0.0,Sem exposicao TSB direta,,10713.0,33490585.24,0.0,0.7703971119133575,0.4043321299638989,0.8844765342960289,0.4061,3 - aderencia baixa
244,3031,191348534.0,119418987.0,-71929547.0,4302787.0,4471120.0,2094258.0,published,False,388399811.86999446,460329358.8699944,0.4156774498800551,calculated,"Fabricação de locomotivas, vagões e outros materiais rodantes",True,dependência externa alta; relevante para transição energética,310767521.0,0.6157288682687018,0.3842711317312983,0.4156774498800551,0.3074640701421658,0.516245487364621,0.9061371841155236,1.0,0.7689530685920578,1 - priorizar,False,0,,,,0.0,Sem exposicao TSB direta,,2820.0,26025007.67,0.0,0.7689530685920578,0.23826714801444043,0.9061371841155235,0.3758,3 - aderencia baixa
214,2824,525703583.0,46064385.0,-479639198.0,64484155.0,1537755.0,18263883.0,published,False,3387208606.2059164,3866847804.205917,0.1359514544193333,calculated,Fabricação de aparelhos e equipamentos de ar condicionado,True,relevante para transição energética,571767968.0,0.9194351772430877,0.0805648227569124,0.1359514544193333,0.0135995122696613,0.6498194945848376,0.7653429602888087,1.0,0.7660649819494585,1 - priorizar,False,0,,,,0.0,Sem exposicao TSB direta,,6265.0,27439754.5,0.0,0.7660649819494585,0.26714801444043323,0.6498194945848376,0.3424,3 - aderencia baixa
211,2821,247666541.92248315,92536181.2795333,-155130360.64294985,25282418.1087432,8464047.774422137,2836836.0,published,False,526117875.0211424,681248235.6640922,0.3635481590364101,calculated,Fabricação de aparelhos e equipamentos para instalações térmicas,True,dependência externa alta; relevante para transição energética,340202723.2020165,0.7279969413278793,0.2720030586721206,0.3635481590364101,0.1758848837360157,0.5487364620938628,0.8592057761732852,1.0,0.7631768953068592,1 - priorizar,False,0,,,,0.0,Sem exposicao TSB direta,,5827.0,22965249.12,0.0,0.7631768953068592,0.2527075812274368,0.8592057761732852,0.3702,3 - aderencia baixa
187,2622,2967382417.007361,115095172.8575184,-2852287244.1498427,62217537.24388541,1050236.432564885,17104425.0,published,False,3172176232.4147406,6024463476.564584,0.4925554663167273,calculated,Fabricação de periféricos para equipamentos de informática,False,valor comercial alto; dependência externa alta,3082477589.864879,0.9626614729541104,0.0373385270458896,0.4925554663167273,0.0362827171080293,0.9350180505415162,0.9711191335740073,0.0,0.7624548736462093,1 - priorizar,False,0,,,,0.0,Sem exposicao TSB direta,,17440.0,72276073.1,0.0,0.7624548736462093,0.5487364620938628,0.9350180505415162,0.4406,3 - aderencia baixa
88,1710,86644976.0,5152602973.0,5065957997.0,92837221.0,10376858293.0,68808155.0,published,False,12761118475.909569,7695160478.909567,0.0112596710929513,calculated,Fabricação de celulose e outras pastas para a fabricação de papel,True,valor comercial alto; forte peso exportador; relevante para transição energética,5239247949.0,0.0165376742699374,0.9834623257300624,0.0112596710929513,0.4037736177065577,0.96028880866426,0.4368231046931408,1.0,0.7588447653429604,1 - priorizar,True,1,17109,1700,"Fabricação de celulose, papel e produtos de papel",0.9998999999999999,Alta exposicao TSB,Exposição praticamente integral no recorte analisado.,22742.0,205226914.81,0.9998999999999999,0.7588447653429604,0.851985559566787,0.9602888086642599,0.9041,1 - maior aderencia TSB
184,2599,413597845.1138153,196896359.8398358,-216701485.2739795,118773016.9653834,173483050.4063146,37809764.0,published,False,7012175779.893828,7228877265.167808,0.057214672478495,calculated,Fabricação de produtos de metal não especificados anteriormente,True,relevante para transição energética,610494204.9536511,0.6774803786142668,0.3225196213857332,0.057214672478495,0.0280792105075861,0.6642599277978339,0.7292418772563177,1.0,0.7574007220216608,1 - priorizar,False,0,,,,0.0,Sem exposicao TSB direta,,113482.0,426584568.47,0.0,0.7574007220216608,0.9422382671480144,0.6642599277978339,0.4774,3 - aderencia baixa
201,2733,403665435.36100256,201716347.15350467,-201949088.2074979,37314585.30862333,15773656.63605652,35698124.0,published,False,6620552312.901149,6822501401.108647,0.0591667794007938,calculated,"Fabricação de fios, cabos e condutores elétricos isolados",True,relevante para transição energética,605381782.5145073,0.6667948177831552,0.3332051822168447,0.0591667794007938,0.0304682053127848,0.6606498194945848,0.7148014440433214,1.0,0.7501805054151625,1 - priorizar,False,0,,,,0.0,Sem exposicao TSB direta,,26039.0,114302212.3,0.0,0.7501805054151625,0.7111913357400722,0.6606498194945848,0.4289,3 - aderencia baixa
156,2412,108106306.0,2297051009.0,2188944703.0,48159837.0,361567669.0,31554123.0,published,False,5852008413.92162,3663063710.921621,0.0295125377365605,calculated,Produção de ferroligas,True,relevante para transição energética,2405157315.0,0.0449477068821171,0.9550522931178828,0.0295125377365605,0.392523531499961,0.8989169675090253,0.4657039711191336,1.0,0.7458483754512635,1 - priorizar,False,0,,,,0.0,Sem exposicao TSB direta,,13966.0,75093067.88,0.0,0.7458483754512635,0.5595667870036101,0.8989169675090253,0.4332,3 - aderencia baixa
108,2011,389264470.9779604,1896323.936512464,-387368147.041448,1694635042.576568,3291733.208041596,6322868.0,published,False,1172635244.405803,1560003391.4472508,0.2495279645621993,calculated,Fabricação de cloro e álcalis,True,relevante para transição energética,391160794.9144729,0.9951520603261708,0.0048479396738292,0.2495279645621993,0.0016171473146139,0.5740072202166066,0.779783393501805,1.0,0.7415162454873647,1 - priorizar,True,1,20118,2091,"Fabricação de químicos orgânicos e inorgânicos, resinas e elastômeros",0.6944,Exposicao intermediaria TSB,"Exposição elevada, mas ainda não integral.",1335.0,13603169.8,0.6944,0.7415162454873647,0.15162454873646208,0.779783393501805,0.6104,2 - aderencia media
114,2022,456586023.5854986,53000192.935626425,-403585830.6498722,636465087.3891606,48108383.82487661,15022300.0,published,False,2786026599.327598,3189612429.9774704,0.1431478067035008,calculated,"Fabricação de intermediários para plastificantes, resinas e fibras",True,relevante para transição energética,509586216.521125,0.8959936685543587,0.1040063314456412,0.1431478067035008,0.0190235775022456,0.6137184115523465,0.740072202166065,1.0,0.7415162454873645,1 - priorizar,True,1,20223,2091,"Fabricação de químicos orgânicos e inorgânicos, resinas e elastômeros",0.6944,Exposicao intermediaria TSB,"Exposição elevada, mas ainda não integral.",1192.0,10157768.43,0.6944,0.7415162454873645,0.11552346570397112,0.6425992779783394,0.5826,2 - aderencia media
227,2863,140381996.55380717,6635292.414978085,-133746704.13882908,13067969.097249975,1202367.036751079,442951.0,published,False,82149422.40527476,215896126.54410383,0.6502293431611407,calculated,Fabricação de máquinas e equipamentos para a indústria têxtil,True,dependência externa muito alta; relevante para transição energética,147017288.96878526,0.9548672645134484,0.0451327354865514,0.6502293431611407,0.0807710172597882,0.3754512635379061,0.9638989169675092,1.0,0.7357400722021661,1 - priorizar,False,0,,,,0.0,Sem exposicao TSB direta,,1557.0,8984076.15,0.0,0.7357400722021661,0.10469314079422383,0.9638989169675091,0.3495,3 - aderencia baixa
154,2399,381423298.6271379,151150595.8604612,-230272702.7666767,922990818.8411888,192417676.4456142,15161796.0,published,False,2811897442.440824,3042170145.2075005,0.1253786870625941,calculated,Fabricação de produtos de minerais não-metálicos não especificados anteriormente,True,relevante para transição energética,532573894.48759913,0.7161884999904351,0.2838115000095648,0.1253786870625941,0.053753950474544,0.6389891696750902,0.6931407942238267,1.0,0.7328519855595668,1 - priorizar,False,0,,,,0.0,Sem exposicao TSB direta,,28177.0,115463102.48,0.0,0.7328519855595668,0.7292418772563177,0.6389891696750902,0.4249,3 - aderencia baixa
120,2051,1727744300.1763108,178953543.61941606,-1548790756.5568948,325823388.97932184,15237603.475858508,38968438.0,published,False,7227062753.522986,8775853510.079882,0.1968747880980278,calculated,Fabricação de defensivos agrícolas,False,baixo peso relativo na triagem inicial,1906697843.7957268,0.9061447810403104,0.0938552189596896,0.1968747880980278,0.0247615870682984,0.8808664259927798,0.9422382671480144,0.0,0.7292418772563177,1 - priorizar,False,0,,,,0.0,Sem exposicao TSB direta,,12632.0,145593175.93,0.0,0.7292418772563177,0.7870036101083032,0.8808664259927798,0.4718,3 - aderencia baixa
194,2670,121546817.95499387,2574999.3964037364,-118971818.55859014,6201413.411080245,45739.68676579359,244489.0,published,False,45342780.88195584,164314599.44054598,0.7397201366697377,calculated,"Fabricação de equipamentos e instrumentos ópticos, fotográficos e cinematográficos",True,dependência externa muito alta; relevante para transição energética,124121817.3513976,0.979254256412362,0.020745743587638,0.7397201366697377,0.0567896222136754,0.3429602888086642,0.9783393501805054,1.0,0.7285198555956678,1 - priorizar,False,0,,,,0.0,Sem exposicao TSB direta,,787.0,3854052.05,0.0,0.7285198555956678,0.07581227436823104,0.9783393501805054,0.344,3 - aderencia baixa
133,2110,1293108441.058307,74779708.18549085,-1218328732.872816,56919845.90335771,2012260.9397612724,3471758.0,published,False,643870122.0471156,1862198854.919932,0.6943986876814541,calculated,Fabricação de produtos farmoquímicos,False,dependência externa muito alta,1367888149.2437978,0.9453320008460993,0.0546679991539007,0.6943986876814541,0.1161409818920263,0.8411552346570397,0.9747292418772564,0.0,0.7263537906137184,1 - priorizar,False,0,,,,0.0,Sem exposicao TSB direta,,4455.0,31784613.44,0.0,0.7263537906137184,0.30685920577617326,0.9747292418772563,0.3892,3 - aderencia baixa
237,2943,357328548.23075044,170268312.00747192,-187060236.2232785,46036811.00411181,36048078.95285155,18807422.0,published,False,3488013017.765526,3675073253.988804,0.0972303199243491,calculated,Fabricação de peças e acessórios para o sistema de freios de veículos automotores,True,relevante para transição energética,527596860.2382224,0.6772757291796775,0.3227242708203225,0.0972303199243491,0.0488152742378663,0.6353790613718412,0.6787003610108303,1.0,0.7256317689530687,1 - priorizar,False,0,,,,0.0,Sem exposicao TSB direta,,17451.0,89513585.94,0.0,0.7256317689530687,0.631768953068592,0.6353790613718412,0.4031,3 - aderencia baixa
261,3250,1546261430.8486283,306203541.93636185,-1240057888.9122667,38205161.31877689,3577987.6325309863,18121507.0,published,False,3360803640.048546,4600861528.960813,0.3360808451016085,calculated,Fabricação de instrumentos e materiais para uso médico e odontológico e de artigos ópticos,False,dependência externa alta,1852464972.78499,0.8347048141612003,0.1652951858387996,0.3360808451016085,0.0911102149163165,0.8664259927797834,0.9314079422382672,0.0,0.7191335740072202,1 - priorizar,False,0,,,,0.0,Sem exposicao TSB direta,,79761.0,313422793.54,0.0,0.7191335740072202,0.9133574007220217,0.8664259927797834,0.4924,3 - aderencia baixa
230,2866,138930576.23159668,8292122.187221087,-130638454.0443756,15929536.075833984,513667.0440584943,1009076.0,published,False,187142619.7548375,317781073.7992131,0.4371895864364113,calculated,Fabricação de máquinas e equipamentos para a indústria do plástico,True,dependência externa alta; relevante para transição energética,147222698.41881776,0.9436763333624566,0.0563236666375434,0.4371895864364113,0.0443091060608428,0.3790613718411552,0.9133574007220217,1.0,0.7169675090252707,1 - priorizar,False,0,,,,0.0,Sem exposicao TSB direta,,2741.0,12134150.53,0.0,0.7169675090252707,0.148014440433213,0.9133574007220217,0.3458,3 - aderencia baixa
162,2439,330076281.0513214,26111025.754786134,-303965255.29653525,39791976.58218314,4350288.4785523135,7165101.0,published,False,1328835263.100109,1632800518.3966446,0.2021534641448088,calculated,Produção de outros tubos de ferro e aço,True,relevante para transição energética,356187306.8061075,0.926692991985254,0.073307008014746,0.2021534641448088,0.0196495581354985,0.5595667870036101,0.7220216606498195,1.0,0.712635379061372,1 - priorizar,False,0,,,,0.0,Sem exposicao TSB direta,,2335.0,9242516.959999999,0.0,0.712635379061372,0.12274368231046931,0.7220216606498195,0.311,3 - aderencia baixa
146,2319,256755734.4905116,76594261.0269116,-180161473.4636,199142772.50525936,36960655.022806734,5528512.0,published,False,1025314464.9422404,1205475938.4058406,0.2129911732871694,calculated,Fabricação de artigos de vidro,True,relevante para transição energética,333349995.5174232,0.770228702394243,0.2297712976057569,0.2129911732871694,0.0747031897489385,0.5342960288808665,0.740072202166065,1.0,0.7097472924187727,1 - priorizar,True,1,23192,2300,Fabricação de produtos de minerais não-metálicos,0.2389,Exposicao intermediaria TSB,Exposição parcial em setor heterogêneo.,19913.0,69568966.84,0.2389,0.7097472924187727,0.5812274368231047,0.740072202166065,0.5003,2 - aderencia media
203,2751,363287480.2518557,61142126.83090467,-302145353.420951,105910453.9289707,11328939.930883676,28870191.0,published,False,5354248021.519224,5656393374.940175,0.064225992813963,calculated,"Fabricação de fogões, refrigeradores e máquinas de lavar e secar para uso doméstico",True,relevante para transição energética,424429607.08276033,0.8559428328971819,0.1440571671028181,0.064225992813963,0.0114193676843449,0.5848375451263538,0.6859205776173285,1.0,0.708303249097473,1 - priorizar,False,0,,,,0.0,Sem exposicao TSB direta,,32353.0,147929569.81,0.0,0.708303249097473,0.7942238267148014,0.5848375451263538,0.4236,3 - aderencia baixa
122,2061,216819021.90079767,424118092.3056824,207299070.40488464,85863320.95922686,484867682.5711847,27310874.0,published,False,5065058041.370797,4857758970.965913,0.0446335487612069,calculated,Fabricação de sabões e detergentes sintéticos,True,relevante para transição energética,640937114.20648,0.3382843918614903,0.6617156081385098,0.0446335487612069,0.0837341031122518,0.6823104693140795,0.5848375451263538,1.0,0.7068592057761733,1 - priorizar,False,0,,,,0.0,Sem exposicao TSB direta,,25089.0,105379700.61999999,0.0,0.7068592057761733,0.6931407942238267,0.6823104693140795,0.4177,3 - aderencia baixa
224,2854,894781387.4197899,1571947010.5268784,677165623.1070884,165026318.19998547,179171652.83540007,30995895.0,published,False,5748479789.37748,5071314166.270391,0.1764397467960146,calculated,"Fabricação de máquinas e equipamentos para terraplenagem, pavimentação e construção, exceto tratores",False,baixo peso relativo na triagem inicial,2466728397.946668,0.3627401331109723,0.6372598668890277,0.1764397467960146,0.2734543858763587,0.9061371841155236,0.855595667870036,0.0,0.7046931407942238,1 - priorizar,False,0,,,,0.0,Sem exposicao TSB direta,,7735.0,53350748.24,0.0,0.7046931407942238,0.45126353790613716,0.9061371841155235,0.4023,3 - aderencia baixa
234,2930,258117537.752045,294910276.8526868,36792739.10064182,79449106.18431118,44518550.69615848,36308038.0,published,False,6733666591.4937935,6696873852.393151,0.0385429893770219,calculated,"Fabricação de cabines, carrocerias e reboques para veículos automotores",True,relevante para transição energética,553027814.6047318,0.4667351820930211,0.533264817906979,0.0385429893770219,0.0437963883191407,0.6425992779783394,0.6173285198555957,1.0,0.703971119133574,1 - priorizar,False,0,,,,0.0,Sem exposicao TSB direta,,60219.0,234963722.23,0.0,0.703971119133574,0.8880866425992779,0.6425992779783394,0.45,3 - aderencia baixa
213,2823,333726550.4160142,97665380.86826582,-236061169.5477484,34027330.15500096,6347506.699678941,9911053.0,published,False,1838097846.890662,2074159016.43841,0.1608972830776804,calculated,Fabricação de máquinas e aparelhos de refrigeração e ventilação para uso industrial e comercial,True,relevante para transição energética,431391931.28428,0.7736040621401749,0.2263959378598251,0.1608972830776804,0.0531339400856582,0.592057761732852,0.6678700361010831,1.0,0.703971119133574,1 - priorizar,False,0,,,,0.0,Sem exposicao TSB direta,,24069.0,99254870.76,0.0,0.703971119133574,0.6606498194945848,0.6678700361010831,0.4083,3 - aderencia baixa
173,2522,171669762.0,28907941.0,-142761821.0,29101028.0,3395307.0,2413984.0,published,False,447696000.90207446,590457821.9020745,0.290740092911278,calculated,"Fabricação de caldeiras geradoras de vapor, exceto para aquecimento central e para veículos",True,relevante para transição energética,200577703.0,0.8558765976096555,0.1441234023903444,0.290740092911278,0.064570469563616,0.4404332129963899,0.8086642599277978,1.0,0.699638989169675,2 - aprofundar,False,0,,,,0.0,Sem exposicao TSB direta,,3633.0,21521221.03,0.0,0.699638989169675,0.20577617328519857,0.8086642599277978,0.3374,3 - aderencia baixa
112,2019,992219587.227934,576204600.273552,-416014986.95438194,1640891461.4527152,657416904.178029,31283049.0,published,False,5801735195.147789,6217750182.102171,0.1595785546489216,calculated,Fabricação de produtos químicos inorgânicos não especificados anteriormente,False,baixo peso relativo na triagem inicial,1568424187.5014858,0.632621962307626,0.367378037692374,0.1595785546489216,0.0993159082399096,0.855595667870036,0.8736462093862816,0.0,0.6916967509025271,2 - aprofundar,True,1,20193,2091,"Fabricação de químicos orgânicos e inorgânicos, resinas e elastômeros",0.6944,Exposicao intermediaria TSB,"Exposição elevada, mas ainda não integral.",9779.0,69338234.88,0.6944,0.6916967509025271,0.5234657039711191,0.855595667870036,0.6837,2 - aderencia media
229,2865,126344031.0,25898147.0,-100445884.0,8988281.0,1139311.0,1462152.0,published,False,271169818.4871855,371615702.4871855,0.3399857168424059,calculated,"Fabricação de máquinas e equipamentos para as indústrias de celulose, papel e papelão e artefatos",True,dependência externa alta; relevante para transição energética,152242178.0,0.8298884885895419,0.1701115114104581,0.3399857168424059,0.0955052709939541,0.3862815884476534,0.8375451263537906,1.0,0.6895306859205776,2 - aprofundar,False,0,,,,0.0,Sem exposicao TSB direta,,3504.0,30015165.61,0.0,0.6895306859205776,0.2815884476534296,0.8375451263537906,0.3543,3 - aderencia baixa
70,1412,1139074475.4429772,70566663.94807033,-1068507811.4949068,92215670.78793073,2169026.665649557,40907891.0,published,False,7586752524.473221,8655260335.968128,0.1316048774072567,calculated,"Confecção de peças do vestuário, exceto roupas íntimas",False,baixo peso relativo na triagem inicial,1209641139.3910477,0.9416631415300618,0.0583368584699382,0.1316048774072567,0.0093013003548537,0.8194945848375451,0.8989169675090253,0.0,0.6873646209386282,2 - aprofundar,False,0,,,,0.0,Sem exposicao TSB direta,,399227.0,920819893.94,0.0,0.6873646209386282,1.0,0.8194945848375451,0.4948,3 - aderencia baixa
24,1041,413919480.2966353,5878534159.305784,5464614679.009149,147568750.28574768,13837033387.851242,93146356.0,published,False,17274866395.055206,11810251716.046057,0.0350474731824946,calculated,"Fabricação de óleos vegetais em bruto, exceto óleo de milho",False,valor comercial alto; forte peso exportador,6292453639.60242,0.065780298752076,0.934219701247924,0.0350474731824946,0.3402940448204258,0.967509025270758,0.7328519855595668,0.0,0.68014440433213,2 - aprofundar,False,0,,,,0.0,Sem exposicao TSB direta,,30535.0,143259900.69,0.0,0.68014440433213,0.7833935018050542,0.9675090252707581,0.4718,3 - aderencia baixa
132,2099,838876562.0364233,499401453.0412347,-339475108.99518865,136922027.92014998,149967569.7200507,16684219.0,published,False,3094245083.842481,3433720192.83767,0.2443054515001599,calculated,Fabricação de produtos químicos não especificados anteriormente,False,baixo peso relativo na triagem inicial,1338278015.077658,0.626832804981665,0.373167195018335,0.2443054515001599,0.1613968640199212,0.8375451263537906,0.8411552346570397,0.0,0.6714801444043321,2 - aprofundar,False,0,,,,0.0,Sem exposicao TSB direta,,36687.0,235892851.97,0.0,0.6714801444043321,0.8772563176895307,0.8375451263537906,0.469,3 - aderencia baixa
130,2093,756876087.7659277,644158174.6901608,-112717913.07576692,228602206.7764577,196368403.1396261,31743451.0,published,False,5887121069.373681,5999838982.449448,0.1261494000055533,calculated,Fabricação de aditivos de uso industrial,False,baixo peso relativo na triagem inicial,1401034262.4560883,0.5402266797095191,0.4597733202904808,0.1261494000055533,0.1094181972987165,0.851985559566787,0.8231046931407943,0.0,0.6700361010830325,2 - aprofundar,True,1,20932,2092,"Fabricação de defensivos, desinfestantes, tintas e químicos diversos",0.12210000000000001,Exposicao intermediaria TSB,Exposição marginal e dependente de subatividades específicas.,14214.0,104524874.13,0.12210000000000001,0.6700361010830325,0.6859205776173285,0.851985559566787,0.4813,3 - aderencia baixa
189,2632,1020633543.9500456,22127860.619911987,-998505683.3301336,6344113.416671333,290137.1459385967,39031519.0,published,False,7238761717.324281,8237267400.654414,0.1239043841006012,calculated,Fabricação de aparelhos telefônicos e de outros equipamentos de comunicação,False,baixo peso relativo na triagem inicial,1042761404.5699576,0.9787795553969147,0.021220444603085,0.1239043841006012,0.003056857164804,0.7906137184115524,0.8808664259927798,0.0,0.6685920577617329,2 - aprofundar,False,0,,,,0.0,Sem exposicao TSB direta,,12252.0,64454094.69,0.0,0.6685920577617329,0.49458483754512633,0.7906137184115524,0.3847,3 - aderencia baixa
106,1931,207100290.43510407,225693857.1123678,18593566.677263737,302751737.70062363,281392800.313745,101117277.0,published,False,18753148544.069603,18734554977.392338,0.0110544547594015,calculated,Fabricação de álcool,True,relevante para transição energética,432794147.5474719,0.4785191565290005,0.5214808434709994,0.0110544547594015,0.0120349847697303,0.5956678700361011,0.5740072202166066,1.0,0.6678700361010832,2 - aprofundar,True,1,19314,1992,Fabricação de biocombustíveis,1.0,Alta exposicao TSB,Setor diretamente associado à transição energética.,138287.0,587845671.52,1.0,0.6678700361010832,0.9711191335740073,0.5956678700361011,0.8505,1 - maior aderencia TSB
141,2222,234872397.0,131380610.0,-103491787.0,82432143.0,25466874.0,58373569.0,published,False,10825926518.022202,10929418305.022202,0.021489926585761,calculated,Fabricação de embalagens de material plástico,True,relevante para transição energética,366253007.0,0.6412845560609964,0.3587154439390036,0.021489926585761,0.0121357382004475,0.5631768953068592,0.5956678700361011,1.0,0.6635379061371842,2 - aprofundar,False,0,,,,0.0,Sem exposicao TSB direta,,152936.0,557683082.85,0.0,0.6635379061371842,0.9675090252707581,0.5631768953068592,0.4439,3 - aderencia baixa
226,2862,212753646.642674,100193402.64691427,-112560243.99575968,8510920.760988267,9741866.036930293,7788490.0,published,False,1444448606.9774272,1557008850.973187,0.1366425415691729,calculated,"Fabricação de máquinas e equipamentos para as indústrias de alimentos, bebidas e fumo",True,relevante para transição energética,312947049.2895882,0.6798391201503248,0.3201608798496753,0.1366425415691729,0.069364463479648,0.5234657039711191,0.628158844765343,1.0,0.6606498194945849,2 - aprofundar,False,0,,,,0.0,Sem exposicao TSB direta,,20425.0,114703448.77,0.0,0.6606498194945849,0.7220216606498195,0.628158844765343,0.4038,3 - aderencia baixa
223,2853,191946561.7898985,84966877.85768354,-106979683.932215,28677502.550965007,9526249.86462276,5899881.0,published,False,1094188333.2690406,1201168017.2012558,0.1597999272717381,calculated,"Fabricação de tratores, exceto agrícolas",True,relevante para transição energética,276913439.64758205,0.693164485025292,0.3068355149747079,0.1597999272717381,0.0776528823002829,0.4873646209386281,0.6642599277978339,1.0,0.6606498194945849,2 - aprofundar,False,0,,,,0.0,Sem exposicao TSB direta,,7316.0,38924888.0,0.0,0.6606498194945849,0.3574007220216607,0.6642599277978339,0.3363,3 - aderencia baixa
225,2861,70337674.0,28390905.0,-41946769.0,9157755.0,4460111.0,880120.0,published,False,163226518.61567175,205173287.6156717,0.3428208165760629,calculated,"Fabricação de máquinas para a indústria metalúrgica, exceto máquinas-ferramenta",True,dependência externa alta; relevante para transição energética,98728579.0,0.7124347854738191,0.2875652145261809,0.3428208165760629,0.1739356156143253,0.3104693140794224,0.8411552346570397,1.0,0.6606498194945849,2 - aprofundar,False,0,,,,0.0,Sem exposicao TSB direta,,7051.0,33529942.26,0.0,0.6606498194945849,0.3176895306859206,0.8411552346570397,0.3549,3 - aderencia baixa
175,2532,246823049.4825044,90558923.69482826,-156264125.7876761,111475837.16090444,10773223.786855686,14518950.0,published,False,2692675615.2058897,2848939740.993566,0.0866368094526369,calculated,Produção de artefatos estampados de metal; metalurgia do pó,True,relevante para transição energética,337381973.17733264,0.7315833953960865,0.2684166046039135,0.0866368094526369,0.0336315756652714,0.5379061371841155,0.6064981949458483,1.0,0.6577617328519856,2 - aprofundar,False,0,,,,0.0,Sem exposicao TSB direta,,27525.0,92792090.41,0.0,0.6577617328519856,0.703971119133574,0.5379061371841155,0.3859,3 - aderencia baixa
135,2122,853045972.5418942,68748078.77276295,-784297893.7691312,3481225.786612079,2381567.0023380304,7376375.0,published,False,1368018010.3323135,2152315904.1014447,0.3963386466254016,calculated,Fabricação de medicamentos para uso veterinário,False,dependência externa alta,921794051.3146572,0.9254192640159536,0.0745807359840463,0.3963386466254016,0.0502537819338087,0.7581227436823105,0.8808664259927798,0.0,0.6555956678700361,2 - aprofundar,False,0,,,,0.0,Sem exposicao TSB direta,,11129.0,77324009.6,0.0,0.6555956678700361,0.5703971119133574,0.8808664259927798,0.4101,3 - aderencia baixa
221,2851,162881550.60471094,120793664.15509076,-42087886.44962019,5540244.58376331,3072483.413726447,6120613.0,published,False,1135125155.414969,1177213041.8645892,0.1383619997504637,calculated,Fabricação de máquinas e equipamentos para a prospecção e extração de petróleo,True,relevante para transição energética,283675214.7598017,0.5741832283184444,0.4258167716815557,0.1383619997504637,0.1064144016004403,0.4945848375451263,0.6353790613718412,1.0,0.6519855595667869,2 - aprofundar,False,0,,,,0.0,Sem exposicao TSB direta,,7930.0,79538218.22,0.0,0.6519855595667869,0.5848375451263538,0.6353790613718412,0.3753,3 - aderencia baixa
143,2229,826697244.1172187,199923405.9073293,-626773838.2098894,182398742.28362343,35730352.4789832,40693528.0,published,False,7546996893.184293,8173770731.394182,0.1011402535358623,calculated,Fabricação de artefatos de material plástico não especificados anteriormente,False,baixo peso relativo na triagem inicial,1026620650.024548,0.8052606813407184,0.1947393186592816,0.1011402535358623,0.0264904582229098,0.7833935018050542,0.8375451263537906,0.0,0.648375451263538,2 - aprofundar,False,0,,,,0.0,Sem exposicao TSB direta,,196896.0,711276241.72,0.0,0.648375451263538,0.9783393501805054,0.7833935018050542,0.4753,3 - aderencia baixa
250,3092,143434647.0,3085569.0,-140349078.0,35785589.0,363815.0,2837816.0,published,False,526299625.223664,666648703.223664,0.215157767961452,calculated,Fabricação de bicicletas e triciclos não-motorizados,True,relevante para transição energética,146520216.0,0.978941001561177,0.0210589984388229,0.215157767961452,0.0058627611575606,0.371841155234657,0.7472924187725631,1.0,0.6476534296028881,2 - aprofundar,False,0,,,,0.0,Sem exposicao TSB direta,,9280.0,29771710.99,0.0,0.6476534296028881,0.36823104693140796,0.7472924187725631,0.3477,3 - aderencia baixa
119,2040,609415302.217311,52645190.10723776,-556770112.1100732,416199633.40025085,8337033.563371818,4621974.0,published,False,857188480.1528778,1413958592.262951,0.4309993981096579,calculated,Fabricação de fibras artificiais e sintéticas,False,dependência externa alta,662060492.3245488,0.9204828097771004,0.0795171902228996,0.4309993981096579,0.0614161194721709,0.6931407942238267,0.9097472924187726,0.0,0.6411552346570397,2 - aprofundar,False,0,,,,0.0,Sem exposicao TSB direta,,3135.0,13877421.39,0.0,0.6411552346570397,0.16606498194945848,0.9097472924187726,0.33,3 - aderencia baixa
159,2423,649341155.3893739,379335359.3210678,-270005796.0683061,284187517.48281616,387390102.598561,50659172.0,published,False,9395219153.652365,9665224949.720669,0.0671832428906003,calculated,Produção de laminados longos de aço,False,baixo peso relativo na triagem inicial,1028676514.7104416,0.6312394091860399,0.3687605908139601,0.0671832428906003,0.0403753603952497,0.7870036101083032,0.8050541516245487,0.0,0.6368231046931409,2 - aprofundar,True,1,24237,2491,"Produção de ferro-gusa/ferroligas, siderurgia e tubos de aço sem costura",0.8140000000000001,Alta exposicao TSB,"Setor industrial de transição, com forte peso em atividades compatíveis.",31815.0,228062420.23000002,0.8140000000000001,0.6368231046931409,0.8664259927797834,0.7870036101083032,0.7761,1 - maior aderencia TSB
180,2550,132896217.0,48607531.0,-84288686.0,2771641.0,381964.0,4219338.0,published,False,782515853.0686852,866804539.0686852,0.1533173985715243,calculated,"Fabricação de equipamento bélico pesado, armas de fogo e munições",True,relevante para transição energética,181503748.0,0.7321954420467395,0.2678045579532606,0.1533173985715243,0.0621169920192447,0.4259927797833935,0.6534296028880866,1.0,0.6317689530685922,2 - aprofundar,False,0,,,,0.0,Sem exposicao TSB direta,,7741.0,41649874.54,0.0,0.6317689530685922,0.37184115523465705,0.6534296028880866,0.3303,3 - aderencia baixa
219,2833,497525410.6197045,678407518.5245385,180882107.904834,44803932.90184118,72465239.11249262,39181382.0,published,False,7266555217.937038,7085673110.032204,0.0702156877538263,calculated,"Fabricação de máquinas e equipamentos para a agricultura e pecuária, exceto para irrigação",False,baixo peso relativo na triagem inicial,1175932929.144243,0.4230899554635031,0.576910044536497,0.0702156877538263,0.0933602646890966,0.8158844765342961,0.7545126353790613,0.0,0.628158844765343,2 - aprofundar,False,0,,,,0.0,Sem exposicao TSB direta,,81407.0,434116273.28,0.0,0.628158844765343,0.9386281588447654,0.8158844765342961,0.4671,3 - aderencia baixa
179,2543,621849241.7145293,203220410.49100047,-418628831.2235288,75595589.10861874,18488223.079495102,7755821.0,published,False,1438389834.1547947,1857018665.378324,0.3348642925933338,calculated,Fabricação de ferramentas,False,dependência externa alta,825069652.2055297,0.7536930246461458,0.2463069753538542,0.3348642925933338,0.1412832638729081,0.740072202166065,0.8303249097472925,0.0,0.628158844765343,2 - aprofundar,False,0,,,,0.0,Sem exposicao TSB direta,,23746.0,114604810.94,0.0,0.628158844765343,0.7184115523465704,0.8303249097472925,0.4253,3 - aderencia baixa
89,1721,408581896.347334,965009601.620906,556427705.273572,329079038.2377086,1079856799.7686796,45045566.0,published,False,8354123207.349533,7797695502.075961,0.0523977752450782,calculated,Fabricação de papel,False,baixo peso relativo na triagem inicial,1373591497.96824,0.2974551727727578,0.7025448272272422,0.0523977752450782,0.115512972177851,0.8447653429602888,0.7184115523465704,0.0,0.6252707581227437,2 - aprofundar,True,1,17214,1700,"Fabricação de celulose, papel e produtos de papel",0.9998999999999999,Alta exposicao TSB,Exposição praticamente integral no recorte analisado.,40569.0,224952820.0,0.9998999999999999,0.6252707581227437,0.8628158844765343,0.8447653429602888,0.8556,1 - maior aderencia TSB
125,2071,160552960.0,146670644.0,-13882316.0,32013914.0,63234574.0,39792133.0,published,False,7379824726.039389,7393707042.039389,0.0217148122162702,calculated,"Fabricação de tintas, vernizes, esmaltes e lacas",True,relevante para transição energética,307223604.0,0.5225931793964633,0.4774068206035367,0.0217148122162702,0.0198745430203076,0.5126353790613718,0.5270758122743683,1.0,0.6158844765342961,2 - aprofundar,False,0,,,,0.0,Sem exposicao TSB direta,,29744.0,163025605.46,0.0,0.6158844765342961,0.8158844765342961,0.5126353790613718,0.394,3 - aderencia baixa
243,3012,75648363.0,22836941.0,-52811422.0,2782834.0,522109.0,1784101.0,published,False,330878283.74396515,383689705.7439652,0.1971602622314811,calculated,Construção de embarcações para esporte e lazer,True,relevante para transição energética,98485304.0,0.7681182869679724,0.2318817130320276,0.1971602622314811,0.0690191593766586,0.3068592057761732,0.7148014440433214,1.0,0.6086642599277978,2 - aprofundar,False,0,,,,0.0,Sem exposicao TSB direta,,4617.0,14340742.81,0.0,0.6086642599277978,0.21299638989169675,0.7148014440433214,0.302,3 - aderencia baixa
161,2431,179964903.94867858,53229207.245213866,-126735696.70346472,54543447.41781686,31705432.521447685,16973750.0,published,False,3147941326.5836005,3274677023.287065,0.0549565354594978,calculated,Produção de tubos de aço com costura,True,relevante para transição energética,233194111.19389245,0.7717386302222885,0.2282613697777115,0.0549565354594978,0.0169092119969664,0.4657039711191336,0.5487364620938628,1.0,0.6057761732851985,2 - aprofundar,False,0,,,,0.0,Sem exposicao TSB direta,,12235.0,58874138.03,0.0,0.6057761732851985,0.47653429602888087,0.4657039711191336,0.3166,3 - aderencia baixa
17,1011,156549557.46039066,8476318912.980746,8319769355.520355,60841784.93766744,1700547829.3694644,167609283.0,published,False,31084715438.529854,22764946083.0095,0.0068767813852733,calculated,"Abate de reses, exceto suínos",False,valor comercial alto; forte peso exportador,8632868470.441137,0.018134129808234,0.981865870191766,0.0068767813852733,0.2726844622316939,0.9855595667870036,0.5234657039711191,0.0,0.6036101083032491,2 - aprofundar,False,0,,,,0.0,Sem exposicao TSB direta,,165514.0,475899729.86,0.0,0.6036101083032491,0.9711191335740073,0.9855595667870036,0.493,3 - aderencia baixa
128,2091,120662070.0,34497839.0,-86164231.0,42318436.0,9214968.0,4936397.0,published,False,915501178.0380472,1001665409.0380472,0.1204614524084227,calculated,Fabricação de adesivos e selantes,True,relevante para transição energética,155159909.0,0.7776626757366815,0.2223373242633185,0.1204614524084227,0.0376819165584583,0.3971119133574007,0.5992779783393501,1.0,0.5985559566787004,2 - aprofundar,False,0,,,,0.0,Sem exposicao TSB direta,,5996.0,31422533.48,0.0,0.5985559566787004,0.296028880866426,0.5992779783393501,0.2987,3 - aderencia baixa
253,3102,152204606.31494296,28887482.103073087,-123317124.21186988,66081553.91700079,4389031.061793999,7033555.0,published,False,1304438822.1399937,1427755946.3518634,0.1066040780315775,calculated,Fabricação de móveis com predominância de metal,True,relevante para transição energética,181092088.41801605,0.8404818103572149,0.159518189642785,0.1066040780315775,0.0221455246599313,0.4223826714801444,0.5631768953068592,1.0,0.5942238267148015,2 - aprofundar,False,0,,,,0.0,Sem exposicao TSB direta,,33184.0,102246323.31,0.0,0.5942238267148015,0.776173285198556,0.5631768953068592,0.3883,3 - aderencia baixa
28,1052,605412125.0,43727741.0,-561684384.0,160699620.0,16859740.0,90377420.0,published,False,16761341212.63735,17323025596.637352,0.0349484056132503,calculated,Fabricação de laticínios,False,baixo peso relativo na triagem inicial,649139866.0,0.932637412535683,0.0673625874643169,0.0349484056132503,0.0026088449871201,0.6859205776173285,0.7833935018050542,0.0,0.5877256317689531,2 - aprofundar,False,0,,,,0.0,Sem exposicao TSB direta,,97069.0,318945821.61,0.0,0.5877256317689531,0.927797833935018,0.6859205776173285,0.4354,3 - aderencia baixa
177,2541,57239620.40795286,49362909.847431496,-7876710.560521364,15656684.08062375,3452817.955196592,2215608.0,published,False,410905308.88632375,418782019.4468451,0.1366811795873154,calculated,Fabricação de artigos de cutelaria,True,relevante para transição energética,106602530.25538436,0.5369442945756137,0.4630557054243864,0.1366811795873154,0.1201320809926251,0.3249097472924188,0.631768953068592,1.0,0.5826714801444044,2 - aprofundar,False,0,,,,0.0,Sem exposicao TSB direta,,8650.0,44833738.74,0.0,0.5826714801444044,0.3935018050541516,0.631768953068592,0.3191,3 - aderencia baixa
121,2052,350811604.52090466,25492815.62919592,-325318788.89170873,62282869.26657475,2413256.3329320992,2958039.0,published,False,548596109.5070934,873914898.3988022,0.4014253620846447,calculated,Fabricação de desinfestantes domissanitários,False,dependência externa alta,376304420.1501006,0.9322548068422174,0.0677451931577825,0.4014253620846447,0.0464691877820659,0.5667870036101083,0.8880866425992779,0.0,0.5819494584837546,2 - aprofundar,False,0,,,,0.0,Sem exposicao TSB direta,,2682.0,12777328.31,0.0,0.5819494584837546,0.1444043321299639,0.8880866425992779,0.3076,3 - aderencia baixa
21,1031,321344999.99739754,696492210.2686524,375147210.2712549,164370302.92880365,531666332.10177374,18293334.0,published,False,3392670570.7104726,3017523360.4392176,0.1064929618144278,calculated,Fabricação de conservas de frutas,False,baixo peso relativo na triagem inicial,1017837210.26605,0.3157135510042926,0.6842864489957073,0.1064929618144278,0.2052932036141656,0.779783393501805,0.6606498194945848,0.0,0.5761732851985559,2 - aprofundar,False,0,,,,0.0,Sem exposicao TSB direta,,29920.0,76110486.15,0.0,0.5761732851985559,0.740072202166065,0.779783393501805,0.409,3 - aderencia baixa
18,1012,96119674.712053,6613888691.246565,6517769016.534512,16415617.478791725,3217111190.933064,221135172.0,published,False,41011594179.24576,34493825162.71124,0.0027865762715107,calculated,"Abate de suínos, aves e outros pequenos animais",False,valor comercial alto; forte peso exportador,6710008365.958618,0.0143248218884032,0.9856751781115968,0.0027865762715107,0.1612687539611317,0.9783393501805054,0.4548736462093863,0.0,0.5732851985559567,2 - aprofundar,False,0,,,,0.0,Sem exposicao TSB direta,,390319.0,1108292896.8,0.0,0.5732851985559567,1.0,0.9783393501805054,0.4901,3 - aderencia baixa
76,1521,264941820.5494156,8323724.835514759,-256618095.7139008,53524141.49346301,220469.3252288128,1277848.0,published,False,236988911.01213348,493607006.7260343,0.536746474298866,calculated,"Fabricação de artigos para viagem, bolsas e semelhantes de qualquer material",False,dependência externa alta,273265545.3849304,0.9695397938887989,0.0304602061112011,0.536746474298866,0.0351228451996582,0.483754512635379,0.9422382671480144,0.0,0.5703971119133574,2 - aprofundar,False,0,,,,0.0,Sem exposicao TSB direta,,21613.0,51257120.55,0.0,0.5703971119133574,0.6173285198555957,0.9422382671480144,0.4074,3 - aderencia baixa
169,2511,122935725.76747176,65596662.57860675,-57339063.18886501,56547506.05789377,23353958.16732292,28067811.0,published,False,5205439115.907668,5262778179.096533,0.0233594731877102,calculated,Fabricação de estruturas metálicas,True,relevante para transição energética,188532388.3460785,0.6520668774524058,0.3479331225475942,0.0233594731877102,0.0126015617737503,0.4368231046931408,0.4801444043321299,1.0,0.5667870036101084,2 - aprofundar,False,0,,,,0.0,Sem exposicao TSB direta,,63123.0,198708385.41,0.0,0.5667870036101084,0.8953068592057761,0.4368231046931408,0.3863,3 - aderencia baixa
124,2063,378979207.2933761,424629983.1700431,45650775.87666696,33912725.686940625,92018920.0751359,42682602.0,published,False,7915889344.542004,7870238568.665337,0.0481534586260508,calculated,"Fabricação de cosméticos, produtos de perfumaria e de higiene pessoal",False,baixo peso relativo na triagem inicial,803609190.4634192,0.4715964075458486,0.5284035924541515,0.0481534586260508,0.0536427386346456,0.7220216606498195,0.6895306859205776,0.0,0.5646209386281589,2 - aprofundar,False,0,,,,0.0,Sem exposicao TSB direta,,56615.0,229762245.23,0.0,0.5646209386281589,0.8772563176895307,0.7220216606498195,0.4249,3 - aderencia baixa
14,0899,37395916.0049537,138842859.04612204,101446943.04116836,83393048.93365131,441411495.4324698,3518860.0,published,False,652605630.2503554,551158687.209187,0.0678496354549165,calculated,Extração de minerais não-metálicos não especificados anteriormente,True,relevante para transição energética,176238775.05107576,0.2121889237718316,0.7878110762281683,0.0678496354549165,0.2127515494968355,0.4115523465703971,0.4981949458483754,1.0,0.563898916967509,2 - aprofundar,True,1,08991,0580,Extração de carvão mineral e de minerais não-metálicos,0.1463,Exposicao intermediaria TSB,Exposição marginal no agregado do setor.,0.0,0.0,0.1463,0.563898916967509,0.030685920577617327,0.4981949458483754,0.2804,3 - aderencia baixa
152,2391,10120062.0,513095277.0,502975215.0,17988384.0,429765660.0,6698374.0,published,False,1242276358.230391,739301143.230391,0.0136886870697645,calculated,Aparelhamento e outros trabalhos em pedras,True,relevante para transição energética,523215339.0,0.0193420590828664,0.9806579409171337,0.0136886870697645,0.4130282876274797,0.6245487364620939,0.2743682310469314,1.0,0.5595667870036101,2 - aprofundar,False,0,,,,0.0,Sem exposicao TSB direta,,54741.0,154676170.53,0.0,0.5595667870036101,0.8664259927797834,0.6245487364620939,0.4069,3 - aderencia baixa
37,1071,89358753.16501978,3892136773.019869,3802778019.854848,27471762.74495465,10791560804.760431,144050686.0,published,False,26715552401.921654,22912774382.066807,0.0038999534353621,calculated,Fabricação de açúcar em bruto,False,valor comercial alto; forte peso exportador,3981495526.184889,0.0224435146485381,0.9775564853514618,0.0038999534353621,0.1456880514564957,0.9494584837545126,0.4440433212996389,0.0,0.5574007220216607,2 - aprofundar,False,0,,,,0.0,Sem exposicao TSB direta,,270492.0,1071192525.2,0.0,0.5574007220216607,0.9963898916967509,0.9494584837545126,0.481,3 - aderencia baixa
118,2033,307289942.0,71675493.0,-235614449.0,138972883.0,27487229.0,3791753.0,published,False,703216199.6551939,938830648.655194,0.3273113659424842,calculated,Fabricação de elastômeros,False,dependência externa alta,378965435.0,0.8108653550422086,0.1891346449577914,0.3273113659424842,0.1019252585977747,0.5703971119133574,0.8231046931407943,0.0,0.5574007220216607,2 - aprofundar,True,1,20339,2091,"Fabricação de químicos orgânicos e inorgânicos, resinas e elastômeros",0.6944,Exposicao intermediaria TSB,"Exposição elevada, mas ainda não integral.",1565.0,13125041.89,0.6944,0.5574007220216607,0.1444043321299639,0.8231046931407943,0.5695,2 - aderencia media
20,1020,429533163.1498884,162442053.5539113,-267091109.5959771,103843176.17339952,56446250.226364896,9498931.0,published,False,1761665952.029816,2028757061.625793,0.2117223255926324,calculated,Preservação do pescado e fabricação de produtos do pescado,False,baixo peso relativo na triagem inicial,591975216.7037997,0.7255931515876437,0.2744068484123562,0.2117223255926324,0.0922093393283461,0.6534296028880866,0.7364620938628159,0.0,0.555956678700361,2 - aprofundar,False,0,,,,0.0,Sem exposicao TSB direta,,28114.0,71484291.92,0.0,0.555956678700361,0.7220216606498195,0.7364620938628159,0.3939,3 - aderencia baixa
61,1323,498783270.7320734,24374734.75224395,-474408535.9798295,194065071.20822227,3793072.102680504,9522615.0,published,False,1766058372.2303493,2240466908.210179,0.2226246988537455,calculated,Tecelagem de fios de fibras artificiais e sintéticas,False,baixo peso relativo na triagem inicial,523158005.48431736,0.9534084645619084,0.0465915354380917,0.2226246988537455,0.0138017718641208,0.6209386281588448,0.7617328519855595,0.0,0.5530685920577618,2 - aprofundar,False,0,,,,0.0,Sem exposicao TSB direta,,19167.0,62349733.96,0.0,0.5530685920577618,0.5703971119133574,0.7509025270758123,0.365,3 - aderencia baixa
160,2424,391215970.9966093,226047877.1958348,-165168093.8007745,319009299.9806206,244907069.2141204,68171742.0,published,False,12643089708.932611,12808257802.733389,0.030544042524903,calculated,"Produção de relaminados, trefilados e perfilados de aço",False,baixo peso relativo na triagem inicial,617263848.1924441,0.6337905129908726,0.3662094870091273,0.030544042524903,0.0178791642232932,0.6714801444043321,0.703971119133574,0.0,0.5501805054151625,2 - aprofundar,True,1,24245,2491,"Produção de ferro-gusa/ferroligas, siderurgia e tubos de aço sem costura",0.8140000000000001,Alta exposicao TSB,"Setor industrial de transição, com forte peso em atividades compatíveis.",13133.0,62460369.25,0.8140000000000001,0.5501805054151625,0.48736462093862815,0.6714801444043321,0.6613,2 - aderencia media
204,2759,469385321.7847507,53972882.792883925,-415412438.9918668,83869168.46047816,4220802.449558539,10848677.0,published,False,2011989022.287768,2427401461.2796345,0.193369464949283,calculated,Fabricação de aparelhos eletrodomésticos não especificados anteriormente,False,baixo peso relativo na triagem inicial,523358204.5776346,0.8968720040675743,0.1031279959324257,0.193369464949283,0.0268256348295146,0.628158844765343,0.7436823104693141,0.0,0.5487364620938628,2 - aprofundar,False,0,,,,0.0,Sem exposicao TSB direta,,23516.0,79884854.93,0.0,0.5487364620938628,0.6498194945848376,0.7075812274368231,0.3733,3 - aderencia baixa
47,1099,310714980.89871603,418875557.013424,108160576.11470796,54273494.79895593,145885195.43010455,37456959.0,published,False,6946744779.689081,6838584203.574373,0.0454355714061855,calculated,Fabricação de produtos alimentícios não especificados anteriormente,False,baixo peso relativo na triagem inicial,729590537.91214,0.425875836860337,0.5741241631396631,0.0454355714061855,0.0602981065661335,0.7111913357400722,0.6498194945848376,0.0,0.5444043321299639,2 - aprofundar,False,0,,,,0.0,Sem exposicao TSB direta,,110278.0,400587543.53000003,0.0,0.5444043321299639,0.9386281588447654,0.7111913357400722,0.4305,3 - aderencia baixa
172,2521,58824243.0,26182365.0,-32641878.0,23211072.0,9459954.0,2682018.0,published,False,497405423.1293082,530047301.1293082,0.1109792331263082,calculated,"Fabricação de tanques, reservatórios metálicos e caldeiras para aquecimento central",True,relevante para transição energética,85006608.0,0.6919961210544949,0.308003878945505,0.1109792331263082,0.0526378760313465,0.2815884476534296,0.5776173285198556,1.0,0.543682310469314,2 - aprofundar,False,0,,,,0.0,Sem exposicao TSB direta,,7478.0,29176627.59,0.0,0.543682310469314,0.30685920577617326,0.5776173285198556,0.2839,3 - aderencia baixa
183,2593,83909948.02240194,29689656.26003376,-54220291.76236819,29855006.037076414,2963164.87592465,5003591.0,published,False,927962936.3117616,982183228.0741298,0.0854320717601063,calculated,Fabricação de artigos de metal para uso doméstico e pessoal,True,relevante para transição energética,113599604.2824357,0.7386464816706738,0.2613535183293262,0.0854320717601063,0.031994441909541,0.3393501805054151,0.516245487364621,1.0,0.5422382671480145,2 - aprofundar,False,0,,,,0.0,Sem exposicao TSB direta,,22157.0,67630660.25,0.0,0.5422382671480145,0.6209386281588448,0.516245487364621,0.3372,3 - aderencia baixa
25,1042,395227841.85927874,165341289.98502174,-229886551.874257,241646070.798719,64614403.48719979,23174858.0,published,False,4297995035.623039,4527881587.497296,0.0872875834365036,calculated,"Fabricação de óleos vegetais refinados, exceto óleo de milho",False,baixo peso relativo na triagem inicial,560569131.8443005,0.7050474587477897,0.2949525412522102,0.0872875834365036,0.038469399944538,0.6462093862815884,0.7075812274368231,0.0,0.5415162454873645,2 - aprofundar,False,0,,,,0.0,Sem exposicao TSB direta,,10009.0,80352865.34,0.0,0.5415162454873645,0.592057761732852,0.6462093862815884,0.3507,3 - aderencia baixa
74,1422,127409199.0,3853626.0,-123555573.0,10205245.0,153182.0,159026.0,published,False,29492865.00633529,153048438.0063353,0.8324763105045608,calculated,"Fabricação de artigos do vestuário, produzidos em malharias e tricotagens, exceto meias",False,dependência externa muito alta,131262825.0,0.9706419087049208,0.0293580912950791,0.8324763105045608,0.1306629925296241,0.3537906137184115,0.9927797833935018,0.0,0.5386281588447653,2 - aprofundar,False,0,,,,0.0,Sem exposicao TSB direta,,13768.0,36519161.97,0.0,0.5386281588447653,0.48014440433212996,0.9927797833935018,0.3796,3 - aderencia baixa
245,3032,76976757.0,10259440.0,-66717317.0,12435906.0,1700667.0,3566206.0,published,False,661386390.5448352,728103707.5448352,0.1057222428650521,calculated,Fabricação de peças e acessórios para veículos ferroviários,True,relevante para transição energética,87236197.0,0.8823946899014866,0.1176053100985133,0.1057222428650521,0.0155120216361702,0.2888086642599278,0.555956678700361,1.0,0.5379061371841156,2 - aprofundar,False,0,,,,0.0,Sem exposicao TSB direta,,1119.0,7544729.25,0.0,0.5379061371841156,0.09386281588447654,0.555956678700361,0.2366,3 - aderencia baixa
144,2311,95701763.0,53189298.0,-42512465.0,203480526.0,33266015.0,13572633.0,published,False,2517172241.3286605,2559684706.3286605,0.0373881059504646,calculated,Fabricação de vidro plano e de segurança,True,relevante para transição energética,148891061.0,0.6427636579203369,0.3572363420796632,0.0373881059504646,0.0211305754634909,0.3826714801444043,0.4512635379061371,1.0,0.5335740072202166,2 - aprofundar,True,1,23117,2300,Fabricação de produtos de minerais não-metálicos,0.2389,Exposicao intermediaria TSB,Exposição parcial em setor heterogêneo.,20157.0,86469023.28,0.2389,0.5335740072202166,0.6245487364620939,0.3898916967509025,0.4123,3 - aderencia baixa
43,1093,277808202.0,399657242.0,121849040.0,46395999.0,88101867.0,45372515.0,published,False,8414758969.557954,8292909929.557953,0.0334994838192832,calculated,"Fabricação de produtos derivados do cacau, de chocolates e confeitos",False,baixo peso relativo na triagem inicial,677465444.0,0.4100699223265475,0.5899300776734525,0.0334994838192832,0.047494793783855,0.6967509025270758,0.6353790613718412,0.0,0.5328519855595668,2 - aprofundar,False,0,,,,0.0,Sem exposicao TSB direta,,39505.0,162410119.01,0.0,0.5328519855595668,0.8158844765342961,0.6967509025270758,0.4009,3 - aderencia baixa
155,2411,99256.0,803888642.5683593,803789386.5683593,52597.0,1911648507.541859,17056679.0,published,False,3163321288.364129,2359531901.79577,4.20659707649891e-05,calculated,Produção de ferro-gusa,True,relevante para transição energética,803987898.5683593,0.0001234545944991,0.9998765454055007,4.20659707649891e-05,0.2541280411589428,0.7256317689530686,0.0974729241877256,1.0,0.5292418772563177,2 - aprofundar,True,1,24113,2491,"Produção de ferro-gusa/ferroligas, siderurgia e tubos de aço sem costura",0.8140000000000001,Alta exposicao TSB,"Setor industrial de transição, com forte peso em atividades compatíveis.",13740.0,53004719.870000005,0.8140000000000001,0.5292418772563177,0.4729241877256318,0.7256317689530686,0.6613,2 - aderencia media
10,0810,46480466.771325774,236428622.55914745,189948155.78782165,773190222.4201425,1090345808.6816242,28932351.0,published,False,5365776177.222026,5175828021.434204,0.0089802958249076,calculated,"Extração de pedra, areia e argila",True,relevante para transição energética,282909089.33047324,0.1642947099413648,0.8357052900586351,0.0089802958249076,0.0440623340874332,0.4909747292418772,0.3321299638989169,1.0,0.5292418772563177,2 - aprofundar,False,0,,,,0.0,Sem exposicao TSB direta,,0.0,0.0,0.0,0.5292418772563177,0.030685920577617327,0.49097472924187724,0.2121,3 - aderencia baixa
259,3230,227230683.0,8506613.0,-218724070.0,86019145.0,931069.0,2375827.0,published,False,440619426.9453206,659343496.9453206,0.3446317193583305,calculated,Fabricação de artefatos para pesca e esporte,False,dependência externa alta,235737296.0,0.9639148613972394,0.0360851386027605,0.3446317193583305,0.0193060325527944,0.4693140794223827,0.8483754512635379,0.0,0.5270758122743682,2 - aprofundar,False,0,,,,0.0,Sem exposicao TSB direta,,5429.0,15514828.94,0.0,0.5270758122743682,0.23465703971119134,0.8483754512635379,0.306,3 - aderencia baixa
22,1032,401597242.55426943,45876903.40290123,-355720339.1513682,311824498.6515257,43478411.16510687,13096298.0,published,False,2428831442.6366687,2784551781.788037,0.1442232984068958,calculated,Fabricação de conservas de legumes e outros vegetais,False,baixo peso relativo na triagem inicial,447474145.95717067,0.8974758568346599,0.10252414316534,0.1442232984068958,0.0188884673500021,0.6028880866425993,0.7111913357400722,0.0,0.5256317689530686,2 - aprofundar,False,0,,,,0.0,Sem exposicao TSB direta,,10978.0,29716639.06,0.0,0.5256317689530686,0.41155234657039713,0.6462093862815884,0.3106,3 - aderencia baixa
81,1539,131081945.37380834,23534144.337126862,-107547801.03668147,3752643.032977272,859766.5095879217,975827.0,published,False,180976280.48581457,288524081.52249604,0.4543189070461973,calculated,Fabricação de calçados de materiais não especificados anteriormente,False,dependência externa alta,154616089.7109352,0.8477898103546307,0.1522101896453691,0.4543189070461973,0.1300399382391524,0.3935018050541516,0.9205776173285198,0.0,0.5256317689530686,2 - aprofundar,False,0,,,,0.0,Sem exposicao TSB direta,,46147.0,101229946.17999999,0.0,0.5256317689530686,0.8447653429602888,0.9205776173285198,0.4384,3 - aderencia baixa
264,3299,313448081.20177233,128344366.40323108,-185103714.79854125,89098809.18115616,8839232.906914487,8231327.0,published,False,1526576887.0122046,1711680601.8107457,0.1831229967028797,calculated,Fabricação de produtos diversos não especificados anteriormente,False,baixo peso relativo na triagem inicial,441792447.6050034,0.7094917147203457,0.2905082852796544,0.1831229967028797,0.084073306425086,0.5992779783393501,0.6967509025270758,0.0,0.5184115523465704,2 - aprofundar,False,0,,,,0.0,Sem exposicao TSB direta,,41803.0,121560990.26,0.0,0.5184115523465704,0.8303249097472925,0.6967509025270758,0.4002,3 - aderencia baixa
178,2542,302775887.0,37513622.0,-265262265.0,75677697.0,2816536.0,6195975.0,published,False,1149101745.9888842,1414364010.9888842,0.2140721091936633,calculated,"Fabricação de artigos de serralheria, exceto esquadrias",False,baixo peso relativo na triagem inicial,340289509.0,0.8897596869493852,0.1102403130506148,0.2140721091936633,0.0326460403797549,0.5523465703971119,0.7436823104693141,0.0,0.5184115523465704,2 - aprofundar,False,0,,,,0.0,Sem exposicao TSB direta,,37146.0,103052290.49,0.0,0.5184115523465704,0.7942238267148014,0.7436823104693141,0.4,3 - aderencia baixa
49,1112,274915511.0,11965256.0,-262950255.0,80275493.0,7481834.0,4211026.0,published,False,780974314.6162771,1043924569.6162772,0.2633480607713378,calculated,Fabricação de vinho,False,baixo peso relativo na triagem inicial,286880767.0,0.9582918850743312,0.0417081149256687,0.2633480607713378,0.0153209340897197,0.4981949458483754,0.7942238267148014,0.0,0.5169675090252708,2 - aprofundar,False,0,,,,0.0,Sem exposicao TSB direta,,6963.0,27333316.26,0.0,0.5169675090252708,0.2779783393501805,0.7942238267148014,0.304,3 - aderencia baixa
67,1354,362521961.392186,95345802.01611352,-267176159.37607247,114889646.46831998,17777242.98672273,12080367.0,published,False,2240417498.761132,2507593658.137204,0.1445696595282864,calculated,"Fabricação de tecidos especiais, inclusive artefatos",False,baixo peso relativo na triagem inicial,457867763.4082995,0.7917612690040164,0.2082387309959835,0.1445696595282864,0.0425571582389604,0.6064981949458483,0.6823104693140795,0.0,0.5155234657039711,2 - aprofundar,False,0,,,,0.0,Sem exposicao TSB direta,,18694.0,67635364.07,0.0,0.5155234657039711,0.5667870036101083,0.6498194945848376,0.3397,3 - aderencia baixa
275,3511,385148866.0,43813442.0,-341335424.0,2.0,6.0,,missing,False,,,0.0,not_calculated_missing_pia,,False,baixo peso relativo na triagem inicial,428962308.0,0.8978617906914097,0.1021382093085903,,,0.5884476534296029,0.6967509025270758,0.0,0.5140794223826715,2 - aprofundar,True,1,35115,3500,"Energia elétrica, gás natural e outras utilidades",0.9723,Alta exposicao TSB,"Alta exposição, com forte relevância para a transição energética.",33224.0,398954207.95,0.9723,0.5140794223826715,0.927797833935018,0.5884476534296029,0.7913,1 - maior aderencia TSB
263,3292,235541749.45420328,9193482.555972882,-226348266.8982304,48208203.11708916,588592.2890773414,3190520.0,published,False,591711894.029988,818060160.9282184,0.2879271729684819,calculated,Fabricação de equipamentos e acessórios para segurança e proteção pessoal e profissional,False,baixo peso relativo na triagem inicial,244735232.01017612,0.9624349854311512,0.0375650145688488,0.2879271729684819,0.0155370927113845,0.4765342960288808,0.8050541516245487,0.0,0.5126353790613719,2 - aprofundar,False,0,,,,0.0,Sem exposicao TSB direta,,16327.0,41201125.18,0.0,0.5126353790613719,0.51985559566787,0.8050541516245487,0.3529,3 - aderencia baixa
149,2341,65914993.11694296,43783786.13887882,-22131206.978064142,39809236.34213039,30078686.610573363,6898338.0,published,False,1279361559.757983,1301492766.736047,0.0506456853250503,calculated,Fabricação de produtos cerâmicos refratários,True,relevante para transição energética,109698779.25582178,0.6008726219571382,0.3991273780428617,0.0506456853250503,0.0342231527943995,0.3321299638989169,0.4440433212996389,1.0,0.5104693140794223,2 - aprofundar,False,0,,,,0.0,Sem exposicao TSB direta,,9159.0,45585815.42,0.0,0.5104693140794223,0.4043321299638989,0.44404332129963897,0.2751,3 - aderencia baixa
57,1313,167158622.78268898,3690204.89276224,-163468417.88992673,95272877.59974912,796646.436628182,1505308.0,published,False,279173503.93619007,442641921.8261168,0.3776384805421885,calculated,Fiação de fibras artificiais e sintéticas,False,dependência externa alta,170848827.67545122,0.9784007596483352,0.0215992403516648,0.3776384805421885,0.0132183206526852,0.4043321299638989,0.8700361010830325,0.0,0.5097472924187726,2 - aprofundar,False,0,,,,0.0,Sem exposicao TSB direta,,9202.0,30778157.2,0.0,0.5097472924187726,0.36462093862815886,0.8700361010830325,0.3309,3 - aderencia baixa
19,1013,46822629.31198831,3030572810.9417334,2983750181.629745,10185340.33123124,1138558438.7517571,39708934.0,published,False,7364394690.223471,4380644508.593725,0.0106885252204633,calculated,Fabricação de produtos de carne,False,valor comercial alto; forte peso exportador,3077395440.2537217,0.0152150187458937,0.9847849812541064,0.0106885252204633,0.4115168915328425,0.9314079422382672,0.335740072202166,0.0,0.5068592057761733,2 - aprofundar,False,0,,,,0.0,Sem exposicao TSB direta,,84890.0,246225483.3,0.0,0.5068592057761733,0.924187725631769,0.9314079422382672,0.4513,3 - aderencia baixa
131,2094,191684041.9047109,59198037.0,-132486004.90471086,6042243.237745144,6704031.0,3669275.0,published,False,680501504.4465743,812987509.3512852,0.2357773516811631,calculated,Fabricação de catalisadores,False,baixo peso relativo na triagem inicial,250882078.9047109,0.764040391970427,0.235959608029573,0.2357773516811631,0.0869917797582879,0.4801444043321299,0.7653429602888087,0.0,0.4981949458483755,3 - monitorar,False,0,,,,0.0,Sem exposicao TSB direta,,599.0,6249764.85,0.0,0.4981949458483755,0.08664259927797834,0.7653429602888087,0.2567,3 - aderencia baixa
215,2825,40820452.56332441,10614228.363452615,-30206224.19987179,1807468.3056043263,372416.07932397735,2351328.0,published,False,436075857.3416696,466282081.5415414,0.0875445447707766,calculated,Fabricação de máquinas e equipamentos para saneamento básico e ambiental,True,relevante para transição energética,51434680.92677702,0.7936367413542791,0.2063632586457209,0.0875445447707766,0.0243403256216871,0.2129963898916967,0.5270758122743683,1.0,0.496028880866426,3 - monitorar,False,0,,,,0.0,Sem exposicao TSB direta,,4274.0,21176764.67,0.0,0.496028880866426,0.20216606498194944,0.5270758122743683,0.2435,3 - aderencia baixa
254,3103,39078034.207063325,15640361.827443335,-23437672.37961999,10193924.044990197,1550126.655767206,2570969.0,published,False,476810343.2927499,500248015.6723698,0.0781173197749512,calculated,"Fabricação de móveis de outros materiais, exceto madeira e metal",True,relevante para transição energética,54718396.03450666,0.714166295781401,0.2858337042185989,0.0781173197749512,0.0328020607091581,0.223826714801444,0.5090252707581228,1.0,0.4931407942238267,3 - monitorar,False,0,,,,0.0,Sem exposicao TSB direta,,8065.0,21586780.01,0.0,0.4931407942238267,0.3249097472924188,0.5090252707581228,0.2646,3 - aderencia baixa
192,2652,140408724.0,1080726.0,-139327998.0,2225599.0,5509.0,1298790.0,published,False,240872801.56438705,380200799.5643871,0.3693014958434398,calculated,Fabricação de cronômetros e relógios,False,dependência externa alta,141489450.0,0.9923617909321154,0.0076382090678845,0.3693014958434398,0.0044867083082068,0.3646209386281588,0.8664259927797834,0.0,0.4924187725631769,3 - monitorar,False,0,,,,0.0,Sem exposicao TSB direta,,1904.0,5380618.159999999,0.0,0.4924187725631769,0.11191335740072202,0.8664259927797834,0.2755,3 - aderencia baixa
145,2312,70787386.0,13840749.0,-56946637.0,59502228.0,3570854.0,7018226.0,published,False,1301595915.1456523,1358542552.1456523,0.0521053874155063,calculated,Fabricação de embalagens de vidro,True,relevante para transição energética,84628135.0,0.8364521562480374,0.1635478437519626,0.0521053874155063,0.0106336758120904,0.2779783393501805,0.4512635379061371,1.0,0.4916967509025271,3 - monitorar,True,1,23125,2300,Fabricação de produtos de minerais não-metálicos,0.2389,Exposicao intermediaria TSB,Exposição parcial em setor heterogêneo.,7307.0,43114000.32,0.2389,0.4916967509025271,0.37906137184115524,0.45126353790613716,0.362,3 - aderencia baixa
55,1311,35163172.0,2802865283.0,2767702111.0,15679017.0,1821898979.0,8129573.0,published,False,1507705652.2087471,-1259996458.7912529,0.0,non_positive_apparent_consumption,Preparação e fiação de fibras de algodão,False,baixo peso relativo na triagem inicial,2838028455.0,0.0123899998035784,0.9876100001964216,,1.8590268457864303,0.9205776173285198,0.2815884476534296,0.0,0.4808664259927798,3 - monitorar,False,0,,,,0.0,Sem exposicao TSB direta,,20829.0,64518929.48,0.0,0.4808664259927798,0.6064981949458483,0.9205776173285198,0.3796,3 - aderencia baixa
258,3220,55950118.0,1784897.0,-54165221.0,4363105.0,32491.0,165253.0,published,False,30647720.62990911,84812941.62990911,0.6596884499554877,calculated,Fabricação de instrumentos musicais,False,dependência externa muito alta,57735015.0,0.9690846707149898,0.0309153292850101,0.6596884499554877,0.0582391435093583,0.2346570397111913,0.967509025270758,0.0,0.4808664259927798,3 - monitorar,False,0,,,,0.0,Sem exposicao TSB direta,,1535.0,4381579.3,0.0,0.4808664259927798,0.10108303249097472,0.9675090252707581,0.2856,3 - aderencia baixa
35,1066,220245569.6999457,267483059.09590945,47237489.39596373,78320184.08478345,222050850.96461105,139124797.0,published,False,25802000031.157177,25754762541.76121,0.0085516443548185,calculated,Fabricação de alimentos para animais,False,baixo peso relativo na triagem inicial,487728628.7958552,0.4515740038547792,0.5484259961452207,0.0085516443548185,0.010366756792997,0.6101083032490975,0.5884476534296029,0.0,0.4794223826714802,3 - monitorar,False,0,,,,0.0,Sem exposicao TSB direta,,79140.0,298843099.57,0.0,0.4794223826714802,0.9097472924187726,0.6101083032490975,0.3933,3 - aderencia baixa
260,3240,173134643.0,6481362.0,-166653281.0,42334138.0,715034.0,2827345.0,published,False,524357679.9475373,691010960.9475372,0.2505526725112899,calculated,Fabricação de brinquedos e jogos recreativos,False,baixo peso relativo na triagem inicial,179616005.0,0.9639154539708196,0.0360845460291804,0.2505526725112899,0.012360574180297,0.4151624548736462,0.7833935018050542,0.0,0.4794223826714802,3 - monitorar,False,0,,,,0.0,Sem exposicao TSB direta,,13980.0,39616836.09,0.0,0.4794223826714802,0.48736462093862815,0.7833935018050542,0.3348,3 - aderencia baixa
107,1932,40126430.71405732,92968088.55624963,52841657.84219232,12216604.127075478,63588859.74741792,39630155.0,published,False,7349784384.912804,7296942727.070611,0.0054990743678436,calculated,"Fabricação de biocombustíveis, exceto álcool",True,relevante para transição energética,133094519.27030694,0.3014882275697841,0.6985117724302159,0.0054990743678436,0.0126490905974179,0.3574007220216607,0.3032490974729241,1.0,0.4642599277978339,3 - monitorar,True,1,19322,1992,Fabricação de biocombustíveis,1.0,Alta exposicao TSB,Setor diretamente associado à transição energética.,5087.0,29556662.98,1.0,0.4642599277978339,0.26714801444043323,0.3574007220216607,0.6231,2 - aderencia media
136,2123,102792150.9627448,28263013.02892001,-74529137.93382479,2495029.9817281,1098990.4110884375,1662980.0,published,False,308415256.9280209,382944394.8618458,0.2684257880307373,calculated,Fabricação de preparações farmacêuticas,False,baixo peso relativo na triagem inicial,131055163.9916648,0.7843426220830371,0.2156573779169629,0.2684257880307373,0.0916394776005395,0.3501805054151624,0.7978339350180506,0.0,0.4592057761732852,3 - monitorar,False,0,,,,0.0,Sem exposicao TSB direta,,2469.0,13524012.25,0.0,0.4592057761732852,0.148014440433213,0.7978339350180506,0.2641,3 - aderencia baixa
23,1033,44123689.40650397,1166803032.3345537,1122679342.9280496,33636324.09803945,1175836515.3804011,37835469.0,published,False,7016943013.522215,5894263670.594165,0.0074858696306092,calculated,"Fabricação de sucos de frutas, hortaliças e legumes",False,baixo peso relativo na triagem inicial,1210926721.7410576,0.0364379517061638,0.9635620482938362,0.0074858696306092,0.1662836694107434,0.8231046931407943,0.3212996389891697,0.0,0.4577617328519856,3 - monitorar,False,0,,,,0.0,Sem exposicao TSB direta,,22231.0,86464404.88,0.0,0.4577617328519856,0.6245487364620939,0.8231046931407943,0.3628,3 - aderencia baixa
3,0710,7427863.0,13433898761.0,13426470898.0,78844082.0,189424003447.0,216812669.0,published,False,40209945408.17386,26783474510.17386,0.0002773300751991,calculated,Extração de minério de ferro,False,valor comercial muito alto; forte peso exportador,13441326624.0,0.0005526138310438,0.999447386168956,0.0002773300751991,0.3340939318527193,0.9891696750902528,0.151624548736462,0.0,0.4563176895306859,3 - monitorar,True,1,07103,0791,"Extração de minério de ferro, inclusive beneficiamentos e a aglomeração",1.0,Alta exposicao TSB,Exposição integral no recorte CNAE–SCN utilizado.,0.0,0.0,1.0,0.4563176895306859,0.030685920577617327,0.9891696750902527,0.6686,2 - aderencia media
62,1330,268445954.0,31528911.0,-236917043.0,126687380.0,3814262.0,11050004.0,published,False,2049327004.964377,2286244047.964377,0.1174178908148579,calculated,Fabricação de tecidos de malha,False,baixo peso relativo na triagem inicial,299974865.0,0.8948948239379989,0.105105176062001,0.1174178908148579,0.0153850073334431,0.5090252707581228,0.6245487364620939,0.0,0.4534296028880866,3 - monitorar,False,0,,,,0.0,Sem exposicao TSB direta,,24282.0,89954452.88,0.0,0.4534296028880866,0.6642599277978339,0.592057761732852,0.335,3 - aderencia baixa
150,2342,10582148.0,191404234.0,180822086.0,20857523.0,779541826.0,20472570.0,published,False,3796830350.651778,3616008264.651778,0.0029264722936187,calculated,Fabricação de produtos cerâmicos não-refratários para uso estrutural na construção,True,relevante para transição energética,201986382.0,0.0523904032302534,0.9476095967697464,0.0029264722936187,0.0504115844857653,0.4440433212996389,0.1805054151624548,1.0,0.4498194945848375,3 - monitorar,False,0,,,,0.0,Sem exposicao TSB direta,,103110.0,285053889.63,0.0,0.4498194945848375,0.9350180505415162,0.44404332129963897,0.3661,3 - aderencia baixa
48,1111,190481183.3721988,14910381.352229506,-175570802.01996928,43784889.55747547,10233152.408794403,5283643.0,published,False,979901209.49196,1155472011.511929,0.1648514039928627,calculated,Fabricação de aguardentes e outras bebidas destiladas,False,baixo peso relativo na triagem inicial,205391564.7244283,0.9274050939130114,0.0725949060869885,0.1648514039928627,0.0152162087441038,0.447653429602888,0.6750902527075813,0.0,0.4490974729241877,3 - monitorar,False,0,,,,0.0,Sem exposicao TSB direta,,10145.0,37914569.72,0.0,0.4490974729241877,0.3935018050541516,0.6750902527075813,0.2922,3 - aderencia baixa
12,0892,18979107.0,9974114.0,-9004993.0,645427429.0,525738252.0,2019329.0,published,False,374503525.2120913,383508518.2120913,0.0494880976529027,calculated,Extração e refino de sal marinho e sal-gema,True,relevante para transição energética,28953221.0,0.6555093473019806,0.3444906526980193,0.0494880976529027,0.0266328974990326,0.1660649819494584,0.4332129963898917,1.0,0.4397111913357401,3 - monitorar,False,0,,,,0.0,Sem exposicao TSB direta,,0.0,0.0,0.0,0.4397111913357401,0.030685920577617327,0.4332129963898917,0.181,3 - aderencia baixa
50,1113,204383195.0,113679058.24734683,-90704136.75265317,410391179.0,173124115.1925288,61486058.0,published,False,11403166830.365488,11493870967.11814,0.0177819287848891,calculated,"Fabricação de malte, cervejas e chopes",False,baixo peso relativo na triagem inicial,318062253.2473468,0.6425886533635846,0.3574113466364154,0.0177819287848891,0.0099690778832272,0.5270758122743683,0.5703971119133574,0.0,0.4389891696750903,3 - monitorar,False,0,,,,0.0,Sem exposicao TSB direta,,129964.0,530774302.31,0.0,0.4389891696750903,0.9494584837545126,0.5270758122743683,0.3787,3 - aderencia baixa
30,1061,176573460.71515304,150582833.36619785,-25990627.348955184,546582258.3929799,443374526.5960666,34080874.0,published,False,6320618113.892837,6346608741.241792,0.0278217025681347,calculated,Beneficiamento de arroz e fabricação de produtos do arroz,False,baixo peso relativo na triagem inicial,327156294.0813509,0.5397220347264545,0.4602779652735454,0.0278217025681347,0.023824067623262,0.5306859205776173,0.5451263537906137,0.0,0.4303249097472924,3 - monitorar,False,0,,,,0.0,Sem exposicao TSB direta,,23520.0,81945114.78,0.0,0.4303249097472924,0.6534296028880866,0.5306859205776173,0.3179,3 - aderencia baixa
167,2451,43060910.0,9969561.0,-33091349.0,26523408.0,3531719.0,7615192.0,published,False,1412308865.5523276,1445400214.5523276,0.0297916864591976,calculated,Fundição de ferro e aço,True,relevante para transição energética,53030471.0,0.8120031594665641,0.1879968405334359,0.0297916864591976,0.007059051488784,0.2202166064981949,0.3501805054151624,1.0,0.4281588447653429,3 - monitorar,False,0,,,,0.0,Sem exposicao TSB direta,,43904.0,193565463.57999998,0.0,0.4281588447653429,0.8375451263537906,0.35018050541516244,0.3271,3 - aderencia baixa
256,3211,67724586.0,146307522.0,78582936.0,107205.0,3256748.0,3511183.0,published,False,651181858.5108056,572598922.5108056,0.1182757831660466,calculated,Lapidação de gemas e fabricação de artefatos de ourivesaria e joalheria,False,baixo peso relativo na triagem inicial,214032108.0,0.3164225528255788,0.6835774471744211,0.1182757831660466,0.2246799724037032,0.4584837545126354,0.5956678700361011,0.0,0.4216606498194946,3 - monitorar,False,0,,,,0.0,Sem exposicao TSB direta,,11520.0,36943429.32,0.0,0.4216606498194946,0.4259927797833935,0.5956678700361011,0.28,3 - aderencia baixa
174,2531,14569079.534331398,5503514.205893005,-9065565.328438394,9615934.209867593,151535.31807246312,1625069.0,published,False,301384305.9812879,310449871.3097263,0.0469289276006697,calculated,Produção de forjados de aço e de metais não-ferrosos e suas ligas,True,relevante para transição energética,20072593.7402244,0.7258194791804979,0.2741805208195021,0.0469289276006697,0.0182607856370421,0.1299638989169675,0.4187725631768953,1.0,0.4194945848375451,3 - monitorar,False,0,,,,0.0,Sem exposicao TSB direta,,4097.0,21817155.02,0.0,0.4194945848375451,0.21660649819494585,0.4187725631768953,0.211,3 - aderencia baixa
276,3520,213559271.5,6266.0,-213553005.5,754830936.5,17.5,,missing,False,,,0.0,not_calculated_missing_pia,,False,baixo peso relativo na triagem inicial,213565537.5,0.9999706600602636,2.9339939736297576e-05,,,0.4548736462093863,0.5812274368231047,0.0,0.4144404332129964,3 - monitorar,True,1,35204,3500,"Energia elétrica, gás natural e outras utilidades",0.9723,Alta exposicao TSB,"Alta exposição, com forte relevância para a transição energética.",5693.0,80690663.36,0.9723,0.4144404332129964,0.5956678700361011,0.4548736462093863,0.6799,2 - aderencia media
147,2320,46448333.0,3554537.0,-42893796.0,828332658.0,31402975.0,30064524.0,published,False,5575748291.548096,5618642087.548096,0.0082668253781349,calculated,Fabricação de cimento,True,relevante para transição energética,50002870.0,0.9289133403742624,0.0710866596257374,0.0082668253781349,0.0006374995451979,0.2057761732851985,0.3285198555956679,1.0,0.4137184115523465,3 - monitorar,True,1,23206,2300,Fabricação de produtos de minerais não-metálicos,0.2389,Exposicao intermediaria TSB,Exposição parcial em setor heterogêneo.,17667.0,102762653.7,0.2389,0.4137184115523465,0.6750902527075813,0.20577617328519857,0.3649,3 - aderencia baixa
72,1414,55088163.60835284,16107350.502183843,-38980813.10616899,8719929.689685661,805219.1532118579,1093738.0,published,False,202843982.6588052,241824795.7649741,0.227801964782355,calculated,"Fabricação de acessórios do vestuário, exceto para segurança e proteção",False,baixo peso relativo na triagem inicial,71195514.11053668,0.773758912995896,0.226241087004104,0.227801964782355,0.0794075835578386,0.2707581227436823,0.7581227436823105,0.0,0.4115523465703972,3 - monitorar,False,0,,,,0.0,Sem exposicao TSB direta,,10900.0,25707111.15,0.0,0.4115523465703972,0.40794223826714804,0.7581227436823105,0.2982,3 - aderencia baixa
218,2832,21768044.380295444,8078508.475461485,-13689535.90483396,3984278.0981588247,1382633.8875073837,3619925.0,published,False,671349083.5338768,685038619.4387107,0.0317763754664389,calculated,Fabricação de equipamentos para irrigação agrícola,True,relevante para transição energética,29846552.85575693,0.7293319428041329,0.270668057195867,0.0317763754664389,0.0120332457042131,0.1696750902527075,0.3574007220216607,1.0,0.4108303249097473,3 - monitorar,False,0,,,,0.0,Sem exposicao TSB direta,,4269.0,21639556.28,0.0,0.4108303249097473,0.21299638989169675,0.3574007220216607,0.1989,3 - aderencia baixa
151,2349,137058193.0,32775578.0,-104282615.0,63569855.0,12912941.0,4894186.0,published,False,907672751.7129028,1011955366.7129028,0.1354389704411579,calculated,Fabricação de produtos cerâmicos não-refratários não especificados anteriormente,False,baixo peso relativo na triagem inicial,169833771.0,0.8070137770184707,0.1929862229815294,0.1354389704411579,0.0361094655955552,0.4007220216606498,0.6209386281588448,0.0,0.4086642599277978,3 - monitorar,False,0,,,,0.0,Sem exposicao TSB direta,,21267.0,68590927.9,0.0,0.4086642599277978,0.6137184115523465,0.6209386281588448,0.3181,3 - aderencia baixa
40,1082,17830210.27363736,596266481.7068052,578436271.4331678,961350.7528606424,51631095.12924159,6611310.0,published,False,1226129521.8708549,647693250.4376869,0.027528788144061,calculated,Fabricação de produtos à base de café,False,baixo peso relativo na triagem inicial,614096691.9804426,0.0290348580386184,0.9709651419613816,0.027528788144061,0.4862997514300193,0.6678700361010831,0.3393501805054151,0.0,0.4028880866425993,3 - monitorar,False,0,,,,0.0,Sem exposicao TSB direta,,2893.0,15300889.66,0.0,0.4028880866425993,0.16606498194945848,0.6678700361010831,0.2341,3 - aderencia baixa
251,3099,14856784.822331034,5903210.653054762,-8953574.169276271,5342263.492794166,1152642.4993395011,2298389.0,published,False,426257822.677084,435211396.84636027,0.0341369388071788,calculated,Fabricação de equipamentos de transporte não especificados anteriormente,True,relevante para transição energética,20759995.4753858,0.7156448969339162,0.2843551030660838,0.0341369388071788,0.0138489203927802,0.1371841155234657,0.3682310469314079,1.0,0.4021660649819495,3 - monitorar,False,0,,,,0.0,Sem exposicao TSB direta,,2146.0,8112699.36,0.0,0.4021660649819495,0.11913357400722022,0.36823104693140796,0.1796,3 - aderencia baixa
53,1210,22025194.53416003,930553535.361672,908528340.827512,5970492.136106416,147130420.8247047,16726685.0,published,False,3102120802.312159,2193592461.484648,0.0100406957631743,calculated,Processamento industrial do fumo,False,baixo peso relativo na triagem inicial,952578729.895832,0.0231216526707126,0.9768783473292874,0.0100406957631743,0.2999733391001685,0.7689530685920578,0.2310469314079422,0.0,0.4,3 - monitorar,False,0,,,,0.0,Sem exposicao TSB direta,,5788.0,34144959.57,0.0,0.4,0.3212996389891697,0.7689530685920578,0.2796,3 - aderencia baixa
148,2330,39420247.81543293,8894782.81105445,-30525465.00437848,83350428.18836506,27907095.88399364,35320899.0,published,False,6550592394.384586,6581117859.388965,0.005989901511822,calculated,"Fabricação de artefatos de concreto, cimento, fibrocimento, gesso e materiais semelhantes",True,relevante para transição energética,48315030.626487374,0.815900296538814,0.1840997034611861,0.005989901511822,0.0013578593011953,0.1985559566787003,0.296028880866426,1.0,0.3978339350180505,3 - monitorar,False,0,,,,0.0,Sem exposicao TSB direta,,130003.0,364622396.53000003,0.0,0.3978339350180505,0.9494584837545126,0.19855595667870035,0.3191,3 - aderencia baixa
111,2014,28751406.45477882,10052183.13465505,-18699223.32012377,21001834.371327367,4338248.1442581285,9586904.0,published,False,1777981370.9751604,1796680594.2952845,0.0160025140506713,calculated,Fabricação de gases industriais,True,relevante para transição energética,38803589.58943387,0.7409470814166059,0.259052918583394,0.0160025140506713,0.0056537055442497,0.1841155234657039,0.2851985559566787,1.0,0.3877256317689531,3 - monitorar,True,1,20142,2091,"Fabricação de químicos orgânicos e inorgânicos, resinas e elastômeros",0.6944,Exposicao intermediaria TSB,"Exposição elevada, mas ainda não integral.",5569.0,50844753.07,0.6944,0.3877256317689531,0.4296028880866426,0.2851985559566787,0.5034,2 - aderencia media
126,2072,82581784.0,11777935.0,-70803849.0,10376273.0,1702341.0,2497161.0,published,False,463121956.6114047,533925805.6114047,0.1546690254190554,calculated,Fabricação de tintas de impressão,False,baixo peso relativo na triagem inicial,94359719.0,0.8751804782292749,0.124819521770725,0.1546690254190554,0.0254316057182376,0.3032490974729241,0.6570397111913358,0.0,0.384115523465704,3 - monitorar,False,0,,,,0.0,Sem exposicao TSB direta,,2490.0,15582695.24,0.0,0.384115523465704,0.17328519855595667,0.6570397111913358,0.2292,3 - aderencia baixa
65,1352,57074673.0,9519891.0,-47554782.0,22147349.0,2023467.0,1407304.0,published,False,260997741.8464633,308552523.8464633,0.1849755506404495,calculated,Fabricação de artefatos de tapeçaria,False,baixo peso relativo na triagem inicial,66594564.0,0.8570470256401108,0.1429529743598891,0.1849755506404495,0.0364749937399851,0.259927797833935,0.7003610108303249,0.0,0.3841155234657039,3 - monitorar,False,0,,,,0.0,Sem exposicao TSB direta,,7438.0,24256035.47,0.0,0.3841155234657039,0.30324909747292417,0.7003610108303249,0.2617,3 - aderencia baixa
77,1529,22384562.450584453,3881936.164485241,-18502626.28609921,3008891.506536988,244255.6747711872,368476.0,published,False,68337334.31058067,86839960.59667988,0.257767994098333,calculated,Fabricação de artefatos de couro não especificados anteriormente,False,baixo peso relativo na triagem inicial,26266498.61506969,0.8522096065648398,0.1477903934351602,0.257767994098333,0.0568054959071501,0.151624548736462,0.7906137184115524,0.0,0.3768953068592058,3 - monitorar,False,0,,,,0.0,Sem exposicao TSB direta,,9101.0,18747742.21,0.0,0.3768953068592058,0.3574007220216607,0.7906137184115524,0.2843,3 - aderencia baixa
262,3291,77494369.0,16591881.0,-60902488.0,17803432.0,2700188.0,2657794.0,published,False,492912854.8579974,553815342.8579974,0.1399281728095246,calculated,"Fabricação de escovas, pincéis e vassouras",False,baixo peso relativo na triagem inicial,94086250.0,0.8236524359297984,0.1763475640702015,0.1399281728095246,0.0336608810999257,0.2996389891696751,0.6389891696750902,0.0,0.3754512635379061,3 - monitorar,False,0,,,,0.0,Sem exposicao TSB direta,,8420.0,31524338.63,0.0,0.3754512635379061,0.33574007220216606,0.6389891696750902,0.2569,3 - aderencia baixa
26,1043,144822942.3763287,29730753.794264723,-115092188.582064,25720572.00619633,16697923.55783618,11144327.0,published,False,2066820091.0383053,2181912279.6203694,0.0663743193202645,calculated,Fabricação de margarina e outras gorduras vegetais e de óleos não-comestíveis de animais,False,baixo peso relativo na triagem inicial,174553696.17059344,0.8296755987039741,0.1703244012960258,0.0663743193202645,0.0143847807185428,0.407942238267148,0.516245487364621,0.0,0.3696750902527076,3 - monitorar,False,0,,,,0.0,Sem exposicao TSB direta,,3778.0,17496185.0,0.0,0.3696750902527076,0.18411552346570398,0.49097472924187724,0.2029,3 - aderencia baixa
52,1122,108572082.7789144,103007570.59491187,-5564512.184002519,54671639.0429653,29129553.340968072,62774300.0,published,False,11642083406.280691,11647647918.464697,0.0093213740266649,calculated,Fabricação de refrigerantes e de outras bebidas não-alcoólicas,False,baixo peso relativo na triagem inicial,211579653.37382627,0.5131499227247787,0.4868500772752214,0.0093213740266649,0.0088478639948019,0.4512635379061371,0.4693140794223827,0.0,0.3682310469314079,3 - monitorar,False,0,,,,0.0,Sem exposicao TSB direta,,55041.0,207449754.0,0.0,0.3682310469314079,0.8700361010830325,0.45126353790613716,0.3338,3 - aderencia baixa
73,1421,57120757.0,4915053.0,-52205704.0,13248411.0,126282.0,1609457.0,published,False,298488913.9794837,350694617.9794837,0.1628789096596334,calculated,Fabricação de meias,False,baixo peso relativo na triagem inicial,62035810.0,0.920770712915653,0.0792292870843469,0.1628789096596334,0.0164664507450947,0.2490974729241877,0.6714801444043321,0.0,0.3682310469314079,3 - monitorar,False,0,,,,0.0,Sem exposicao TSB direta,,12585.0,35881144.69,0.0,0.3682310469314079,0.44765342960288806,0.6714801444043321,0.2823,3 - aderencia baixa
170,2512,15445208.320990097,4232809.173181513,-11212399.147808583,1693043.7012366042,379682.7246120485,5042386.0,published,False,935157833.3595448,946370232.5073534,0.0163204714079699,calculated,Fabricação de esquadrias de metal,True,relevante para transição energética,19678017.49417161,0.7848965641769949,0.215103435823005,0.0163204714079699,0.0045263045682622,0.1263537906137184,0.2888086642599278,1.0,0.3660649819494584,3 - monitorar,True,1,25128,2500,"Fabricação de produtos de metal, exceto máquinas e equipamentos",0.0886,Exposicao intermediaria TSB,"Exposição baixa, com predominância de atividades convencionais.",62357.0,168708126.48,0.0886,0.3660649819494584,0.8916967509025271,0.2888086642599278,0.3486,3 - aderencia baixa
80,1533,76174318.04093625,213806737.65747777,137632419.6165415,3775625.486553865,14918883.718239252,20781838.0,published,False,3854187005.379806,3716554585.7632647,0.0204959502902854,calculated,Fabricação de calçados de material sintético,False,baixo peso relativo na triagem inicial,289981055.698414,0.2626872222996492,0.7373127777003508,0.0204959502902854,0.0554738878417261,0.5018050541516246,0.4115523465703971,0.0,0.3653429602888087,3 - monitorar,False,0,,,,0.0,Sem exposicao TSB direta,,66538.0,158347407.09,0.0,0.3653429602888087,0.8989169675090253,0.5018050541516246,0.3464,3 - aderencia baixa
64,1351,100338462.07457247,9131616.45727351,-91206845.61729896,28099606.33520228,1164327.9055491188,4183296.0,published,False,775831525.7224755,867038371.3397745,0.115725515030582,calculated,Fabricação de artefatos têxteis para uso doméstico,False,baixo peso relativo na triagem inicial,109470078.531846,0.9165834483747352,0.0834165516252646,0.115725515030582,0.0117701023411879,0.3285198555956679,0.5848375451263538,0.0,0.3653429602888086,3 - monitorar,False,0,,,,0.0,Sem exposicao TSB direta,,48319.0,117374806.89999999,0.0,0.3653429602888086,0.855595667870036,0.5848375451263538,0.3502,3 - aderencia baixa
248,3050,26465982.0,0.0,-26465982.0,157969.0,0.0,,confidential,True,,,0.0,not_calculated_confidential_pia,Fabricação de veículos militares de combate,True,relevante para transição energética,26465982.0,1.0,0.0,,,0.1552346570397112,0.2563176895306859,1.0,0.3646209386281588,3 - monitorar,False,0,,,,0.0,Sem exposicao TSB direta,,1.0,4424.88,0.0,0.3646209386281588,0.061371841155234655,0.1552346570397112,0.1267,3 - aderencia baixa
90,1722,69762047.65266599,113633097.37909403,43871049.72642806,69314811.76229139,125169166.23132049,6499590.0,published,False,1205409998.7833865,1161538949.0569584,0.0600600158172096,calculated,Fabricação de cartolina e papel-cartão,False,baixo peso relativo na triagem inicial,183395145.03176004,0.3803920089628584,0.6196079910371415,0.0600600158172096,0.0942692507062188,0.4296028880866426,0.4765342960288808,0.0,0.3624548736462094,3 - monitorar,True,1,17222,1700,"Fabricação de celulose, papel e produtos de papel",0.9998999999999999,Alta exposicao TSB,Exposição praticamente integral no recorte analisado.,3066.0,16903609.5,0.9998999999999999,0.3624548736462094,0.18050541516245489,0.47653429602888087,0.5982,2 - aderencia media
4,0721,1777071.0,77826326.0,76049255.0,4270420.0,2184884360.0,5117736.0,published,False,949132198.420776,873082943.4207761,0.0020353976828792,calculated,Extração de minério de alumínio,True,relevante para transição energética,79603397.0,0.0223240598639276,0.9776759401360724,0.0020353976828792,0.081997350979655,0.2743682310469314,0.1263537906137184,1.0,0.3602888086642599,3 - monitorar,True,1,07219,0792,"Extração de minerais metálicos não-ferrosos, inclusive beneficiamentos",0.4672,Exposicao intermediaria TSB,"Exposição parcial, relevante para minerais estratégicos e transição.",0.0,0.0,0.4672,0.3602888086642599,0.030685920577617327,0.2743682310469314,0.3242,3 - aderencia baixa
83,1610,7712252.749936409,726541942.485405,718829689.7354685,39343864.92132891,1677289270.8850987,12251657.0,published,False,2272184837.730452,1553355147.9949832,0.0049648998555746,calculated,Desdobramento de madeira,False,baixo peso relativo na triagem inicial,734254195.2353414,0.0105035188085843,0.9894964811914156,0.0049648998555746,0.3197547710119849,0.7148014440433214,0.1768953068592057,0.0,0.3566787003610108,3 - monitorar,False,0,,,,0.0,Sem exposicao TSB direta,,225884.0,574848554.12,0.0,0.3566787003610108,0.9855595667870036,0.7148014440433214,0.3935,3 - aderencia baixa
97,1811,72014105.0,33073747.0,-38940358.0,11679619.0,7399204.0,3394633.0,published,False,629566566.5680517,668506924.5680517,0.1077237981439475,calculated,"Impressão de jornais, livros, revistas e outras publicações periódicas",False,baixo peso relativo na triagem inicial,105087852.0,0.6852752590280369,0.3147247409719632,0.1077237981439475,0.0525341540614116,0.3176895306859206,0.5703971119133574,0.0,0.3552346570397112,3 - monitorar,False,0,,,,0.0,Sem exposicao TSB direta,,15912.0,56717859.61,0.0,0.3552346570397112,0.5090252707581228,0.5703971119133574,0.2762,3 - aderencia baixa
84,1621,19569388.0,572974726.0,553405338.0,15468641.0,1178251155.0,25335754.0,published,False,4698753490.345726,4145348152.345726,0.0047208068612828,calculated,"Fabricação de madeira laminada e de chapas de madeira compensada, prensada e aglomerada",False,baixo peso relativo na triagem inicial,592544114.0,0.0330260440322254,0.9669739559677746,0.0047208068612828,0.1219418569578634,0.6570397111913358,0.223826714801444,0.0,0.3523465703971119,3 - monitorar,False,0,,,,0.0,Sem exposicao TSB direta,,37184.0,135215871.67,0.0,0.3523465703971119,0.8014440433212996,0.6570397111913358,0.3469,3 - aderencia baixa
168,2452,5127784.676019712,6733945.261067015,1606160.5850473028,361611.320416533,156584.38780058522,2116048.0,published,False,392440971.9852463,390834811.400199,0.0131200817492407,calculated,Fundição de metais não-ferrosos e suas ligas,True,relevante para transição energética,11861729.937086727,0.4322965286865324,0.5677034713134677,0.0131200817492407,0.0171591289946152,0.1083032490974729,0.2671480144404332,1.0,0.3501805054151625,3 - monitorar,False,0,,,,0.0,Sem exposicao TSB direta,,13754.0,56802693.0,0.0,0.3501805054151625,0.47653429602888087,0.26714801444043323,0.2229,3 - aderencia baixa
78,1531,74117027.19120088,148233121.86358947,74116094.67238858,1937291.1860335148,4252379.912867889,10196977.0,published,False,1891125137.6108675,1817009042.938479,0.0407906760174062,calculated,Fabricação de calçados de couro,False,baixo peso relativo na triagem inicial,222350149.05479035,0.3333347313067794,0.6666652686932206,0.0407906760174062,0.0783835606198213,0.4620938628158845,0.4043321299638989,0.0,0.3465703971119134,3 - monitorar,False,0,,,,0.0,Sem exposicao TSB direta,,131196.0,311300691.43,0.0,0.3465703971119134,0.9530685920577617,0.4620938628158845,0.3466,3 - aderencia baixa
75,1510,18547892.0,505621151.0,487073259.0,8337709.0,248088032.0,11845737.0,published,False,2196903162.0084214,1709829903.0084214,0.0108477995193353,calculated,Curtimento e outras preparações de couro,False,baixo peso relativo na triagem inicial,524169043.0,0.0353853251116167,0.9646146748883832,0.0108477995193353,0.2301517698840026,0.631768953068592,0.2346570397111913,0.0,0.3465703971119133,3 - monitorar,False,0,,,,0.0,Sem exposicao TSB direta,,31087.0,97498868.34,0.0,0.3465703971119133,0.7581227436823105,0.631768953068592,0.333,3 - aderencia baixa
181,2591,80489442.0,104917376.0,24427934.0,16540204.0,13242634.0,33133603.0,published,False,6144937811.757235,6120509877.757235,0.0131507739726896,calculated,Fabricação de embalagens metálicas,False,baixo peso relativo na triagem inicial,185406818.0,0.4341234204235143,0.5658765795764857,0.0131507739726896,0.0170737897134222,0.4332129963898917,0.4223826714801444,0.0,0.3422382671480145,3 - monitorar,False,0,,,,0.0,Sem exposicao TSB direta,,20027.0,105111226.07,0.0,0.3422382671480145,0.6895306859205776,0.4332129963898917,0.2884,3 - aderencia baixa
71,1413,80986555.34771684,4602842.808220848,-76383712.53949599,8511799.618176647,155835.02766593354,3671029.0,published,False,680826800.21721,757210512.756706,0.1069538179718036,calculated,Confecção de roupas profissionais,False,baixo peso relativo na triagem inicial,85589398.15593769,0.9462218112594412,0.0537781887405587,0.1069538179718036,0.006760666305663,0.2851985559566787,0.5667870036101083,0.0,0.3407942238267148,3 - monitorar,False,0,,,,0.0,Sem exposicao TSB direta,,30599.0,62579930.9,0.0,0.3407942238267148,0.7472924187725631,0.5667870036101083,0.3197,3 - aderencia baixa
13,0893,2709633.0,53602782.0,50893149.0,647220.0,4082778.0,126277.0,published,False,23419255.43247646,-27473893.56752354,0.0,non_positive_apparent_consumption,Extração de gemas (pedras preciosas e semipreciosas),True,relevante para transição energética,56312415.0,0.0481178617539311,0.9518821382460688,,2.288833740020052,0.2310469314079422,0.1191335740072202,1.0,0.340072202166065,3 - monitorar,False,0,,,,0.0,Sem exposicao TSB direta,,0.0,0.0,0.0,0.340072202166065,0.030685920577617327,0.23104693140794225,0.1258,3 - aderencia baixa
6,0723,470813.0,40141390.0,39670577.0,745658.0,616197237.0,805237.0,published,False,149338763.08972377,109668186.08972377,0.0042930681794518,calculated,Extração de minério de manganês,True,relevante para transição energética,40612203.0,0.0115928948744789,0.988407105125521,0.0042930681794518,0.2687941775430587,0.187725631768953,0.1624548736462094,1.0,0.340072202166065,3 - monitorar,False,0,,,,0.0,Sem exposicao TSB direta,,0.0,0.0,0.0,0.340072202166065,0.030685920577617327,0.18772563176895307,0.1193,3 - aderencia baixa
153,2392,10435923.88305704,4400707.8611211805,-6035216.021935859,90420097.6578696,48696784.38942663,6169443.0,published,False,1144181137.444696,1150216353.466632,0.0090730094834804,calculated,Fabricação de cal e gesso,True,relevante para transição energética,14836631.74417822,0.7033890213762308,0.2966109786237691,0.0090730094834804,0.0038461636161467,0.111913357400722,0.2166064981949458,1.0,0.3314079422382672,3 - monitorar,False,0,,,,0.0,Sem exposicao TSB direta,,8176.0,30352821.91,0.0,0.3314079422382672,0.33212996389891697,0.21660649819494585,0.1818,3 - aderencia baixa
69,1411,93448377.0,18297121.0,-75151256.0,10901098.0,575546.0,7725448.0,published,False,1432756876.0923555,1507908132.0923555,0.0619721951299063,calculated,Confecção de roupas íntimas,False,baixo peso relativo na triagem inicial,111745498.0,0.8362607771455813,0.1637392228544187,0.0619721951299063,0.012770569316619,0.335740072202166,0.483754512635379,0.0,0.327797833935018,3 - monitorar,False,0,,,,0.0,Sem exposicao TSB direta,,66819.0,139440285.60999998,0.0,0.327797833935018,0.9025270758122743,0.48375451263537905,0.335,3 - aderencia baixa
58,1314,18106275.43352393,31421044.79570262,13314769.362178689,6418913.234724412,14765323.665490456,801141.0,published,False,148579121.42693937,135264352.06476068,0.1338584420591108,calculated,Fabricação de linhas para costurar e bordar,False,baixo peso relativo na triagem inicial,49527320.22922655,0.3655815689143472,0.6344184310856528,0.1338584420591108,0.2114768514845018,0.2021660649819494,0.6173285198555957,0.0,0.327797833935018,3 - monitorar,False,0,,,,0.0,Sem exposicao TSB direta,,4454.0,14233072.79,0.0,0.327797833935018,0.20577617328519857,0.6173285198555957,0.2157,3 - aderencia baixa
252,3101,31374355.54630522,307674058.6575893,276299703.1112841,11646884.608179834,170456953.95697024,28318614.0,published,False,5251952887.380156,4975653184.268872,0.0063055752449746,calculated,Fabricação de móveis com predominância de madeira,False,baixo peso relativo na triagem inicial,339048414.20389456,0.0925365057965955,0.9074634942034044,0.0063055752449746,0.0585827910598541,0.5451263537906137,0.2707581227436823,0.0,0.3263537906137184,3 - monitorar,False,0,,,,0.0,Sem exposicao TSB direta,,202018.0,575906527.67,0.0,0.3263537906137184,0.9819494584837545,0.5451263537906137,0.3597,3 - aderencia baixa
34,1065,49044505.41931234,194042742.15230924,144998236.73299688,33699239.7002327,205140567.7315506,12656043.0,published,False,2347182018.747719,2202183782.014722,0.0222708503349537,calculated,Fabricação de amidos e féculas de vegetais e de óleos de milho,False,baixo peso relativo na triagem inicial,243087247.5716216,0.2017568009398033,0.7982431990601966,0.0222708503349537,0.0826705132377573,0.4729241877256318,0.3393501805054151,0.0,0.3249097472924188,3 - monitorar,False,0,,,,0.0,Sem exposicao TSB direta,,9514.0,43667610.76,0.0,0.3249097472924188,0.3898916967509025,0.4729241877256318,0.2301,3 - aderencia baixa
87,1629,39636993.27284868,23231501.071863204,-16405492.200985476,17939697.93567881,40955726.41566391,1975996.0,published,False,366467013.45099866,382872505.6519841,0.1035253059118252,calculated,"Fabricação de artefatos de madeira, palha, cortiça, vime e material trançado não especificados anteriormente, exceto móveis",False,baixo peso relativo na triagem inicial,62868494.344711885,0.6304746707550617,0.3695253292449383,0.1035253059118252,0.0633931574170714,0.2527075812274368,0.5523465703971119,0.0,0.3220216606498195,3 - monitorar,False,0,,,,0.0,Sem exposicao TSB direta,,25805.0,67583991.82,0.0,0.3220216606498195,0.6823104693140795,0.5523465703971119,0.2998,3 - aderencia baixa
68,1359,73937076.50558996,17528613.18995037,-56408463.31563959,18161999.20683735,2810533.836734408,5434177.0,published,False,1007819153.355628,1064227616.6712676,0.0694748711153101,calculated,Fabricação de outros produtos têxteis não especificados anteriormente,False,baixo peso relativo na triagem inicial,91465689.69554034,0.8083585960123686,0.1916414039876312,0.0694748711153101,0.0173926176453257,0.2924187725631769,0.5018050541516246,0.0,0.3176895306859206,3 - monitorar,False,0,,,,0.0,Sem exposicao TSB direta,,45389.0,128522751.4,0.0,0.3176895306859206,0.8411552346570397,0.5018050541516246,0.3229,3 - aderencia baixa
66,1353,26561413.0,24414990.0,-2146423.0,6611709.0,11603152.0,1228001.0,published,False,227744316.7824428,229890739.7824428,0.1155392906436179,calculated,Fabricação de artefatos de cordoaria,False,baixo peso relativo na triagem inicial,50976403.0,0.5210531037272285,0.4789468962727715,0.1155392906436179,0.1072035093781193,0.2093862815884476,0.5812274368231047,0.0,0.316245487364621,3 - monitorar,False,0,,,,0.0,Sem exposicao TSB direta,,4380.0,12457881.82,0.0,0.316245487364621,0.20216606498194944,0.5812274368231047,0.2067,3 - aderencia baixa
38,1072,844058.4918980544,626948858.1673954,626104799.6754973,574526.976582048,1509302217.8601067,8687009.0,published,False,1611087392.915748,984982593.2402506,0.0008569273179959,calculated,Fabricação de açúcar refinado,False,baixo peso relativo na triagem inicial,627792916.6592934,0.0013444855293837,0.9986555144706162,0.0008569273179959,0.3891463994592761,0.6750902527075813,0.1155234657039711,0.0,0.3162454873646209,3 - monitorar,False,0,,,,0.0,Sem exposicao TSB direta,,5180.0,16774470.55,0.0,0.3162454873646209,0.22743682310469315,0.6750902527075813,0.2258,3 - aderencia baixa
142,2223,87250956.51532716,18928550.704137195,-68322405.81118996,7727777.523663652,3397852.5143433902,10871548.0,published,False,2016230664.003964,2084553069.8151543,0.0418559535752496,calculated,Fabricação de tubos e acessórios de material plástico para uso na construção,False,baixo peso relativo na triagem inicial,106179507.21946436,0.8217306597118272,0.1782693402881728,0.0418559535752496,0.009388087901881,0.3212996389891697,0.4404332129963899,0.0,0.3046931407942238,3 - monitorar,False,0,,,,0.0,Sem exposicao TSB direta,,15821.0,66418224.64,0.0,0.3046931407942238,0.5054151624548736,0.4007220216606498,0.2374,3 - aderencia baixa
59,1321,71065288.5277555,62433744.75674334,-8631543.771012157,11269493.27097899,11282622.781762011,15108261.0,published,False,2801968873.9796023,2810600417.750614,0.0252847356311967,calculated,Tecelagem de fios de algodão,False,baixo peso relativo na triagem inicial,133499033.28449884,0.5323281133902203,0.4676718866097796,0.0252847356311967,0.0222820978978504,0.3610108303249097,0.3935018050541516,0.0,0.3018050541516246,3 - monitorar,False,0,,,,0.0,Sem exposicao TSB direta,,29078.0,97796472.07,0.0,0.3018050541516246,0.7328519855595668,0.36101083032490977,0.2762,3 - aderencia baixa
42,1092,58439523.23704462,87011889.1220833,28572365.88503869,9327246.352433348,33042011.42044569,22548018.0,published,False,4181741671.389699,4153169305.5046606,0.0140710669222148,calculated,Fabricação de biscoitos e bolachas,False,baixo peso relativo na triagem inicial,145451412.35912794,0.4017803766164474,0.5982196233835525,0.0140710669222148,0.0208075715717673,0.3682310469314079,0.3646209386281588,0.0,0.2931407942238268,3 - monitorar,False,0,,,,0.0,Sem exposicao TSB direta,,45178.0,140834592.98,0.0,0.2931407942238268,0.8375451263537906,0.36823104693140796,0.296,3 - aderencia baixa
85,1622,14745458.133120405,138701240.8859524,123955782.752832,8892324.116918864,76412629.82490292,5498726.0,published,False,1019790371.541924,895834588.7890921,0.0164600232204161,calculated,Fabricação de estruturas de madeira e de artigos de carpintaria para construção,False,baixo peso relativo na triagem inicial,153446699.01907283,0.0960949842999724,0.9039050157000276,0.0164600232204161,0.1360095611377816,0.3898916967509025,0.2924187725631769,0.0,0.2729241877256317,3 - monitorar,False,0,,,,0.0,Sem exposicao TSB direta,,25365.0,69833004.23,0.0,0.2729241877256317,0.6787003610108303,0.3898916967509025,0.2625,3 - aderencia baixa
54,1220,23069151.344791297,106934804.36497858,83865653.02018729,1846862.1083870805,24467361.052559324,4993261.0,published,False,926047140.8096712,842181487.7894839,0.0273921377746524,calculated,Fabricação de produtos do fumo,False,baixo peso relativo na triagem inicial,130003955.70976987,0.1774496108125549,0.822550389187445,0.0273921377746524,0.1154744717115396,0.3465703971119133,0.335740072202166,0.0,0.2729241877256317,3 - monitorar,False,0,,,,0.0,Sem exposicao TSB direta,,5913.0,35652849.300000004,0.0,0.2729241877256317,0.3249097472924188,0.34657039711191334,0.1852,3 - aderencia baixa
102,1830,8804040.0,2189919.5,-6614120.5,131719.5,13181.5,398322.0,published,False,73872555.27431668,80486675.77431668,0.1093850617546484,calculated,Reprodução de materiais gravados em qualquer suporte,False,baixo peso relativo na triagem inicial,10993959.5,0.8008070249849474,0.1991929750150526,0.1093850617546484,0.0296445613918186,0.1046931407942238,0.5740072202166066,0.0,0.2714801444043321,3 - monitorar,False,0,,,,0.0,Sem exposicao TSB direta,,1456.0,8517228.01,0.0,0.2714801444043321,0.10108303249097472,0.5740072202166066,0.1742,3 - aderencia baixa
129,2092,32944451.401051827,27090222.0,-5854229.401051827,1666497.0,5485205.0,3557655.0,published,False,659800527.2981385,665654756.6991904,0.0494917989686047,calculated,Fabricação de explosivos,False,baixo peso relativo na triagem inicial,60034673.40105183,0.5487570687854301,0.4512429312145699,0.0494917989686047,0.0410581999849766,0.2382671480144404,0.4368231046931408,0.0,0.2700361010830325,3 - monitorar,False,0,,,,0.0,Sem exposicao TSB direta,,7091.0,31240598.75,0.0,0.2700361010830325,0.2924187725631769,0.4368231046931408,0.1915,3 - aderencia baixa
127,2073,66713013.0,27292040.0,-39420973.0,17326712.0,51006151.0,10712186.0,published,False,1986675484.6424787,2026096457.6424787,0.0329268691766165,calculated,"Fabricação de impermeabilizantes, solventes e produtos afins",False,baixo peso relativo na triagem inicial,94005053.0,0.7096747554623474,0.2903252445376527,0.0329268691766165,0.0137375430516833,0.296028880866426,0.3754512635379061,0.0,0.2685920577617329,3 - monitorar,False,0,,,,0.0,Sem exposicao TSB direta,,3690.0,20511285.57,0.0,0.2685920577617329,0.19855595667870035,0.36101083032490977,0.161,3 - aderencia baixa
56,1312,8583088.964154756,20020859.89702911,11437770.932874354,4188249.471301355,11298175.45281748,815782.0,published,False,151294432.36073482,139856661.42786047,0.0613706124293693,calculated,"Preparação e fiação de fibras têxteis naturais, exceto algodão",False,baixo peso relativo na triagem inicial,28603948.861183867,0.300066574926729,0.6999334250732708,0.0613706124293693,0.1323304472255324,0.1624548736462094,0.4801444043321299,0.0,0.2570397111913357,3 - monitorar,False,0,,,,0.0,Sem exposicao TSB direta,,5316.0,11988528.559999999,0.0,0.2570397111913357,0.23104693140794225,0.48014440433212996,0.1825,3 - aderencia baixa
123,2062,45073256.214165404,16930431.276691567,-28142824.93747384,13717669.583487,7311585.348597254,6798431.0,published,False,1260832868.4484615,1288975693.3859353,0.0349682747668926,calculated,Fabricação de produtos de limpeza e polimento,False,baixo peso relativo na triagem inicial,62003687.490856975,0.7269447679351632,0.2730552320648367,0.0349682747668926,0.0134279742385884,0.2454873646209386,0.3826714801444043,0.0,0.2512635379061372,3 - monitorar,False,0,,,,0.0,Sem exposicao TSB direta,,27960.0,90905019.12,0.0,0.2512635379061372,0.7111913357400722,0.38267148014440433,0.2625,3 - aderencia baixa
95,1742,42099243.97027418,59076870.84529076,16977626.875016578,18128814.316278256,27355132.17087532,21353098.0,published,False,3960132536.698704,3943154909.823687,0.010676538186565,calculated,Fabricação de produtos de papel para usos doméstico e higiênico-sanitário,False,baixo peso relativo na triagem inicial,101176114.81556492,0.416098641927666,0.583901358072334,0.010676538186565,0.014917902443371,0.3140794223826715,0.3104693140794224,0.0,0.2498194945848375,3 - monitorar,True,1,17427,1700,"Fabricação de celulose, papel e produtos de papel",0.9998999999999999,Alta exposicao TSB,Exposição praticamente integral no recorte analisado.,22815.0,104077391.2,0.9998999999999999,0.2498194945848375,0.6823104693140795,0.3140794223826715,0.646,2 - aderencia media
31,1062,55673694.28061998,13106352.528278325,-42567341.75234166,138830090.80035716,8481633.020220017,37621244.0,published,False,6977212975.629152,7019780317.381494,0.0079309738714711,calculated,Moagem de trigo e fabricação de derivados,False,baixo peso relativo na triagem inicial,68780046.8088983,0.8094454258704763,0.1905545741295237,0.0079309738714711,0.0018784509766374,0.2671480144404332,0.3465703971119133,0.0,0.2454873646209386,3 - monitorar,False,0,,,,0.0,Sem exposicao TSB direta,,26752.0,112466561.17999999,0.0,0.2454873646209386,0.703971119133574,0.26714801444043323,0.2422,3 - aderencia baixa
7,0724,154.0,312003006.0,312002852.0,309.0,82082188.0,3180270.0,published,False,589810935.2791238,277808083.2791238,5.54339521666368e-07,calculated,Extração de minério de metais preciosos,False,baixo peso relativo na triagem inicial,312003160.0,4.935847444622035e-07,0.9999995064152556,5.54339521666368e-07,0.528988167797104,0.51985559566787,0.0938628158844765,0.0,0.2454873646209386,3 - monitorar,False,0,,,,0.0,Sem exposicao TSB direta,,0.0,0.0,0.0,0.2454873646209386,0.030685920577617327,0.51985559566787,0.1455,3 - aderencia baixa
96,1749,29388639.50038496,17893544.03293918,-11495095.467445776,7555193.224501057,8074369.303420874,3505181.0,published,False,650068731.2500557,661563826.7175014,0.0444229843191447,calculated,"Fabricação de produtos de pastas celulósicas, papel, cartolina, papel-cartão e papelão ondulado não especificados anteriormente",False,baixo peso relativo na triagem inicial,47282183.53332414,0.6215584244258107,0.3784415755741894,0.0444229843191447,0.0275256187119331,0.1913357400722021,0.407942238267148,0.0,0.2397111913357401,3 - monitorar,True,1,17494,1700,"Fabricação de celulose, papel e produtos de papel",0.9998999999999999,Alta exposicao TSB,Exposição praticamente integral no recorte analisado.,11530.0,46769394.9,0.9998999999999999,0.2397111913357401,0.4296028880866426,0.40794223826714804,0.607,2 - aderencia media
82,1540,25812355.0,41026203.0,15213848.0,2622537.0,2077795.0,5717736.0,published,False,1060407832.6177074,1045193984.6177073,0.0246962337899803,calculated,"Fabricação de partes para calçados, de qualquer material",False,baixo peso relativo na triagem inicial,66838558.0,0.3861895853587984,0.6138104146412016,0.0246962337899803,0.0386890795579313,0.2635379061371841,0.3285198555956679,0.0,0.2368231046931408,3 - monitorar,False,0,,,,0.0,Sem exposicao TSB direta,,22507.0,54901524.16,0.0,0.2368231046931408,0.631768953068592,0.3285198555956679,0.2348,3 - aderencia baixa
33,1064,8468218.802243873,171907519.6103488,163439300.80810493,18725423.922115,690867448.6546063,11793339.0,published,False,2187185460.8740034,2023746160.0658984,0.0041844273601824,calculated,"Fabricação de farinha de milho e derivados, exceto óleos de milho",False,baixo peso relativo na triagem inicial,180375738.41259265,0.0469476597948756,0.9530523402051244,0.0041844273601824,0.0785975961735107,0.4187725631768953,0.1624548736462094,0.0,0.2324909747292419,3 - monitorar,False,0,,,,0.0,Sem exposicao TSB direta,,10327.0,29452505.58,0.0,0.2324909747292419,0.4007220216606498,0.4187725631768953,0.2011,3 - aderencia baixa
8,0725,0.0,0.0,0.0,0.0,0.0,,not_available,False,,,0.0,not_calculated_missing_pia,Extração de minerais radioativos,True,relevante para transição energética,0.0,,,,,0.0324909747292418,0.0469314079422382,1.0,0.231768953068592,3 - monitorar,False,0,,,,0.0,Sem exposicao TSB direta,,0.0,0.0,0.0,0.231768953068592,0.030685920577617327,0.04693140794223827,0.0711,3 - aderencia baixa
241,2950,0.0,0.0,0.0,0.0,0.0,149330.0,published,False,27694650.75771289,27694650.75771289,0.0,calculated,Recondicionamento e recuperação de motores para veículos automotores,True,relevante para transição energética,0.0,,,0.0,0.0,0.0324909747292418,0.0469314079422382,1.0,0.231768953068592,3 - monitorar,False,0,,,,0.0,Sem exposicao TSB direta,,13489.0,37545607.78,0.0,0.231768953068592,0.4693140794223827,0.04693140794223827,0.1588,3 - aderencia baixa
267,3313,0.0,0.0,0.0,0.0,0.0,12804041.0,published,False,2374629637.5975146,2374629637.5975146,0.0,calculated,Manutenção e reparação de máquinas e equipamentos elétricos,True,relevante para transição energética,0.0,,,0.0,0.0,0.0324909747292418,0.0469314079422382,1.0,0.231768953068592,3 - monitorar,False,0,,,,0.0,Sem exposicao TSB direta,,24828.0,84635453.83,0.0,0.231768953068592,0.6678700361010831,0.04693140794223827,0.1986,3 - aderencia baixa
268,3314,0.0,0.0,0.0,0.0,0.0,16510829.0,published,False,3062088280.1534715,3062088280.1534715,0.0,calculated,Manutenção e reparação de máquinas e equipamentos da indústria mecânica,True,relevante para transição energética,0.0,,,0.0,0.0,0.0324909747292418,0.0469314079422382,1.0,0.231768953068592,3 - monitorar,False,0,,,,0.0,Sem exposicao TSB direta,,136155.0,474189753.12,0.0,0.231768953068592,0.9566787003610109,0.04693140794223827,0.2563,3 - aderencia baixa
269,3315,0.0,0.0,0.0,0.0,0.0,368839.0,published,False,68404656.06926982,68404656.06926982,0.0,calculated,Manutenção e reparação de veículos ferroviários,True,relevante para transição energética,0.0,,,0.0,0.0,0.0324909747292418,0.0469314079422382,1.0,0.231768953068592,3 - monitorar,False,0,,,,0.0,Sem exposicao TSB direta,,2098.0,7323129.47,0.0,0.231768953068592,0.11552346570397112,0.04693140794223827,0.0881,3 - aderencia baixa
270,3316,0.0,0.0,0.0,0.0,0.0,,confidential,True,,,0.0,not_calculated_confidential_pia,Manutenção e reparação de aeronaves,True,relevante para transição energética,0.0,,,,,0.0324909747292418,0.0469314079422382,1.0,0.231768953068592,3 - monitorar,False,0,,,,0.0,Sem exposicao TSB direta,,13476.0,91632265.03,0.0,0.231768953068592,0.6425992779783394,0.04693140794223827,0.1935,3 - aderencia baixa
271,3317,0.0,0.0,0.0,0.0,0.0,3818446.0,published,False,708166667.161225,708166667.161225,0.0,calculated,Manutenção e reparação de embarcações,True,relevante para transição energética,0.0,,,0.0,0.0,0.0324909747292418,0.0469314079422382,1.0,0.231768953068592,3 - monitorar,False,0,,,,0.0,Sem exposicao TSB direta,,20997.0,95452061.53,0.0,0.231768953068592,0.6498194945848376,0.04693140794223827,0.1949,3 - aderencia baixa
273,3321,0.0,0.0,0.0,0.0,0.0,2438856.0,published,False,452308746.8583179,452308746.8583179,0.0,calculated,Instalação de máquinas e equipamentos industriais,True,relevante para transição energética,0.0,,,0.0,0.0,0.0324909747292418,0.0469314079422382,1.0,0.231768953068592,3 - monitorar,True,1,33210,3300,"Manutenção, reparação e instalação de máquinas e equipamentos",0.1268,Exposicao intermediaria TSB,Exposição associada a atividades habilitadoras e de suporte.,58781.0,177454518.56,0.1268,0.231768953068592,0.8808664259927798,0.04693140794223827,0.2919,3 - aderencia baixa
45,1095,42885740.0,22289521.0,-20596219.0,12666776.0,8977358.0,19697104.0,published,False,3653012899.071516,3673609118.071516,0.0116740073920856,calculated,"Fabricação de especiarias, molhos, temperos e condimentos",False,baixo peso relativo na triagem inicial,65175261.0,0.6580064174963565,0.3419935825036435,0.0116740073920856,0.006101681438263,0.2563176895306859,0.3140794223826715,0.0,0.2281588447653429,3 - monitorar,False,0,,,,0.0,Sem exposicao TSB direta,,16622.0,52043423.29,0.0,0.2281588447653429,0.5306859205776173,0.2563176895306859,0.2016,3 - aderencia baixa
79,1532,25650832.39405453,22618632.141805887,-3032200.252248645,2343303.294435349,837622.859304939,3952029.0,published,False,732940888.8994395,735973089.1516881,0.0348529487995555,calculated,Fabricação de tênis de qualquer material,False,baixo peso relativo na triagem inicial,48269464.53586042,0.5314090935273992,0.4685909064726007,0.0348529487995555,0.0308601041153118,0.1949458483754512,0.3754512635379061,0.0,0.2281588447653429,3 - monitorar,False,0,,,,0.0,Sem exposicao TSB direta,,12804.0,29641598.060000002,0.0,0.2281588447653429,0.4548736462093863,0.37545126353790614,0.2043,3 - aderencia baixa
39,1081,37177324.72636264,23992708.293194707,-13184616.43316793,1649416.2471393575,2425974.8707584133,17509146.0,published,False,3247235542.3277674,3260420158.760936,0.0114026177351606,calculated,Torrefação e moagem de café,False,baixo peso relativo na triagem inicial,61170033.01955734,0.6077702249151357,0.3922297750848644,0.0114026177351606,0.0073886565912602,0.2418772563176895,0.2851985559566787,0.0,0.2108303249097473,3 - monitorar,False,0,,,,0.0,Sem exposicao TSB direta,,16383.0,59695967.449999996,0.0,0.2108303249097473,0.5234657039711191,0.24548736462093862,0.1942,3 - aderencia baixa
60,1322,7068557.855660588,647599.8181026109,-6420958.037557976,634569.8397117037,43290.54540317464,761598.0,published,False,141245500.75519064,147666458.79274863,0.0478684050084886,calculated,"Tecelagem de fios de fibras têxteis naturais, exceto algodão",False,baixo peso relativo na triagem inicial,7716157.673763199,0.9160722414596832,0.0839277585403168,0.0478684050084886,0.0045849235171394,0.1010830324909747,0.4223826714801444,0.0,0.2093862815884476,3 - monitorar,False,0,,,,0.0,Sem exposicao TSB direta,,1437.0,3347528.2,0.0,0.2093862815884476,0.09025270758122744,0.4223826714801444,0.1338,3 - aderencia baixa
94,1741,25741349.78017589,12072316.100220798,-13669033.679955097,8741359.095017783,4869342.500001846,5718450.0,published,False,1060540250.6224016,1074209284.302357,0.0239630676780954,calculated,"Fabricação de produtos de papel, cartolina, papel-cartão e papelão ondulado para uso comercial e de escritório",False,baixo peso relativo na triagem inicial,37813665.88039669,0.6807419799390751,0.3192580200609249,0.0239630676780954,0.0113831757852998,0.1805054151624548,0.3212996389891697,0.0,0.2007220216606498,3 - monitorar,True,1,17419,1700,"Fabricação de celulose, papel e produtos de papel",0.9998999999999999,Alta exposicao TSB,Exposição praticamente integral no recorte analisado.,22500.0,79034259.07,0.9998999999999999,0.2007220216606498,0.628158844765343,0.3212996389891697,0.624,2 - aderencia media
99,1813,25905505.448413868,8000413.923929615,-17905091.524484254,1935046.1847176428,338786.17985661933,5704423.0,published,False,1057938811.7542676,1075843903.278752,0.024079241764966,calculated,Impressão de materiais para outros usos,False,baixo peso relativo na triagem inicial,33905919.37234348,0.7640407907518525,0.2359592092481475,0.024079241764966,0.007562265260562,0.1732851985559566,0.3249097472924188,0.0,0.1992779783393501,3 - monitorar,False,0,,,,0.0,Sem exposicao TSB direta,,59786.0,167519625.01,0.0,0.1992779783393501,0.8844765342960289,0.3249097472924188,0.2755,3 - aderencia baixa
44,1094,32084478.29540534,19562921.688204363,-12521556.607200976,18748627.852607258,8614802.282123556,14090051.0,published,False,2613132268.1535068,2625653824.760708,0.012219614784264,calculated,Fabricação de massas alimentícias,False,baixo peso relativo na triagem inicial,51647399.983609706,0.6212215582117849,0.3787784417882149,0.012219614784264,0.0074863878597419,0.2166064981949458,0.2743682310469314,0.0,0.1963898916967509,3 - monitorar,False,0,,,,0.0,Sem exposicao TSB direta,,39686.0,114799999.97,0.0,0.1963898916967509,0.8194945848375451,0.2563176895306859,0.2514,3 - aderencia baixa
91,1731,12121828.456751944,43594143.680487975,31472315.22373604,4386619.619290153,31401459.075999048,8973357.0,published,False,1664193318.4174528,1632721003.1937168,0.0074243109710972,calculated,Fabricação de embalagens de papel,False,baixo peso relativo na triagem inicial,55715972.13723992,0.2175646944989739,0.7824353055010261,0.0074243109710972,0.0261953603574994,0.2274368231046931,0.1949458483754512,0.0,0.1689530685920577,3 - monitorar,True,1,17311,1700,"Fabricação de celulose, papel e produtos de papel",0.9998999999999999,Alta exposicao TSB,Exposição praticamente integral no recorte analisado.,28025.0,106790657.46000001,0.9998999999999999,0.1689530685920577,0.7184115523465704,0.22743682310469315,0.62,2 - aderencia media
46,1096,8148779.151886763,15986939.274038944,7838160.1221521795,2817504.53220397,3681738.181543012,3546360.0,published,False,657705763.4843813,649867603.3622292,0.012539137371562,calculated,Fabricação de alimentos e pratos prontos,False,baixo peso relativo na triagem inicial,24135718.42592571,0.3376232274541967,0.6623767725458032,0.012539137371562,0.0243071296644013,0.148014440433213,0.2635379061371841,0.0,0.1646209386281588,3 - monitorar,False,0,,,,0.0,Sem exposicao TSB direta,,19788.0,43311782.11,0.0,0.1646209386281588,0.5776173285198556,0.26353790613718414,0.1962,3 - aderencia baixa
93,1733,17053167.14620653,17391021.74370528,337854.59749874845,7001622.598640792,12814604.70991671,27750610.0,published,False,5146611211.836166,5146273357.238668,0.0033136924454702,calculated,Fabricação de chapas e de embalagens de papelão ondulado,False,baixo peso relativo na triagem inicial,34444188.889911816,0.4950956226813965,0.5049043773186034,0.0033136924454702,0.003379120945392,0.1768953068592057,0.2057761732851985,0.0,0.1530685920577617,3 - monitorar,True,1,17338,1700,"Fabricação de celulose, papel e produtos de papel",0.9998999999999999,Alta exposicao TSB,Exposição praticamente integral no recorte analisado.,38832.0,154576474.39,0.9998999999999999,0.1530685920577617,0.8086642599277978,0.17689530685920576,0.6265,2 - aderencia media
257,3212,1994536.0309374584,872693.3292083389,-1121842.7017291193,329247.17936007737,2991.402073370341,695877.0,published,False,129056924.16342978,130178766.8651589,0.0153215157814747,calculated,Fabricação de bijuterias e artefatos semelhantes,False,baixo peso relativo na triagem inicial,2867229.360145797,0.6956318384086432,0.3043681615913569,0.0153215157814747,0.0067620806467014,0.0902527075812274,0.2815884476534296,0.0,0.1487364620938628,3 - monitorar,False,0,,,,0.0,Sem exposicao TSB direta,,8122.0,19515708.05,0.0,0.1487364620938628,0.3285198555956679,0.2815884476534296,0.1451,3 - aderencia baixa
171,2513,3549548.6661450034,1704768.753973508,-1844779.912171496,1555903.016361019,592814.128821444,1637196.0,published,False,303633372.0077982,305478151.91996974,0.0116196482263482,calculated,Fabricação de obras de caldeiraria pesada,False,baixo peso relativo na triagem inicial,5254317.420118512,0.6755489595192639,0.3244510404807361,0.0116196482263482,0.0056145631908001,0.0938628158844765,0.2490974729241877,0.0,0.1371841155234657,3 - monitorar,False,0,,,,0.0,Sem exposicao TSB direta,,19714.0,81836297.74,0.0,0.1371841155234657,0.6064981949458483,0.2490974729241877,0.193,3 - aderencia baixa
100,1821,1699498.0,638001.0,-1061497.0,72559.0,3747.0,737534.0,published,False,136782605.9863324,137844102.9863324,0.012329130976089,calculated,Serviços de pré-impressão,False,baixo peso relativo na triagem inicial,2337499.0,0.7270582789554134,0.2729417210445865,0.012329130976089,0.0046643430675955,0.0830324909747292,0.259927797833935,0.0,0.1371841155234657,3 - monitorar,False,0,,,,0.0,Sem exposicao TSB direta,,10112.0,31422866.06,0.0,0.1371841155234657,0.3898916967509025,0.259927797833935,0.1513,3 - aderencia baixa
29,1053,4323244.0,22624296.0,18301052.0,1104771.0,8028559.0,5254394.0,published,False,974476707.78425,956175655.78425,0.0045213909953125,calculated,Fabricação de sorvetes e outros gelados comestíveis,False,baixo peso relativo na triagem inicial,26947540.0,0.160431861312758,0.839568138687242,0.0045213909953125,0.0232168668776524,0.1588447653429603,0.1696750902527075,0.0,0.1314079422382671,3 - monitorar,False,0,,,,0.0,Sem exposicao TSB direta,,32628.0,78828860.16,0.0,0.1314079422382671,0.7725631768953068,0.16967509025270758,0.2128,3 - aderencia baixa
92,1732,11601421.740909662,10127634.530131584,-1473787.210778078,3832028.311842427,4225266.196647707,15146214.0,published,False,2809007614.2207294,2810481401.431507,0.0041279126540387,calculated,Fabricação de embalagens de cartolina e papel-cartão,False,baixo peso relativo na triagem inicial,21729056.271041244,0.5339128214404375,0.4660871785595626,0.0041279126540387,0.003605413698012,0.1407942238267148,0.1841155234657039,0.0,0.1299638989169675,3 - monitorar,True,1,17320,1700,"Fabricação de celulose, papel e produtos de papel",0.9998999999999999,Alta exposicao TSB,Exposição praticamente integral no recorte analisado.,11872.0,51652787.58,0.9998999999999999,0.1299638989169675,0.4368231046931408,0.1552346570397112,0.5431,2 - aderencia media
86,1623,2330252.0,17748614.0,15418362.0,569823.0,16291153.0,3938270.0,published,False,730389153.1479135,714970791.1479135,0.0032592268507342,calculated,Fabricação de artefatos de tanoaria e de embalagens de madeira,False,baixo peso relativo na triagem inicial,20078866.0,0.1160549604743614,0.8839450395256385,0.0032592268507342,0.0243002157459554,0.1335740072202166,0.1407942238267148,0.0,0.1097472924187725,3 - monitorar,False,0,,,,0.0,Sem exposicao TSB direta,,17564.0,43629078.88,0.0,0.1097472924187725,0.5487364620938628,0.1407942238267148,0.1583,3 - aderencia baixa
5,0722,438420.0,22350012.0,21911592.0,20400.0,1689766.0,1334729.0,published,False,247538026.59339288,225626434.59339288,0.0019431233790938,calculated,Extração de minério de estanho,False,baixo peso relativo na triagem inicial,22788432.0,0.0192387084815664,0.9807612915184336,0.0019431233790938,0.0902892065012388,0.1444043321299639,0.1227436823104693,0.0,0.1068592057761732,3 - monitorar,False,0,,,,0.0,Sem exposicao TSB direta,,0.0,0.0,0.0,0.1068592057761732,0.030685920577617327,0.1444043321299639,0.0545,3 - aderencia baixa
41,1091,5320906.277390864,12783639.388225667,7462733.110834803,1141409.7665046914,4686301.4773870325,21217896.0,published,False,3935058056.207548,3927595323.0967135,0.0013547491122877,calculated,Fabricação de produtos de panificação,False,baixo peso relativo na triagem inicial,18104545.66561653,0.2938989122215935,0.7061010877784065,0.0013547491122877,0.0032486533122578,0.1227436823104693,0.1444043321299639,0.0,0.1068592057761732,3 - monitorar,False,0,,,,0.0,Sem exposicao TSB direta,,270932.0,580168475.74,0.0,0.1068592057761732,0.9927797833935018,0.12274368231046931,0.2437,3 - aderencia baixa
36,1069,4773246.052423545,13242147.832643248,8468901.780219704,5613754.985622096,5640990.228134651,7685649.0,published,False,1425375777.816683,1416906876.0364633,0.0033687789459924,calculated,Moagem e fabricação de produtos de origem vegetal não especificados anteriormente,False,baixo peso relativo na triagem inicial,18015393.885066792,0.2649537436081347,0.7350462563918653,0.0033687789459924,0.0092902854382209,0.1191335740072202,0.148014440433213,0.0,0.1068592057761732,3 - monitorar,False,0,,,,0.0,Sem exposicao TSB direta,,20286.0,69950855.99,0.0,0.1068592057761732,0.5956678700361011,0.148014440433213,0.1681,3 - aderencia baixa
98,1812,3450467.927157147,2009681.9885855697,-1440785.9385715772,762380.9659901445,906547.0341571972,4166772.0,published,False,772766994.756692,774207780.6952636,0.0044567724752888,calculated,Impressão de material de segurança,False,baixo peso relativo na triagem inicial,5460149.915742717,0.6319364816721881,0.3680635183278118,0.0044567724752888,0.0026006312410098,0.0974729241877256,0.1660649819494584,0.0,0.1054151624548736,3 - monitorar,False,0,,,,0.0,Sem exposicao TSB direta,,8638.0,53713457.25,0.0,0.1054151624548736,0.4548736462093863,0.16606498194945848,0.1422,3 - aderencia baixa
255,3104,3890970.0,14072543.0,10181573.0,1442587.0,3713279.0,7766582.0,published,False,1440385562.6541166,1430203989.6541166,0.0027205699523611,calculated,Fabricação de colchões,False,baixo peso relativo na triagem inicial,17963513.0,0.216604068480369,0.7833959315196309,0.0027205699523611,0.0097699833744996,0.1155234657039711,0.1299638989169675,0.0,0.0981949458483754,3 - monitorar,False,0,,,,0.0,Sem exposicao TSB direta,,27655.0,78726347.99,0.0,0.0981949458483754,0.7075812274368231,0.1299638989169675,0.1856,3 - aderencia baixa
32,1063,768194.1811304749,2050729.3208213253,1282535.1396908509,326157.0812559707,1833194.196090781,9614532.0,published,False,1783105243.0111482,1781822707.871457,0.0004311282922463,calculated,Fabricação de farinha de mandioca e derivados,False,baixo peso relativo na triagem inicial,2818923.5019518007,0.2725133124749867,0.7274866875250132,0.0004311282922463,0.0011500887728635,0.0866425992779783,0.1083032490974729,0.0,0.0779783393501805,3 - monitorar,False,0,,,,0.0,Sem exposicao TSB direta,,4674.0,12669557.01,0.0,0.0779783393501805,0.21660649819494585,0.10830324909747292,0.0791,3 - aderencia baixa
195,2680,1165952.0,225279.5,-940672.5,80225.5,6563.5,,confidential,True,,,0.0,not_calculated_confidential_pia,"Fabricação de mídias virgens, magnéticas e ópticas",False,baixo peso relativo na triagem inicial,1391231.5,0.83807188091989,0.1619281190801099,,,0.0794223826714801,0.1010830324909747,0.0,0.0722021660649819,3 - monitorar,False,0,,,,0.0,Sem exposicao TSB direta,,11.0,31966.92,0.0,0.0722021660649819,0.06498194945848375,0.07942238267148015,0.043,3 - aderencia baixa
138,2212,250883.0,450.0,-250433.0,28239.0,7.0,2883655.0,published,False,534800898.2169192,535051331.2169192,0.0004688951982034,calculated,Reforma de pneumáticos usados,False,baixo peso relativo na triagem inicial,251333.0,0.9982095466970116,0.0017904533029884,0.0004688951982034,8.414346376386913e-07,0.0685920577617328,0.111913357400722,0.0,0.0722021660649819,3 - monitorar,False,0,,,,0.0,Sem exposicao TSB direta,,18175.0,49936462.91,0.0,0.0722021660649819,0.5595667870036101,0.11191335740072202,0.1468,3 - aderencia baixa
51,1121,181943.3517542126,266325.14693848335,84381.79518427074,155634.11802943365,721296.8026533477,7035397.0,published,False,1304780438.3369782,1304696056.5417938,0.0001394526723997,calculated,Fabricação de águas envasadas,False,baixo peso relativo na triagem inicial,448268.498692696,0.4058802978233392,0.5941197021766607,0.0001394526723997,0.0002041149139834,0.0722021660649819,0.1010830324909747,0.0,0.0693140794223826,3 - monitorar,False,0,,,,0.0,Sem exposicao TSB direta,,38153.0,114231163.7,0.0,0.0693140794223826,0.8050541516245487,0.10108303249097472,0.1935,3 - aderencia baixa
277,3600,28427.5,183678.0,155250.5,16295.0,561287.0,,missing,False,,,0.0,not_calculated_missing_pia,,False,baixo peso relativo na triagem inicial,212105.5,0.1340252845871512,0.8659747154128488,,,0.0649819494584837,0.0722021660649819,0.0,0.0548736462093862,3 - monitorar,True,1,36006,3680,"Água, esgoto e gestão de resíduos",0.9120999999999999,Alta exposicao TSB,"Setor associado a saneamento, resíduos e serviços ambientais.",137151.0,1001654832.86,0.9120999999999999,0.0548736462093862,0.9927797833935018,0.06498194945848375,0.5869,2 - aderencia media
27,1051,0.0,1191720.0,1191720.0,0.0,1079092.0,38823901.0,published,False,7200257009.6231165,7199065289.6231165,0.0,calculated,Preparação do leite,False,baixo peso relativo na triagem inicial,1191720.0,0.0,1.0,0.0,0.0001655107586308,0.075812274368231,0.0469314079422382,0.0,0.0490974729241877,3 - monitorar,False,0,,,,0.0,Sem exposicao TSB direta,,14566.0,45108826.589999996,0.0,0.0490974729241877,0.4981949458483754,0.07581227436823104,0.1233,3 - aderencia baixa
15,0910,0.0,0.0,0.0,0.0,0.0,36723445.0,published,False,6810707720.451868,6810707720.451868,0.0,calculated,Atividades de apoio à extração de petróleo e gás natural,False,baixo peso relativo na triagem inicial,0.0,,,0.0,0.0,0.0324909747292418,0.0469314079422382,0.0,0.031768953068592,3 - monitorar,False,0,,,,0.0,Sem exposicao TSB direta,,0.0,0.0,0.0,0.031768953068592,0.030685920577617327,0.04693140794223827,0.0211,3 - aderencia baixa
16,0990,0.0,0.0,0.0,0.0,0.0,692048.0,published,False,128346800.15786302,128346800.15786302,0.0,calculated,"Atividades de apoio à extração de minerais, exceto petróleo e gás natural",False,baixo peso relativo na triagem inicial,0.0,,,0.0,0.0,0.0324909747292418,0.0469314079422382,0.0,0.031768953068592,3 - monitorar,True,1,09904,0580,Extração de carvão mineral e de minerais não-metálicos,0.1463,Exposicao intermediaria TSB,Exposição marginal no agregado do setor.,0.0,0.0,0.1463,0.031768953068592,0.030685920577617327,0.04693140794223827,0.0796,3 - aderencia baixa
63,1340,0.0,0.0,0.0,0.0,0.0,4115631.0,published,False,763282416.0759166,763282416.0759166,0.0,calculated,"Acabamentos em fios, tecidos e artefatos têxteis",False,baixo peso relativo na triagem inicial,0.0,,,0.0,0.0,0.0324909747292418,0.0469314079422382,0.0,0.031768953068592,3 - monitorar,False,0,,,,0.0,Sem exposicao TSB direta,,37179.0,114329096.52,0.0,0.031768953068592,0.7978339350180506,0.04693140794223827,0.1745,3 - aderencia baixa
101,1822,0.0,0.0,0.0,0.0,0.0,449221.0,published,False,83312252.7826327,83312252.7826327,0.0,calculated,Serviços de acabamentos gráficos,False,baixo peso relativo na triagem inicial,0.0,,,0.0,0.0,0.0324909747292418,0.0469314079422382,0.0,0.031768953068592,3 - monitorar,False,0,,,,0.0,Sem exposicao TSB direta,,9595.0,25956882.23,0.0,0.031768953068592,0.37545126353790614,0.04693140794223827,0.0901,3 - aderencia baixa
176,2539,0.0,0.0,0.0,0.0,0.0,6883862.0,published,False,1276676849.6235917,1276676849.6235917,0.0,calculated,"Serviços de usinagem, solda, tratamento e revestimento em metais",False,baixo peso relativo na triagem inicial,0.0,,,0.0,0.0,0.0324909747292418,0.0469314079422382,0.0,0.031768953068592,3 - monitorar,False,0,,,,0.0,Sem exposicao TSB direta,,83626.0,267602983.36,0.0,0.031768953068592,0.9205776173285198,0.04693140794223827,0.1991,3 - aderencia baixa
265,3311,0.0,0.0,0.0,0.0,0.0,1115174.0,published,False,206819490.1498809,206819490.1498809,0.0,calculated,"Manutenção e reparação de tanques, reservatórios metálicos e caldeiras, exceto para veículos",False,baixo peso relativo na triagem inicial,0.0,,,0.0,0.0,0.0324909747292418,0.0469314079422382,0.0,0.031768953068592,3 - monitorar,False,0,,,,0.0,Sem exposicao TSB direta,,13111.0,37742314.53,0.0,0.031768953068592,0.4584837545126354,0.04693140794223827,0.1067,3 - aderencia baixa
266,3312,0.0,0.0,0.0,0.0,0.0,956859.0,published,False,177458486.7700689,177458486.7700689,0.0,calculated,Manutenção e reparação de equipamentos eletrônicos e ópticos,False,baixo peso relativo na triagem inicial,0.0,,,0.0,0.0,0.0324909747292418,0.0469314079422382,0.0,0.031768953068592,3 - monitorar,False,0,,,,0.0,Sem exposicao TSB direta,,16235.0,70502359.79,0.0,0.031768953068592,0.5415162454873647,0.04693140794223827,0.1233,3 - aderencia baixa
272,3319,0.0,0.0,0.0,0.0,0.0,1039196.0,published,False,192728656.59152347,192728656.59152347,0.0,calculated,Manutenção e reparação de equipamentos e produtos não especificados anteriormente,False,baixo peso relativo na triagem inicial,0.0,,,0.0,0.0,0.0324909747292418,0.0469314079422382,0.0,0.031768953068592,3 - monitorar,False,0,,,,0.0,Sem exposicao TSB direta,,16066.0,52710834.94,0.0,0.031768953068592,0.5126353790613718,0.04693140794223827,0.1175,3 - aderencia baixa
274,3329,0.0,0.0,0.0,0.0,0.0,2056668.0,published,False,381428393.3875567,381428393.3875567,0.0,calculated,Instalação de equipamentos não especificados anteriormente,False,baixo peso relativo na triagem inicial,0.0,,,0.0,0.0,0.0324909747292418,0.0469314079422382,0.0,0.031768953068592,3 - monitorar,False,0,,,,0.0,Sem exposicao TSB direta,,20189.0,49590447.53,0.0,0.031768953068592,0.592057761732852,0.04693140794223827,0.1334,3 - aderencia baixa
