ncm,tsb_associated,tsb_grupo_exposicao,tsb_exposicao_scn67_max,cnae_class_list,prodlist_code_list,tsb_cnae5_list,tsb_scn67_list
02011000,False,Sem exposicao TSB direta,0.0,1011,1011.2030,,
02012010,False,Sem exposicao TSB direta,0.0,1011,1011.2030,,
02012020,False,Sem exposicao TSB direta,0.0,1011,1011.2030,,
02012090,False,Sem exposicao TSB direta,0.0,1011,1011.2030,,
02013000,False,Sem exposicao TSB direta,0.0,1011;1013,1011.2030;1013.2040,,
02021000,False,Sem exposicao TSB direta,0.0,1011,1011.2020,,
02022010,False,Sem exposicao TSB direta,0.0,1011,1011.2020,,
02022020,False,Sem exposicao TSB direta,0.0,1011,1011.2020,,
02022090,False,Sem exposicao TSB direta,0.0,1011,1011.2020,,
02023000,False,Sem exposicao TSB direta,0.0,1011;1013,1011.2020;1013.2040,,
02031100,False,Sem exposicao TSB direta,0.0,1012,1012.2020,,
02031200,False,Sem exposicao TSB direta,0.0,1012;1013,1012.2020;1013.2040,,
02031900,False,Sem exposicao TSB direta,0.0,1012;1013,1012.2020;1013.2040,,
02032100,False,Sem exposicao TSB direta,0.0,1012,1012.2010,,
02032200,False,Sem exposicao TSB direta,0.0,1012;1013,1012.2010;1013.2040,,
02032900,False,Sem exposicao TSB direta,0.0,1012;1013,1012.2010;1013.2040,,
02041000,False,Sem exposicao TSB direta,0.0,1011,1011.2040,,
02042100,False,Sem exposicao TSB direta,0.0,1011,1011.2040,,
02042200,False,Sem exposicao TSB direta,0.0,1011;1013,1011.2040;1013.2040,,
02042300,False,Sem exposicao TSB direta,0.0,1011;1013,1011.2040;1013.2040,,
02043000,False,Sem exposicao TSB direta,0.0,1011,1011.2040,,
02044100,False,Sem exposicao TSB direta,0.0,1011,1011.2040,,
02044200,False,Sem exposicao TSB direta,0.0,1011;1013,1011.2040;1013.2040,,
02044300,False,Sem exposicao TSB direta,0.0,1011;1013,1011.2040;1013.2040,,
02045000,False,Sem exposicao TSB direta,0.0,1011;1013,1011.2040;1013.2040,,
02050000,False,Sem exposicao TSB direta,0.0,1011;1013,1011.2010;1013.2040,,
02061000,False,Sem exposicao TSB direta,0.0,1011,1011.2080,,
02062100,False,Sem exposicao TSB direta,0.0,1011,1011.2080,,
02062200,False,Sem exposicao TSB direta,0.0,1011,1011.2080,,
02062910,False,Sem exposicao TSB direta,0.0,1011,1011.2080,,
02062990,False,Sem exposicao TSB direta,0.0,1011,1011.2080,,
02063000,False,Sem exposicao TSB direta,0.0,1012,1012.2080,,
02064100,False,Sem exposicao TSB direta,0.0,1012,1012.2080,,
02064900,False,Sem exposicao TSB direta,0.0,1012,1012.2080,,
02068000,False,Sem exposicao TSB direta,0.0,1011,1011.2095,,
02069000,False,Sem exposicao TSB direta,0.0,1011,1011.2095,,
02071100,False,Sem exposicao TSB direta,0.0,1012;1013,1012.2040;1013.2040,,
02071210,False,Sem exposicao TSB direta,0.0,1012;1013,1012.2030;1013.2040,,
02071220,False,Sem exposicao TSB direta,0.0,1012;1013,1012.2030;1013.2040,,
02071300,False,Sem exposicao TSB direta,0.0,1012;1013,1012.2040;1013.2040,,
02071411,False,Sem exposicao TSB direta,0.0,1012;1013,1012.2030;1013.2040,,
02071412,False,Sem exposicao TSB direta,0.0,1012;1013,1012.2030;1013.2040,,
02071413,False,Sem exposicao TSB direta,0.0,1012;1013,1012.2030;1013.2040,,
02071419,False,Sem exposicao TSB direta,0.0,1012;1013,1012.2030;1013.2040,,
02071421,False,Sem exposicao TSB direta,0.0,1012;1013,1012.2030;1013.2040,,
02071422,False,Sem exposicao TSB direta,0.0,1012;1013,1012.2030;1013.2040,,
02071423,False,Sem exposicao TSB direta,0.0,1012;1013,1012.2030;1013.2040,,
02071424,False,Sem exposicao TSB direta,0.0,1012;1013,1012.2030;1013.2040,,
02071429,False,Sem exposicao TSB direta,0.0,1012;1013,1012.2030;1013.2040,,
02071431,False,Sem exposicao TSB direta,0.0,1012;1013,1012.2030;1013.2040,,
02071432,False,Sem exposicao TSB direta,0.0,1012;1013,1012.2030;1013.2040,,
02071433,False,Sem exposicao TSB direta,0.0,1012;1013,1012.2030;1013.2040,,
02071434,False,Sem exposicao TSB direta,0.0,1012;1013,1012.2030;1013.2040,,
02071439,False,Sem exposicao TSB direta,0.0,1012;1013,1012.2030;1013.2040,,
02072400,False,Sem exposicao TSB direta,0.0,1012;1013,1012.2040;1013.2040,,
02072500,False,Sem exposicao TSB direta,0.0,1012;1013,1012.2030;1013.2040,,
02072600,False,Sem exposicao TSB direta,0.0,1012;1013,1012.2040;1013.2040,,
02072700,False,Sem exposicao TSB direta,0.0,1012;1013,1012.2030;1013.2040,,
02074100,False,Sem exposicao TSB direta,0.0,1012;1013,1012.2040;1013.2040,,
02074200,False,Sem exposicao TSB direta,0.0,1012;1013,1012.2030;1013.2040,,
02074400,False,Sem exposicao TSB direta,0.0,1012;1013,1012.2040;1013.2040,,
02074500,False,Sem exposicao TSB direta,0.0,1012;1013,1012.2030;1013.2040,,
02076000,False,Sem exposicao TSB direta,0.0,1012;1013,1012.2030;1012.2040;1013.2040,,
02081000,False,Sem exposicao TSB direta,0.0,1011;1012;1013,1011.2095;1012.2050;1013.2040,,
02084000,False,Sem exposicao TSB direta,0.0,1011;1013,1011.2095;1013.2040,,
02089000,False,Sem exposicao TSB direta,0.0,1011;1012;1013,1011.2095;1012.2050;1013.2040,,
02091011,False,Sem exposicao TSB direta,0.0,1012,1012.2120,,
02091019,False,Sem exposicao TSB direta,0.0,1012,1012.2120,,
02091021,False,Sem exposicao TSB direta,0.0,1012,1012.2120,,
02091029,False,Sem exposicao TSB direta,0.0,1012,1012.2120,,
02099000,False,Sem exposicao TSB direta,0.0,1012,1012.2120,,
02101100,False,Sem exposicao TSB direta,0.0,1013,1013.2030,,
02101200,False,Sem exposicao TSB direta,0.0,1012;1013,1012.2100;1012.2110;1013.2030,,
02101900,False,Sem exposicao TSB direta,0.0,1012;1013,1012.2100;1012.2110;1013.2030,,
02102000,False,Sem exposicao TSB direta,0.0,1011;1013,1011.2120;1013.2020,,
02109911,False,Sem exposicao TSB direta,0.0,1012;1013,1012.2100;1013.2010,,
03029190,False,Sem exposicao TSB direta,0.0,1020,1020.2035,,
03031100,False,Sem exposicao TSB direta,0.0,1020,1020.2065,,
03031200,False,Sem exposicao TSB direta,0.0,1020,1020.2065,,
03031300,False,Sem exposicao TSB direta,0.0,1020,1020.2065,,
03031400,False,Sem exposicao TSB direta,0.0,1020,1020.2065,,
03031900,False,Sem exposicao TSB direta,0.0,1020,1020.2065,,
03032300,False,Sem exposicao TSB direta,0.0,1020,1020.2065,,
03032410,False,Sem exposicao TSB direta,0.0,1020,1020.2065,,
03032490,False,Sem exposicao TSB direta,0.0,1020,1020.2065,,
03032900,False,Sem exposicao TSB direta,0.0,1020,1020.2065,,
03033100,False,Sem exposicao TSB direta,0.0,1020,1020.2065,,
03033300,False,Sem exposicao TSB direta,0.0,1020,1020.2065,,
03033900,False,Sem exposicao TSB direta,0.0,1020,1020.2065,,
03034100,False,Sem exposicao TSB direta,0.0,1020,1020.2065,,
03034200,False,Sem exposicao TSB direta,0.0,1020,1020.2065,,
03034300,False,Sem exposicao TSB direta,0.0,1020,1020.2065,,
03034400,False,Sem exposicao TSB direta,0.0,1020,1020.2065,,
03034500,False,Sem exposicao TSB direta,0.0,1020,1020.2065,,
03034600,False,Sem exposicao TSB direta,0.0,1020,1020.2065,,
03034900,False,Sem exposicao TSB direta,0.0,1020,1020.2065,,
03035300,False,Sem exposicao TSB direta,0.0,1020,1020.2065,,
03035400,False,Sem exposicao TSB direta,0.0,1020,1020.2065,,
03035500,False,Sem exposicao TSB direta,0.0,1020,1020.2065,,
03035700,False,Sem exposicao TSB direta,0.0,1020,1020.2065,,
03035920,False,Sem exposicao TSB direta,0.0,1020,1020.2065,,
03035990,False,Sem exposicao TSB direta,0.0,1020,1020.2065,,
03036300,False,Sem exposicao TSB direta,0.0,1020,1020.2065,,
03036500,False,Sem exposicao TSB direta,0.0,1020,1020.2065,,
03036600,False,Sem exposicao TSB direta,0.0,1020,1020.2065,,
03036700,False,Sem exposicao TSB direta,0.0,1020,1020.2065,,
03036990,False,Sem exposicao TSB direta,0.0,1020,1020.2065,,
03038111,False,Sem exposicao TSB direta,0.0,1020,1020.2065,,
03038112,False,Sem exposicao TSB direta,0.0,1020,1020.2065,,
03038114,False,Sem exposicao TSB direta,0.0,1020,1020.2065,,
03038119,False,Sem exposicao TSB direta,0.0,1020,1020.2065,,
03038190,False,Sem exposicao TSB direta,0.0,1020,1020.2065,,
03038400,False,Sem exposicao TSB direta,0.0,1020,1020.2065,,
03038910,False,Sem exposicao TSB direta,0.0,1020,1020.2065,,
03038920,False,Sem exposicao TSB direta,0.0,1020,1020.2065,,
03038932,False,Sem exposicao TSB direta,0.0,1020,1020.2065,,
03038942,False,Sem exposicao TSB direta,0.0,1020,1020.2065,,
03038943,False,Sem exposicao TSB direta,0.0,1020,1020.2065,,
03038945,False,Sem exposicao TSB direta,0.0,1020,1020.2065,,
03038951,False,Sem exposicao TSB direta,0.0,1020,1020.2065,,
03038952,False,Sem exposicao TSB direta,0.0,1020,1020.2065,,
03038953,False,Sem exposicao TSB direta,0.0,1020,1020.2065,,
03038954,False,Sem exposicao TSB direta,0.0,1020,1020.2065,,
03038955,False,Sem exposicao TSB direta,0.0,1020,1020.2065,,
03038961,False,Sem exposicao TSB direta,0.0,1020,1020.2065,,
03038962,False,Sem exposicao TSB direta,0.0,1020,1020.2065,,
03038963,False,Sem exposicao TSB direta,0.0,1020,1020.2065,,
03038964,False,Sem exposicao TSB direta,0.0,1020,1020.2065,,
03038990,False,Sem exposicao TSB direta,0.0,1020,1020.2065,,
03039110,False,Sem exposicao TSB direta,0.0,1020,1020.2035,,
03039190,False,Sem exposicao TSB direta,0.0,1020,1020.2035,,
03039990,False,Sem exposicao TSB direta,0.0,1020,1020.2065,,
03043100,False,Sem exposicao TSB direta,0.0,1020,1020.2045,,
03043210,False,Sem exposicao TSB direta,0.0,1020,1020.2045,,
03043290,False,Sem exposicao TSB direta,0.0,1020,1020.2045,,
03043900,False,Sem exposicao TSB direta,0.0,1020,1020.2045,,
03044100,False,Sem exposicao TSB direta,0.0,1020,1020.2045,,
03044500,False,Sem exposicao TSB direta,0.0,1020,1020.2045,,
03044600,False,Sem exposicao TSB direta,0.0,1020,1020.2045,,
03044920,False,Sem exposicao TSB direta,0.0,1020,1020.2045,,
03044990,False,Sem exposicao TSB direta,0.0,1020,1020.2045,,
03045100,False,Sem exposicao TSB direta,0.0,1020,1020.2045,,
03045200,False,Sem exposicao TSB direta,0.0,1020,1020.2045,,
03045500,False,Sem exposicao TSB direta,0.0,1020,1020.2045,,
03045900,False,Sem exposicao TSB direta,0.0,1020,1020.2045,,
03046100,False,Sem exposicao TSB direta,0.0,1020,1020.2045,,
03046210,False,Sem exposicao TSB direta,0.0,1020,1020.2045,,
03046290,False,Sem exposicao TSB direta,0.0,1020,1020.2045,,
03046900,False,Sem exposicao TSB direta,0.0,1020,1020.2045,,
03047100,False,Sem exposicao TSB direta,0.0,1020,1020.2045,,
03047300,False,Sem exposicao TSB direta,0.0,1020,1020.2045,,
03047400,False,Sem exposicao TSB direta,0.0,1020,1020.2045,,
03047500,False,Sem exposicao TSB direta,0.0,1020,1020.2045,,
03047900,False,Sem exposicao TSB direta,0.0,1020,1020.2045,,
03048100,False,Sem exposicao TSB direta,0.0,1020,1020.2045,,
03048200,False,Sem exposicao TSB direta,0.0,1020,1020.2045,,
03048300,False,Sem exposicao TSB direta,0.0,1020,1020.2045,,
03048600,False,Sem exposicao TSB direta,0.0,1020,1020.2045,,
03048700,False,Sem exposicao TSB direta,0.0,1020,1020.2045,,
03048810,False,Sem exposicao TSB direta,0.0,1020,1020.2045,,
03048890,False,Sem exposicao TSB direta,0.0,1020,1020.2045,,
03048910,False,Sem exposicao TSB direta,0.0,1020,1020.2045,,
03048930,False,Sem exposicao TSB direta,0.0,1020,1020.2045,,
03048990,False,Sem exposicao TSB direta,0.0,1020,1020.2045,,
03049100,False,Sem exposicao TSB direta,0.0,1020,1020.2045,,
03049229,False,Sem exposicao TSB direta,0.0,1020,1020.2045,,
03049400,False,Sem exposicao TSB direta,0.0,1020,1020.2045,,
03049500,False,Sem exposicao TSB direta,0.0,1020,1020.2045,,
03049900,False,Sem exposicao TSB direta,0.0,1020,1020.2045,,
03052010,False,Sem exposicao TSB direta,0.0,1020,1020.2035,,
03052090,False,Sem exposicao TSB direta,0.0,1020,1020.2035,,
03053210,False,Sem exposicao TSB direta,0.0,1020,1020.2070,,
03053220,False,Sem exposicao TSB direta,0.0,1020,1020.2070,,
03053290,False,Sem exposicao TSB direta,0.0,1020,1020.2070,,
03053900,False,Sem exposicao TSB direta,0.0,1020,1020.2070,,
03054100,False,Sem exposicao TSB direta,0.0,1020,1020.2070,,
03054200,False,Sem exposicao TSB direta,0.0,1020,1020.2070,,
03054910,False,Sem exposicao TSB direta,0.0,1020,1020.2070,,
03054920,False,Sem exposicao TSB direta,0.0,1020,1020.2070,,
03054990,False,Sem exposicao TSB direta,0.0,1020,1020.2070,,
03055100,False,Sem exposicao TSB direta,0.0,1020,1020.2070,,
03055310,False,Sem exposicao TSB direta,0.0,1020,1020.2070,,
03055390,False,Sem exposicao TSB direta,0.0,1020,1020.2070,,
03055400,False,Sem exposicao TSB direta,0.0,1020,1020.2070,,
03055900,False,Sem exposicao TSB direta,0.0,1020,1020.2070,,
03056200,False,Sem exposicao TSB direta,0.0,1020,1020.2070,,
03056300,False,Sem exposicao TSB direta,0.0,1020,1020.2070,,
03056910,False,Sem exposicao TSB direta,0.0,1020,1020.2070,,
03056990,False,Sem exposicao TSB direta,0.0,1020,1020.2070,,
03057200,False,Sem exposicao TSB direta,0.0,1020,1020.2070,,
03057900,False,Sem exposicao TSB direta,0.0,1020,1020.2070,,
03061110,False,Sem exposicao TSB direta,0.0,1020,1020.2005,,
03061190,False,Sem exposicao TSB direta,0.0,1020,1020.2005,,
03061200,False,Sem exposicao TSB direta,0.0,1020,1020.2005,,
03061400,False,Sem exposicao TSB direta,0.0,1020,1020.2005,,
03061500,False,Sem exposicao TSB direta,0.0,1020,1020.2005,,
03061610,False,Sem exposicao TSB direta,0.0,1020,1020.2005,,
03061690,False,Sem exposicao TSB direta,0.0,1020,1020.2005,,
03061710,False,Sem exposicao TSB direta,0.0,1020,1020.2005,,
03061790,False,Sem exposicao TSB direta,0.0,1020,1020.2005,,
03061990,False,Sem exposicao TSB direta,0.0,1020,1020.2005;1020.2012,,
03063990,False,Sem exposicao TSB direta,0.0,1020,1020.2012,,
03069100,False,Sem exposicao TSB direta,0.0,1020,1020.2005,,
03069500,False,Sem exposicao TSB direta,0.0,1020,1020.2005,,
03071200,False,Sem exposicao TSB direta,0.0,1020,1020.2050,,
03072100,False,Sem exposicao TSB direta,0.0,1020,1020.2050,,
03072200,False,Sem exposicao TSB direta,0.0,1020,1020.2050,,
03072900,False,Sem exposicao TSB direta,0.0,1020,1020.2050,,
03073100,False,Sem exposicao TSB direta,0.0,1020,1020.2050,,
03073200,False,Sem exposicao TSB direta,0.0,1020,1020.2050,,
03073900,False,Sem exposicao TSB direta,0.0,1020,1020.2050,,
03074310,False,Sem exposicao TSB direta,0.0,1020,1020.2050,,
03074900,False,Sem exposicao TSB direta,0.0,1020,1020.2050,,
03075100,False,Sem exposicao TSB direta,0.0,1020,1020.2050,,
03075200,False,Sem exposicao TSB direta,0.0,1020,1020.2050,,
03075900,False,Sem exposicao TSB direta,0.0,1020,1020.2050,,
03077100,False,Sem exposicao TSB direta,0.0,1020,1020.2050,,
03077200,False,Sem exposicao TSB direta,0.0,1020,1020.2050,,
03077900,False,Sem exposicao TSB direta,0.0,1020,1020.2050,,
03079100,False,Sem exposicao TSB direta,0.0,1020,1020.2050,,
03079900,False,Sem exposicao TSB direta,0.0,1020,1020.2012;1020.2050,,
03082200,False,Sem exposicao TSB direta,0.0,1020,1020.2050,,
03089000,False,Sem exposicao TSB direta,0.0,1020,1020.2050,,
03091000,False,Sem exposicao TSB direta,0.0,1020,1020.2012,,
03099000,False,Sem exposicao TSB direta,0.0,1020,1020.2012,,
04011010,False,Sem exposicao TSB direta,0.0,1051,1051.2010,,
04011090,False,Sem exposicao TSB direta,0.0,1051,1051.2020;1051.2030,,
04012010,False,Sem exposicao TSB direta,0.0,1051,1051.2010,,
04012090,False,Sem exposicao TSB direta,0.0,1051,1051.2020;1051.2030,,
04014010,False,Sem exposicao TSB direta,0.0,1051,1051.2010;1051.2020;1051.2030,,
04014021,False,Sem exposicao TSB direta,0.0,1052,1052.2075,,
04014029,False,Sem exposicao TSB direta,0.0,1052,1052.2075,,
04015010,False,Sem exposicao TSB direta,0.0,1051,1051.2010;1051.2020;1051.2030,,
04015021,False,Sem exposicao TSB direta,0.0,1052,1052.2075,,
04015029,False,Sem exposicao TSB direta,0.0,1052,1052.2075,,
04021010,False,Sem exposicao TSB direta,0.0,1052,1052.2160,,
04021090,False,Sem exposicao TSB direta,0.0,1052,1052.2070;1052.2160,,
04022110,False,Sem exposicao TSB direta,0.0,1052,1052.2160,,
04022120,False,Sem exposicao TSB direta,0.0,1052,1052.2160,,
04022130,False,Sem exposicao TSB direta,0.0,1052,1052.2070;1052.2200,,
04022910,False,Sem exposicao TSB direta,0.0,1052,1052.2160,,
04022930,False,Sem exposicao TSB direta,0.0,1052,1052.2070;1052.2200,,
04029100,False,Sem exposicao TSB direta,0.0,1052,1052.2140,,
04029900,False,Sem exposicao TSB direta,0.0,1052,1052.2040;1052.2150,,
04032000,False,Sem exposicao TSB direta,0.0,1052,1052.2110,,
04039000,False,Sem exposicao TSB direta,0.0,1052,1052.2010;1052.2030;1052.2130;1052.2180,,
04041000,False,Sem exposicao TSB direta,0.0,1052,1052.2330,,
04049000,False,Sem exposicao TSB direta,0.0,1052,1052.2100;1052.2220,,
04051000,False,Sem exposicao TSB direta,0.0,1052,1052.2190,,
04052000,False,Sem exposicao TSB direta,0.0,1052,1052.2210,,
04059010,False,Sem exposicao TSB direta,0.0,1052,1052.2210,,
04059090,False,Sem exposicao TSB direta,0.0,1052,1052.2210,,
04061010,False,Sem exposicao TSB direta,0.0,1052,1052.2280,,
04061090,False,Sem exposicao TSB direta,0.0,1052,1052.2230;1052.2280;1052.2320,,
04062000,False,Sem exposicao TSB direta,0.0,1052,1052.2300,,
04063000,False,Sem exposicao TSB direta,0.0,1052,1052.2290,,
04064000,False,Sem exposicao TSB direta,0.0,1052,1052.2270,,
04069010,False,Sem exposicao TSB direta,0.0,1052,1052.2250,,
04069020,False,Sem exposicao TSB direta,0.0,1052,1052.2250,,
04069030,False,Sem exposicao TSB direta,0.0,1052,1052.2240,,
04069090,False,Sem exposicao TSB direta,0.0,1052,1052.2260;1052.2310,,
04081100,False,Sem exposicao TSB direta,0.0,1099,1099.2170,,
04081900,False,Sem exposicao TSB direta,0.0,1099,1099.2170,,
04089100,False,Sem exposicao TSB direta,0.0,1099,1099.2170,,
04089900,False,Sem exposicao TSB direta,0.0,1099,1099.2170,,
04101000,False,Sem exposicao TSB direta,0.0,1012;1013,1012.2050;1013.2040,,
05021011,False,Sem exposicao TSB direta,0.0,1012,1012.2070,,
05029010,False,Sem exposicao TSB direta,0.0,1011,1011.2045,,
05040011,False,Sem exposicao TSB direta,0.0,1011;1013,1011.2130;1013.2070,,
05040012,False,Sem exposicao TSB direta,0.0,1011;1013,1011.2130;1013.2070,,
05040013,False,Sem exposicao TSB direta,0.0,1012;1013,1012.2130;1013.2070,,
05040019,False,Sem exposicao TSB direta,0.0,1011;1013,1011.2130;1013.2070,,
05040090,False,Sem exposicao TSB direta,0.0,1011;1013,1011.2130;1013.2070,,
05051000,False,Sem exposicao TSB direta,0.0,1012,1012.2060,,
05059000,False,Sem exposicao TSB direta,0.0,1012,1012.2060,,
05061000,False,Sem exposicao TSB direta,0.0,1011;1012,1011.2045;1012.2070,,
05069000,False,Sem exposicao TSB direta,0.0,1011;1012;3299,1011.2045;1012.2070;3299.2250,,
05079000,False,Sem exposicao TSB direta,0.0,1011,1011.2045,,
05100010,False,Sem exposicao TSB direta,0.0,1011,1011.2045,,
05100090,False,Sem exposicao TSB direta,0.0,1011;1012,1011.2045;1012.2070,,
05119110,False,Sem exposicao TSB direta,0.0,1020,1020.2110,,
05119190,False,Sem exposicao TSB direta,0.0,1020,1020.2110,,
05119999,False,Sem exposicao TSB direta,0.0,1011;1012,1011.2045;1012.2070,,
07101000,False,Sem exposicao TSB direta,0.0,1032,1032.2080,,
07102100,False,Sem exposicao TSB direta,0.0,1032,1032.2080,,
07102200,False,Sem exposicao TSB direta,0.0,1032,1032.2080,,
07102900,False,Sem exposicao TSB direta,0.0,1032,1032.2080,,
07103000,False,Sem exposicao TSB direta,0.0,1032,1032.2080,,
07104000,False,Sem exposicao TSB direta,0.0,1032,1032.2080,,
07108000,False,Sem exposicao TSB direta,0.0,1032,1032.2080,,
07109000,False,Sem exposicao TSB direta,0.0,1032,1032.2080,,
07112010,False,Sem exposicao TSB direta,0.0,1032,1032.2070,,
07112090,False,Sem exposicao TSB direta,0.0,1032,1032.2070,,
07114000,False,Sem exposicao TSB direta,0.0,1032,1032.2070,,
07115100,False,Sem exposicao TSB direta,0.0,1032,1032.2070,,
07115900,False,Sem exposicao TSB direta,0.0,1032,1032.2070,,
07119000,False,Sem exposicao TSB direta,0.0,1032,1032.2070,,
07122000,False,Sem exposicao TSB direta,0.0,1032,1032.2110,,
07123100,False,Sem exposicao TSB direta,0.0,1032,1032.2110,,
07123200,False,Sem exposicao TSB direta,0.0,1032,1032.2110,,
07123300,False,Sem exposicao TSB direta,0.0,1032,1032.2110,,
07123400,False,Sem exposicao TSB direta,0.0,1032,1032.2110,,
07123900,False,Sem exposicao TSB direta,0.0,1032,1032.2110,,
07129020,False,Sem exposicao TSB direta,0.0,1032,1032.2110,,
07129090,False,Sem exposicao TSB direta,0.0,1032,1032.2110,,
08011100,False,Sem exposicao TSB direta,0.0,1031,1031.2060;1031.2235,,
08012200,False,Sem exposicao TSB direta,0.0,1031,1031.2050,,
08013200,False,Sem exposicao TSB direta,0.0,1031,1031.2040,,
08021200,False,Sem exposicao TSB direta,0.0,1031,1031.2235,,
08022200,False,Sem exposicao TSB direta,0.0,1031,1031.2235,,
08023200,False,Sem exposicao TSB direta,0.0,1031,1031.2235,,
08024200,False,Sem exposicao TSB direta,0.0,1031,1031.2235,,
08025200,False,Sem exposicao TSB direta,0.0,1031,1031.2235,,
08026200,False,Sem exposicao TSB direta,0.0,1031,1031.2235,,
08029100,False,Sem exposicao TSB direta,0.0,1031,1031.2235,,
08029200,False,Sem exposicao TSB direta,0.0,1031,1031.2235,,
08029900,False,Sem exposicao TSB direta,0.0,1031,1031.2235,,
08031000,False,Sem exposicao TSB direta,0.0,1031,1031.2245,,
08039000,False,Sem exposicao TSB direta,0.0,1031,1031.2245,,
08041020,False,Sem exposicao TSB direta,0.0,1031,1031.2245,,
08042020,False,Sem exposicao TSB direta,0.0,1031,1031.2245,,
08043000,False,Sem exposicao TSB direta,0.0,1031,1031.2245,,
08044000,False,Sem exposicao TSB direta,0.0,1031,1031.2245,,
08045010,False,Sem exposicao TSB direta,0.0,1031,1031.2245,,
08045020,False,Sem exposicao TSB direta,0.0,1031,1031.2245,,
08045030,False,Sem exposicao TSB direta,0.0,1031,1031.2245,,
08051000,False,Sem exposicao TSB direta,0.0,1031,1031.2245,,
08052100,False,Sem exposicao TSB direta,0.0,1031,1031.2245,,
08052200,False,Sem exposicao TSB direta,0.0,1031,1031.2245,,
08052900,False,Sem exposicao TSB direta,0.0,1031,1031.2245,,
08054000,False,Sem exposicao TSB direta,0.0,1031,1031.2245,,
08055000,False,Sem exposicao TSB direta,0.0,1031,1031.2245,,
08059000,False,Sem exposicao TSB direta,0.0,1031,1031.2245,,
08062000,False,Sem exposicao TSB direta,0.0,1031,1031.2245,,
08111000,False,Sem exposicao TSB direta,0.0,1031,1031.2190,,
08112000,False,Sem exposicao TSB direta,0.0,1031,1031.2190,,
08119000,False,Sem exposicao TSB direta,0.0,1031,1031.2190,,
08121000,False,Sem exposicao TSB direta,0.0,1031,1031.2170,,
08129000,False,Sem exposicao TSB direta,0.0,1031,1031.2170,,
08131000,False,Sem exposicao TSB direta,0.0,1031,1031.2245,,
08132010,False,Sem exposicao TSB direta,0.0,1031,1031.2245,,
08132020,False,Sem exposicao TSB direta,0.0,1031,1031.2245,,
08133000,False,Sem exposicao TSB direta,0.0,1031,1031.2245,,
08134010,False,Sem exposicao TSB direta,0.0,1031,1031.2245,,
08134090,False,Sem exposicao TSB direta,0.0,1031,1031.2245,,
08135000,False,Sem exposicao TSB direta,0.0,1031,1031.2245,,
08140000,False,Sem exposicao TSB direta,0.0,1031,1031.2030,,
09011200,False,Sem exposicao TSB direta,0.0,1081,1081.2010,,
09012100,False,Sem exposicao TSB direta,0.0,1081;1082,1081.2020;1081.2040;1081.2050;1082.2030,,
09012200,False,Sem exposicao TSB direta,0.0,1081;1082,1081.2020;1081.2040;1081.2050;1082.2030,,
09019000,False,Sem exposicao TSB direta,0.0,1082,1082.2030,,
09021000,False,Sem exposicao TSB direta,0.0,1099,1099.2055,,
09023000,False,Sem exposicao TSB direta,0.0,1099,1099.2055,,
09030090,False,Sem exposicao TSB direta,0.0,1099,1099.2040,,
09041200,False,Sem exposicao TSB direta,0.0,1095,1095.2030,,
09042200,False,Sem exposicao TSB direta,0.0,1095,1095.2030,,
09052000,False,Sem exposicao TSB direta,0.0,1095,1095.2030,,
09062000,False,Sem exposicao TSB direta,0.0,1095,1095.2030,,
09072000,False,Sem exposicao TSB direta,0.0,1095,1095.2030,,
09081200,False,Sem exposicao TSB direta,0.0,1095,1095.2030,,
09083200,False,Sem exposicao TSB direta,0.0,1095,1095.2030,,
09092200,False,Sem exposicao TSB direta,0.0,1095,1095.2030,,
09093200,False,Sem exposicao TSB direta,0.0,1095,1095.2030,,
09096210,False,Sem exposicao TSB direta,0.0,1095,1095.2030,,
09096220,False,Sem exposicao TSB direta,0.0,1095,1095.2030,,
09096290,False,Sem exposicao TSB direta,0.0,1095,1095.2030,,
09101200,False,Sem exposicao TSB direta,0.0,1095,1095.2030,,
10062010,False,Sem exposicao TSB direta,0.0,1061,1061.2020,,
10062020,False,Sem exposicao TSB direta,0.0,1061,1061.2020,,
10063011,False,Sem exposicao TSB direta,0.0,1061,1061.2040,,
10063019,False,Sem exposicao TSB direta,0.0,1061,1061.2040,,
10063021,False,Sem exposicao TSB direta,0.0,1061,1061.2040,,
10063029,False,Sem exposicao TSB direta,0.0,1061,1061.2040,,
10064000,False,Sem exposicao TSB direta,0.0,1061,1061.2030,,
11010010,False,Sem exposicao TSB direta,0.0,1062,1062.2030,,
11010020,False,Sem exposicao TSB direta,0.0,1062,1062.2040,,
11022000,False,Sem exposicao TSB direta,0.0,1064,1064.2030,,
11029000,False,Sem exposicao TSB direta,0.0,1061;1069,1061.2060;1069.2030,,
11031100,False,Sem exposicao TSB direta,0.0,1062,1062.2050,,
11031300,False,Sem exposicao TSB direta,0.0,1064,1064.2050,,
11031900,False,Sem exposicao TSB direta,0.0,1061;1069,1061.2070;1069.2060,,
11032000,False,Sem exposicao TSB direta,0.0,1062;1069,1062.2050;1069.2060,,
11041200,False,Sem exposicao TSB direta,0.0,1069,1069.2050,,
11041900,False,Sem exposicao TSB direta,0.0,1064;1069,1064.2010;1069.2050,,
11042200,False,Sem exposicao TSB direta,0.0,1069,1069.2050,,
11042300,False,Sem exposicao TSB direta,0.0,1064,1064.2040,,
11042900,False,Sem exposicao TSB direta,0.0,1069,1069.2050,,
11043000,False,Sem exposicao TSB direta,0.0,1064;1069,1064.2040;1069.2050,,
11051000,False,Sem exposicao TSB direta,0.0,1032,1032.2030,,
11052000,False,Sem exposicao TSB direta,0.0,1032,1032.2030,,
11061000,False,Sem exposicao TSB direta,0.0,1069,1069.2045,,
11062000,False,Sem exposicao TSB direta,0.0,1063;1069,1063.2010;1063.2020;1069.2045,,
11063000,False,Sem exposicao TSB direta,0.0,1069,1069.2045,,
11071010,False,Sem exposicao TSB direta,0.0,1113,1113.2030,,
11071020,False,Sem exposicao TSB direta,0.0,1113,1113.2030,,
11072010,False,Sem exposicao TSB direta,0.0,1113,1113.2030,,
11072020,False,Sem exposicao TSB direta,0.0,1113,1113.2030,,
11081100,False,Sem exposicao TSB direta,0.0,1065,1065.2020,,
11081200,False,Sem exposicao TSB direta,0.0,1065,1065.2010,,
11081300,False,Sem exposicao TSB direta,0.0,1065,1065.2020,,
11081400,False,Sem exposicao TSB direta,0.0,1065,1065.2020,,
11081900,False,Sem exposicao TSB direta,0.0,1065,1065.2020,,
11082000,False,Sem exposicao TSB direta,0.0,1065,1065.2020,,
11090000,False,Sem exposicao TSB direta,0.0,1065,1065.2020,,
12024200,False,Sem exposicao TSB direta,0.0,1031,1031.2010,,
12081000,False,Sem exposicao TSB direta,0.0,1041,1041.2010,,
12089000,False,Sem exposicao TSB direta,0.0,1041,1041.2010,,
12129100,False,Sem exposicao TSB direta,0.0,1031,1031.2180,,
12129200,False,Sem exposicao TSB direta,0.0,1031,1031.2180,,
12129400,False,Sem exposicao TSB direta,0.0,1031,1031.2180,,
12129910,False,Sem exposicao TSB direta,0.0,1031,1031.2180,,
12129990,False,Sem exposicao TSB direta,0.0,1031,1031.2180,,
12141000,False,Sem exposicao TSB direta,0.0,1066,1066.2010,,
13021190,False,Sem exposicao TSB direta,0.0,1099,1099.2290,,
13021200,False,Sem exposicao TSB direta,0.0,1099,1099.2290,,
13021300,False,Sem exposicao TSB direta,0.0,1099,1099.2290,,
13021910,False,Sem exposicao TSB direta,0.0,1099,1099.2290,,
13021920,False,Sem exposicao TSB direta,0.0,1099,1099.2290,,
13021930,False,Sem exposicao TSB direta,0.0,1099,1099.2290,,
13021940,False,Sem exposicao TSB direta,0.0,1099,1099.2290,,
13021950,False,Sem exposicao TSB direta,0.0,1099,1099.2290,,
13021960,False,Sem exposicao TSB direta,0.0,1099,1099.2290,,
13021991,False,Sem exposicao TSB direta,0.0,1099,1099.2290,,
13021999,False,Sem exposicao TSB direta,0.0,1099,1099.2290,,
13022010,False,Sem exposicao TSB direta,0.0,1099,1099.2290,,
13022090,False,Sem exposicao TSB direta,0.0,1099,1099.2290,,
13023100,False,Sem exposicao TSB direta,0.0,1099,1099.2290,,
13023211,False,Sem exposicao TSB direta,0.0,1099,1099.2290,,
13023219,False,Sem exposicao TSB direta,0.0,1099,1099.2290,,
13023220,False,Sem exposicao TSB direta,0.0,1099,1099.2290,,
13023910,False,Sem exposicao TSB direta,0.0,1099,1099.2290,,
13023990,False,Sem exposicao TSB direta,0.0,1099,1099.2290,,
14042010,False,Sem exposicao TSB direta,0.0,1041,1041.2030,,
14042090,False,Sem exposicao TSB direta,0.0,1041,1041.2030,,
15011000,False,Sem exposicao TSB direta,0.0,1012;1013,1012.2120;1013.2050,,
15012000,False,Sem exposicao TSB direta,0.0,1012,1012.2120,,
15019000,False,Sem exposicao TSB direta,0.0,1012,1012.2075;1012.2120,,
15021011,False,Sem exposicao TSB direta,0.0,1011,1011.2055,,
15021012,False,Sem exposicao TSB direta,0.0,1011;1013,1011.2065;1013.2050,,
15021019,False,Sem exposicao TSB direta,0.0,1011;1013,1011.2065;1013.2050,,
15021090,False,Sem exposicao TSB direta,0.0,1011,1011.2065,,
15029000,False,Sem exposicao TSB direta,0.0,1011,1011.2055;1011.2065,,
15041019,False,Sem exposicao TSB direta,0.0,1043,1043.2040,,
15041090,False,Sem exposicao TSB direta,0.0,1043,1043.2040,,
15042000,False,Sem exposicao TSB direta,0.0,1043,1043.2040,,
15050010,False,Sem exposicao TSB direta,0.0,1312,1312.2150,,
15050090,False,Sem exposicao TSB direta,0.0,1312,1312.2150,,
15060000,False,Sem exposicao TSB direta,0.0,1043,1043.2090,,
15071000,False,Sem exposicao TSB direta,0.0,1041,1041.2080,,
15079011,False,Sem exposicao TSB direta,0.0,1042,1042.2080,,
15079019,False,Sem exposicao TSB direta,0.0,1042,1042.2080,,
15079090,False,Sem exposicao TSB direta,0.0,1042,1042.2080,,
15081000,False,Sem exposicao TSB direta,0.0,1041,1041.2097,,
15089000,False,Sem exposicao TSB direta,0.0,1042,1042.2115,,
15092000,False,Sem exposicao TSB direta,0.0,1041,1041.2097,,
15093000,False,Sem exposicao TSB direta,0.0,1041,1041.2097,,
15099010,False,Sem exposicao TSB direta,0.0,1042,1042.2015,,
15099090,False,Sem exposicao TSB direta,0.0,1042,1042.2015,,
15101000,False,Sem exposicao TSB direta,0.0,1041,1041.2097,,
15109000,False,Sem exposicao TSB direta,0.0,1041;1042,1041.2097;1042.2015,,
15111000,False,Sem exposicao TSB direta,0.0,1041,1041.2060,,
15119000,False,Sem exposicao TSB direta,0.0,1042,1042.2060,,
15121110,False,Sem exposicao TSB direta,0.0,1041,1041.2070,,
15121120,False,Sem exposicao TSB direta,0.0,1041,1041.2097,,
15121911,False,Sem exposicao TSB direta,0.0,1042,1042.2070,,
15121919,False,Sem exposicao TSB direta,0.0,1042,1042.2070,,
15121920,False,Sem exposicao TSB direta,0.0,1042,1042.2115,,
15122100,False,Sem exposicao TSB direta,0.0,1041,1041.2040,,
15122910,False,Sem exposicao TSB direta,0.0,1042,1042.2030,,
15122990,False,Sem exposicao TSB direta,0.0,1042,1042.2030,,
15131100,False,Sem exposicao TSB direta,0.0,1041,1041.2055,,
15131900,False,Sem exposicao TSB direta,0.0,1042,1042.2055,,
15132111,False,Sem exposicao TSB direta,0.0,1041,1041.2097,,
15132119,False,Sem exposicao TSB direta,0.0,1041,1041.2097,,
15132120,False,Sem exposicao TSB direta,0.0,1041,1041.2097,,
15132919,False,Sem exposicao TSB direta,0.0,1042,1042.2030;1042.2115,,
15132920,False,Sem exposicao TSB direta,0.0,1042,1042.2030;1042.2115,,
15141100,False,Sem exposicao TSB direta,0.0,1041,1041.2045,,
15141910,False,Sem exposicao TSB direta,0.0,1042,1042.2045,,
15149100,False,Sem exposicao TSB direta,0.0,1041,1041.2097,,
15149910,False,Sem exposicao TSB direta,0.0,1042,1042.2115,,
15149990,False,Sem exposicao TSB direta,0.0,1042,1042.2115,,
15151100,False,Sem exposicao TSB direta,0.0,1041,1041.2097,,
15151900,False,Sem exposicao TSB direta,0.0,1042,1042.2115,,
15152100,False,Sem exposicao TSB direta,0.0,1065,1065.2060,,
15152910,False,Sem exposicao TSB direta,0.0,1065,1065.2070,,
15152990,False,Sem exposicao TSB direta,0.0,1065,1065.2070,,
15153000,False,Sem exposicao TSB direta,0.0,1041;1042,1041.2097;1042.2115,,
15155000,False,Sem exposicao TSB direta,0.0,1041;1042,1041.2097;1042.2115,,
15156000,False,Sem exposicao TSB direta,0.0,1041,1041.2097,,
15159010,False,Sem exposicao TSB direta,0.0,1041;1042,1041.2097;1042.2115,,
15159021,False,Sem exposicao TSB direta,0.0,1041;1042,1041.2097;1042.2115,,
15159022,False,Sem exposicao TSB direta,0.0,1041;1042,1041.2097;1042.2115,,
15159090,False,Sem exposicao TSB direta,0.0,1041;1042,1041.2097;1042.2040;1042.2115,,
15161000,False,Sem exposicao TSB direta,0.0,1043,1043.2080,,
15162000,False,Sem exposicao TSB direta,0.0,1042;1043,1042.2090;1043.2050,,
15163000,False,Sem exposicao TSB direta,0.0,1043,1043.2050;1043.2080,,
15171000,False,Sem exposicao TSB direta,0.0,1043,1043.2060,,
15179010,False,Sem exposicao TSB direta,0.0,1043,1043.2070,,
15179090,False,Sem exposicao TSB direta,0.0,1043,1043.2070,,
15180010,False,Sem exposicao TSB direta,0.0,2099,2099.2080,,
15180090,False,Sem exposicao TSB direta,0.0,2099,2099.2080,,
15200010,False,Sem exposicao TSB direta,0.0,2061,2061.2040,,
15200020,False,Sem exposicao TSB direta,0.0,2061,2061.2020,,
15211000,False,Sem exposicao TSB direta,0.0,1042,1042.2020,,
15219019,False,Sem exposicao TSB direta,0.0,1043,1043.2010,,
15219090,False,Sem exposicao TSB direta,0.0,1043,1043.2010,,
15220000,False,Sem exposicao TSB direta,0.0,1043,1043.2020,,
16010000,False,Sem exposicao TSB direta,0.0,1011;1012;1013;1096,1011.2120;1012.2100;1012.2110;1013.2065;1096.2010,,
16021000,False,Sem exposicao TSB direta,0.0,1099,1099.2250,,
16022000,False,Sem exposicao TSB direta,0.0,1013;1099,1013.2065;1099.2250,,
16023100,False,Sem exposicao TSB direta,0.0,1012;1096,1012.2100;1096.2010,,
16023210,False,Sem exposicao TSB direta,0.0,1012;1096,1012.2100;1096.2010,,
16023220,False,Sem exposicao TSB direta,0.0,1012;1096,1012.2100;1096.2010,,
16023230,False,Sem exposicao TSB direta,0.0,1012;1096,1012.2100;1096.2010,,
16023290,False,Sem exposicao TSB direta,0.0,1012;1096,1012.2100;1096.2010,,
16023900,False,Sem exposicao TSB direta,0.0,1012;1096,1012.2100;1096.2010,,
16024100,False,Sem exposicao TSB direta,0.0,1012,1012.2110,,
16024200,False,Sem exposicao TSB direta,0.0,1012,1012.2110,,
16024900,False,Sem exposicao TSB direta,0.0,1012;1013;1096,1012.2110;1013.2065;1096.2010,,
16025000,False,Sem exposicao TSB direta,0.0,1011;1096,1011.2120;1096.2010,,
16029000,False,Sem exposicao TSB direta,0.0,1012;1013;1096;1099,1012.2100;1013.2065;1096.2010;1099.2250,,
16030000,False,Sem exposicao TSB direta,0.0,1099,1099.2310,,
16041100,False,Sem exposicao TSB direta,0.0,1020,1020.2100,,
16041200,False,Sem exposicao TSB direta,0.0,1020,1020.2100,,
16041310,False,Sem exposicao TSB direta,0.0,1020,1020.2100,,
16041390,False,Sem exposicao TSB direta,0.0,1020,1020.2100,,
16041410,False,Sem exposicao TSB direta,0.0,1020,1020.2100,,
16041420,False,Sem exposicao TSB direta,0.0,1020,1020.2100,,
16041430,False,Sem exposicao TSB direta,0.0,1020,1020.2100,,
16041500,False,Sem exposicao TSB direta,0.0,1020,1020.2100,,
16041600,False,Sem exposicao TSB direta,0.0,1020,1020.2100,,
16041700,False,Sem exposicao TSB direta,0.0,1020,1020.2100,,
16041900,False,Sem exposicao TSB direta,0.0,1020,1020.2100,,
16042010,False,Sem exposicao TSB direta,0.0,1020;1096,1020.2100;1096.2020,,
16042020,False,Sem exposicao TSB direta,0.0,1020;1096,1020.2100;1096.2020,,
16042030,False,Sem exposicao TSB direta,0.0,1020;1096,1020.2100;1096.2020,,
16042090,False,Sem exposicao TSB direta,0.0,1020;1096,1020.2100;1096.2020,,
16043100,False,Sem exposicao TSB direta,0.0,1020,1020.2100,,
16043200,False,Sem exposicao TSB direta,0.0,1020,1020.2100,,
16051000,False,Sem exposicao TSB direta,0.0,1020;1096,1020.2090;1096.2020,,
16052900,False,Sem exposicao TSB direta,0.0,1020;1096,1020.2090;1096.2020,,
16054000,False,Sem exposicao TSB direta,0.0,1020;1096,1020.2090;1096.2020,,
16055100,False,Sem exposicao TSB direta,0.0,1020;1096,1020.2090;1096.2020,,
16055200,False,Sem exposicao TSB direta,0.0,1020;1096,1020.2090;1096.2020,,
16055300,False,Sem exposicao TSB direta,0.0,1020;1096,1020.2090;1096.2020,,
16055400,False,Sem exposicao TSB direta,0.0,1020;1096,1020.2090;1096.2020,,
16055500,False,Sem exposicao TSB direta,0.0,1020;1096,1020.2090;1096.2020,,
16055800,False,Sem exposicao TSB direta,0.0,1020;1096,1020.2090;1096.2020,,
16056900,False,Sem exposicao TSB direta,0.0,1020;1096,1020.2090;1096.2020,,
17011200,False,Sem exposicao TSB direta,0.0,1071,1071.2020,,
17011300,False,Sem exposicao TSB direta,0.0,1071,1071.2040;1071.2050;1071.2080,,
17011400,False,Sem exposicao TSB direta,0.0,1071,1071.2010;1071.2030;1071.2040;1071.2050;1071.2080,,
17019100,False,Sem exposicao TSB direta,0.0,1072,1072.2020,,
17019900,False,Sem exposicao TSB direta,0.0,1072,1072.2010;1072.2020;1072.2040,,
17021100,False,Sem exposicao TSB direta,0.0,1052,1052.2120,,
17021900,False,Sem exposicao TSB direta,0.0,1052,1052.2120,,
17022000,False,Sem exposicao TSB direta,0.0,1072,1072.2020,,
17023011,False,Sem exposicao TSB direta,0.0,1065,1065.2040,,
17023019,False,Sem exposicao TSB direta,0.0,1065,1065.2040,,
17023020,False,Sem exposicao TSB direta,0.0,1065,1065.2040,,
17024010,False,Sem exposicao TSB direta,0.0,1065,1065.2040,,
17024020,False,Sem exposicao TSB direta,0.0,1065,1065.2040,,
17025000,False,Sem exposicao TSB direta,0.0,1065,1065.2030,,
17026010,False,Sem exposicao TSB direta,0.0,1065,1065.2030,,
17026020,False,Sem exposicao TSB direta,0.0,1065,1065.2030,,
17029000,False,Sem exposicao TSB direta,0.0,1065;1071;1099,1065.2045;1071.2050;1099.2305,,
17031000,False,Sem exposicao TSB direta,0.0,1071,1071.2070,,
17039000,False,Sem exposicao TSB direta,0.0,1071;1072,1071.2070;1072.2030,,
17041000,False,Sem exposicao TSB direta,0.0,1093,1093.2100,,
17049010,False,Sem exposicao TSB direta,0.0,1093,1093.2020;1093.2055,,
17049020,False,Sem exposicao TSB direta,0.0,1093,1093.2020,,
17049090,False,Sem exposicao TSB direta,0.0,1093,1093.2020,,
18020000,False,Sem exposicao TSB direta,0.0,1093,1093.2130,,
18031000,False,Sem exposicao TSB direta,0.0,1093,1093.2120,,
18032000,False,Sem exposicao TSB direta,0.0,1093,1093.2120,,
18040000,False,Sem exposicao TSB direta,0.0,1093,1093.2110,,
18050000,False,Sem exposicao TSB direta,0.0,1093,1093.2050,,
18061000,False,Sem exposicao TSB direta,0.0,1093,1093.2010;1093.2040,,
18062000,False,Sem exposicao TSB direta,0.0,1093,1093.2070,,
18063110,False,Sem exposicao TSB direta,0.0,1093,1093.2030;1093.2080,,
18063120,False,Sem exposicao TSB direta,0.0,1093,1093.2030;1093.2080,,
18063210,False,Sem exposicao TSB direta,0.0,1093,1093.2030;1093.2080,,
18063220,False,Sem exposicao TSB direta,0.0,1093,1093.2030;1093.2080,,
18069000,False,Sem exposicao TSB direta,0.0,1093,1093.2060;1093.2080,,
19011010,False,Sem exposicao TSB direta,0.0,1052,1052.2170,,
19011020,False,Sem exposicao TSB direta,0.0,1052,1052.2090,,
19011030,False,Sem exposicao TSB direta,0.0,1099,1099.2210,,
19011090,False,Sem exposicao TSB direta,0.0,1099,1099.2210,,
19012010,False,Sem exposicao TSB direta,0.0,1062,1062.2060;1062.2070,,
19012020,False,Sem exposicao TSB direta,0.0,1062,1062.2060;1062.2070,,
19012090,False,Sem exposicao TSB direta,0.0,1062,1062.2060;1062.2070,,
19019010,False,Sem exposicao TSB direta,0.0,1099,1099.2090,,
19019020,False,Sem exposicao TSB direta,0.0,1052,1052.2080,,
19019090,False,Sem exposicao TSB direta,0.0,1099,1099.2200,,
19021100,False,Sem exposicao TSB direta,0.0,1094,1094.2030;1094.2040,,
19021900,False,Sem exposicao TSB direta,0.0,1094,1094.2030;1094.2040,,
19022000,False,Sem exposicao TSB direta,0.0,1094;1096,1094.2015;1096.2030,,
19023000,False,Sem exposicao TSB direta,0.0,1094,1094.2015,,
19024000,False,Sem exposicao TSB direta,0.0,1094,1094.2015,,
19030000,False,Sem exposicao TSB direta,0.0,1065,1065.2090,,
19041000,False,Sem exposicao TSB direta,0.0,1061;1062;1064;1069,1061.2010;1062.2010;1064.2010;1069.2010,,
19042000,False,Sem exposicao TSB direta,0.0,1061;1062;1064;1069,1061.2010;1062.2010;1064.2010;1069.2010,,
19043000,False,Sem exposicao TSB direta,0.0,1062,1062.2010,,
19049000,False,Sem exposicao TSB direta,0.0,1061;1062;1069,1061.2010;1062.2010;1069.2010,,
19051000,False,Sem exposicao TSB direta,0.0,1091,1091.2070,,
19052010,False,Sem exposicao TSB direta,0.0,1091,1091.2050,,
19052090,False,Sem exposicao TSB direta,0.0,1091,1091.2022,,
19053100,False,Sem exposicao TSB direta,0.0,1092,1092.2010;1092.2020,,
19053200,False,Sem exposicao TSB direta,0.0,1092,1092.2010;1092.2020,,
19054000,False,Sem exposicao TSB direta,0.0,1041;1091,1041.2097;1091.2070,,
19059010,False,Sem exposicao TSB direta,0.0,1091,1091.2022;1091.2035;1091.2045,,
19059020,False,Sem exposicao TSB direta,0.0,1092,1092.2010,,
19059090,False,Sem exposicao TSB direta,0.0,1091;1092;1099,1091.2010;1091.2025;1091.2035;1091.2045;1092.2020;1099.2245,,
20011000,False,Sem exposicao TSB direta,0.0,1032,1032.2090,,
20019000,False,Sem exposicao TSB direta,0.0,1032,1032.2090,,
20021000,False,Sem exposicao TSB direta,0.0,1031,1031.2280,,
20029000,False,Sem exposicao TSB direta,0.0,1031,1031.2160,,
20031000,False,Sem exposicao TSB direta,0.0,1032,1032.2060,,
20039000,False,Sem exposicao TSB direta,0.0,1032,1032.2060,,
20041000,False,Sem exposicao TSB direta,0.0,1032,1032.2010,,
20049000,False,Sem exposicao TSB direta,0.0,1032;1096,1032.2060;1096.2040,,
20051000,False,Sem exposicao TSB direta,0.0,1099,1099.2260,,
20052000,False,Sem exposicao TSB direta,0.0,1032,1032.2010,,
20054000,False,Sem exposicao TSB direta,0.0,1032,1032.2020,,
20055100,False,Sem exposicao TSB direta,0.0,1032,1032.2100,,
20055900,False,Sem exposicao TSB direta,0.0,1032,1032.2100,,
20056000,False,Sem exposicao TSB direta,0.0,1032,1032.2100,,
20057000,False,Sem exposicao TSB direta,0.0,1032,1032.2100,,
20058000,False,Sem exposicao TSB direta,0.0,1032,1032.2040,,
20059100,False,Sem exposicao TSB direta,0.0,1032,1032.2100,,
20059900,False,Sem exposicao TSB direta,0.0,1032;1099,1032.2100;1099.2245,,
20060000,False,Sem exposicao TSB direta,0.0,1093,1093.2090,,
20071000,False,Sem exposicao TSB direta,0.0,1099,1099.2260,,
20079100,False,Sem exposicao TSB direta,0.0,1031,1031.2110;1031.2200,,
20079910,False,Sem exposicao TSB direta,0.0,1031,1031.2080;1031.2110;1031.2120;1031.2200;1031.2210;1031.2220;1031.2230,,
20079921,False,Sem exposicao TSB direta,0.0,1031,1031.2110,,
20079922,False,Sem exposicao TSB direta,0.0,1031,1031.2110,,
20079923,False,Sem exposicao TSB direta,0.0,1031,1031.2080,,
20079924,False,Sem exposicao TSB direta,0.0,1031,1031.2110;1031.2120,,
20079925,False,Sem exposicao TSB direta,0.0,1031,1031.2110,,
20079926,False,Sem exposicao TSB direta,0.0,1031,1031.2110,,
20079927,False,Sem exposicao TSB direta,0.0,1031,1031.2110,,
20079929,False,Sem exposicao TSB direta,0.0,1031,1031.2110,,
20079990,False,Sem exposicao TSB direta,0.0,1031,1031.2090,,
20081100,False,Sem exposicao TSB direta,0.0,1031,1031.2020,,
20081900,False,Sem exposicao TSB direta,0.0,1031;1064;1099,1031.2020;1064.2100;1099.2245,,
20082010,False,Sem exposicao TSB direta,0.0,1031,1031.2070,,
20082090,False,Sem exposicao TSB direta,0.0,1031,1031.2180;1031.2265,,
20083000,False,Sem exposicao TSB direta,0.0,1031,1031.2180,,
20084010,False,Sem exposicao TSB direta,0.0,1031,1031.2150,,
20084090,False,Sem exposicao TSB direta,0.0,1031,1031.2180,,
20085000,False,Sem exposicao TSB direta,0.0,1031,1031.2150;1031.2180,,
20086010,False,Sem exposicao TSB direta,0.0,1031,1031.2150,,
20086090,False,Sem exposicao TSB direta,0.0,1031,1031.2180,,
20087010,False,Sem exposicao TSB direta,0.0,1031,1031.2140,,
20087090,False,Sem exposicao TSB direta,0.0,1031,1031.2180,,
20088000,False,Sem exposicao TSB direta,0.0,1031,1031.2180;1031.2265,,
20089100,False,Sem exposicao TSB direta,0.0,1032,1032.2050,,
20089300,False,Sem exposicao TSB direta,0.0,1031,1031.2150;1031.2180;1031.2265,,
20089710,False,Sem exposicao TSB direta,0.0,1031,1031.2150,,
20089790,False,Sem exposicao TSB direta,0.0,1031,1031.2180,,
20089900,False,Sem exposicao TSB direta,0.0,1031,1031.2100;1031.2130;1031.2150;1031.2180;1031.2255;1031.2265,,
20091100,False,Sem exposicao TSB direta,0.0,1033,1033.2050,,
20091200,False,Sem exposicao TSB direta,0.0,1033,1033.2050,,
20091900,False,Sem exposicao TSB direta,0.0,1033,1033.2050,,
20092100,False,Sem exposicao TSB direta,0.0,1033,1033.2085,,
20092900,False,Sem exposicao TSB direta,0.0,1033,1033.2085,,
20093100,False,Sem exposicao TSB direta,0.0,1033,1033.2060;1033.2085,,
20093900,False,Sem exposicao TSB direta,0.0,1033,1033.2060;1033.2085,,
20094100,False,Sem exposicao TSB direta,0.0,1033,1033.2030,,
20094900,False,Sem exposicao TSB direta,0.0,1033,1033.2030,,
20095000,False,Sem exposicao TSB direta,0.0,1033,1033.2140,,
20096100,False,Sem exposicao TSB direta,0.0,1033,1033.2090;1033.2190,,
20096900,False,Sem exposicao TSB direta,0.0,1033,1033.2090;1033.2190,,
20097100,False,Sem exposicao TSB direta,0.0,1033,1033.2085,,
20097900,False,Sem exposicao TSB direta,0.0,1033,1033.2085,,
20098100,False,Sem exposicao TSB direta,0.0,1033,1033.2085;1033.2180,,
20098911,False,Sem exposicao TSB direta,0.0,1033,1033.2085,,
20098912,False,Sem exposicao TSB direta,0.0,1033,1033.2085,,
20098913,False,Sem exposicao TSB direta,0.0,1033,1033.2070;1033.2170,,
20098919,False,Sem exposicao TSB direta,0.0,1033,1033.2085,,
20098921,False,Sem exposicao TSB direta,0.0,1033,1033.2010,,
20098922,False,Sem exposicao TSB direta,0.0,1033,1033.2010,,
20098990,False,Sem exposicao TSB direta,0.0,1033,1033.2040;1033.2085;1033.2155;1033.2160;1033.2180,,
20099000,False,Sem exposicao TSB direta,0.0,1033,1033.2045;1033.2155,,
21011110,False,Sem exposicao TSB direta,0.0,1082,1082.2010,,
21011190,False,Sem exposicao TSB direta,0.0,1082,1082.2020,,
21011200,False,Sem exposicao TSB direta,0.0,1082,1082.2020,,
21012010,False,Sem exposicao TSB direta,0.0,1099,1099.2100,,
21012020,False,Sem exposicao TSB direta,0.0,1099,1099.2100,,
21013000,False,Sem exposicao TSB direta,0.0,1082,1082.2020,,
21021010,False,Sem exposicao TSB direta,0.0,1099,1099.2160,,
21021090,False,Sem exposicao TSB direta,0.0,1099,1099.2160,,
21022000,False,Sem exposicao TSB direta,0.0,1099,1099.2160,,
21023000,False,Sem exposicao TSB direta,0.0,1099,1099.2120,,
21031010,False,Sem exposicao TSB direta,0.0,1095,1095.2060,,
21031090,False,Sem exposicao TSB direta,0.0,1095,1095.2060,,
21032010,False,Sem exposicao TSB direta,0.0,1095,1095.2010;1095.2070,,
21032090,False,Sem exposicao TSB direta,0.0,1095,1095.2010;1095.2070,,
21033010,False,Sem exposicao TSB direta,0.0,1095,1095.2100,,
21033021,False,Sem exposicao TSB direta,0.0,1095,1095.2100,,
21033029,False,Sem exposicao TSB direta,0.0,1095,1095.2100,,
21039011,False,Sem exposicao TSB direta,0.0,1095,1095.2040,,
21039019,False,Sem exposicao TSB direta,0.0,1095,1095.2040,,
21039021,False,Sem exposicao TSB direta,0.0,1095,1095.2020,,
21039029,False,Sem exposicao TSB direta,0.0,1095,1095.2020,,
21039091,False,Sem exposicao TSB direta,0.0,1095,1095.2050;1095.2080;1095.2090,,
21039099,False,Sem exposicao TSB direta,0.0,1095,1095.2050;1095.2080;1095.2090,,
21041011,False,Sem exposicao TSB direta,0.0,1099,1099.2275,,
21041019,False,Sem exposicao TSB direta,0.0,1099,1099.2275,,
21041021,False,Sem exposicao TSB direta,0.0,1099,1099.2275,,
21041029,False,Sem exposicao TSB direta,0.0,1099,1099.2275,,
21042000,False,Sem exposicao TSB direta,0.0,1099,1099.2230,,
21050010,False,Sem exposicao TSB direta,0.0,1053,1053.2010,,
21050090,False,Sem exposicao TSB direta,0.0,1053,1053.2010,,
21061000,False,Sem exposicao TSB direta,0.0,1099,1099.2070,,
21069010,False,Sem exposicao TSB direta,0.0,1031;1122,1031.2250;1122.2050;1122.2060;1122.2070;1122.2080,,
21069021,False,Sem exposicao TSB direta,0.0,1099,1099.2190,,
21069029,False,Sem exposicao TSB direta,0.0,1099,1099.2130,,
21069030,False,Sem exposicao TSB direta,0.0,1099,1099.2060,,
21069040,False,Sem exposicao TSB direta,0.0,1099,1099.2245,,
21069050,False,Sem exposicao TSB direta,0.0,1093,1093.2100,,
21069060,False,Sem exposicao TSB direta,0.0,1093,1093.2020,,
21069090,False,Sem exposicao TSB direta,0.0,1071;1096;1099,1071.2080;1096.2035;1096.2050;1099.2010;1099.2020;1099.2080;1099.2140;1099.2220;1099.2230;1099.2245,,
22011000,False,Sem exposicao TSB direta,0.0,1121;1122,1121.2010;1121.2020;1122.2090,,
22019000,True,Alta exposicao TSB,0.9120999999999999,1099;3600,1099.2150;3600.2010,36006,3680
22021000,False,Sem exposicao TSB direta,0.0,1033;1122,1033.2022;1033.2024;1033.2026;1033.2128;1122.2010;1122.2090,,
22029100,False,Sem exposicao TSB direta,0.0,1113,1113.2020,,
22029900,False,Sem exposicao TSB direta,0.0,1033;1122,1033.2015;1033.2016;1033.2022;1033.2024;1033.2026;1033.2128;1122.2015;1122.2020;1122.2035;1122.2040,,
22030000,False,Sem exposicao TSB direta,0.0,1113,1113.2020,,
22041010,False,Sem exposicao TSB direta,0.0,1112,1112.2080,,
22041090,False,Sem exposicao TSB direta,0.0,1112,1112.2070;1112.2080,,
22042100,False,Sem exposicao TSB direta,0.0,1112,1112.2070,,
22042211,False,Sem exposicao TSB direta,0.0,1112,1112.2070,,
22042219,False,Sem exposicao TSB direta,0.0,1112,1112.2070,,
22042910,False,Sem exposicao TSB direta,0.0,1112,1112.2070,,
22042920,False,Sem exposicao TSB direta,0.0,1112,1112.2070,,
22043000,False,Sem exposicao TSB direta,0.0,1112,1112.2030,,
22051000,False,Sem exposicao TSB direta,0.0,1112,1112.2050,,
22059000,False,Sem exposicao TSB direta,0.0,1112,1112.2050,,
22060010,False,Sem exposicao TSB direta,0.0,1112,1112.2040,,
22060090,False,Sem exposicao TSB direta,0.0,1112,1112.2020;1112.2060,,
22071010,True,Alta exposicao TSB,1.0,1931,1931.2005;1931.2015;1931.2025;1931.2040,19314,1992
22071090,True,Alta exposicao TSB,1.0,1931,1931.2005;1931.2015;1931.2025;1931.2040,19314,1992
22072011,True,Alta exposicao TSB,1.0,1931,1931.2005;1931.2015;1931.2025,19314,1992
22072019,True,Alta exposicao TSB,1.0,1931;2062,1931.2005;1931.2015;1931.2025;2062.2045,19314,1992
22072020,True,Alta exposicao TSB,1.0,1111;1931,1111.2030;1931.2005;1931.2015;1931.2025,19314,1992
22082000,False,Sem exposicao TSB direta,0.0,1111,1111.2020,,
22083010,False,Sem exposicao TSB direta,0.0,1111,1111.2070,,
22083020,False,Sem exposicao TSB direta,0.0,1111,1111.2070,,
22083090,False,Sem exposicao TSB direta,0.0,1111,1111.2070,,
22084000,False,Sem exposicao TSB direta,0.0,1111,1111.2010,,
22085000,False,Sem exposicao TSB direta,0.0,1111,1111.2040,,
22086000,False,Sem exposicao TSB direta,0.0,1111,1111.2080,,
22087000,False,Sem exposicao TSB direta,0.0,1111,1111.2060,,
22089000,True,Alta exposicao TSB,1.0,1111;1931,1111.2010;1111.2040;1931.2020,19314,1992
22090000,False,Sem exposicao TSB direta,0.0,1099,1099.2320,,
23011010,False,Sem exposicao TSB direta,0.0,1013,1013.2045,,
23011090,False,Sem exposicao TSB direta,0.0,1013,1013.2045,,
23012010,False,Sem exposicao TSB direta,0.0,1020,1020.2030,,
23012090,False,Sem exposicao TSB direta,0.0,1020,1020.2030,,
23021000,False,Sem exposicao TSB direta,0.0,1064,1064.2020,,
23023010,False,Sem exposicao TSB direta,0.0,1062,1062.2020,,
23023090,False,Sem exposicao TSB direta,0.0,1062,1062.2020,,
23024000,False,Sem exposicao TSB direta,0.0,1061;1069,1061.2050;1069.2025,,
23025000,False,Sem exposicao TSB direta,0.0,1069,1069.2025,,
23031000,False,Sem exposicao TSB direta,0.0,1065,1065.2080,,
23032000,False,Sem exposicao TSB direta,0.0,1071,1071.2065;1071.2075,,
23033000,False,Sem exposicao TSB direta,0.0,1111;1113,1111.2050;1113.2010,,
23040010,False,Sem exposicao TSB direta,0.0,1041,1041.2020;1041.2120,,
23040090,False,Sem exposicao TSB direta,0.0,1041,1041.2120,,
23050000,False,Sem exposicao TSB direta,0.0,1041,1041.2100,,
23061000,False,Sem exposicao TSB direta,0.0,1041,1041.2110,,
23063010,False,Sem exposicao TSB direta,0.0,1041,1041.2100,,
23063090,False,Sem exposicao TSB direta,0.0,1041,1041.2100,,
23064100,False,Sem exposicao TSB direta,0.0,1041,1041.2100,,
23064900,False,Sem exposicao TSB direta,0.0,1041,1041.2100,,
23065000,False,Sem exposicao TSB direta,0.0,1041,1041.2100,,
23066000,False,Sem exposicao TSB direta,0.0,1041,1041.2100,,
23069010,False,Sem exposicao TSB direta,0.0,1041;1065,1041.2100;1065.2100,,
23069090,False,Sem exposicao TSB direta,0.0,1041,1041.2100,,
23070000,False,Sem exposicao TSB direta,0.0,1112,1112.2010,,
23080000,False,Sem exposicao TSB direta,0.0,1031;1032,1031.2270;1032.2120,,
23091000,False,Sem exposicao TSB direta,0.0,1066,1066.2050,,
23099010,False,Sem exposicao TSB direta,0.0,1066,1066.2050,,
23099020,False,Sem exposicao TSB direta,0.0,1066;1099,1066.2045;1099.2110,,
23099030,False,Sem exposicao TSB direta,0.0,1066,1066.2050,,
23099040,False,Sem exposicao TSB direta,0.0,1066,1066.2045,,
23099050,False,Sem exposicao TSB direta,0.0,1066,1066.2045,,
23099060,False,Sem exposicao TSB direta,0.0,1066,1066.2045,,
23099070,False,Sem exposicao TSB direta,0.0,1066,1066.2045,,
23099090,False,Sem exposicao TSB direta,0.0,1066,1066.2045,,
24012020,False,Sem exposicao TSB direta,0.0,1210,1210.2010,,
24012030,False,Sem exposicao TSB direta,0.0,1210,1210.2010,,
24012040,False,Sem exposicao TSB direta,0.0,1210,1210.2010,,
24012090,False,Sem exposicao TSB direta,0.0,1210,1210.2010,,
24013000,False,Sem exposicao TSB direta,0.0,1210;1220,1210.2020;1220.2050,,
24021000,False,Sem exposicao TSB direta,0.0,1220,1220.2010,,
24022000,False,Sem exposicao TSB direta,0.0,1220,1220.2020,,
24029000,False,Sem exposicao TSB direta,0.0,1220,1220.2010;1220.2020,,
24031100,False,Sem exposicao TSB direta,0.0,1220,1220.2040,,
24031900,False,Sem exposicao TSB direta,0.0,1220,1220.2040,,
24039100,False,Sem exposicao TSB direta,0.0,1220,1220.2040,,
24039910,False,Sem exposicao TSB direta,0.0,1220,1220.2040,,
24039990,False,Sem exposicao TSB direta,0.0,1220,1220.2040,,
24041100,False,Sem exposicao TSB direta,0.0,1220,1220.2040,,
24041200,False,Sem exposicao TSB direta,0.0,1220,1220.2040,,
24049100,False,Sem exposicao TSB direta,0.0,1220,1220.2040,,
24049200,False,Sem exposicao TSB direta,0.0,1220,1220.2040,,
25010011,False,Sem exposicao TSB direta,0.0,0892,0892.2040,,
25010019,False,Sem exposicao TSB direta,0.0,0892,0892.2020,,
25010020,False,Sem exposicao TSB direta,0.0,1099,1099.2265,,
25010090,False,Sem exposicao TSB direta,0.0,0892,0892.2040,,
25020000,False,Sem exposicao TSB direta,0.0,0891,0891.2060,,
25030010,False,Sem exposicao TSB direta,0.0,0891,0891.2010,,
25030090,True,Exposicao intermediaria TSB,0.6944,2019,2019.2315,20193,2091
25041000,True,Exposicao intermediaria TSB,0.1463,0899,0899.2070,08991,0580
25049000,True,Exposicao intermediaria TSB,0.1463,0899,0899.2070,08991,0580
25051000,False,Sem exposicao TSB direta,0.0,0810,0810.2055,,
25059000,False,Sem exposicao TSB direta,0.0,0810;2399,0810.2055;2399.2015,,
25061000,True,Exposicao intermediaria TSB,0.1463,0899,0899.2120,08991,0580
25062000,False,Sem exposicao TSB direta,0.0,0810,0810.2255,,
25070010,False,Sem exposicao TSB direta,0.0,0810;2399,0810.2150;2399.2070,,
25070090,False,Sem exposicao TSB direta,0.0,0810,0810.2080,,
25081000,False,Sem exposicao TSB direta,0.0,0810,0810.2120,,
25083000,False,Sem exposicao TSB direta,0.0,0810,0810.2100,,
25084010,False,Sem exposicao TSB direta,0.0,0810,0810.2095,,
25084090,False,Sem exposicao TSB direta,0.0,0810,0810.2095,,
25085000,False,Sem exposicao TSB direta,0.0,0810,0810.2030,,
25086000,False,Sem exposicao TSB direta,0.0,0810,0810.2030,,
25087000,False,Sem exposicao TSB direta,0.0,0810,0810.2110,,
25090000,False,Sem exposicao TSB direta,0.0,0810,0810.2160,,
25101010,False,Sem exposicao TSB direta,0.0,0891;2399,0891.2040;2399.2120,,
25102010,False,Sem exposicao TSB direta,0.0,0891;2399,0891.2040;2399.2120,,
25111000,False,Sem exposicao TSB direta,0.0,0891;2399,0891.2070;2399.2210,,
25112000,False,Sem exposicao TSB direta,0.0,0891,0891.2070,,
25120000,True,Exposicao intermediaria TSB,0.1463,0899,0899.2030,08991,0580
25131000,True,Exposicao intermediaria TSB,0.1463,0899,0899.2040,08991,0580
25132000,True,Exposicao intermediaria TSB,0.1463,0899,0899.2040,08991,0580
25140000,False,Sem exposicao TSB direta,0.0,0810,0810.2040,,
25151100,False,Sem exposicao TSB direta,0.0,0810,0810.2240,,
25151210,False,Sem exposicao TSB direta,0.0,0810,0810.2240,,
25151220,False,Sem exposicao TSB direta,0.0,0810,0810.2240,,
25152000,False,Sem exposicao TSB direta,0.0,0810,0810.2020,,
25161100,False,Sem exposicao TSB direta,0.0,0810,0810.2215,,
25161200,False,Sem exposicao TSB direta,0.0,0810,0810.2215,,
25162000,False,Sem exposicao TSB direta,0.0,0810,0810.2070,,
25169000,False,Sem exposicao TSB direta,0.0,0810,0810.2070,,
25171000,False,Sem exposicao TSB direta,0.0,0810,0810.2130;0810.2250,,
25174100,False,Sem exposicao TSB direta,0.0,0810,0810.2220,,
25174900,False,Sem exposicao TSB direta,0.0,0810,0810.2220,,
25181000,False,Sem exposicao TSB direta,0.0,0810,0810.2180,,
25182000,False,Sem exposicao TSB direta,0.0,2392,2392.2038,,
25191000,True,Exposicao intermediaria TSB,0.1463,0899,0899.2080,08991,0580
25199010,True,Exposicao intermediaria TSB,0.1463,0899,0899.2080,08991,0580
25199090,True,Exposicao intermediaria TSB,0.1463,0899,0899.2080,08991,0580
25201019,False,Sem exposicao TSB direta,0.0,0810,0810.2190,,
25201020,False,Sem exposicao TSB direta,0.0,0810,0810.2190,,
25202010,False,Sem exposicao TSB direta,0.0,2392,2392.2040,,
25202090,False,Sem exposicao TSB direta,0.0,2392,2392.2040,,
25210000,False,Sem exposicao TSB direta,0.0,0810;2399,0810.2140;2399.2060;2399.2090,,
25221000,False,Sem exposicao TSB direta,0.0,2392,2392.2030,,
25222000,False,Sem exposicao TSB direta,0.0,2392,2392.2010,,
25223000,False,Sem exposicao TSB direta,0.0,2392,2392.2020,,
25231000,True,Exposicao intermediaria TSB,0.2389,2320,2320.2100,23206,2300
25232100,True,Exposicao intermediaria TSB,0.2389,2320,2320.2030,23206,2300
25232910,True,Exposicao intermediaria TSB,0.2389,2320,2320.2050,23206,2300
25232990,True,Exposicao intermediaria TSB,0.2389,2320,2320.2040;2320.2060;2320.2070;2320.2080;2320.2090,23206,2300
25233000,True,Exposicao intermediaria TSB,0.2389,2320,2320.2010,23206,2300
25239000,True,Exposicao intermediaria TSB,0.2389,2320,2320.2020,23206,2300
25249000,True,Exposicao intermediaria TSB,0.1463,0899,0899.2010,08991,0580
25251000,True,Exposicao intermediaria TSB,0.1463,0899,0899.2090,08991,0580
25252000,True,Exposicao intermediaria TSB,0.1463,0899,0899.2090,08991,0580
25261000,True,Exposicao intermediaria TSB,0.1463,0899,0899.2050,08991,0580
25262000,True,Exposicao intermediaria TSB,0.1463,0899,0899.2050,08991,0580
25280000,False,Sem exposicao TSB direta,0.0,0891,0891.2050,,
25291000,True,Exposicao intermediaria TSB,0.1463,0899;2399,0899.2060;2399.2110,08991,0580
25292100,False,Sem exposicao TSB direta,0.0,0891,0891.2030,,
25292200,False,Sem exposicao TSB direta,0.0,0891,0891.2030,,
25293000,True,Exposicao intermediaria TSB,0.1463,0899,0899.2060,08991,0580
25301010,True,Exposicao intermediaria TSB,0.1463,0899,0899.2140,08991,0580
25301090,True,Exposicao intermediaria TSB,0.1463,0899,0899.2140,08991,0580
25302000,False,Sem exposicao TSB direta,0.0,0891,0891.2050,,
25309010,False,Sem exposicao TSB direta,0.0,0891,0891.2050,,
25309020,False,Sem exposicao TSB direta,0.0,0891,0891.2050,,
25309030,False,Sem exposicao TSB direta,0.0,0891,0891.2050,,
25309090,True,Exposicao intermediaria TSB,0.1463,0891;0899,0891.2050;0899.2100,08991,0580
26011100,True,Alta exposicao TSB,1.0,0710,0710.2015,07103,0791
26011210,True,Alta exposicao TSB,1.0,0710,0710.2030,07103,0791
26011290,True,Alta exposicao TSB,1.0,0710,0710.2030,07103,0791
26020010,False,Sem exposicao TSB direta,0.0,0723,0723.2010,,
26020090,False,Sem exposicao TSB direta,0.0,0723,0723.2010,,
26030010,True,Exposicao intermediaria TSB,0.4672,0729,0729.2040,07294,0792
26030090,True,Exposicao intermediaria TSB,0.4672,0729,0729.2040,07294,0792
26040000,True,Exposicao intermediaria TSB,0.4672,0729,0729.2080,07294,0792
26060011,True,Exposicao intermediaria TSB,0.4672,0721,0721.2010,07219,0792
26060012,True,Exposicao intermediaria TSB,0.4672,0721,0721.2010,07219,0792
26060090,True,Exposicao intermediaria TSB,0.4672,0721,0721.2010,07219,0792
26070000,True,Exposicao intermediaria TSB,0.4672,0729,0729.2020,07294,0792
26080010,True,Exposicao intermediaria TSB,0.4672,0729,0729.2100,07294,0792
26080090,True,Exposicao intermediaria TSB,0.4672,0729,0729.2100,07294,0792
26090000,False,Sem exposicao TSB direta,0.0,0722,0722.2010,,
26100010,True,Exposicao intermediaria TSB,0.4672,0729,0729.2050,07294,0792
26100090,True,Exposicao intermediaria TSB,0.4672,0729,0729.2050,07294,0792
26110000,True,Exposicao intermediaria TSB,0.4672,0729,0729.2010,07294,0792
26131010,True,Exposicao intermediaria TSB,0.4672,0729,0729.2060,07294,0792
26131090,True,Exposicao intermediaria TSB,0.4672,0729,0729.2060,07294,0792
26139010,True,Exposicao intermediaria TSB,0.4672,0729,0729.2060,07294,0792
26139090,True,Exposicao intermediaria TSB,0.4672,0729,0729.2060,07294,0792
26140010,True,Exposicao intermediaria TSB,0.4672,0729,0729.2090,07294,0792
26140090,True,Exposicao intermediaria TSB,0.4672,0729,0729.2090,07294,0792
26151020,True,Exposicao intermediaria TSB,0.4672,0729,0729.2070,07294,0792
26159000,True,Exposicao intermediaria TSB,0.4672,0729,0729.2070,07294,0792
26169000,False,Sem exposicao TSB direta,0.0,0724,0724.2010;0724.2020,,
26171000,True,Exposicao intermediaria TSB,0.4672,0729,0729.2010,07294,0792
26179000,True,Exposicao intermediaria TSB,0.4672,0729,0729.2010,07294,0792
26180000,True,Alta exposicao TSB,0.8140000000000001,2411;2422;2423,2411.2020;2422.2130;2423.2050,24113;24229;24237,2491
26190000,True,Alta exposicao TSB,0.8140000000000001,2422;2423,2422.2130;2423.2050,24229;24237,2491
26203000,False,Sem exposicao TSB direta,0.0,2443,2443.2025,,
26209990,False,Sem exposicao TSB direta,0.0,2449,2449.2095,,
27011100,False,Sem exposicao TSB direta,0.0,0500,0500.2030,,
27011200,False,Sem exposicao TSB direta,0.0,0500,0500.2030,,
27011900,False,Sem exposicao TSB direta,0.0,0500,0500.2010;0500.2030,,
27012000,False,Sem exposicao TSB direta,0.0,1922,1922.2015,,
27021000,False,Sem exposicao TSB direta,0.0,0500,0500.2030,,
27030000,True,Exposicao intermediaria TSB,0.1463,0899,0899.2130,08991,0580
27040011,False,Sem exposicao TSB direta,0.0,1910,1910.2020,,
27040012,False,Sem exposicao TSB direta,0.0,1910,1910.2020,,
27040090,False,Sem exposicao TSB direta,0.0,1910,1910.2020,,
27050000,True,Alta exposicao TSB,0.9723,1910;3520,1910.2030;3520.2010,35204,3500
27060000,False,Sem exposicao TSB direta,0.0,1910,1910.2010,,
27071000,True,Exposicao intermediaria TSB,0.6944,2029,2029.2830,20291,2091
27073000,True,Exposicao intermediaria TSB,0.6944,2029,2029.2830,20291,2091
27074000,True,Exposicao intermediaria TSB,0.6944,2029,2029.2830,20291,2091
27075010,True,Exposicao intermediaria TSB,0.6944,2029,2029.2830,20291,2091
27075090,True,Exposicao intermediaria TSB,0.6944,2029,2029.2830,20291,2091
27079100,True,Exposicao intermediaria TSB,0.6944,2029,2029.2830,20291,2091
27079910,True,Exposicao intermediaria TSB,0.6944,2029,2029.2830,20291,2091
27079990,True,Exposicao intermediaria TSB,0.6944,2029,2029.2830,20291,2091
27081000,True,Exposicao intermediaria TSB,0.6944,2029,2029.2270,20291,2091
27090010,False,Sem exposicao TSB direta,0.0,0600,0600.2030,,
27090090,False,Sem exposicao TSB direta,0.0,0600,0600.2020,,
27101210,False,Sem exposicao TSB direta,0.0,1922,1922.2080,,
27101221,False,Sem exposicao TSB direta,0.0,1921,1921.2110,,
27101229,False,Sem exposicao TSB direta,0.0,1921,1921.2110,,
27101230,False,Sem exposicao TSB direta,0.0,1922,1922.2010,,
27101241,False,Sem exposicao TSB direta,0.0,1921,1921.2065,,
27101249,False,Sem exposicao TSB direta,0.0,1921,1921.2065,,
27101251,False,Sem exposicao TSB direta,0.0,1921,1921.2060,,
27101259,False,Sem exposicao TSB direta,0.0,1921;1922,1921.2050;1922.2065,,
27101260,False,Sem exposicao TSB direta,0.0,1921,1921.2110,,
27101290,False,Sem exposicao TSB direta,0.0,1921;1922,1921.2110;1922.2090,,
27101911,False,Sem exposicao TSB direta,0.0,1921,1921.2150,,
27101919,False,Sem exposicao TSB direta,0.0,1921,1921.2160,,
27101921,False,Sem exposicao TSB direta,0.0,1921;1922,1921.2100;1922.2100,,
27101922,False,Sem exposicao TSB direta,0.0,1921,1921.2095,,
27101929,False,Sem exposicao TSB direta,0.0,1921,1921.2095,,
27101931,False,Sem exposicao TSB direta,0.0,1921;1922,1921.2120;1922.2130,,
27101932,False,Sem exposicao TSB direta,0.0,1922,1922.2110;1922.2120,,
27101991,False,Sem exposicao TSB direta,0.0,1922,1922.2140,,
27101992,False,Sem exposicao TSB direta,0.0,1922,1922.2160,,
27101993,False,Sem exposicao TSB direta,0.0,1922,1922.2150,,
27101994,False,Sem exposicao TSB direta,0.0,1921,1921.2110,,
27101999,False,Sem exposicao TSB direta,0.0,1921;1922,1921.2110;1922.2070;1922.2090;1922.2180,,
27102000,False,Sem exposicao TSB direta,0.0,1921,1921.2110,,
27109900,False,Sem exposicao TSB direta,0.0,2099,2099.2200,,
27111100,False,Sem exposicao TSB direta,0.0,0600,0600.2010,,
27111210,False,Sem exposicao TSB direta,0.0,1921,1921.2140,,
27111290,False,Sem exposicao TSB direta,0.0,1921,1921.2140,,
27111300,False,Sem exposicao TSB direta,0.0,1922,1922.2020,,
27111400,False,Sem exposicao TSB direta,0.0,1921,1921.2025,,
27111910,False,Sem exposicao TSB direta,0.0,1921,1921.2032,,
27111990,False,Sem exposicao TSB direta,0.0,1921,1921.2061,,
27112100,True,Alta exposicao TSB,0.9723,0600;3520,0600.2010;3520.2020,35204,3500
27112910,True,Alta exposicao TSB,0.9723,1921;3520,1921.2137;3520.2020,35204,3500
27112990,True,Alta exposicao TSB,0.9723,1921;3520,1921.2137;3520.2020;3520.2030,35204,3500
27121000,False,Sem exposicao TSB direta,0.0,1922,1922.2190,,
27122000,False,Sem exposicao TSB direta,0.0,1922,1922.2170,,
27129000,False,Sem exposicao TSB direta,0.0,1922,1922.2030,,
27131100,False,Sem exposicao TSB direta,0.0,1921,1921.2020,,
27131200,False,Sem exposicao TSB direta,0.0,1922,1922.2040,,
27132000,False,Sem exposicao TSB direta,0.0,1921,1921.2010,,
27139000,False,Sem exposicao TSB direta,0.0,1921,1921.2010;1921.2170,,
27141000,False,Sem exposicao TSB direta,0.0,0600,0600.2040,,
27149000,True,Exposicao intermediaria TSB,0.1463,0899,0899.2020,08991,0580
27150000,False,Sem exposicao TSB direta,0.0,2399,2399.2170,,
27160000,True,Alta exposicao TSB,0.9723,3511,3511.2010,35115,3500
28011000,True,Exposicao intermediaria TSB,0.6944,2011,2011.2030,20118,2091
28012010,True,Exposicao intermediaria TSB,0.6944,2019,2019.2320,20193,2091
28012090,True,Exposicao intermediaria TSB,0.6944,2019,2019.2320,20193,2091
28013000,True,Exposicao intermediaria TSB,0.6944,2019,2019.2320,20193,2091
28020000,True,Exposicao intermediaria TSB,0.6944,2019,2019.2310,20193,2091
28030011,True,Exposicao intermediaria TSB,0.6944,2029,2029.2800,20291,2091
28030019,True,Exposicao intermediaria TSB,0.6944,2029,2029.2800,20291,2091
28030090,True,Exposicao intermediaria TSB,0.6944,2029,2029.2800,20291,2091
28041000,True,Exposicao intermediaria TSB,0.6944,2014,2014.2060,20142,2091
28042100,True,Exposicao intermediaria TSB,0.6944,2014,2014.2020,20142,2091
28042910,True,Exposicao intermediaria TSB,0.6944,2014,2014.2050,20142,2091
28042990,True,Exposicao intermediaria TSB,0.6944,2014,2014.2050,20142,2091
28043000,True,Exposicao intermediaria TSB,0.6944,2014,2014.2070,20142,2091
28044000,True,Exposicao intermediaria TSB,0.6944,2014,2014.2080,20142,2091
28045000,True,Exposicao intermediaria TSB,0.6944,2019,2019.2630,20193,2091
28046100,False,Sem exposicao TSB direta,0.0,2099,2099.2225,,
28046900,False,Sem exposicao TSB direta,0.0,2099,2099.2225,,
28047010,True,Exposicao intermediaria TSB,0.6944,2019,2019.2630,20193,2091
28047020,True,Exposicao intermediaria TSB,0.6944,2019,2019.2630,20193,2091
28047030,True,Exposicao intermediaria TSB,0.6944,2019,2019.2630,20193,2091
28048000,True,Exposicao intermediaria TSB,0.6944,2019,2019.2630,20193,2091
28049000,True,Exposicao intermediaria TSB,0.6944,2019,2019.2630,20193,2091
28051100,True,Exposicao intermediaria TSB,0.6944,2019,2019.2630,20193,2091
28051200,True,Exposicao intermediaria TSB,0.6944,2019,2019.2630,20193,2091
28051910,True,Exposicao intermediaria TSB,0.6944,2019,2019.2630,20193,2091
28051990,True,Exposicao intermediaria TSB,0.6944,2019,2019.2630,20193,2091
28053010,True,Exposicao intermediaria TSB,0.6944,2019,2019.2630,20193,2091
28053090,True,Exposicao intermediaria TSB,0.6944,2019,2019.2630,20193,2091
28061010,True,Exposicao intermediaria TSB,0.6944,2011,2011.2020,20118,2091
28061020,True,Exposicao intermediaria TSB,0.6944,2011,2011.2020,20118,2091
28062000,True,Exposicao intermediaria TSB,0.6944,2019,2019.2010,20193,2091
28070010,True,Exposicao intermediaria TSB,0.6944,2012,2012.2030,20126,2091
28070020,True,Exposicao intermediaria TSB,0.6944,2012,2012.2130,20126,2091
28080010,True,Exposicao intermediaria TSB,0.6944,2012,2012.2020,20126,2091
28091000,True,Exposicao intermediaria TSB,0.6944,2019,2019.2630,20193,2091
28092011,True,Exposicao intermediaria TSB,0.6944,2019,2019.2020,20193,2091
28092019,True,Exposicao intermediaria TSB,0.6944,2012,2012.2010,20126,2091
28092020,True,Exposicao intermediaria TSB,0.6944,2012,2012.2010,20126,2091
28092090,True,Exposicao intermediaria TSB,0.6944,2012,2012.2010,20126,2091
28100010,True,Exposicao intermediaria TSB,0.6944,2019,2019.2630,20193,2091
28100090,True,Exposicao intermediaria TSB,0.6944,2019,2019.2630,20193,2091
28111100,True,Exposicao intermediaria TSB,0.6944,2019,2019.2330,20193,2091
28111910,True,Exposicao intermediaria TSB,0.6944,2019,2019.2045,20193,2091
28111920,True,Exposicao intermediaria TSB,0.6944,2019,2019.2045,20193,2091
28111930,True,Exposicao intermediaria TSB,0.6944,2019,2019.2045,20193,2091
28111940,True,Exposicao intermediaria TSB,0.6944,2019,2019.2045,20193,2091
28111990,True,Exposicao intermediaria TSB,0.6944,2019,2019.2045,20193,2091
28112100,True,Exposicao intermediaria TSB,0.6944,2014,2014.2040,20142,2091
28112210,True,Exposicao intermediaria TSB,0.6944,2019,2019.2270,20193,2091
28112220,True,Exposicao intermediaria TSB,0.6944,2019,2019.2270,20193,2091
28112230,True,Exposicao intermediaria TSB,0.6944,2019,2019.2660,20193,2091
28112290,True,Exposicao intermediaria TSB,0.6944,2019,2019.2270,20193,2091
28112910,True,Exposicao intermediaria TSB,0.6944,2019,2019.2255,20193,2091
28112990,True,Exposicao intermediaria TSB,0.6944,2019,2019.2255,20193,2091
28121200,True,Exposicao intermediaria TSB,0.6944,2019,2019.2400,20193,2091
28121300,True,Exposicao intermediaria TSB,0.6944,2019,2019.2400,20193,2091
28121700,True,Exposicao intermediaria TSB,0.6944,2019,2019.2400,20193,2091
28121919,True,Exposicao intermediaria TSB,0.6944,2019,2019.2400,20193,2091
28129000,True,Exposicao intermediaria TSB,0.6944,2019,2019.2400,20193,2091
28131000,True,Exposicao intermediaria TSB,0.6944,2019,2019.2290,20193,2091
28139010,True,Exposicao intermediaria TSB,0.6944,2019,2019.2290,20193,2091
28139090,True,Exposicao intermediaria TSB,0.6944,2019,2019.2290,20193,2091
28141000,True,Exposicao intermediaria TSB,0.6944,2012,2012.2040,20126,2091
28142000,True,Exposicao intermediaria TSB,0.6944,2012,2012.2040,20126,2091
28151100,True,Exposicao intermediaria TSB,0.6944,2011,2011.2050,20118,2091
28151200,True,Exposicao intermediaria TSB,0.6944,2011,2011.2050,20118,2091
28152000,True,Exposicao intermediaria TSB,0.6944,2011,2011.2040,20118,2091
28153000,True,Exposicao intermediaria TSB,0.6944,2019,2019.2445,20193,2091
28161010,True,Exposicao intermediaria TSB,0.6944,2019,2019.2445,20193,2091
28161020,True,Exposicao intermediaria TSB,0.6944,2019,2019.2445,20193,2091
28164010,True,Exposicao intermediaria TSB,0.6944,2019,2019.2445,20193,2091
28164090,True,Exposicao intermediaria TSB,0.6944,2019,2019.2445,20193,2091
28170010,True,Exposicao intermediaria TSB,0.6944,2019,2019.2520,20193,2091
28170020,True,Exposicao intermediaria TSB,0.6944,2019,2019.2575,20193,2091
28181010,False,Sem exposicao TSB direta,0.0,2399,2399.2080,,
28181090,False,Sem exposicao TSB direta,0.0,2399,2399.2080,,
28182010,True,Exposicao intermediaria TSB,0.3014,2441,2441.2120,24415,2492
28182090,True,Exposicao intermediaria TSB,0.3014,2441,2441.2120,24415,2492
28183000,True,Exposicao intermediaria TSB,0.6944,2019,2019.2430,20193,2091
28191000,True,Exposicao intermediaria TSB,0.6944,2019,2019.2560,20193,2091
28199010,True,Exposicao intermediaria TSB,0.6944,2019,2019.2560,20193,2091
28199020,True,Exposicao intermediaria TSB,0.6944,2019,2019.2560,20193,2091
28201010,True,Exposicao intermediaria TSB,0.6944,2019,2019.2260,20193,2091
28201090,True,Exposicao intermediaria TSB,0.6944,2019,2019.2260,20193,2091
28209010,True,Exposicao intermediaria TSB,0.6944,2019,2019.2530,20193,2091
28209020,True,Exposicao intermediaria TSB,0.6944,2019,2019.2530,20193,2091
28209030,True,Exposicao intermediaria TSB,0.6944,2019,2019.2530,20193,2091
28211011,True,Exposicao intermediaria TSB,0.6944,2019,2019.2540,20193,2091
28211019,True,Exposicao intermediaria TSB,0.6944,2019,2019.2540,20193,2091
28211020,True,Exposicao intermediaria TSB,0.6944,2019,2019.2540,20193,2091
28211030,True,Exposicao intermediaria TSB,0.6944,2019,2019.2540,20193,2091
28211090,True,Exposicao intermediaria TSB,0.6944,2019,2019.2540,20193,2091
28212000,True,Exposicao intermediaria TSB,0.6944,2019,2019.2540,20193,2091
28220010,True,Exposicao intermediaria TSB,0.6944,2019,2019.2550,20193,2091
28220090,True,Exposicao intermediaria TSB,0.6944,2019,2019.2550,20193,2091
28230010,True,Exposicao intermediaria TSB,0.6944,2019,2019.2280,20193,2091
28230090,True,Exposicao intermediaria TSB,0.6944,2019,2019.2280,20193,2091
28241000,True,Exposicao intermediaria TSB,0.6944,2019,2019.2500,20193,2091
28249010,True,Exposicao intermediaria TSB,0.6944,2019,2019.2500,20193,2091
28249090,True,Exposicao intermediaria TSB,0.6944,2019,2019.2500,20193,2091
28251010,True,Exposicao intermediaria TSB,0.6944,2019,2019.2410,20193,2091
28251020,True,Exposicao intermediaria TSB,0.6944,2019,2019.2410,20193,2091
28252010,True,Exposicao intermediaria TSB,0.6944,2019,2019.2575,20193,2091
28252020,True,Exposicao intermediaria TSB,0.6944,2019,2019.2575,20193,2091
28253010,False,Sem exposicao TSB direta,0.0,2094,2094.2050,,
28253090,True,Exposicao intermediaria TSB,0.6944,2019,2019.2575,20193,2091
28254010,True,Exposicao intermediaria TSB,0.6944,2019,2019.2575,20193,2091
28254090,True,Exposicao intermediaria TSB,0.6944,2019,2019.2575,20193,2091
28255010,True,Exposicao intermediaria TSB,0.6944,2019,2019.2575,20193,2091
28255090,True,Exposicao intermediaria TSB,0.6944,2019,2019.2575,20193,2091
28256010,True,Exposicao intermediaria TSB,0.6944,2019,2019.2575,20193,2091
28256020,True,Exposicao intermediaria TSB,0.6944,2019,2019.2575,20193,2091
28257010,True,Exposicao intermediaria TSB,0.6944,2019,2019.2575,20193,2091
28257090,True,Exposicao intermediaria TSB,0.6944,2019,2019.2575,20193,2091
28258010,True,Exposicao intermediaria TSB,0.6944,2019,2019.2575,20193,2091
28259010,True,Exposicao intermediaria TSB,0.6944,2019,2019.2575,20193,2091
28259020,True,Exposicao intermediaria TSB,0.6944,2019,2019.2575,20193,2091
28259090,True,Exposicao intermediaria TSB,0.6944,2019,2019.2575,20193,2091
28261200,True,Exposicao intermediaria TSB,0.6944,2019,2019.2340,20193,2091
28261920,True,Exposicao intermediaria TSB,0.6944,2019,2019.2340,20193,2091
28261990,True,Exposicao intermediaria TSB,0.6944,2019,2019.2340,20193,2091
28263000,True,Exposicao intermediaria TSB,0.6944,2019,2019.2340,20193,2091
28269010,True,Exposicao intermediaria TSB,0.6944,2019,2019.2340,20193,2091
28269020,True,Exposicao intermediaria TSB,0.6944,2019,2019.2340,20193,2091
28269090,True,Exposicao intermediaria TSB,0.6944,2019,2019.2340,20193,2091
28271000,True,Exposicao intermediaria TSB,0.6944,2019,2019.2165,20193,2091
28272010,True,Exposicao intermediaria TSB,0.6944,2019,2019.2180,20193,2091
28272090,True,Exposicao intermediaria TSB,0.6944,2019,2019.2180,20193,2091
28273110,True,Exposicao intermediaria TSB,0.6944,2019,2019.2190,20193,2091
28273190,True,Exposicao intermediaria TSB,0.6944,2019,2019.2190,20193,2091
28273200,True,Exposicao intermediaria TSB,0.6944,2019,2019.2160,20193,2091
28273500,True,Exposicao intermediaria TSB,0.6944,2019,2019.2215,20193,2091
28273910,True,Exposicao intermediaria TSB,0.6944,2019,2019.2215,20193,2091
28273920,True,Exposicao intermediaria TSB,0.6944,2019,2019.2215,20193,2091
28273931,True,Exposicao intermediaria TSB,0.6944,2019,2019.2215,20193,2091
28273939,True,Exposicao intermediaria TSB,0.6944,2019,2019.2215,20193,2091
28273940,True,Exposicao intermediaria TSB,0.6944,2019,2019.2215,20193,2091
28273950,True,Exposicao intermediaria TSB,0.6944,2019,2019.2215,20193,2091
28273960,True,Exposicao intermediaria TSB,0.6944,2019,2019.2215,20193,2091
28273970,True,Exposicao intermediaria TSB,0.6944,2019,2019.2215,20193,2091
28273991,True,Exposicao intermediaria TSB,0.6944,2019,2019.2215,20193,2091
28273992,True,Exposicao intermediaria TSB,0.6944,2019,2019.2215,20193,2091
28273993,True,Exposicao intermediaria TSB,0.6944,2019,2019.2215,20193,2091
28273994,True,Exposicao intermediaria TSB,0.6944,2019,2019.2215,20193,2091
28273995,True,Exposicao intermediaria TSB,0.6944,2019,2019.2215,20193,2091
28273996,True,Exposicao intermediaria TSB,0.6944,2019,2019.2215,20193,2091
28273997,True,Exposicao intermediaria TSB,0.6944,2019,2019.2215,20193,2091
28273999,True,Exposicao intermediaria TSB,0.6944,2019,2019.2215,20193,2091
28274110,False,Sem exposicao TSB direta,0.0,2051,2051.2220,,
28274911,True,Exposicao intermediaria TSB,0.6944,2019,2019.2215,20193,2091
28274912,True,Exposicao intermediaria TSB,0.6944,2019,2019.2215,20193,2091
28274919,True,Exposicao intermediaria TSB,0.6944,2019,2019.2215,20193,2091
28274921,True,Exposicao intermediaria TSB,0.6944,2019,2019.2215,20193,2091
28274929,True,Exposicao intermediaria TSB,0.6944,2019,2019.2215,20193,2091
28275100,True,Exposicao intermediaria TSB,0.6944,2019,2019.2215,20193,2091
28275900,True,Exposicao intermediaria TSB,0.6944,2019,2019.2215,20193,2091
28276011,True,Exposicao intermediaria TSB,0.6944,2019,2019.2215,20193,2091
28276012,True,Exposicao intermediaria TSB,0.6944,2019,2019.2215,20193,2091
28276019,True,Exposicao intermediaria TSB,0.6944,2019,2019.2215,20193,2091
28281000,True,Exposicao intermediaria TSB,0.6944,2019,2019.2450,20193,2091
28289011,True,Exposicao intermediaria TSB,0.6944,2011,2011.2060,20118,2091
28289019,True,Exposicao intermediaria TSB,0.6944,2019,2019.2630,20193,2091
28289020,True,Exposicao intermediaria TSB,0.6944,2019,2019.2220,20193,2091
28289090,True,Exposicao intermediaria TSB,0.6944,2019,2019.2630,20193,2091
28291100,True,Exposicao intermediaria TSB,0.6944,2019,2019.2140,20193,2091
28291920,True,Exposicao intermediaria TSB,0.6944,2019,2019.2150,20193,2091
28291990,True,Exposicao intermediaria TSB,0.6944,2019,2019.2150,20193,2091
28299011,True,Exposicao intermediaria TSB,0.6944,2019,2019.2150,20193,2091
28299012,True,Exposicao intermediaria TSB,0.6944,2019,2019.2150,20193,2091
28299019,True,Exposicao intermediaria TSB,0.6944,2019,2019.2150,20193,2091
28299029,True,Exposicao intermediaria TSB,0.6944,2019,2019.2150,20193,2091
28299031,True,Exposicao intermediaria TSB,0.6944,2019,2019.2150,20193,2091
28299032,True,Exposicao intermediaria TSB,0.6944,2019,2019.2150,20193,2091
28299039,True,Exposicao intermediaria TSB,0.6944,2019,2019.2150,20193,2091
28299040,True,Exposicao intermediaria TSB,0.6944,2019,2019.2150,20193,2091
28299050,True,Exposicao intermediaria TSB,0.6944,2019,2019.2150,20193,2091
28301010,True,Exposicao intermediaria TSB,0.6944,2019,2019.2760,20193,2091
28301020,True,Exposicao intermediaria TSB,0.6944,2019,2019.2760,20193,2091
28309011,True,Exposicao intermediaria TSB,0.6944,2019,2019.2760,20193,2091
28309012,True,Exposicao intermediaria TSB,0.6944,2019,2019.2760,20193,2091
28309016,True,Exposicao intermediaria TSB,0.6944,2019,2019.2760,20193,2091
28309019,True,Exposicao intermediaria TSB,0.6944,2019,2019.2760,20193,2091
28309020,True,Exposicao intermediaria TSB,0.6944,2019,2019.2760,20193,2091
28311011,True,Exposicao intermediaria TSB,0.6944,2019,2019.2630,20193,2091
28311019,True,Exposicao intermediaria TSB,0.6944,2019,2019.2630,20193,2091
28311021,True,Exposicao intermediaria TSB,0.6944,2019,2019.2630,20193,2091
28311029,True,Exposicao intermediaria TSB,0.6944,2019,2019.2630,20193,2091
28319090,True,Exposicao intermediaria TSB,0.6944,2019,2019.2630,20193,2091
28321010,True,Exposicao intermediaria TSB,0.6944,2019,2019.2770,20193,2091
28321090,True,Exposicao intermediaria TSB,0.6944,2019,2019.2770,20193,2091
28322000,True,Exposicao intermediaria TSB,0.6944,2019,2019.2770,20193,2091
28323010,True,Exposicao intermediaria TSB,0.6944,2019,2019.2770,20193,2091
28323020,True,Exposicao intermediaria TSB,0.6944,2019,2019.2770,20193,2091
28323090,True,Exposicao intermediaria TSB,0.6944,2019,2019.2770,20193,2091
28331110,True,Exposicao intermediaria TSB,0.6944,2019,2019.2750,20193,2091
28331190,True,Exposicao intermediaria TSB,0.6944,2019,2019.2750,20193,2091
28331900,True,Exposicao intermediaria TSB,0.6944,2019,2019.2750,20193,2091
28332100,True,Exposicao intermediaria TSB,0.6944,2019,2019.2710,20193,2091
28332200,True,Exposicao intermediaria TSB,0.6944,2019,2019.2690,20193,2091
28332400,True,Exposicao intermediaria TSB,0.6944,2019,2019.2720,20193,2091
28332510,True,Exposicao intermediaria TSB,0.6944,2019,2019.2700,20193,2091
28332520,True,Exposicao intermediaria TSB,0.6944,2019,2019.2700,20193,2091
28332710,True,Exposicao intermediaria TSB,0.6944,2019,2019.2740,20193,2091
28332790,True,Exposicao intermediaria TSB,0.6944,2019,2019.2740,20193,2091
28332920,True,Exposicao intermediaria TSB,0.6944,2019,2019.2740,20193,2091
28332940,True,Exposicao intermediaria TSB,0.6944,2019,2019.2740,20193,2091
28332950,True,Exposicao intermediaria TSB,0.6944,2019,2019.2740,20193,2091
28332960,True,Exposicao intermediaria TSB,0.6944,2019,2019.2740,20193,2091
28332970,True,Exposicao intermediaria TSB,0.6944,2019,2019.2730,20193,2091
28332990,True,Exposicao intermediaria TSB,0.6944,2019,2019.2740,20193,2091
28333000,True,Exposicao intermediaria TSB,0.6944,2019,2019.2740,20193,2091
28334010,True,Exposicao intermediaria TSB,0.6944,2019,2019.2740,20193,2091
28334020,True,Exposicao intermediaria TSB,0.6944,2019,2019.2740,20193,2091
28334090,True,Exposicao intermediaria TSB,0.6944,2019,2019.2740,20193,2091
28341010,True,Exposicao intermediaria TSB,0.12210000000000001,2093,2093.2240,20932,2092
28341090,True,Exposicao intermediaria TSB,0.6944,2019,2019.2510,20193,2091
28342110,True,Exposicao intermediaria TSB,0.6944,2019,2019.2510,20193,2091
28342190,True,Exposicao intermediaria TSB,0.6944,2019,2019.2510,20193,2091
28342910,True,Exposicao intermediaria TSB,0.6944,2019,2019.2510,20193,2091
28342930,True,Exposicao intermediaria TSB,0.6944,2019,2019.2510,20193,2091
28342940,True,Exposicao intermediaria TSB,0.6944,2019,2019.2510,20193,2091
28342990,True,Exposicao intermediaria TSB,0.6944,2019,2019.2510,20193,2091
28351011,True,Exposicao intermediaria TSB,0.6944,2019,2019.2390,20193,2091
28351019,True,Exposicao intermediaria TSB,0.6944,2019,2019.2390,20193,2091
28351021,True,Exposicao intermediaria TSB,0.6944,2019,2019.2390,20193,2091
28351029,True,Exposicao intermediaria TSB,0.6944,2019,2019.2390,20193,2091
28352200,True,Exposicao intermediaria TSB,0.6944,2019,2019.2370,20193,2091
28352400,True,Exposicao intermediaria TSB,0.6944,2019,2019.2350,20193,2091
28352500,True,Exposicao intermediaria TSB,0.6944,2019,2019.2360,20193,2091
28352600,True,Exposicao intermediaria TSB,0.6944,2019,2019.2390,20193,2091
28352910,True,Exposicao intermediaria TSB,0.6944,2019,2019.2390,20193,2091
28352920,True,Exposicao intermediaria TSB,0.6944,2019,2019.2390,20193,2091
28352940,True,Exposicao intermediaria TSB,0.6944,2019,2019.2390,20193,2091
28352960,True,Exposicao intermediaria TSB,0.6944,2019,2019.2390,20193,2091
28352980,True,Exposicao intermediaria TSB,0.6944,2019,2019.2390,20193,2091
28352990,True,Exposicao intermediaria TSB,0.6944,2019,2019.2390,20193,2091
28353110,True,Exposicao intermediaria TSB,0.12210000000000001,2093,2093.2440,20932,2092
28353190,True,Exposicao intermediaria TSB,0.6944,2019,2019.2780,20193,2091
28353910,True,Exposicao intermediaria TSB,0.6944,2019,2019.2390,20193,2091
28353920,True,Exposicao intermediaria TSB,0.6944,2019,2019.2390,20193,2091
28353990,True,Exposicao intermediaria TSB,0.6944,2019,2019.2390,20193,2091
28362010,True,Exposicao intermediaria TSB,0.6944,2011;2019,2011.2010;2019.2110,20118;20193,2091
28362090,True,Exposicao intermediaria TSB,0.6944,2011;2019,2011.2010;2019.2110,20118;20193,2091
28363000,True,Exposicao intermediaria TSB,0.6944,2019,2019.2420,20193,2091
28364000,True,Exposicao intermediaria TSB,0.6944,2019,2019.2100,20193,2091
28365000,True,Exposicao intermediaria TSB,0.6944,2019,2019.2080,20193,2091
28366010,True,Exposicao intermediaria TSB,0.6944,2019,2019.2110,20193,2091
28366090,True,Exposicao intermediaria TSB,0.6944,2019,2019.2110,20193,2091
28369100,True,Exposicao intermediaria TSB,0.6944,2019,2019.2110,20193,2091
28369200,True,Exposicao intermediaria TSB,0.6944,2019,2019.2110,20193,2091
28369911,True,Exposicao intermediaria TSB,0.6944,2019,2019.2110,20193,2091
28369912,True,Exposicao intermediaria TSB,0.6944,2019,2019.2110,20193,2091
28369913,True,Exposicao intermediaria TSB,0.6944,2019,2019.2090,20193,2091
28369919,True,Exposicao intermediaria TSB,0.6944,2019,2019.2110,20193,2091
28369920,True,Exposicao intermediaria TSB,0.6944,2019,2019.2110,20193,2091
28371100,True,Exposicao intermediaria TSB,0.6944,2019,2019.2130,20193,2091
28371911,True,Exposicao intermediaria TSB,0.6944,2019,2019.2130,20193,2091
28371912,True,Exposicao intermediaria TSB,0.6944,2019,2019.2130,20193,2091
28371914,True,Exposicao intermediaria TSB,0.6944,2019,2019.2130,20193,2091
28371919,True,Exposicao intermediaria TSB,0.6944,2019,2019.2130,20193,2091
28372011,True,Exposicao intermediaria TSB,0.6944,2019,2019.2130,20193,2091
28372019,True,Exposicao intermediaria TSB,0.6944,2019,2019.2130,20193,2091
28372021,True,Exposicao intermediaria TSB,0.6944,2019,2019.2130,20193,2091
28372022,True,Exposicao intermediaria TSB,0.6944,2019,2019.2130,20193,2091
28372029,True,Exposicao intermediaria TSB,0.6944,2019,2019.2130,20193,2091
28372090,True,Exposicao intermediaria TSB,0.6944,2019,2019.2130,20193,2091
28391100,True,Exposicao intermediaria TSB,0.6944,2019,2019.2680,20193,2091
28391900,True,Exposicao intermediaria TSB,0.6944,2019,2019.2680,20193,2091
28399010,True,Exposicao intermediaria TSB,0.6944,2019,2019.2680,20193,2091
28399020,True,Exposicao intermediaria TSB,0.6944,2019,2019.2680,20193,2091
28399030,True,Exposicao intermediaria TSB,0.6944,2019,2019.2680,20193,2091
28399050,True,Exposicao intermediaria TSB,0.6944,2019,2019.2680,20193,2091
28399090,True,Exposicao intermediaria TSB,0.6944,2019,2019.2680,20193,2091
28401100,True,Exposicao intermediaria TSB,0.6944,2019,2019.2070,20193,2091
28401900,True,Exposicao intermediaria TSB,0.6944,2019,2019.2070,20193,2091
28402000,True,Exposicao intermediaria TSB,0.6944,2019,2019.2070,20193,2091
28403000,True,Exposicao intermediaria TSB,0.6944,2019,2019.2070,20193,2091
28413000,True,Exposicao intermediaria TSB,0.6944,2019,2019.2650,20193,2091
28415011,True,Exposicao intermediaria TSB,0.6944,2019,2019.2650,20193,2091
28415012,True,Exposicao intermediaria TSB,0.6944,2019,2019.2650,20193,2091
28415013,True,Exposicao intermediaria TSB,0.6944,2019,2019.2650,20193,2091
28415014,True,Exposicao intermediaria TSB,0.6944,2019,2019.2650,20193,2091
28415015,True,Exposicao intermediaria TSB,0.6944,2019,2019.2650,20193,2091
28415019,True,Exposicao intermediaria TSB,0.6944,2019,2019.2650,20193,2091
28416100,True,Exposicao intermediaria TSB,0.6944,2019,2019.2650,20193,2091
28416930,True,Exposicao intermediaria TSB,0.6944,2019,2019.2650,20193,2091
28417010,True,Exposicao intermediaria TSB,0.6944,2019,2019.2650,20193,2091
28417020,True,Exposicao intermediaria TSB,0.6944,2019,2019.2490;2019.2650,20193,2091
28417090,True,Exposicao intermediaria TSB,0.6944,2019,2019.2650,20193,2091
28418010,True,Exposicao intermediaria TSB,0.6944,2019,2019.2650,20193,2091
28418090,True,Exposicao intermediaria TSB,0.6944,2019,2019.2650,20193,2091
28419012,True,Exposicao intermediaria TSB,0.6944,2019,2019.2650,20193,2091
28419015,True,Exposicao intermediaria TSB,0.6944,2019,2019.2650,20193,2091
28419019,True,Exposicao intermediaria TSB,0.6944,2019,2019.2650,20193,2091
28419021,True,Exposicao intermediaria TSB,0.6944,2019,2019.2650,20193,2091
28419022,True,Exposicao intermediaria TSB,0.6944,2019,2019.2650,20193,2091
28419029,True,Exposicao intermediaria TSB,0.6944,2019,2019.2650,20193,2091
28419030,True,Exposicao intermediaria TSB,0.6944,2019,2019.2650,20193,2091
28419042,True,Exposicao intermediaria TSB,0.6944,2019,2019.2650,20193,2091
28419049,True,Exposicao intermediaria TSB,0.6944,2019,2019.2650,20193,2091
28419050,True,Exposicao intermediaria TSB,0.6944,2019,2019.2650,20193,2091
28419060,True,Exposicao intermediaria TSB,0.6944,2019,2019.2650,20193,2091
28419070,True,Exposicao intermediaria TSB,0.6944,2019,2019.2650,20193,2091
28419081,True,Exposicao intermediaria TSB,0.6944,2019,2019.2050;2019.2650,20193,2091
28419082,True,Exposicao intermediaria TSB,0.6944,2019,2019.2650,20193,2091
28419089,True,Exposicao intermediaria TSB,0.6944,2019,2019.2650,20193,2091
28419090,True,Exposicao intermediaria TSB,0.6944,2019,2019.2650,20193,2091
28421010,True,Exposicao intermediaria TSB,0.6944,2019,2019.2675,20193,2091
28421090,True,Exposicao intermediaria TSB,0.6944,2019,2019.2675,20193,2091
28429000,True,Exposicao intermediaria TSB,0.6944,2019,2019.2630;2019.2675,20193,2091
28431000,True,Exposicao intermediaria TSB,0.6944,2019,2019.2480,20193,2091
28432100,True,Exposicao intermediaria TSB,0.6944,2019,2019.2480,20193,2091
28432990,True,Exposicao intermediaria TSB,0.6944,2019,2019.2480,20193,2091
28433090,True,Exposicao intermediaria TSB,0.6944,2019,2019.2480,20193,2091
28439020,True,Exposicao intermediaria TSB,0.6944,2029,2029.2570,20291,2091
28439030,True,Exposicao intermediaria TSB,0.6944,2029,2029.2570,20291,2091
28439040,True,Exposicao intermediaria TSB,0.6944,2029,2029.2570,20291,2091
28439090,True,Exposicao intermediaria TSB,0.6944,2019,2019.2480,20193,2091
28441000,False,Sem exposicao TSB direta,0.0,2449,2449.2200,,
28442000,True,Exposicao intermediaria TSB,0.6944,2019,2019.2790,20193,2091
28444200,True,Exposicao intermediaria TSB,0.6944,2019,2019.2790,20193,2091
28444310,True,Exposicao intermediaria TSB,0.6944,2019,2019.2790,20193,2091
28444320,True,Exposicao intermediaria TSB,0.6944,2019,2019.2790,20193,2091
28444330,True,Exposicao intermediaria TSB,0.6944,2019,2019.2790,20193,2091
28444390,True,Exposicao intermediaria TSB,0.6944,2019,2019.2790,20193,2091
28444400,True,Exposicao intermediaria TSB,0.6944,2019,2019.2790,20193,2091
28451000,True,Exposicao intermediaria TSB,0.6944,2019,2019.2460,20193,2091
28459000,True,Exposicao intermediaria TSB,0.6944,2019,2019.2460,20193,2091
28461010,True,Exposicao intermediaria TSB,0.6944,2019,2019.2230,20193,2091
28461090,True,Exposicao intermediaria TSB,0.6944,2019,2019.2230,20193,2091
28469020,True,Exposicao intermediaria TSB,0.6944,2019,2019.2230,20193,2091
28469030,True,Exposicao intermediaria TSB,0.6944,2019,2019.2230,20193,2091
28469090,True,Exposicao intermediaria TSB,0.6944,2019,2019.2230,20193,2091
28470000,True,Exposicao intermediaria TSB,0.6944,2019,2019.2590,20193,2091
28491000,True,Exposicao intermediaria TSB,0.6944,2019,2019.2120,20193,2091
28492000,True,Exposicao intermediaria TSB,0.6944,2019,2019.2120,20193,2091
28499010,True,Exposicao intermediaria TSB,0.6944,2019,2019.2120,20193,2091
28499030,True,Exposicao intermediaria TSB,0.6944,2019,2019.2120,20193,2091
28499090,True,Exposicao intermediaria TSB,0.6944,2019,2019.2120,20193,2091
28500010,True,Exposicao intermediaria TSB,0.6944,2019,2019.2630,20193,2091
28500090,True,Exposicao intermediaria TSB,0.6944,2019,2019.2630,20193,2091
28521011,True,Exposicao intermediaria TSB,0.6944,2019,2019.2240,20193,2091
28521014,True,Exposicao intermediaria TSB,0.6944,2019,2019.2240,20193,2091
28521019,True,Exposicao intermediaria TSB,0.6944,2019,2019.2240,20193,2091
28521021,True,Exposicao intermediaria TSB,0.6944,2029,2029.2410,20291,2091
28521022,True,Exposicao intermediaria TSB,0.6944,2029,2029.2410,20291,2091
28521029,True,Exposicao intermediaria TSB,0.6944,2029,2029.2410,20291,2091
28531000,True,Exposicao intermediaria TSB,0.6944,2019,2019.2630,20193,2091
28539019,True,Exposicao intermediaria TSB,0.6944,2019,2019.2380,20193,2091
28539020,True,Exposicao intermediaria TSB,0.6944,2019,2019.2630,20193,2091
28539090,True,Exposicao intermediaria TSB,0.6944,2014;2019,2014.2030;2019.2630,20142;20193,2091
29011000,True,Exposicao intermediaria TSB,0.6944,2021,2021.2050,20215,2091
29012100,True,Exposicao intermediaria TSB,0.6944,2021,2021.2040,20215,2091
29012200,True,Exposicao intermediaria TSB,0.6944,2021,2021.2100,20215,2091
29012300,True,Exposicao intermediaria TSB,0.6944,2021,2021.2030,20215,2091
29012410,True,Exposicao intermediaria TSB,0.6944,2021,2021.2020,20215,2091
29012420,True,Exposicao intermediaria TSB,0.6944,2021,2021.2050,20215,2091
29012900,True,Exposicao intermediaria TSB,0.6944,2014;2021,2014.2010;2021.2050,20142;20215,2091
29021100,True,Exposicao intermediaria TSB,0.6944,2029,2029.2300,20291,2091
29021910,True,Exposicao intermediaria TSB,0.6944,2029,2029.2700,20291,2091
29021990,True,Exposicao intermediaria TSB,0.6944,2029,2029.2880,20291,2091
29022000,True,Exposicao intermediaria TSB,0.6944,2021,2021.2010,20215,2091
29023000,True,Exposicao intermediaria TSB,0.6944,2021,2021.2110,20215,2091
29024100,True,Exposicao intermediaria TSB,0.6944,2021,2021.2120,20215,2091
29024200,True,Exposicao intermediaria TSB,0.6944,2021,2021.2120,20215,2091
29024300,True,Exposicao intermediaria TSB,0.6944,2021,2021.2120,20215,2091
29024400,True,Exposicao intermediaria TSB,0.6944,2021,2021.2080,20215,2091
29025000,True,Exposicao intermediaria TSB,0.6944,2022,2022.2280,20223,2091
29026000,True,Exposicao intermediaria TSB,0.6944,2022,2022.2290,20223,2091
29027000,True,Exposicao intermediaria TSB,0.6944,2029,2029.2490,20291,2091
29029010,True,Exposicao intermediaria TSB,0.6944,2029,2029.2560,20291,2091
29029020,True,Exposicao intermediaria TSB,0.6944,2021,2021.2090,20215,2091
29029030,True,Exposicao intermediaria TSB,0.6944,2029,2029.2250,20291,2091
29029040,True,Exposicao intermediaria TSB,0.6944,2022,2022.2160,20223,2091
29029090,True,Exposicao intermediaria TSB,0.6944,2021,2021.2060,20215,2091
29031110,True,Exposicao intermediaria TSB,0.6944,2029,2029.2530,20291,2091
29031200,True,Exposicao intermediaria TSB,0.6944,2029,2029.2530,20291,2091
29031300,True,Exposicao intermediaria TSB,0.6944,2029,2029.2530,20291,2091
29031500,True,Exposicao intermediaria TSB,0.6944,2022,2022.2020,20223,2091
29031920,True,Exposicao intermediaria TSB,0.6944,2029,2029.2530,20291,2091
29031990,True,Exposicao intermediaria TSB,0.6944,2029,2029.2530,20291,2091
29032100,True,Exposicao intermediaria TSB,0.6944,2022,2022.2240,20223,2091
29032200,True,Exposicao intermediaria TSB,0.6944,2029,2029.2530,20291,2091
29032300,True,Exposicao intermediaria TSB,0.6944,2029,2029.2530,20291,2091
29032990,True,Exposicao intermediaria TSB,0.6944,2029,2029.2530,20291,2091
29034100,True,Exposicao intermediaria TSB,0.6944,2029,2029.2530,20291,2091
29034200,True,Exposicao intermediaria TSB,0.6944,2029,2029.2530,20291,2091
29034300,True,Exposicao intermediaria TSB,0.6944,2029,2029.2530,20291,2091
29034400,True,Exposicao intermediaria TSB,0.6944,2029,2029.2530,20291,2091
29034510,True,Exposicao intermediaria TSB,0.6944,2029,2029.2530,20291,2091
29034600,True,Exposicao intermediaria TSB,0.6944,2029,2029.2530,20291,2091
29034700,True,Exposicao intermediaria TSB,0.6944,2029,2029.2530,20291,2091
29034800,True,Exposicao intermediaria TSB,0.6944,2029,2029.2530,20291,2091
29034900,True,Exposicao intermediaria TSB,0.6944,2029,2029.2530,20291,2091
29035100,True,Exposicao intermediaria TSB,0.6944,2029,2029.2530,20291,2091
29035990,True,Exposicao intermediaria TSB,0.6944,2029,2029.2530,20291,2091
29036100,True,Exposicao intermediaria TSB,0.6944,2029,2029.2530,20291,2091
29036910,True,Exposicao intermediaria TSB,0.6944,2029,2029.2530,20291,2091
29036920,True,Exposicao intermediaria TSB,0.6944,2029,2029.2530,20291,2091
29036990,True,Exposicao intermediaria TSB,0.6944,2029,2029.2530,20291,2091
29037100,True,Exposicao intermediaria TSB,0.6944,2029,2029.2530,20291,2091
29037200,True,Exposicao intermediaria TSB,0.6944,2029,2029.2530,20291,2091
29037600,True,Exposicao intermediaria TSB,0.6944,2029,2029.2530,20291,2091
29037712,True,Exposicao intermediaria TSB,0.6944,2029,2029.2530,20291,2091
29037912,True,Exposicao intermediaria TSB,0.6944,2029,2029.2530,20291,2091
29037931,True,Exposicao intermediaria TSB,0.6944,2029,2029.2530,20291,2091
29037990,True,Exposicao intermediaria TSB,0.6944,2029,2029.2530,20291,2091
29038990,True,Exposicao intermediaria TSB,0.6944,2029,2029.2530,20291,2091
29039110,True,Exposicao intermediaria TSB,0.6944,2029,2029.2530,20291,2091
29039120,True,Exposicao intermediaria TSB,0.6944,2029,2029.2530,20291,2091
29039130,True,Exposicao intermediaria TSB,0.6944,2029,2029.2530,20291,2091
29039210,True,Exposicao intermediaria TSB,0.6944,2029,2029.2530,20291,2091
29039911,True,Exposicao intermediaria TSB,0.6944,2029,2029.2530,20291,2091
29039914,True,Exposicao intermediaria TSB,0.6944,2029,2029.2530,20291,2091
29039915,True,Exposicao intermediaria TSB,0.6944,2029,2029.2530,20291,2091
29039919,True,Exposicao intermediaria TSB,0.6944,2029,2029.2530,20291,2091
29039929,True,Exposicao intermediaria TSB,0.6944,2029,2029.2530,20291,2091
29039931,True,Exposicao intermediaria TSB,0.6944,2029,2029.2530,20291,2091
29039939,True,Exposicao intermediaria TSB,0.6944,2029,2029.2530,20291,2091
29039990,True,Exposicao intermediaria TSB,0.6944,2029,2029.2530,20291,2091
29041011,True,Exposicao intermediaria TSB,0.6944,2029,2029.2510,20291,2091
29041012,True,Exposicao intermediaria TSB,0.6944,2029,2029.2510,20291,2091
29041019,True,Exposicao intermediaria TSB,0.6944,2029,2029.2510,20291,2091
29041020,True,Exposicao intermediaria TSB,0.6944,2029,2029.2510,20291,2091
29041030,True,Exposicao intermediaria TSB,0.6944,2029,2029.2090,20291,2091
29041040,True,Exposicao intermediaria TSB,0.6944,2029,2029.2510,20291,2091
29041051,True,Exposicao intermediaria TSB,0.6944,2029,2029.2510,20291,2091
29041052,True,Exposicao intermediaria TSB,0.6944,2029,2029.2510,20291,2091
29041059,True,Exposicao intermediaria TSB,0.6944,2029,2029.2510,20291,2091
29041060,True,Exposicao intermediaria TSB,0.6944,2029,2029.2510,20291,2091
29041090,True,Exposicao intermediaria TSB,0.6944,2029,2029.2510,20291,2091
29042020,True,Exposicao intermediaria TSB,0.6944,2029,2029.2520,20291,2091
29042041,False,Sem exposicao TSB direta,0.0,2092,2092.2010,,
29042051,True,Exposicao intermediaria TSB,0.6944,2029,2029.2520,20291,2091
29042059,True,Exposicao intermediaria TSB,0.6944,2029,2029.2520,20291,2091
29042070,True,Exposicao intermediaria TSB,0.6944,2029,2029.2520,20291,2091
29042090,True,Exposicao intermediaria TSB,0.6944,2029,2029.2520,20291,2091
29043500,True,Exposicao intermediaria TSB,0.6944,2029,2029.2520,20291,2091
29043600,True,Exposicao intermediaria TSB,0.6944,2029,2029.2520,20291,2091
29049912,True,Exposicao intermediaria TSB,0.6944,2029,2029.2520,20291,2091
29049914,True,Exposicao intermediaria TSB,0.6944,2029,2029.2520,20291,2091
29049915,True,Exposicao intermediaria TSB,0.6944,2029,2029.2520,20291,2091
29049919,True,Exposicao intermediaria TSB,0.6944,2029,2029.2520,20291,2091
29049921,True,Exposicao intermediaria TSB,0.6944,2029,2029.2520,20291,2091
29049929,True,Exposicao intermediaria TSB,0.6944,2029,2029.2520,20291,2091
29049930,True,Exposicao intermediaria TSB,0.6944,2029,2029.2520,20291,2091
29049990,True,Exposicao intermediaria TSB,0.6944,2029,2029.2520,20291,2091
29051100,True,Exposicao intermediaria TSB,0.6944,2021,2021.2070,20215,2091
29051210,True,Exposicao intermediaria TSB,0.6944,2029,2029.2210,20291,2091
29051220,True,Exposicao intermediaria TSB,0.6944,2029,2029.2210,20291,2091
29051300,True,Exposicao intermediaria TSB,0.6944,2022,2022.2200,20223,2091
29051410,True,Exposicao intermediaria TSB,0.6944,2022,2022.2150,20223,2091
29051420,True,Exposicao intermediaria TSB,0.6944,2029,2029.2220,20291,2091
29051430,True,Exposicao intermediaria TSB,0.6944,2029,2029.2220,20291,2091
29051600,True,Exposicao intermediaria TSB,0.6944,2022,2022.2390,20223,2091
29051710,True,Exposicao intermediaria TSB,0.6944,2029,2029.2185,20291,2091
29051720,True,Exposicao intermediaria TSB,0.6944,2029,2029.2185,20291,2091
29051730,True,Exposicao intermediaria TSB,0.6944,2029,2029.2185,20291,2091
29051911,True,Exposicao intermediaria TSB,0.6944,2029,2029.2185,20291,2091
29051912,True,Exposicao intermediaria TSB,0.6944,2029,2029.2185,20291,2091
29051919,True,Exposicao intermediaria TSB,0.6944,2029,2029.2185,20291,2091
29051921,True,Exposicao intermediaria TSB,0.6944,2029,2029.2185,20291,2091
29051922,True,Exposicao intermediaria TSB,0.6944,2029,2029.2185,20291,2091
29051923,True,Exposicao intermediaria TSB,0.6944,2029,2029.2185,20291,2091
29051929,True,Exposicao intermediaria TSB,0.6944,2029,2029.2185,20291,2091
29051991,True,Exposicao intermediaria TSB,0.6944,2029,2029.2185,20291,2091
29051992,True,Exposicao intermediaria TSB,0.6944,2029,2029.2185,20291,2091
29051993,True,Exposicao intermediaria TSB,0.6944,2029,2029.2185,20291,2091
29051994,True,Exposicao intermediaria TSB,0.6944,2029,2029.2185,20291,2091
29051996,True,Exposicao intermediaria TSB,0.6944,2029,2029.2185,20291,2091
29051999,True,Exposicao intermediaria TSB,0.6944,2029,2029.2185,20291,2091
29052210,True,Exposicao intermediaria TSB,0.6944,2029,2029.2185,20291,2091
29052220,True,Exposicao intermediaria TSB,0.6944,2029,2029.2185,20291,2091
29052230,True,Exposicao intermediaria TSB,0.6944,2029,2029.2185,20291,2091
29052290,True,Exposicao intermediaria TSB,0.6944,2029,2029.2185,20291,2091
29052910,True,Exposicao intermediaria TSB,0.6944,2029,2029.2185,20291,2091
29052990,True,Exposicao intermediaria TSB,0.6944,2029,2029.2185,20291,2091
29053100,True,Exposicao intermediaria TSB,0.6944,2022,2022.2300,20223,2091
29053200,True,Exposicao intermediaria TSB,0.6944,2029,2029.2910,20291,2091
29053910,True,Exposicao intermediaria TSB,0.6944,2029,2029.2185,20291,2091
29053920,True,Exposicao intermediaria TSB,0.6944,2029,2029.2185,20291,2091
29053930,True,Exposicao intermediaria TSB,0.6944,2029,2029.2185,20291,2091
29053990,True,Exposicao intermediaria TSB,0.6944,2029,2029.2185,20291,2091
29054100,True,Exposicao intermediaria TSB,0.6944,2029,2029.2185,20291,2091
29054200,True,Exposicao intermediaria TSB,0.6944,2022,2022.2410,20223,2091
29054300,False,Sem exposicao TSB direta,0.0,2110,2110.2230,,
29054400,True,Exposicao intermediaria TSB,0.6944,2029,2029.2500,20291,2091
29054500,False,Sem exposicao TSB direta,0.0,2061,2061.2040,,
29054900,True,Exposicao intermediaria TSB,0.6944,2029,2029.2185,20291,2091
29055910,True,Exposicao intermediaria TSB,0.6944,2029,2029.2185,20291,2091
29055990,True,Exposicao intermediaria TSB,0.6944,2029,2029.2185,20291,2091
29061100,True,Exposicao intermediaria TSB,0.6944,2029,2029.2740,20291,2091
29061200,True,Exposicao intermediaria TSB,0.6944,2022,2022.2220,20223,2091
29061300,True,Exposicao intermediaria TSB,0.6944,2029,2029.2190,20291,2091
29061910,True,Exposicao intermediaria TSB,0.6944,2029,2029.2190,20291,2091
29061920,True,Exposicao intermediaria TSB,0.6944,2029,2029.2190,20291,2091
29061930,True,Exposicao intermediaria TSB,0.6944,2029,2029.2190,20291,2091
29061940,True,Exposicao intermediaria TSB,0.6944,2029,2029.2190,20291,2091
29061950,True,Exposicao intermediaria TSB,0.6944,2029,2029.2190,20291,2091
29061990,True,Exposicao intermediaria TSB,0.6944,2029,2029.2190,20291,2091
29062100,True,Exposicao intermediaria TSB,0.6944,2029,2029.2190,20291,2091
29062910,True,Exposicao intermediaria TSB,0.6944,2029,2029.2190,20291,2091
29062920,True,Exposicao intermediaria TSB,0.6944,2029,2029.2190,20291,2091
29062990,True,Exposicao intermediaria TSB,0.6944,2029,2029.2190,20291,2091
29071100,True,Exposicao intermediaria TSB,0.6944,2022,2022.2310,20223,2091
29071200,True,Exposicao intermediaria TSB,0.6944,2022,2022.2250,20223,2091
29071300,True,Exposicao intermediaria TSB,0.6944,2029,2029.2810,20291,2091
29071510,True,Exposicao intermediaria TSB,0.6944,2029,2029.2665,20291,2091
29071590,True,Exposicao intermediaria TSB,0.6944,2029,2029.2665,20291,2091
29071910,True,Exposicao intermediaria TSB,0.6944,2029,2029.2665,20291,2091
29071920,True,Exposicao intermediaria TSB,0.6944,2029,2029.2665,20291,2091
29071930,True,Exposicao intermediaria TSB,0.6944,2029,2029.2665,20291,2091
29071940,True,Exposicao intermediaria TSB,0.6944,2029,2029.2665,20291,2091
29071990,True,Exposicao intermediaria TSB,0.6944,2029,2029.2665,20291,2091
29072100,True,Exposicao intermediaria TSB,0.6944,2029,2029.2665,20291,2091
29072200,True,Exposicao intermediaria TSB,0.6944,2029,2029.2665,20291,2091
29072300,True,Exposicao intermediaria TSB,0.6944,2029,2029.2665,20291,2091
29072900,True,Exposicao intermediaria TSB,0.6944,2029,2029.2665,20291,2091
29081911,True,Exposicao intermediaria TSB,0.6944,2029,2029.2665,20291,2091
29081912,True,Exposicao intermediaria TSB,0.6944,2029,2029.2665,20291,2091
29081913,True,Exposicao intermediaria TSB,0.6944,2029,2029.2665,20291,2091
29081914,True,Exposicao intermediaria TSB,0.6944,2029,2029.2665,20291,2091
29081919,True,Exposicao intermediaria TSB,0.6944,2029,2029.2665,20291,2091
29081921,True,Exposicao intermediaria TSB,0.6944,2029,2029.2665,20291,2091
29081929,True,Exposicao intermediaria TSB,0.6944,2029,2029.2665,20291,2091
29081990,True,Exposicao intermediaria TSB,0.6944,2029,2029.2665,20291,2091
29089912,True,Exposicao intermediaria TSB,0.6944,2029,2029.2665,20291,2091
29089913,True,Exposicao intermediaria TSB,0.6944,2029,2029.2665,20291,2091
29089919,True,Exposicao intermediaria TSB,0.6944,2029,2029.2665,20291,2091
29089930,True,Exposicao intermediaria TSB,0.6944,2029,2029.2665,20291,2091
29089990,True,Exposicao intermediaria TSB,0.6944,2029,2029.2665,20291,2091
29091100,True,Exposicao intermediaria TSB,0.6944,2029,2029.2645,20291,2091
29091910,True,Exposicao intermediaria TSB,0.12210000000000001,2093,2093.2160,20932,2092
29091920,True,Exposicao intermediaria TSB,0.6944,2029,2029.2645,20291,2091
29091990,True,Exposicao intermediaria TSB,0.6944,2029,2029.2645,20291,2091
29092000,True,Exposicao intermediaria TSB,0.6944,2029,2029.2645,20291,2091
29093011,True,Exposicao intermediaria TSB,0.6944,2029,2029.2645,20291,2091
29093012,True,Exposicao intermediaria TSB,0.6944,2029,2029.2645,20291,2091
29093013,True,Exposicao intermediaria TSB,0.6944,2029,2029.2645,20291,2091
29093014,True,Exposicao intermediaria TSB,0.6944,2029,2029.2645,20291,2091
29093019,True,Exposicao intermediaria TSB,0.6944,2029,2029.2645,20291,2091
29093029,True,Exposicao intermediaria TSB,0.6944,2029,2029.2645,20291,2091
29094100,True,Exposicao intermediaria TSB,0.6944,2029,2029.2645,20291,2091
29094310,True,Exposicao intermediaria TSB,0.6944,2029,2029.2645,20291,2091
29094320,True,Exposicao intermediaria TSB,0.6944,2029,2029.2645,20291,2091
29094411,True,Exposicao intermediaria TSB,0.6944,2029,2029.2645,20291,2091
29094413,True,Exposicao intermediaria TSB,0.6944,2029,2029.2645,20291,2091
29094419,True,Exposicao intermediaria TSB,0.6944,2029,2029.2645,20291,2091
29094421,True,Exposicao intermediaria TSB,0.6944,2029,2029.2645,20291,2091
29094429,True,Exposicao intermediaria TSB,0.6944,2029,2029.2645,20291,2091
29094910,True,Exposicao intermediaria TSB,0.6944,2029,2029.2645,20291,2091
29094921,True,Exposicao intermediaria TSB,0.6944,2029,2029.2645,20291,2091
29094922,True,Exposicao intermediaria TSB,0.6944,2029,2029.2645,20291,2091
29094924,True,Exposicao intermediaria TSB,0.6944,2029,2029.2645,20291,2091
29094929,True,Exposicao intermediaria TSB,0.6944,2029,2029.2645,20291,2091
29094931,True,Exposicao intermediaria TSB,0.6944,2029,2029.2645,20291,2091
29094932,True,Exposicao intermediaria TSB,0.6944,2029,2029.2645,20291,2091
29094939,True,Exposicao intermediaria TSB,0.6944,2029,2029.2645,20291,2091
29094949,True,Exposicao intermediaria TSB,0.6944,2029,2029.2645,20291,2091
29094950,True,Exposicao intermediaria TSB,0.6944,2029,2029.2645,20291,2091
29094990,True,Exposicao intermediaria TSB,0.6944,2029,2029.2645,20291,2091
29095011,True,Exposicao intermediaria TSB,0.6944,2029,2029.2645,20291,2091
29095012,True,Exposicao intermediaria TSB,0.6944,2029,2029.2645,20291,2091
29095013,True,Exposicao intermediaria TSB,0.6944,2029,2029.2645,20291,2091
29095019,True,Exposicao intermediaria TSB,0.6944,2029,2029.2645,20291,2091
29095090,True,Exposicao intermediaria TSB,0.6944,2029,2029.2645,20291,2091
29096011,False,Sem exposicao TSB direta,0.0,2094,2094.2025,,
29096012,False,Sem exposicao TSB direta,0.0,2094,2094.2025,,
29096013,False,Sem exposicao TSB direta,0.0,2094,2094.2025,,
29096019,False,Sem exposicao TSB direta,0.0,2094,2094.2025,,
29096090,True,Exposicao intermediaria TSB,0.6944,2029,2029.2645,20291,2091
29101000,True,Exposicao intermediaria TSB,0.6944,2029,2029.2840,20291,2091
29102000,True,Exposicao intermediaria TSB,0.6944,2029,2029.2750,20291,2091
29103000,True,Exposicao intermediaria TSB,0.6944,2029,2029.2645,20291,2091
29104000,True,Exposicao intermediaria TSB,0.6944,2029,2029.2645,20291,2091
29109010,True,Exposicao intermediaria TSB,0.6944,2029,2029.2645,20291,2091
29109090,True,Exposicao intermediaria TSB,0.6944,2029,2029.2645,20291,2091
29110010,True,Exposicao intermediaria TSB,0.6944,2029,2029.2645,20291,2091
29110090,True,Exposicao intermediaria TSB,0.6944,2029,2029.2645,20291,2091
29121100,True,Exposicao intermediaria TSB,0.6944,2022,2022.2370,20223,2091
29121200,True,Exposicao intermediaria TSB,0.6944,2029,2029.2620,20291,2091
29121911,True,Exposicao intermediaria TSB,0.6944,2022,2022.2330,20223,2091
29121912,True,Exposicao intermediaria TSB,0.6944,2029,2029.2340,20291,2091
29121919,True,Exposicao intermediaria TSB,0.6944,2029,2029.2340,20291,2091
29121921,True,Exposicao intermediaria TSB,0.6944,2029,2029.2340,20291,2091
29121922,True,Exposicao intermediaria TSB,0.6944,2029,2029.2340,20291,2091
29121923,True,Exposicao intermediaria TSB,0.6944,2029,2029.2340,20291,2091
29121929,True,Exposicao intermediaria TSB,0.6944,2029,2029.2340,20291,2091
29121991,True,Exposicao intermediaria TSB,0.6944,2029,2029.2340,20291,2091
29121999,True,Exposicao intermediaria TSB,0.6944,2029,2029.2340,20291,2091
29122100,True,Exposicao intermediaria TSB,0.6944,2029,2029.2340,20291,2091
29122910,True,Exposicao intermediaria TSB,0.6944,2029,2029.2340,20291,2091
29122920,True,Exposicao intermediaria TSB,0.6944,2029,2029.2340,20291,2091
29122990,True,Exposicao intermediaria TSB,0.6944,2029,2029.2340,20291,2091
29124100,True,Exposicao intermediaria TSB,0.6944,2029,2029.2340,20291,2091
29124200,True,Exposicao intermediaria TSB,0.6944,2029,2029.2340,20291,2091
29124910,True,Exposicao intermediaria TSB,0.6944,2029,2029.2340,20291,2091
29124920,True,Exposicao intermediaria TSB,0.6944,2029,2029.2340,20291,2091
29124930,True,Exposicao intermediaria TSB,0.6944,2029,2029.2340,20291,2091
29124941,True,Exposicao intermediaria TSB,0.6944,2029,2029.2340,20291,2091
29124949,True,Exposicao intermediaria TSB,0.6944,2029,2029.2340,20291,2091
29124990,True,Exposicao intermediaria TSB,0.6944,2029,2029.2340,20291,2091
29125000,True,Exposicao intermediaria TSB,0.6944,2029,2029.2340,20291,2091
29126000,True,Exposicao intermediaria TSB,0.6944,2022,2022.2400,20223,2091
29130010,True,Exposicao intermediaria TSB,0.6944,2029,2029.2340,20291,2091
29130090,True,Exposicao intermediaria TSB,0.6944,2029,2029.2340,20291,2091
29141100,True,Exposicao intermediaria TSB,0.6944,2029,2029.2040,20291,2091
29141200,True,Exposicao intermediaria TSB,0.6944,2029,2029.2355,20291,2091
29141300,True,Exposicao intermediaria TSB,0.6944,2029,2029.2355,20291,2091
29141910,True,Exposicao intermediaria TSB,0.6944,2029,2029.2355,20291,2091
29141921,True,Exposicao intermediaria TSB,0.6944,2029,2029.2355,20291,2091
29141923,True,Exposicao intermediaria TSB,0.6944,2029,2029.2355,20291,2091
29141929,True,Exposicao intermediaria TSB,0.6944,2029,2029.2355,20291,2091
29141930,True,Exposicao intermediaria TSB,0.6944,2029,2029.2355,20291,2091
29141950,True,Exposicao intermediaria TSB,0.6944,2029,2029.2355,20291,2091
29141990,True,Exposicao intermediaria TSB,0.6944,2029,2029.2355,20291,2091
29142210,True,Exposicao intermediaria TSB,0.6944,2029,2029.2355,20291,2091
29142220,True,Exposicao intermediaria TSB,0.6944,2029,2029.2355,20291,2091
29142310,True,Exposicao intermediaria TSB,0.6944,2029,2029.2355,20291,2091
29142320,True,Exposicao intermediaria TSB,0.6944,2029,2029.2355,20291,2091
29142910,True,Exposicao intermediaria TSB,0.6944,2029,2029.2355,20291,2091
29142920,True,Exposicao intermediaria TSB,0.6944,2029,2029.2355,20291,2091
29142990,True,Exposicao intermediaria TSB,0.6944,2029,2029.2355,20291,2091
29143910,True,Exposicao intermediaria TSB,0.6944,2029,2029.2355,20291,2091
29143990,True,Exposicao intermediaria TSB,0.6944,2029,2029.2355,20291,2091
29144010,True,Exposicao intermediaria TSB,0.6944,2029,2029.2355,20291,2091
29144091,True,Exposicao intermediaria TSB,0.6944,2029,2029.2355,20291,2091
29144099,True,Exposicao intermediaria TSB,0.6944,2029,2029.2355,20291,2091
29145020,True,Exposicao intermediaria TSB,0.6944,2029,2029.2355,20291,2091
29145090,True,Exposicao intermediaria TSB,0.6944,2029,2029.2355,20291,2091
29146100,True,Exposicao intermediaria TSB,0.6944,2029,2029.2355,20291,2091
29146200,True,Exposicao intermediaria TSB,0.6944,2029,2029.2355,20291,2091
29146920,True,Exposicao intermediaria TSB,0.6944,2029,2029.2355,20291,2091
29146990,True,Exposicao intermediaria TSB,0.6944,2029,2029.2355,20291,2091
29147919,True,Exposicao intermediaria TSB,0.6944,2029,2029.2355,20291,2091
29147921,True,Exposicao intermediaria TSB,0.6944,2029,2029.2355,20291,2091
29147922,True,Exposicao intermediaria TSB,0.6944,2029,2029.2355,20291,2091
29147929,True,Exposicao intermediaria TSB,0.6944,2029,2029.2355,20291,2091
29147990,True,Exposicao intermediaria TSB,0.6944,2029,2029.2355,20291,2091
29151100,True,Exposicao intermediaria TSB,0.6944,2029,2029.2135,20291,2091
29151210,True,Exposicao intermediaria TSB,0.6944,2029,2029.2135,20291,2091
29151290,True,Exposicao intermediaria TSB,0.6944,2029,2029.2135,20291,2091
29151310,True,Exposicao intermediaria TSB,0.6944,2029,2029.2135,20291,2091
29151390,True,Exposicao intermediaria TSB,0.6944,2029,2029.2135,20291,2091
29152100,True,Exposicao intermediaria TSB,0.6944,2029,2029.2050;2029.2135,20291,2091
29152400,True,Exposicao intermediaria TSB,0.6944,2029,2029.2135,20291,2091
29152910,True,Exposicao intermediaria TSB,0.6944,2029,2029.2030;2029.2135,20291,2091
29152920,True,Exposicao intermediaria TSB,0.6944,2029,2029.2135,20291,2091
29152990,True,Exposicao intermediaria TSB,0.6944,2029,2029.2135,20291,2091
29153100,True,Exposicao intermediaria TSB,0.6944,2029,2029.2010;2029.2135,20291,2091
29153200,True,Exposicao intermediaria TSB,0.6944,2022;2029,2022.2080;2029.2135,20223;20291,2091
29153300,True,Exposicao intermediaria TSB,0.6944,2029,2029.2020;2029.2135,20291,2091
29153910,True,Exposicao intermediaria TSB,0.6944,2029,2029.2135,20291,2091
29153921,True,Exposicao intermediaria TSB,0.6944,2029,2029.2135,20291,2091
29153929,True,Exposicao intermediaria TSB,0.6944,2029,2029.2135,20291,2091
29153931,True,Exposicao intermediaria TSB,0.6944,2029,2029.2135,20291,2091
29153932,True,Exposicao intermediaria TSB,0.6944,2029,2029.2135,20291,2091
29153939,True,Exposicao intermediaria TSB,0.6944,2029,2029.2135,20291,2091
29153941,True,Exposicao intermediaria TSB,0.6944,2029,2029.2135,20291,2091
29153942,True,Exposicao intermediaria TSB,0.6944,2029,2029.2135,20291,2091
29153951,True,Exposicao intermediaria TSB,0.6944,2029,2029.2135,20291,2091
29153961,True,Exposicao intermediaria TSB,0.6944,2029,2029.2135,20291,2091
29153962,True,Exposicao intermediaria TSB,0.6944,2029,2029.2135,20291,2091
29153963,True,Exposicao intermediaria TSB,0.6944,2029,2029.2135,20291,2091
29153991,True,Exposicao intermediaria TSB,0.6944,2029,2029.2135,20291,2091
29153992,True,Exposicao intermediaria TSB,0.6944,2029,2029.2135,20291,2091
29153993,True,Exposicao intermediaria TSB,0.6944,2029,2029.2135,20291,2091
29153999,True,Exposicao intermediaria TSB,0.6944,2029,2029.2135,20291,2091
29154010,True,Exposicao intermediaria TSB,0.6944,2029,2029.2135,20291,2091
29154020,True,Exposicao intermediaria TSB,0.6944,2029,2029.2135,20291,2091
29154090,True,Exposicao intermediaria TSB,0.6944,2029,2029.2135,20291,2091
29155010,True,Exposicao intermediaria TSB,0.6944,2029,2029.2135,20291,2091
29155020,True,Exposicao intermediaria TSB,0.6944,2029,2029.2135,20291,2091
29155030,True,Exposicao intermediaria TSB,0.6944,2029,2029.2135,20291,2091
29156011,True,Exposicao intermediaria TSB,0.6944,2029,2029.2135,20291,2091
29156012,True,Exposicao intermediaria TSB,0.6944,2029,2029.2135,20291,2091
29156019,True,Exposicao intermediaria TSB,0.6944,2029,2029.2135,20291,2091
29156021,True,Exposicao intermediaria TSB,0.6944,2029,2029.2135,20291,2091
29156029,True,Exposicao intermediaria TSB,0.6944,2029,2029.2135,20291,2091
29157011,True,Exposicao intermediaria TSB,0.6944,2029,2029.2135,20291,2091
29157019,True,Exposicao intermediaria TSB,0.6944,2029,2029.2135,20291,2091
29157020,True,Exposicao intermediaria TSB,0.6944,2029,2029.2070;2029.2135,20291,2091
29157031,True,Exposicao intermediaria TSB,0.6944,2029,2029.2135,20291,2091
29157039,True,Exposicao intermediaria TSB,0.6944,2029,2029.2135,20291,2091
29157040,True,Exposicao intermediaria TSB,0.6944,2029,2029.2135,20291,2091
29159010,True,Exposicao intermediaria TSB,0.6944,2029,2029.2135,20291,2091
29159021,True,Exposicao intermediaria TSB,0.6944,2029,2029.2135,20291,2091
29159022,True,Exposicao intermediaria TSB,0.6944,2029,2029.2135,20291,2091
29159024,True,Exposicao intermediaria TSB,0.6944,2029,2029.2135,20291,2091
29159029,True,Exposicao intermediaria TSB,0.6944,2029,2029.2135,20291,2091
29159031,True,Exposicao intermediaria TSB,0.6944,2029,2029.2135,20291,2091
29159032,True,Exposicao intermediaria TSB,0.6944,2029,2029.2135,20291,2091
29159033,True,Exposicao intermediaria TSB,0.6944,2029,2029.2135,20291,2091
29159039,True,Exposicao intermediaria TSB,0.6944,2029,2029.2135,20291,2091
29159041,True,Exposicao intermediaria TSB,0.6944,2029,2029.2135,20291,2091
29159049,True,Exposicao intermediaria TSB,0.6944,2029,2029.2135,20291,2091
29159050,True,Exposicao intermediaria TSB,0.6944,2029,2029.2135,20291,2091
29159060,True,Exposicao intermediaria TSB,0.6944,2029,2029.2135,20291,2091
29159090,True,Exposicao intermediaria TSB,0.6944,2029,2029.2135,20291,2091
29161110,True,Exposicao intermediaria TSB,0.6944,2022,2022.2090,20223,2091
29161120,True,Exposicao intermediaria TSB,0.6944,2022,2022.2090,20223,2091
29161210,True,Exposicao intermediaria TSB,0.6944,2022;2029,2022.2090;2029.2120,20223;20291,2091
29161220,True,Exposicao intermediaria TSB,0.6944,2022;2029,2022.2090;2029.2120,20223;20291,2091
29161230,True,Exposicao intermediaria TSB,0.6944,2022;2029,2022.2090;2029.2120,20223;20291,2091
29161240,True,Exposicao intermediaria TSB,0.6944,2022;2029,2022.2090;2029.2120,20223;20291,2091
29161290,True,Exposicao intermediaria TSB,0.6944,2022;2029,2022.2090;2029.2120,20223;20291,2091
29161310,True,Exposicao intermediaria TSB,0.6944,2022;2029,2022.2090;2029.2120,20223;20291,2091
29161320,True,Exposicao intermediaria TSB,0.6944,2022;2029,2022.2090;2029.2120,20223;20291,2091
29161410,True,Exposicao intermediaria TSB,0.6944,2022,2022.2090,20223,2091
29161420,True,Exposicao intermediaria TSB,0.6944,2022,2022.2090,20223,2091
29161430,True,Exposicao intermediaria TSB,0.6944,2022,2022.2090,20223,2091
29161490,True,Exposicao intermediaria TSB,0.6944,2022,2022.2090,20223,2091
29161519,True,Exposicao intermediaria TSB,0.6944,2029,2029.2120,20291,2091
29161520,True,Exposicao intermediaria TSB,0.6944,2029,2029.2120,20291,2091
29161911,True,Exposicao intermediaria TSB,0.6944,2029;2093,2029.2120;2093.2410,20291;20932,2091;2092
29161919,True,Exposicao intermediaria TSB,0.6944,2029,2029.2120,20291,2091
29161921,True,Exposicao intermediaria TSB,0.6944,2029,2029.2120,20291,2091
29161922,True,Exposicao intermediaria TSB,0.6944,2029,2029.2120,20291,2091
29161929,True,Exposicao intermediaria TSB,0.6944,2029,2029.2120,20291,2091
29161990,True,Exposicao intermediaria TSB,0.6944,2029,2029.2120,20291,2091
29162013,True,Exposicao intermediaria TSB,0.6944,2029,2029.2120,20291,2091
29162014,False,Sem exposicao TSB direta,0.0,2051,2051.2228,,
29162015,True,Exposicao intermediaria TSB,0.6944,2029,2029.2120,20291,2091
29162019,True,Exposicao intermediaria TSB,0.6944,2029,2029.2120,20291,2091
29162090,True,Exposicao intermediaria TSB,0.6944,2029,2029.2120,20291,2091
29163110,True,Exposicao intermediaria TSB,0.6944,2029,2029.2120,20291,2091
29163121,True,Exposicao intermediaria TSB,0.6944,2029,2029.2120,20291,2091
29163122,True,Exposicao intermediaria TSB,0.6944,2029,2029.2120,20291,2091
29163129,True,Exposicao intermediaria TSB,0.6944,2029,2029.2120,20291,2091
29163131,True,Exposicao intermediaria TSB,0.6944,2029,2029.2120,20291,2091
29163132,True,Exposicao intermediaria TSB,0.6944,2029,2029.2120,20291,2091
29163139,True,Exposicao intermediaria TSB,0.6944,2029,2029.2120,20291,2091
29163210,True,Exposicao intermediaria TSB,0.6944,2029,2029.2120,20291,2091
29163220,True,Exposicao intermediaria TSB,0.6944,2029,2029.2120,20291,2091
29163400,True,Exposicao intermediaria TSB,0.6944,2029,2029.2120,20291,2091
29163910,True,Exposicao intermediaria TSB,0.6944,2029,2029.2120,20291,2091
29163920,True,Exposicao intermediaria TSB,0.6944,2029,2029.2120,20291,2091
29163940,True,Exposicao intermediaria TSB,0.6944,2029,2029.2120,20291,2091
29163990,True,Exposicao intermediaria TSB,0.6944,2029,2029.2120,20291,2091
29171110,True,Exposicao intermediaria TSB,0.6944,2029,2029.2155,20291,2091
29171120,True,Exposicao intermediaria TSB,0.6944,2029,2029.2155,20291,2091
29171210,True,Exposicao intermediaria TSB,0.6944,2022,2022.2100,20223,2091
29171220,True,Exposicao intermediaria TSB,0.6944,2029,2029.2155,20291,2091
29171310,True,Exposicao intermediaria TSB,0.6944,2029,2029.2155,20291,2091
29171321,True,Exposicao intermediaria TSB,0.6944,2029,2029.2155,20291,2091
29171322,True,Exposicao intermediaria TSB,0.6944,2029,2029.2155,20291,2091
29171323,True,Exposicao intermediaria TSB,0.6944,2029,2029.2155,20291,2091
29171329,True,Exposicao intermediaria TSB,0.6944,2029,2029.2155,20291,2091
29171400,True,Exposicao intermediaria TSB,0.6944,2022,2022.2180,20223,2091
29171910,True,Exposicao intermediaria TSB,0.6944,2029,2029.2155,20291,2091
29171921,True,Exposicao intermediaria TSB,0.6944,2029,2029.2155,20291,2091
29171922,True,Exposicao intermediaria TSB,0.6944,2029,2029.2155,20291,2091
29171930,True,Exposicao intermediaria TSB,0.6944,2029,2029.2080,20291,2091
29171990,True,Exposicao intermediaria TSB,0.6944,2029,2029.2155,20291,2091
29172000,True,Exposicao intermediaria TSB,0.6944,2029,2029.2155,20291,2091
29173200,True,Exposicao intermediaria TSB,0.6944,2029,2029.2820,20291,2091
29173300,True,Exposicao intermediaria TSB,0.6944,2029,2029.2155,20291,2091
29173400,True,Exposicao intermediaria TSB,0.6944,2029,2029.2155,20291,2091
29173500,True,Exposicao intermediaria TSB,0.6944,2022,2022.2170,20223,2091
29173600,True,Exposicao intermediaria TSB,0.6944,2022,2022.2110,20223,2091
29173700,True,Exposicao intermediaria TSB,0.6944,2022,2022.2430,20223,2091
29173911,True,Exposicao intermediaria TSB,0.6944,2029,2029.2155,20291,2091
29173919,True,Exposicao intermediaria TSB,0.6944,2029,2029.2155,20291,2091
29173920,True,Exposicao intermediaria TSB,0.6944,2029,2029.2155,20291,2091
29173931,True,Exposicao intermediaria TSB,0.6944,2029,2029.2155,20291,2091
29173939,True,Exposicao intermediaria TSB,0.6944,2029,2029.2155,20291,2091
29173940,True,Exposicao intermediaria TSB,0.6944,2029,2029.2155,20291,2091
29173950,True,Exposicao intermediaria TSB,0.6944,2029,2029.2155,20291,2091
29173990,True,Exposicao intermediaria TSB,0.6944,2029,2029.2155,20291,2091
29181100,True,Exposicao intermediaria TSB,0.12210000000000001,2093,2093.2050,20932,2092
29181200,True,Exposicao intermediaria TSB,0.12210000000000001,2093,2093.2060,20932,2092
29181310,True,Exposicao intermediaria TSB,0.12210000000000001,2093,2093.2060,20932,2092
29181320,True,Exposicao intermediaria TSB,0.12210000000000001,2093,2093.2060,20932,2092
29181400,True,Exposicao intermediaria TSB,0.12210000000000001,2093,2093.2030,20932,2092
29181500,True,Exposicao intermediaria TSB,0.12210000000000001,2093,2093.2030,20932,2092
29181610,True,Exposicao intermediaria TSB,0.6944,2029,2029.2105,20291,2091
29181690,True,Exposicao intermediaria TSB,0.6944,2029,2029.2105,20291,2091
29181700,True,Exposicao intermediaria TSB,0.6944,2029,2029.2105,20291,2091
29181921,True,Exposicao intermediaria TSB,0.6944,2029,2029.2105,20291,2091
29181922,True,Exposicao intermediaria TSB,0.6944,2029,2029.2105,20291,2091
29181929,True,Exposicao intermediaria TSB,0.6944,2029,2029.2105,20291,2091
29181930,True,Exposicao intermediaria TSB,0.6944,2029,2029.2105,20291,2091
29181990,True,Exposicao intermediaria TSB,0.6944,2029,2029.2105,20291,2091
29182110,True,Exposicao intermediaria TSB,0.6944,2029;2110,2029.2105;2110.2035,20291,2091
29182120,True,Exposicao intermediaria TSB,0.6944,2029;2110,2029.2105;2110.2035,20291,2091
29182211,False,Sem exposicao TSB direta,0.0,2110,2110.2035,,
29182220,False,Sem exposicao TSB direta,0.0,2110,2110.2035,,
29182300,True,Exposicao intermediaria TSB,0.6944,2029;2110,2029.2105;2110.2035,20291,2091
29182910,True,Exposicao intermediaria TSB,0.6944,2029,2029.2105,20291,2091
29182921,True,Exposicao intermediaria TSB,0.6944,2029,2029.2105,20291,2091
29182922,True,Exposicao intermediaria TSB,0.6944,2029;2093,2029.2105;2093.2200,20291;20932,2091;2092
29182923,True,Exposicao intermediaria TSB,0.6944,2029,2029.2105,20291,2091
29182929,True,Exposicao intermediaria TSB,0.6944,2029,2029.2105,20291,2091
29182930,True,Exposicao intermediaria TSB,0.6944,2029,2029.2105,20291,2091
29182940,True,Exposicao intermediaria TSB,0.6944,2029,2029.2105,20291,2091
29182950,True,Exposicao intermediaria TSB,0.6944,2029,2029.2105,20291,2091
29182990,True,Exposicao intermediaria TSB,0.6944,2029,2029.2105,20291,2091
29183010,True,Exposicao intermediaria TSB,0.6944,2029,2029.2105,20291,2091
29183020,True,Exposicao intermediaria TSB,0.6944,2029,2029.2105,20291,2091
29183039,True,Exposicao intermediaria TSB,0.6944,2029,2029.2105,20291,2091
29183090,True,Exposicao intermediaria TSB,0.6944,2029,2029.2105,20291,2091
29189911,True,Exposicao intermediaria TSB,0.6944,2029,2029.2105,20291,2091
29189912,False,Sem exposicao TSB direta,0.0,2051,2051.2225,,
29189919,True,Exposicao intermediaria TSB,0.6944,2029,2029.2105,20291,2091
29189929,True,Exposicao intermediaria TSB,0.6944,2029,2029.2105,20291,2091
29189940,True,Exposicao intermediaria TSB,0.6944,2029,2029.2105,20291,2091
29189950,True,Exposicao intermediaria TSB,0.6944,2029,2029.2105,20291,2091
29189991,True,Exposicao intermediaria TSB,0.6944,2029,2029.2105,20291,2091
29189999,True,Exposicao intermediaria TSB,0.6944,2029,2029.2105,20291,2091
29199010,True,Exposicao intermediaria TSB,0.6944,2029,2029.2610,20291,2091
29199020,True,Exposicao intermediaria TSB,0.6944,2029,2029.2610,20291,2091
29199030,True,Exposicao intermediaria TSB,0.6944,2029,2029.2610,20291,2091
29199040,True,Exposicao intermediaria TSB,0.6944,2029,2029.2610,20291,2091
29199050,True,Exposicao intermediaria TSB,0.6944,2029,2029.2610,20291,2091
29199060,True,Exposicao intermediaria TSB,0.6944,2029,2029.2610,20291,2091
29199090,True,Exposicao intermediaria TSB,0.6944,2029,2029.2610,20291,2091
29201120,True,Exposicao intermediaria TSB,0.6944,2029,2029.2610,20291,2091
29201910,True,Exposicao intermediaria TSB,0.6944,2029;2051,2029.2610;2051.2228,20291,2091
29201990,True,Exposicao intermediaria TSB,0.6944,2029,2029.2610,20291,2091
29202910,True,Exposicao intermediaria TSB,0.6944,2029,2029.2610,20291,2091
29202920,True,Exposicao intermediaria TSB,0.6944,2029,2029.2610,20291,2091
29202950,True,Exposicao intermediaria TSB,0.12210000000000001,2093,2093.2170,20932,2092
29202990,True,Exposicao intermediaria TSB,0.6944,2029,2029.2610,20291,2091
29203000,True,Exposicao intermediaria TSB,0.6944,2029;2051,2029.2610;2051.2228,20291,2091
29209022,True,Exposicao intermediaria TSB,0.6944,2029;2051,2029.2610;2051.2215,20291,2091
29209029,True,Exposicao intermediaria TSB,0.6944,2029,2029.2610,20291,2091
29209032,True,Exposicao intermediaria TSB,0.6944,2029;2092,2029.2610;2092.2060,20291,2091
29209039,True,Exposicao intermediaria TSB,0.6944,2029,2029.2610,20291,2091
29209041,True,Exposicao intermediaria TSB,0.6944,2029,2029.2610,20291,2091
29209049,True,Exposicao intermediaria TSB,0.6944,2029,2029.2610,20291,2091
29209051,True,Exposicao intermediaria TSB,0.6944,2029,2029.2610,20291,2091
29209059,True,Exposicao intermediaria TSB,0.6944,2029,2029.2610,20291,2091
29209090,True,Exposicao intermediaria TSB,0.6944,2029,2029.2610,20291,2091
29211111,True,Exposicao intermediaria TSB,0.6944,2029,2029.2780,20291,2091
29211112,True,Exposicao intermediaria TSB,0.6944,2029,2029.2780,20291,2091
29211121,True,Exposicao intermediaria TSB,0.6944,2029,2029.2780,20291,2091
29211129,True,Exposicao intermediaria TSB,0.6944,2029,2029.2780,20291,2091
29211131,True,Exposicao intermediaria TSB,0.6944,2029,2029.2780,20291,2091
29211132,True,Exposicao intermediaria TSB,0.6944,2029,2029.2780,20291,2091
29211139,True,Exposicao intermediaria TSB,0.6944,2029,2029.2780,20291,2091
29211300,True,Exposicao intermediaria TSB,0.6944,2029,2029.2780,20291,2091
29211911,True,Exposicao intermediaria TSB,0.6944,2029,2029.2780,20291,2091
29211912,True,Exposicao intermediaria TSB,0.6944,2029,2029.2780,20291,2091
29211915,True,Exposicao intermediaria TSB,0.6944,2029,2029.2550;2029.2780,20291,2091
29211919,True,Exposicao intermediaria TSB,0.6944,2029,2029.2780,20291,2091
29211921,True,Exposicao intermediaria TSB,0.6944,2029,2029.2780,20291,2091
29211922,True,Exposicao intermediaria TSB,0.6944,2029,2029.2780,20291,2091
29211923,True,Exposicao intermediaria TSB,0.6944,2029,2029.2780,20291,2091
29211924,True,Exposicao intermediaria TSB,0.6944,2029,2029.2780,20291,2091
29211929,True,Exposicao intermediaria TSB,0.6944,2029,2029.2780,20291,2091
29211939,True,Exposicao intermediaria TSB,0.6944,2029,2029.2780,20291,2091
29211941,True,Exposicao intermediaria TSB,0.6944,2029,2029.2780,20291,2091
29211949,True,Exposicao intermediaria TSB,0.6944,2029,2029.2780,20291,2091
29211994,True,Exposicao intermediaria TSB,0.6944,2029,2029.2780,20291,2091
29211999,True,Exposicao intermediaria TSB,0.6944,2029,2029.2780,20291,2091
29212100,True,Exposicao intermediaria TSB,0.6944,2029,2029.2780,20291,2091
29212200,True,Exposicao intermediaria TSB,0.6944,2022,2022.2340,20223,2091
29212910,True,Exposicao intermediaria TSB,0.6944,2029,2029.2780,20291,2091
29212920,True,Exposicao intermediaria TSB,0.6944,2029,2029.2780,20291,2091
29212990,True,Exposicao intermediaria TSB,0.6944,2029,2029.2780,20291,2091
29213011,True,Exposicao intermediaria TSB,0.6944,2029,2029.2780,20291,2091
29213012,True,Exposicao intermediaria TSB,0.6944,2029,2029.2780,20291,2091
29213019,True,Exposicao intermediaria TSB,0.6944,2029,2029.2780,20291,2091
29213090,True,Exposicao intermediaria TSB,0.6944,2029,2029.2780,20291,2091
29214100,True,Exposicao intermediaria TSB,0.6944,2029,2029.2790,20291,2091
29214211,True,Exposicao intermediaria TSB,0.6944,2029,2029.2790,20291,2091
29214219,True,Exposicao intermediaria TSB,0.6944,2029,2029.2790,20291,2091
29214221,True,Exposicao intermediaria TSB,0.6944,2029,2029.2790,20291,2091
29214229,True,Exposicao intermediaria TSB,0.6944,2029,2029.2790,20291,2091
29214231,True,Exposicao intermediaria TSB,0.6944,2029,2029.2790,20291,2091
29214239,True,Exposicao intermediaria TSB,0.6944,2029,2029.2790,20291,2091
29214249,True,Exposicao intermediaria TSB,0.6944,2029,2029.2790,20291,2091
29214290,True,Exposicao intermediaria TSB,0.6944,2029,2029.2790,20291,2091
29214311,True,Exposicao intermediaria TSB,0.6944,2029,2029.2790,20291,2091
29214319,True,Exposicao intermediaria TSB,0.6944,2029,2029.2790,20291,2091
29214322,False,Sem exposicao TSB direta,0.0,2051,2051.2225,,
29214329,True,Exposicao intermediaria TSB,0.6944,2029,2029.2790,20291,2091
29214410,True,Exposicao intermediaria TSB,0.6944,2029,2029.2790,20291,2091
29214421,True,Exposicao intermediaria TSB,0.6944,2029,2029.2790,20291,2091
29214429,True,Exposicao intermediaria TSB,0.6944,2029,2029.2790,20291,2091
29214500,True,Exposicao intermediaria TSB,0.6944,2029,2029.2790,20291,2091
29214630,True,Exposicao intermediaria TSB,0.6944,2029,2029.2790,20291,2091
29214660,True,Exposicao intermediaria TSB,0.6944,2029,2029.2790,20291,2091
29214921,True,Exposicao intermediaria TSB,0.6944,2029,2029.2790,20291,2091
29214929,True,Exposicao intermediaria TSB,0.6944,2029,2029.2790,20291,2091
29214931,True,Exposicao intermediaria TSB,0.6944,2029,2029.2790,20291,2091
29214990,True,Exposicao intermediaria TSB,0.6944,2029,2029.2790,20291,2091
29215111,True,Exposicao intermediaria TSB,0.6944,2029,2029.2790,20291,2091
29215112,True,Exposicao intermediaria TSB,0.6944,2029,2029.2790,20291,2091
29215119,True,Exposicao intermediaria TSB,0.6944,2029,2029.2790,20291,2091
29215120,True,Exposicao intermediaria TSB,0.6944,2029,2029.2790,20291,2091
29215131,True,Exposicao intermediaria TSB,0.12210000000000001,2093,2093.2150,20932,2092
29215132,True,Exposicao intermediaria TSB,0.12210000000000001,2093,2093.2150,20932,2092
29215133,True,Exposicao intermediaria TSB,0.12210000000000001,2093,2093.2150,20932,2092
29215135,True,Exposicao intermediaria TSB,0.12210000000000001,2093,2093.2150,20932,2092
29215139,True,Exposicao intermediaria TSB,0.6944,2029,2029.2790,20291,2091
29215190,True,Exposicao intermediaria TSB,0.6944,2029,2029.2790,20291,2091
29215911,True,Exposicao intermediaria TSB,0.6944,2029,2029.2790,20291,2091
29215919,True,Exposicao intermediaria TSB,0.6944,2029,2029.2790,20291,2091
29215921,True,Exposicao intermediaria TSB,0.6944,2022,2022.2040,20223,2091
29215931,True,Exposicao intermediaria TSB,0.6944,2029,2029.2790,20291,2091
29215932,True,Exposicao intermediaria TSB,0.6944,2029,2029.2790,20291,2091
29215939,True,Exposicao intermediaria TSB,0.6944,2029,2029.2790,20291,2091
29215990,True,Exposicao intermediaria TSB,0.6944,2029,2029.2790,20291,2091
29221100,True,Exposicao intermediaria TSB,0.6944,2029,2029.2630,20291,2091
29221200,True,Exposicao intermediaria TSB,0.6944,2029,2029.2630,20291,2091
29221500,True,Exposicao intermediaria TSB,0.6944,2029,2029.2630,20291,2091
29221700,True,Exposicao intermediaria TSB,0.6944,2029,2029.2330,20291,2091
29221911,True,Exposicao intermediaria TSB,0.6944,2029,2029.2330,20291,2091
29221912,True,Exposicao intermediaria TSB,0.6944,2029,2029.2330,20291,2091
29221919,True,Exposicao intermediaria TSB,0.6944,2029,2029.2330;2029.2630,20291,2091
29221921,True,Exposicao intermediaria TSB,0.6944,2029,2029.2330,20291,2091
29221929,True,Exposicao intermediaria TSB,0.6944,2029,2029.2330,20291,2091
29221931,True,Exposicao intermediaria TSB,0.6944,2029,2029.2330,20291,2091
29221939,True,Exposicao intermediaria TSB,0.6944,2029,2029.2330,20291,2091
29221951,True,Exposicao intermediaria TSB,0.6944,2029,2029.2330,20291,2091
29221952,True,Exposicao intermediaria TSB,0.6944,2029,2029.2330,20291,2091
29221959,True,Exposicao intermediaria TSB,0.6944,2029,2029.2330,20291,2091
29221971,True,Exposicao intermediaria TSB,0.6944,2029,2029.2330,20291,2091
29221979,True,Exposicao intermediaria TSB,0.6944,2029,2029.2330,20291,2091
29221981,True,Exposicao intermediaria TSB,0.6944,2029,2029.2330,20291,2091
29221989,True,Exposicao intermediaria TSB,0.6944,2029,2029.2330,20291,2091
29221991,True,Exposicao intermediaria TSB,0.6944,2029,2029.2330,20291,2091
29221993,True,Exposicao intermediaria TSB,0.6944,2029,2029.2330,20291,2091
29221995,True,Exposicao intermediaria TSB,0.6944,2029,2029.2330,20291,2091
29221996,True,Exposicao intermediaria TSB,0.6944,2029,2029.2330,20291,2091
29221999,True,Exposicao intermediaria TSB,0.6944,2029,2029.2330,20291,2091
29222100,True,Exposicao intermediaria TSB,0.6944,2029,2029.2330,20291,2091
29222911,True,Exposicao intermediaria TSB,0.6944,2029,2029.2330,20291,2091
29222919,True,Exposicao intermediaria TSB,0.6944,2029,2029.2330,20291,2091
29222920,True,Exposicao intermediaria TSB,0.6944,2029,2029.2330,20291,2091
29222990,True,Exposicao intermediaria TSB,0.6944,2029,2029.2330,20291,2091
29223120,True,Exposicao intermediaria TSB,0.6944,2029,2029.2330,20291,2091
29223910,True,Exposicao intermediaria TSB,0.6944,2029,2029.2330,20291,2091
29223921,True,Exposicao intermediaria TSB,0.6944,2029,2029.2330,20291,2091
29223929,True,Exposicao intermediaria TSB,0.6944,2029,2029.2330,20291,2091
29223990,True,Exposicao intermediaria TSB,0.6944,2029,2029.2330,20291,2091
29224110,True,Exposicao intermediaria TSB,0.12210000000000001,2093,2093.2195,20932,2092
29224190,True,Exposicao intermediaria TSB,0.12210000000000001,2093,2093.2195,20932,2092
29224210,True,Exposicao intermediaria TSB,0.12210000000000001,2093,2093.2195,20932,2092
29224220,True,Exposicao intermediaria TSB,0.12210000000000001,2093,2093.2195,20932,2092
29224910,True,Exposicao intermediaria TSB,0.6944,2029,2029.2330,20291,2091
29224920,True,Exposicao intermediaria TSB,0.6944,2029,2029.2330,20291,2091
29224931,True,Exposicao intermediaria TSB,0.6944,2029,2029.2330,20291,2091
29224932,True,Exposicao intermediaria TSB,0.6944,2029,2029.2330,20291,2091
29224940,True,Exposicao intermediaria TSB,0.6944,2029,2029.2330,20291,2091
29224951,True,Exposicao intermediaria TSB,0.6944,2029,2029.2330,20291,2091
29224959,True,Exposicao intermediaria TSB,0.6944,2029,2029.2330,20291,2091
29224961,False,Sem exposicao TSB direta,0.0,2110,2110.2185,,
29224962,False,Sem exposicao TSB direta,0.0,2110,2110.2185,,
29224963,False,Sem exposicao TSB direta,0.0,2110,2110.2185,,
29224964,True,Exposicao intermediaria TSB,0.6944,2029,2029.2330,20291,2091
29224969,True,Exposicao intermediaria TSB,0.6944,2029,2029.2330,20291,2091
29224990,True,Exposicao intermediaria TSB,0.6944,2029,2029.2330,20291,2091
29225011,True,Exposicao intermediaria TSB,0.6944,2029,2029.2330,20291,2091
29225019,True,Exposicao intermediaria TSB,0.6944,2029,2029.2330,20291,2091
29225031,True,Exposicao intermediaria TSB,0.6944,2029,2029.2330,20291,2091
29225032,True,Exposicao intermediaria TSB,0.6944,2029,2029.2330,20291,2091
29225039,True,Exposicao intermediaria TSB,0.6944,2029,2029.2330,20291,2091
29225099,True,Exposicao intermediaria TSB,0.6944,2029,2029.2330,20291,2091
29231000,True,Exposicao intermediaria TSB,0.6944,2029;2093,2029.2880;2093.2385,20291;20932,2091;2092
29232000,True,Exposicao intermediaria TSB,0.12210000000000001,2093,2093.2385,20932,2092
29239010,True,Exposicao intermediaria TSB,0.6944,2029;2093,2029.2880;2093.2385,20291;20932,2091;2092
29239020,True,Exposicao intermediaria TSB,0.6944,2029;2093,2029.2880;2093.2385,20291;20932,2091;2092
29239030,True,Exposicao intermediaria TSB,0.6944,2029;2093,2029.2880;2093.2385,20291;20932,2091;2092
29239040,True,Exposicao intermediaria TSB,0.6944,2029;2093,2029.2880;2093.2385,20291;20932,2091;2092
29239050,True,Exposicao intermediaria TSB,0.6944,2029;2093,2029.2880;2093.2385,20291;20932,2091;2092
29239090,True,Exposicao intermediaria TSB,0.6944,2029;2093,2029.2880;2093.2385,20291;20932,2091;2092
29241100,True,Exposicao intermediaria TSB,0.6944,2029,2029.2230,20291,2091
29241210,True,Exposicao intermediaria TSB,0.6944,2029,2029.2230,20291,2091
29241230,False,Sem exposicao TSB direta,0.0,2051,2051.2228,,
29241911,True,Exposicao intermediaria TSB,0.6944,2029,2029.2230,20291,2091
29241919,True,Exposicao intermediaria TSB,0.6944,2029,2029.2230,20291,2091
29241921,True,Exposicao intermediaria TSB,0.6944,2029,2029.2230,20291,2091
29241922,True,Exposicao intermediaria TSB,0.6944,2029,2029.2230,20291,2091
29241929,True,Exposicao intermediaria TSB,0.6944,2029,2029.2230,20291,2091
29241931,True,Exposicao intermediaria TSB,0.6944,2022,2022.2120,20223,2091
29241932,True,Exposicao intermediaria TSB,0.6944,2022,2022.2120,20223,2091
29241939,True,Exposicao intermediaria TSB,0.6944,2029,2029.2230,20291,2091
29241949,True,Exposicao intermediaria TSB,0.6944,2029,2029.2230,20291,2091
29241991,True,Exposicao intermediaria TSB,0.6944,2029,2029.2230,20291,2091
29241992,True,Exposicao intermediaria TSB,0.6944,2029,2029.2230,20291,2091
29241993,True,Exposicao intermediaria TSB,0.6944,2029,2029.2230,20291,2091
29241994,True,Exposicao intermediaria TSB,0.6944,2029,2029.2230,20291,2091
29241999,True,Exposicao intermediaria TSB,0.6944,2029,2029.2230,20291,2091
29242119,True,Exposicao intermediaria TSB,0.6944,2029,2029.2240,20291,2091
29242120,False,Sem exposicao TSB direta,0.0,2051,2051.2225,,
29242190,True,Exposicao intermediaria TSB,0.6944,2029,2029.2240,20291,2091
29242911,True,Exposicao intermediaria TSB,0.6944,2029,2029.2240,20291,2091
29242913,True,Exposicao intermediaria TSB,0.6944,2029,2029.2240,20291,2091
29242914,True,Exposicao intermediaria TSB,0.6944,2029,2029.2240,20291,2091
29242919,True,Exposicao intermediaria TSB,0.6944,2029,2029.2240,20291,2091
29242920,True,Exposicao intermediaria TSB,0.6944,2029,2029.2240,20291,2091
29242931,True,Exposicao intermediaria TSB,0.6944,2029,2029.2240,20291,2091
29242932,True,Exposicao intermediaria TSB,0.6944,2029,2029.2240,20291,2091
29242939,True,Exposicao intermediaria TSB,0.6944,2029,2029.2240,20291,2091
29242943,False,Sem exposicao TSB direta,0.0,2110,2110.2087,,
29242949,True,Exposicao intermediaria TSB,0.6944,2029,2029.2240,20291,2091
29242951,True,Exposicao intermediaria TSB,0.6944,2029,2029.2240,20291,2091
29242952,False,Sem exposicao TSB direta,0.0,2110,2110.2087,,
29242959,True,Exposicao intermediaria TSB,0.6944,2029,2029.2240,20291,2091
29242961,False,Sem exposicao TSB direta,0.0,2051,2051.2225,,
29242962,True,Exposicao intermediaria TSB,0.6944,2029,2029.2240,20291,2091
29242963,True,Exposicao intermediaria TSB,0.6944,2029,2029.2240,20291,2091
29242964,True,Exposicao intermediaria TSB,0.6944,2029,2029.2240,20291,2091
29242969,True,Exposicao intermediaria TSB,0.6944,2029,2029.2240,20291,2091
29242991,True,Exposicao intermediaria TSB,0.6944,2029,2029.2260,20291,2091
29242992,True,Exposicao intermediaria TSB,0.6944,2029,2029.2240,20291,2091
29242994,True,Exposicao intermediaria TSB,0.6944,2029,2029.2240,20291,2091
29242995,True,Exposicao intermediaria TSB,0.6944,2029,2029.2240,20291,2091
29242996,True,Exposicao intermediaria TSB,0.6944,2029,2029.2240,20291,2091
29242999,True,Exposicao intermediaria TSB,0.6944,2029,2029.2240,20291,2091
29251100,True,Exposicao intermediaria TSB,0.6944,2029,2029.2920,20291,2091
29251910,True,Exposicao intermediaria TSB,0.6944,2029,2029.2880,20291,2091
29251990,True,Exposicao intermediaria TSB,0.6944,2029,2029.2880,20291,2091
29252911,True,Exposicao intermediaria TSB,0.6944,2029,2029.2880,20291,2091
29252919,True,Exposicao intermediaria TSB,0.6944,2029,2029.2880,20291,2091
29252921,True,Exposicao intermediaria TSB,0.6944,2029,2029.2880,20291,2091
29252922,True,Exposicao intermediaria TSB,0.6944,2029,2029.2880,20291,2091
29252923,True,Exposicao intermediaria TSB,0.6944,2029,2029.2880,20291,2091
29252929,True,Exposicao intermediaria TSB,0.6944,2029,2029.2880,20291,2091
29252930,True,Exposicao intermediaria TSB,0.6944,2029,2029.2880,20291,2091
29252940,True,Exposicao intermediaria TSB,0.6944,2029,2029.2880,20291,2091
29252950,True,Exposicao intermediaria TSB,0.6944,2029,2029.2880,20291,2091
29252990,True,Exposicao intermediaria TSB,0.6944,2029,2029.2880,20291,2091
29261000,True,Exposicao intermediaria TSB,0.6944,2022,2022.2130,20223,2091
29262000,True,Exposicao intermediaria TSB,0.6944,2029,2029.2365,20291,2091
29263012,True,Exposicao intermediaria TSB,0.6944,2029,2029.2365,20291,2091
29269011,True,Exposicao intermediaria TSB,0.6944,2029,2029.2365,20291,2091
29269012,True,Exposicao intermediaria TSB,0.6944,2029,2029.2365,20291,2091
29269019,True,Exposicao intermediaria TSB,0.6944,2029,2029.2365,20291,2091
29269021,True,Exposicao intermediaria TSB,0.6944,2029,2029.2365,20291,2091
29269022,True,Exposicao intermediaria TSB,0.6944,2029,2029.2365,20291,2091
29269023,False,Sem exposicao TSB direta,0.0,2051,2051.2228,,
29269024,False,Sem exposicao TSB direta,0.0,2051,2051.2228,,
29269025,True,Exposicao intermediaria TSB,0.6944,2029,2029.2365,20291,2091
29269026,True,Exposicao intermediaria TSB,0.6944,2029,2029.2365,20291,2091
29269029,True,Exposicao intermediaria TSB,0.6944,2029,2029.2365,20291,2091
29269091,True,Exposicao intermediaria TSB,0.6944,2029,2029.2365,20291,2091
29269095,True,Exposicao intermediaria TSB,0.6944,2029,2029.2365,20291,2091
29269096,True,Exposicao intermediaria TSB,0.6944,2029,2029.2365,20291,2091
29269099,True,Exposicao intermediaria TSB,0.6944,2029,2029.2365,20291,2091
29270010,True,Exposicao intermediaria TSB,0.6944,2029,2029.2880,20291,2091
29270021,True,Exposicao intermediaria TSB,0.6944,2029,2029.2880,20291,2091
29270029,True,Exposicao intermediaria TSB,0.6944,2029,2029.2880,20291,2091
29270030,True,Exposicao intermediaria TSB,0.6944,2029,2029.2880,20291,2091
29280011,True,Exposicao intermediaria TSB,0.6944,2029,2029.2880,20291,2091
29280019,True,Exposicao intermediaria TSB,0.6944,2029,2029.2880,20291,2091
29280020,True,Exposicao intermediaria TSB,0.6944,2029,2029.2880,20291,2091
29280041,True,Exposicao intermediaria TSB,0.6944,2029,2029.2880,20291,2091
29280042,True,Exposicao intermediaria TSB,0.6944,2029,2029.2880,20291,2091
29280090,True,Exposicao intermediaria TSB,0.6944,2029,2029.2880,20291,2091
29291010,True,Exposicao intermediaria TSB,0.6944,2022,2022.2260,20223,2091
29291021,True,Exposicao intermediaria TSB,0.6944,2022,2022.2270,20223,2091
29291029,True,Exposicao intermediaria TSB,0.6944,2022,2022.2270,20223,2091
29291030,True,Exposicao intermediaria TSB,0.6944,2029,2029.2880,20291,2091
29291090,True,Exposicao intermediaria TSB,0.6944,2029,2029.2880,20291,2091
29299011,True,Exposicao intermediaria TSB,0.6944,2029,2029.2880,20291,2091
29299019,True,Exposicao intermediaria TSB,0.6944,2029,2029.2880,20291,2091
29299090,True,Exposicao intermediaria TSB,0.6944,2029,2029.2880,20291,2091
29302011,True,Exposicao intermediaria TSB,0.6944,2029,2029.2960,20291,2091
29302012,True,Exposicao intermediaria TSB,0.6944,2029,2029.2960,20291,2091
29302019,True,Exposicao intermediaria TSB,0.6944,2029,2029.2960,20291,2091
29302021,True,Exposicao intermediaria TSB,0.6944,2029,2029.2960,20291,2091
29302022,True,Exposicao intermediaria TSB,0.6944,2029,2029.2960,20291,2091
29302023,True,Exposicao intermediaria TSB,0.6944,2029,2029.2960,20291,2091
29302029,True,Exposicao intermediaria TSB,0.6944,2029,2029.2960,20291,2091
29303011,True,Exposicao intermediaria TSB,0.6944,2029,2029.2960,20291,2091
29303012,True,Exposicao intermediaria TSB,0.6944,2029,2029.2960,20291,2091
29303019,True,Exposicao intermediaria TSB,0.6944,2029,2029.2960,20291,2091
29303021,True,Exposicao intermediaria TSB,0.6944,2029,2029.2960,20291,2091
29303022,True,Exposicao intermediaria TSB,0.6944,2029,2029.2960,20291,2091
29303029,True,Exposicao intermediaria TSB,0.6944,2029,2029.2960,20291,2091
29303090,True,Exposicao intermediaria TSB,0.6944,2029,2029.2960,20291,2091
29304010,True,Exposicao intermediaria TSB,0.12210000000000001,2093,2093.2210,20932,2092
29304090,True,Exposicao intermediaria TSB,0.12210000000000001,2093,2093.2210,20932,2092
29307000,True,Exposicao intermediaria TSB,0.6944,2029,2029.2960,20291,2091
29308010,True,Exposicao intermediaria TSB,0.6944,2029,2029.2960,20291,2091
29308020,True,Exposicao intermediaria TSB,0.6944,2029,2029.2960,20291,2091
29308030,True,Exposicao intermediaria TSB,0.6944,2029;2051,2029.2960;2051.2228,20291,2091
29309011,True,Exposicao intermediaria TSB,0.6944,2029,2029.2960,20291,2091
29309012,True,Exposicao intermediaria TSB,0.6944,2029;2093,2029.2960;2093.2140,20291;20932,2091;2092
29309019,True,Exposicao intermediaria TSB,0.6944,2029,2029.2960,20291,2091
29309021,True,Exposicao intermediaria TSB,0.6944,2029,2029.2960,20291,2091
29309022,True,Exposicao intermediaria TSB,0.6944,2029;2051,2029.2960;2051.2220,20291,2091
29309023,True,Exposicao intermediaria TSB,0.6944,2029,2029.2960,20291,2091
29309029,True,Exposicao intermediaria TSB,0.6944,2029,2029.2960,20291,2091
29309032,True,Exposicao intermediaria TSB,0.6944,2029,2029.2960,20291,2091
29309034,True,Exposicao intermediaria TSB,0.6944,2029,2029.2960,20291,2091
29309035,True,Exposicao intermediaria TSB,0.6944,2029,2029.2960,20291,2091
29309036,True,Exposicao intermediaria TSB,0.6944,2029,2029.2960,20291,2091
29309039,True,Exposicao intermediaria TSB,0.6944,2029,2029.2960,20291,2091
29309043,True,Exposicao intermediaria TSB,0.6944,2029;2051,2029.2960;2051.2228,20291,2091
29309049,True,Exposicao intermediaria TSB,0.6944,2029,2029.2960,20291,2091
29309051,True,Exposicao intermediaria TSB,0.6944,2029,2029.2960,20291,2091
29309053,True,Exposicao intermediaria TSB,0.6944,2029,2029.2960,20291,2091
29309059,True,Exposicao intermediaria TSB,0.6944,2029,2029.2960,20291,2091
29309061,True,Exposicao intermediaria TSB,0.6944,2029;2051,2029.2960;2051.2228,20291,2091
29309069,True,Exposicao intermediaria TSB,0.6944,2029,2029.2960,20291,2091
29309072,True,Exposicao intermediaria TSB,0.6944,2029,2029.2960,20291,2091
29309079,True,Exposicao intermediaria TSB,0.6944,2029,2029.2960,20291,2091
29309091,True,Exposicao intermediaria TSB,0.6944,2029,2029.2960,20291,2091
29309093,True,Exposicao intermediaria TSB,0.6944,2029,2029.2960,20291,2091
29309095,True,Exposicao intermediaria TSB,0.6944,2029,2029.2960,20291,2091
29309098,True,Exposicao intermediaria TSB,0.6944,2029,2029.2960,20291,2091
29309099,True,Exposicao intermediaria TSB,0.6944,2029,2029.2960,20291,2091
29311000,True,Exposicao intermediaria TSB,0.6944,2029,2029.2420,20291,2091
29312000,True,Exposicao intermediaria TSB,0.6944,2029,2029.2420,20291,2091
29314500,True,Exposicao intermediaria TSB,0.6944,2029,2029.2420,20291,2091
29314800,True,Exposicao intermediaria TSB,0.6944,2029,2029.2420,20291,2091
29314911,True,Exposicao intermediaria TSB,0.6944,2029,2029.2420,20291,2091
29314913,True,Exposicao intermediaria TSB,0.6944,2029,2029.2420,20291,2091
29314914,False,Sem exposicao TSB direta,0.0,2051,2051.2225,,
29314915,True,Exposicao intermediaria TSB,0.6944,2029,2029.2420,20291,2091
29314939,True,Exposicao intermediaria TSB,0.6944,2029,2029.2420,20291,2091
29314990,True,Exposicao intermediaria TSB,0.6944,2029,2029.2420,20291,2091
29315400,True,Exposicao intermediaria TSB,0.6944,2029,2029.2420,20291,2091
29315912,True,Exposicao intermediaria TSB,0.6944,2029,2029.2420,20291,2091
29315999,True,Exposicao intermediaria TSB,0.6944,2029,2029.2420,20291,2091
29319029,True,Exposicao intermediaria TSB,0.6944,2029,2029.2420,20291,2091
29319044,True,Exposicao intermediaria TSB,0.6944,2029,2029.2420,20291,2091
29319046,True,Exposicao intermediaria TSB,0.6944,2029,2029.2420,20291,2091
29319049,True,Exposicao intermediaria TSB,0.6944,2029,2029.2420,20291,2091
29319051,True,Exposicao intermediaria TSB,0.6944,2029,2029.2420,20291,2091
29319059,True,Exposicao intermediaria TSB,0.6944,2029,2029.2420,20291,2091
29319061,True,Exposicao intermediaria TSB,0.6944,2029;2094,2029.2420;2094.2070,20291,2091
29319069,True,Exposicao intermediaria TSB,0.6944,2029,2029.2420,20291,2091
29319090,True,Exposicao intermediaria TSB,0.6944,2029,2029.2420,20291,2091
29321100,True,Exposicao intermediaria TSB,0.6944,2029,2029.2395,20291,2091
29321200,True,Exposicao intermediaria TSB,0.6944,2029,2029.2395,20291,2091
29321310,True,Exposicao intermediaria TSB,0.6944,2029,2029.2395,20291,2091
29321320,True,Exposicao intermediaria TSB,0.6944,2029,2029.2395,20291,2091
29321400,True,Exposicao intermediaria TSB,0.6944,2029,2029.2395,20291,2091
29321910,True,Exposicao intermediaria TSB,0.6944,2029,2029.2395,20291,2091
29321950,True,Exposicao intermediaria TSB,0.6944,2029,2029.2395,20291,2091
29321990,True,Exposicao intermediaria TSB,0.6944,2029,2029.2395,20291,2091
29322000,True,Exposicao intermediaria TSB,0.6944,2029;2051,2029.2695;2051.2215,20291,2091
29329300,True,Exposicao intermediaria TSB,0.6944,2029,2029.2395;2029.2695,20291,2091
29329500,True,Exposicao intermediaria TSB,0.6944,2029,2029.2395;2029.2695,20291,2091
29329600,True,Exposicao intermediaria TSB,0.6944,2029;2051,2029.2395;2051.2228,20291,2091
29329911,True,Exposicao intermediaria TSB,0.6944,2029,2029.2395;2029.2695,20291,2091
29329912,True,Exposicao intermediaria TSB,0.6944,2029,2029.2395;2029.2695,20291,2091
29329913,True,Exposicao intermediaria TSB,0.6944,2029,2029.2395;2029.2695,20291,2091
29329991,True,Exposicao intermediaria TSB,0.6944,2029,2029.2395;2029.2695,20291,2091
29329992,True,Exposicao intermediaria TSB,0.6944,2029,2029.2395;2029.2695,20291,2091
29329994,True,Exposicao intermediaria TSB,0.6944,2029,2029.2395;2029.2695,20291,2091
29329999,True,Exposicao intermediaria TSB,0.6944,2029,2029.2395;2029.2695,20291,2091
29331111,False,Sem exposicao TSB direta,0.0,2110,2110.2135,,
29331119,False,Sem exposicao TSB direta,0.0,2110,2110.2135,,
29331190,False,Sem exposicao TSB direta,0.0,2110,2110.2135,,
29331919,True,Exposicao intermediaria TSB,0.6944,2029;2110,2029.2400;2110.2135,20291,2091
29331990,True,Exposicao intermediaria TSB,0.6944,2029;2110,2029.2400;2110.2135,20291,2091
29332110,True,Exposicao intermediaria TSB,0.6944,2029;2110,2029.2400;2029.2695;2110.2135,20291,2091
29332121,True,Exposicao intermediaria TSB,0.6944,2029;2110,2029.2400;2029.2695;2110.2135,20291,2091
29332129,True,Exposicao intermediaria TSB,0.6944,2029;2110,2029.2400;2029.2695;2110.2135,20291,2091
29332190,True,Exposicao intermediaria TSB,0.6944,2029;2110,2029.2400;2029.2695;2110.2135,20291,2091
29332911,True,Exposicao intermediaria TSB,0.6944,2029;2110,2029.2400;2110.2135,20291,2091
29332912,True,Exposicao intermediaria TSB,0.6944,2029;2110,2029.2400;2110.2077,20291,2091
29332913,True,Exposicao intermediaria TSB,0.6944,2029,2029.2400,20291,2091
29332919,True,Exposicao intermediaria TSB,0.6944,2029,2029.2400,20291,2091
29332921,True,Exposicao intermediaria TSB,0.6944,2029;2110,2029.2400;2110.2135,20291,2091
29332922,True,Exposicao intermediaria TSB,0.6944,2029;2110,2029.2400;2110.2135,20291,2091
29332923,True,Exposicao intermediaria TSB,0.6944,2029;2110,2029.2400;2110.2135,20291,2091
29332924,True,Exposicao intermediaria TSB,0.6944,2029;2110,2029.2400;2110.2135,20291,2091
29332925,True,Exposicao intermediaria TSB,0.6944,2029;2110,2029.2400;2110.2135,20291,2091
29332929,True,Exposicao intermediaria TSB,0.6944,2029;2110,2029.2400;2110.2135,20291,2091
29332930,True,Exposicao intermediaria TSB,0.6944,2029;2110,2029.2400;2110.2135,20291,2091
29332991,True,Exposicao intermediaria TSB,0.6944,2029,2029.2400,20291,2091
29332992,True,Exposicao intermediaria TSB,0.6944,2029,2029.2400,20291,2091
29332993,True,Exposicao intermediaria TSB,0.6944,2029,2029.2400,20291,2091
29332999,True,Exposicao intermediaria TSB,0.6944,2029,2029.2400,20291,2091
29333110,True,Exposicao intermediaria TSB,0.6944,2029;2110,2029.2860;2110.2135,20291,2091
29333120,True,Exposicao intermediaria TSB,0.6944,2029;2110,2029.2860;2110.2135,20291,2091
29333200,True,Exposicao intermediaria TSB,0.6944,2029;2110,2029.2860;2110.2135,20291,2091
29333322,True,Exposicao intermediaria TSB,0.6944,2029;2110,2029.2860;2110.2135,20291,2091
29333329,True,Exposicao intermediaria TSB,0.6944,2029;2110,2029.2860;2110.2135,20291,2091
29333369,True,Exposicao intermediaria TSB,0.6944,2029;2110,2029.2860;2110.2135,20291,2091
29333379,True,Exposicao intermediaria TSB,0.6944,2029;2110,2029.2860;2110.2135,20291,2091
29333389,True,Exposicao intermediaria TSB,0.6944,2029;2110,2029.2860;2110.2135,20291,2091
29333399,True,Exposicao intermediaria TSB,0.6944,2029;2110,2029.2860;2110.2135,20291,2091
29333912,True,Exposicao intermediaria TSB,0.6944,2029;2110,2029.2860;2110.2135,20291,2091
29333914,True,Exposicao intermediaria TSB,0.6944,2029;2110,2029.2860;2110.2135,20291,2091
29333915,True,Exposicao intermediaria TSB,0.6944,2029;2110,2029.2860;2110.2135,20291,2091
29333919,True,Exposicao intermediaria TSB,0.6944,2029;2110,2029.2860;2110.2135,20291,2091
29333921,True,Exposicao intermediaria TSB,0.6944,2029;2051;2110,2029.2860;2051.2225;2110.2135,20291,2091
29333922,True,Exposicao intermediaria TSB,0.6944,2029;2051;2110,2029.2860;2051.2228;2110.2135,20291,2091
29333924,True,Exposicao intermediaria TSB,0.6944,2029;2110,2029.2860;2110.2135,20291,2091
29333925,True,Exposicao intermediaria TSB,0.6944,2029;2110,2029.2860;2110.2135,20291,2091
29333929,True,Exposicao intermediaria TSB,0.6944,2029;2110,2029.2860;2110.2135,20291,2091
29333932,True,Exposicao intermediaria TSB,0.6944,2029;2110,2029.2860;2110.2135,20291,2091
29333933,True,Exposicao intermediaria TSB,0.6944,2029;2110,2029.2860;2110.2135,20291,2091
29333934,True,Exposicao intermediaria TSB,0.6944,2029;2110,2029.2860;2110.2135,20291,2091
29333935,True,Exposicao intermediaria TSB,0.6944,2029;2051;2110,2029.2860;2051.2225;2110.2135,20291,2091
29333939,True,Exposicao intermediaria TSB,0.6944,2029;2110,2029.2860;2110.2135,20291,2091
29333943,True,Exposicao intermediaria TSB,0.6944,2029;2110,2029.2860;2110.2135,20291,2091
29333944,True,Exposicao intermediaria TSB,0.6944,2029;2110,2029.2860;2110.2135,20291,2091
29333945,True,Exposicao intermediaria TSB,0.6944,2029;2110,2029.2860;2110.2135,20291,2091
29333946,True,Exposicao intermediaria TSB,0.6944,2029;2110,2029.2860;2110.2135,20291,2091
29333948,True,Exposicao intermediaria TSB,0.6944,2029;2110,2029.2860;2110.2135,20291,2091
29333949,True,Exposicao intermediaria TSB,0.6944,2029;2110,2029.2860;2110.2135,20291,2091
29333981,True,Exposicao intermediaria TSB,0.6944,2029;2110,2029.2860;2110.2135,20291,2091
29333982,True,Exposicao intermediaria TSB,0.6944,2029;2110,2029.2860;2110.2135,20291,2091
29333983,True,Exposicao intermediaria TSB,0.6944,2029;2110,2029.2860;2110.2135,20291,2091
29333984,True,Exposicao intermediaria TSB,0.6944,2029;2051;2110,2029.2860;2051.2225;2110.2135,20291,2091
29333989,True,Exposicao intermediaria TSB,0.6944,2029;2110,2029.2860;2110.2135,20291,2091
29333991,True,Exposicao intermediaria TSB,0.6944,2029;2110,2029.2860;2110.2135,20291,2091
29333992,True,Exposicao intermediaria TSB,0.6944,2029;2110,2029.2860;2110.2135,20291,2091
29333999,True,Exposicao intermediaria TSB,0.6944,2029;2110,2029.2860;2110.2135,20291,2091
29334911,True,Exposicao intermediaria TSB,0.6944,2029;2110,2029.2400;2110.2135,20291,2091
29334919,True,Exposicao intermediaria TSB,0.6944,2029;2110,2029.2400;2110.2135,20291,2091
29334990,True,Exposicao intermediaria TSB,0.6944,2029;2110,2029.2400;2110.2135,20291,2091
29335200,False,Sem exposicao TSB direta,0.0,2110,2110.2135,,
29335340,False,Sem exposicao TSB direta,0.0,2110,2110.2135,,
29335380,False,Sem exposicao TSB direta,0.0,2110,2110.2135,,
29335400,False,Sem exposicao TSB direta,0.0,2110,2110.2135,,
29335912,False,Sem exposicao TSB direta,0.0,2110,2110.2135,,
29335913,False,Sem exposicao TSB direta,0.0,2110,2110.2135,,
29335914,False,Sem exposicao TSB direta,0.0,2110,2110.2135,,
29335915,False,Sem exposicao TSB direta,0.0,2110,2110.2135,,
29335916,False,Sem exposicao TSB direta,0.0,2110,2110.2135,,
29335919,False,Sem exposicao TSB direta,0.0,2110,2110.2135,,
29335923,False,Sem exposicao TSB direta,0.0,2110,2110.2135,,
29335929,False,Sem exposicao TSB direta,0.0,2110,2110.2135,,
29335931,False,Sem exposicao TSB direta,0.0,2110,2110.2135,,
29335932,False,Sem exposicao TSB direta,0.0,2110,2110.2135,,
29335934,False,Sem exposicao TSB direta,0.0,2110,2110.2135,,
29335935,False,Sem exposicao TSB direta,0.0,2110,2110.2135,,
29335939,False,Sem exposicao TSB direta,0.0,2110,2110.2135,,
29335941,False,Sem exposicao TSB direta,0.0,2110,2110.2135,,
29335942,False,Sem exposicao TSB direta,0.0,2110,2110.2135,,
29335943,False,Sem exposicao TSB direta,0.0,2110,2110.2135,,
29335944,False,Sem exposicao TSB direta,0.0,2110,2110.2135,,
29335949,False,Sem exposicao TSB direta,0.0,2110,2110.2135,,
29335991,False,Sem exposicao TSB direta,0.0,2110,2110.2135,,
29335992,False,Sem exposicao TSB direta,0.0,2110,2110.2135,,
29335999,False,Sem exposicao TSB direta,0.0,2110,2110.2135,,
29336100,True,Exposicao intermediaria TSB,0.6944,2022;2110,2022.2360;2110.2135,20223,2091
29336911,True,Exposicao intermediaria TSB,0.6944,2029;2110,2029.2695;2110.2135,20291,2091
29336913,True,Exposicao intermediaria TSB,0.6944,2029;2110,2029.2695;2110.2135,20291,2091
29336914,True,Exposicao intermediaria TSB,0.6944,2029;2110,2029.2695;2110.2135,20291,2091
29336919,True,Exposicao intermediaria TSB,0.6944,2029;2110,2029.2695;2110.2135,20291,2091
29336921,True,Exposicao intermediaria TSB,0.6944,2029;2110,2029.2695;2110.2135,20291,2091
29336922,True,Exposicao intermediaria TSB,0.6944,2029;2110,2029.2695;2110.2135,20291,2091
29336923,True,Exposicao intermediaria TSB,0.6944,2029;2110,2029.2695;2110.2135,20291,2091
29336929,True,Exposicao intermediaria TSB,0.6944,2029;2110,2029.2695;2110.2135,20291,2091
29336991,True,Exposicao intermediaria TSB,0.6944,2029;2110,2029.2695;2110.2135,20291,2091
29336992,True,Exposicao intermediaria TSB,0.6944,2029;2110,2029.2695;2110.2135,20291,2091
29336999,True,Exposicao intermediaria TSB,0.6944,2029;2110,2029.2695;2110.2135,20291,2091
29337100,True,Exposicao intermediaria TSB,0.6944,2022;2029;2110,2022.2060;2029.2400;2110.2135,20223;20291,2091
29337210,True,Exposicao intermediaria TSB,0.6944,2029;2110,2029.2400;2110.2135,20291,2091
29337910,True,Exposicao intermediaria TSB,0.6944,2029;2110,2029.2400;2110.2135,20291,2091
29337990,True,Exposicao intermediaria TSB,0.6944,2029;2110,2029.2400;2110.2135,20291,2091
29339111,True,Exposicao intermediaria TSB,0.6944,2029;2110,2029.2400;2110.2135,20291,2091
29339113,True,Exposicao intermediaria TSB,0.6944,2029;2110,2029.2400;2110.2135,20291,2091
29339119,True,Exposicao intermediaria TSB,0.6944,2029;2110,2029.2400;2110.2135,20291,2091
29339122,True,Exposicao intermediaria TSB,0.6944,2029;2110,2029.2400;2110.2135,20291,2091
29339129,True,Exposicao intermediaria TSB,0.6944,2029;2110,2029.2400;2110.2135,20291,2091
29339132,True,Exposicao intermediaria TSB,0.6944,2029;2110,2029.2400;2110.2135,20291,2091
29339142,True,Exposicao intermediaria TSB,0.6944,2029;2110,2029.2400;2110.2135,20291,2091
29339149,True,Exposicao intermediaria TSB,0.6944,2029;2110,2029.2400;2110.2135,20291,2091
29339153,True,Exposicao intermediaria TSB,0.6944,2029;2110,2029.2400;2110.2135,20291,2091
29339159,True,Exposicao intermediaria TSB,0.6944,2029;2110,2029.2400;2110.2135,20291,2091
29339162,True,Exposicao intermediaria TSB,0.6944,2029;2110,2029.2400;2110.2135,20291,2091
29339163,True,Exposicao intermediaria TSB,0.6944,2029;2110,2029.2400;2110.2135,20291,2091
29339183,True,Exposicao intermediaria TSB,0.6944,2029;2110,2029.2400;2110.2135,20291,2091
29339189,True,Exposicao intermediaria TSB,0.6944,2029;2110,2029.2400;2110.2135,20291,2091
29339200,True,Exposicao intermediaria TSB,0.6944,2029;2110,2029.2400;2110.2135,20291,2091
29339911,True,Exposicao intermediaria TSB,0.6944,2029;2110,2029.2400;2110.2135,20291,2091
29339912,True,Exposicao intermediaria TSB,0.6944,2029;2110,2029.2400;2110.2135,20291,2091
29339919,True,Exposicao intermediaria TSB,0.6944,2029;2110,2029.2400;2110.2135,20291,2091
29339920,True,Exposicao intermediaria TSB,0.6944,2029;2110,2029.2400;2110.2135,20291,2091
29339932,True,Exposicao intermediaria TSB,0.6944,2029;2110,2029.2400;2110.2135,20291,2091
29339933,True,Exposicao intermediaria TSB,0.6944,2029;2110,2029.2400;2110.2135,20291,2091
29339934,True,Exposicao intermediaria TSB,0.6944,2029;2110,2029.2400;2110.2135,20291,2091
29339939,True,Exposicao intermediaria TSB,0.6944,2029;2110,2029.2400;2110.2135,20291,2091
29339941,True,Exposicao intermediaria TSB,0.6944,2029;2110,2029.2400;2110.2135,20291,2091
29339942,True,Exposicao intermediaria TSB,0.6944,2029;2110,2029.2400;2110.2135,20291,2091
29339946,True,Exposicao intermediaria TSB,0.6944,2029;2110,2029.2400;2110.2135,20291,2091
29339947,True,Exposicao intermediaria TSB,0.6944,2029;2110,2029.2400;2110.2135,20291,2091
29339949,True,Exposicao intermediaria TSB,0.6944,2029;2110,2029.2400;2110.2135,20291,2091
29339952,True,Exposicao intermediaria TSB,0.6944,2029;2110,2029.2400;2110.2135,20291,2091
29339953,True,Exposicao intermediaria TSB,0.6944,2029;2110,2029.2400;2110.2135,20291,2091
29339954,True,Exposicao intermediaria TSB,0.6944,2029;2110,2029.2400;2110.2135,20291,2091
29339955,True,Exposicao intermediaria TSB,0.6944,2029;2110,2029.2400;2110.2135,20291,2091
29339956,True,Exposicao intermediaria TSB,0.6944,2029;2110,2029.2400;2110.2135,20291,2091
29339959,True,Exposicao intermediaria TSB,0.6944,2029;2110,2029.2400;2110.2135,20291,2091
29339961,True,Exposicao intermediaria TSB,0.6944,2029;2051;2110,2029.2400;2051.2220;2110.2135,20291,2091
29339969,True,Exposicao intermediaria TSB,0.6944,2029;2110,2029.2370;2029.2400;2110.2135,20291,2091
29339992,True,Exposicao intermediaria TSB,0.6944,2029;2110,2029.2400;2110.2135,20291,2091
29339993,True,Exposicao intermediaria TSB,0.6944,2029;2110,2029.2400;2110.2135,20291,2091
29339995,True,Exposicao intermediaria TSB,0.6944,2029;2110,2029.2400;2110.2135,20291,2091
29339996,True,Exposicao intermediaria TSB,0.6944,2029;2110,2029.2400;2110.2135,20291,2091
29339999,True,Exposicao intermediaria TSB,0.6944,2029;2051;2110,2029.2400;2051.2220;2110.2135,20291,2091
29341030,True,Exposicao intermediaria TSB,0.6944,2029;2110,2029.2140;2110.2023,20291,2091
29341090,True,Exposicao intermediaria TSB,0.6944,2029;2110,2029.2140;2110.2023,20291,2091
29342010,True,Exposicao intermediaria TSB,0.6944,2029;2110,2029.2140;2110.2023,20291,2091
29342020,True,Exposicao intermediaria TSB,0.6944,2029;2110,2029.2140;2110.2023,20291,2091
29342031,True,Exposicao intermediaria TSB,0.6944,2029;2110,2029.2140;2110.2023,20291,2091
29342032,True,Exposicao intermediaria TSB,0.6944,2029;2110,2029.2140;2110.2023,20291,2091
29342033,True,Exposicao intermediaria TSB,0.6944,2029;2110,2029.2140;2110.2023,20291,2091
29342034,True,Exposicao intermediaria TSB,0.6944,2029;2110,2029.2140;2110.2023,20291,2091
29342039,True,Exposicao intermediaria TSB,0.6944,2029;2110,2029.2140;2110.2023,20291,2091
29342040,True,Exposicao intermediaria TSB,0.6944,2029;2110,2029.2140;2110.2023,20291,2091
29342090,True,Exposicao intermediaria TSB,0.6944,2029;2110,2029.2140;2110.2023,20291,2091
29343010,False,Sem exposicao TSB direta,0.0,2110,2110.2023,,
29343030,False,Sem exposicao TSB direta,0.0,2110,2110.2023,,
29343090,False,Sem exposicao TSB direta,0.0,2110,2110.2023,,
29349129,True,Exposicao intermediaria TSB,0.6944,2029;2110,2029.2140;2110.2023,20291,2091
29349170,True,Exposicao intermediaria TSB,0.6944,2029;2110,2029.2140;2110.2023,20291,2091
29349200,True,Exposicao intermediaria TSB,0.6944,2029;2110,2029.2140;2110.2023,20291,2091
29349911,True,Exposicao intermediaria TSB,0.6944,2029;2110,2029.2140;2110.2023,20291,2091
29349914,True,Exposicao intermediaria TSB,0.6944,2029;2110,2029.2140;2110.2023,20291,2091
29349915,True,Exposicao intermediaria TSB,0.6944,2029;2110,2029.2140;2110.2023,20291,2091
29349919,True,Exposicao intermediaria TSB,0.6944,2029;2110,2029.2140;2110.2023,20291,2091
29349922,False,Sem exposicao TSB direta,0.0,2110,2110.2023,,
29349923,True,Exposicao intermediaria TSB,0.6944,2029;2110,2029.2140;2110.2023,20291,2091
29349924,True,Exposicao intermediaria TSB,0.6944,2029;2110,2029.2140;2110.2023,20291,2091
29349925,True,Exposicao intermediaria TSB,0.6944,2029;2110,2029.2140;2110.2023,20291,2091
29349926,True,Exposicao intermediaria TSB,0.6944,2029;2110,2029.2140;2110.2023,20291,2091
29349929,True,Exposicao intermediaria TSB,0.6944,2029;2110,2029.2140;2110.2023,20291,2091
29349931,True,Exposicao intermediaria TSB,0.6944,2029;2110,2029.2140;2110.2023,20291,2091
29349932,True,Exposicao intermediaria TSB,0.6944,2029;2110,2029.2140;2110.2023,20291,2091
29349934,True,Exposicao intermediaria TSB,0.6944,2029;2110,2029.2140;2110.2023,20291,2091
29349935,True,Exposicao intermediaria TSB,0.6944,2029;2110,2029.2140;2110.2023,20291,2091
29349939,True,Exposicao intermediaria TSB,0.6944,2029;2110,2029.2140;2110.2023,20291,2091
29349941,True,Exposicao intermediaria TSB,0.6944,2029;2110,2029.2140;2110.2023,20291,2091
29349942,True,Exposicao intermediaria TSB,0.6944,2029;2110,2029.2140;2110.2023,20291,2091
29349943,True,Exposicao intermediaria TSB,0.6944,2029;2110,2029.2140;2110.2023,20291,2091
29349944,False,Sem exposicao TSB direta,0.0,2110,2110.2023,,
29349949,True,Exposicao intermediaria TSB,0.6944,2029;2110,2029.2140;2110.2023,20291,2091
29349951,False,Sem exposicao TSB direta,0.0,2051;2110,2051.2225;2110.2023,,
29349953,True,Exposicao intermediaria TSB,0.6944,2029;2110,2029.2140;2110.2023,20291,2091
29349954,True,Exposicao intermediaria TSB,0.6944,2029;2110,2029.2140;2110.2023,20291,2091
29349959,True,Exposicao intermediaria TSB,0.6944,2029;2110,2029.2140;2110.2023,20291,2091
29349961,True,Exposicao intermediaria TSB,0.6944,2029;2110,2029.2140;2110.2023,20291,2091
29349969,True,Exposicao intermediaria TSB,0.6944,2029;2110,2029.2140;2110.2023,20291,2091
29349991,True,Exposicao intermediaria TSB,0.6944,2029;2110,2029.2140;2110.2023,20291,2091
29349992,True,Exposicao intermediaria TSB,0.6944,2029;2110,2029.2140;2110.2023,20291,2091
29349993,True,Exposicao intermediaria TSB,0.6944,2029;2110,2029.2140;2110.2023,20291,2091
29349999,True,Exposicao intermediaria TSB,0.6944,2029;2110,2029.2140;2110.2023,20291,2091
29351000,False,Sem exposicao TSB direta,0.0,2110,2110.2077;2110.2300,,
29353000,False,Sem exposicao TSB direta,0.0,2110,2110.2077;2110.2300,,
29359011,False,Sem exposicao TSB direta,0.0,2110,2110.2077;2110.2300,,
29359012,False,Sem exposicao TSB direta,0.0,2110,2110.2077;2110.2300,,
29359013,False,Sem exposicao TSB direta,0.0,2110,2110.2077;2110.2300,,
29359015,False,Sem exposicao TSB direta,0.0,2110,2110.2077;2110.2300,,
29359019,False,Sem exposicao TSB direta,0.0,2110,2110.2077;2110.2300,,
29359021,False,Sem exposicao TSB direta,0.0,2110,2110.2077;2110.2300,,
29359023,False,Sem exposicao TSB direta,0.0,2110,2110.2077;2110.2300,,
29359024,False,Sem exposicao TSB direta,0.0,2110,2110.2077;2110.2300,,
29359025,False,Sem exposicao TSB direta,0.0,2110,2110.2077;2110.2300,,
29359029,False,Sem exposicao TSB direta,0.0,2110,2110.2077;2110.2300,,
29359091,False,Sem exposicao TSB direta,0.0,2110,2110.2077;2110.2300,,
29359092,False,Sem exposicao TSB direta,0.0,2110,2110.2077;2110.2300,,
29359093,False,Sem exposicao TSB direta,0.0,2110,2110.2077;2110.2300,,
29359094,False,Sem exposicao TSB direta,0.0,2110,2110.2077;2110.2300,,
29359095,False,Sem exposicao TSB direta,0.0,2110,2110.2077;2110.2300,,
29359096,False,Sem exposicao TSB direta,0.0,2110,2110.2077;2110.2300,,
29359099,False,Sem exposicao TSB direta,0.0,2110,2110.2077;2110.2300,,
29362111,False,Sem exposicao TSB direta,0.0,2110,2110.2260,,
29362112,False,Sem exposicao TSB direta,0.0,2110,2110.2260,,
29362113,False,Sem exposicao TSB direta,0.0,2110,2110.2260,,
29362119,False,Sem exposicao TSB direta,0.0,2110,2110.2260,,
29362190,False,Sem exposicao TSB direta,0.0,2110,2110.2260,,
29362210,False,Sem exposicao TSB direta,0.0,2110,2110.2260,,
29362220,False,Sem exposicao TSB direta,0.0,2110,2110.2260,,
29362290,False,Sem exposicao TSB direta,0.0,2110,2110.2260,,
29362310,False,Sem exposicao TSB direta,0.0,2110,2110.2260,,
29362320,False,Sem exposicao TSB direta,0.0,2110,2110.2260,,
29362390,False,Sem exposicao TSB direta,0.0,2110,2110.2260,,
29362410,False,Sem exposicao TSB direta,0.0,2110,2110.2260,,
29362490,False,Sem exposicao TSB direta,0.0,2110,2110.2260,,
29362510,False,Sem exposicao TSB direta,0.0,2110,2110.2260,,
29362520,False,Sem exposicao TSB direta,0.0,2110,2110.2260,,
29362590,False,Sem exposicao TSB direta,0.0,2110,2110.2260,,
29362610,False,Sem exposicao TSB direta,0.0,2110,2110.2260,,
29362620,False,Sem exposicao TSB direta,0.0,2110,2110.2260,,
29362630,False,Sem exposicao TSB direta,0.0,2110,2110.2260,,
29362690,False,Sem exposicao TSB direta,0.0,2110,2110.2260,,
29362710,False,Sem exposicao TSB direta,0.0,2110,2110.2260,,
29362720,False,Sem exposicao TSB direta,0.0,2110,2110.2260,,
29362790,False,Sem exposicao TSB direta,0.0,2110,2110.2260,,
29362811,False,Sem exposicao TSB direta,0.0,2110,2110.2260,,
29362812,False,Sem exposicao TSB direta,0.0,2110,2110.2260,,
29362819,False,Sem exposicao TSB direta,0.0,2110,2110.2260,,
29362890,False,Sem exposicao TSB direta,0.0,2110,2110.2260,,
29362911,False,Sem exposicao TSB direta,0.0,2110,2110.2260,,
29362919,False,Sem exposicao TSB direta,0.0,2110,2110.2260,,
29362921,False,Sem exposicao TSB direta,0.0,2110,2110.2260,,
29362929,False,Sem exposicao TSB direta,0.0,2110,2110.2260,,
29362931,False,Sem exposicao TSB direta,0.0,2110,2110.2260,,
29362939,False,Sem exposicao TSB direta,0.0,2110,2110.2260,,
29362940,False,Sem exposicao TSB direta,0.0,2110,2110.2260,,
29362951,False,Sem exposicao TSB direta,0.0,2110,2110.2260,,
29362952,False,Sem exposicao TSB direta,0.0,2110,2110.2260,,
29362959,False,Sem exposicao TSB direta,0.0,2110,2110.2260,,
29362990,False,Sem exposicao TSB direta,0.0,2110,2110.2260,,
29369000,False,Sem exposicao TSB direta,0.0,2110,2110.2260,,
29371100,False,Sem exposicao TSB direta,0.0,2110,2110.2215,,
29371200,False,Sem exposicao TSB direta,0.0,2110,2110.2215,,
29371920,False,Sem exposicao TSB direta,0.0,2110,2110.2215,,
29371930,False,Sem exposicao TSB direta,0.0,2110,2110.2215,,
29371940,False,Sem exposicao TSB direta,0.0,2110,2110.2215,,
29371950,False,Sem exposicao TSB direta,0.0,2110,2110.2215,,
29371990,False,Sem exposicao TSB direta,0.0,2110,2110.2215,,
29372110,False,Sem exposicao TSB direta,0.0,2110,2110.2215,,
29372120,False,Sem exposicao TSB direta,0.0,2110,2110.2215,,
29372130,False,Sem exposicao TSB direta,0.0,2110,2110.2215,,
29372140,False,Sem exposicao TSB direta,0.0,2110,2110.2215,,
29372210,False,Sem exposicao TSB direta,0.0,2110,2110.2215,,
29372221,False,Sem exposicao TSB direta,0.0,2110,2110.2215,,
29372229,False,Sem exposicao TSB direta,0.0,2110,2110.2215,,
29372290,False,Sem exposicao TSB direta,0.0,2110,2110.2215,,
29372310,False,Sem exposicao TSB direta,0.0,2110,2110.2215,,
29372321,False,Sem exposicao TSB direta,0.0,2110,2110.2215,,
29372322,False,Sem exposicao TSB direta,0.0,2110,2110.2215,,
29372329,False,Sem exposicao TSB direta,0.0,2110,2110.2215,,
29372331,False,Sem exposicao TSB direta,0.0,2110,2110.2215,,
29372339,False,Sem exposicao TSB direta,0.0,2110,2110.2215,,
29372349,False,Sem exposicao TSB direta,0.0,2110,2110.2215,,
29372360,False,Sem exposicao TSB direta,0.0,2110,2110.2215,,
29372370,False,Sem exposicao TSB direta,0.0,2110,2110.2215,,
29372392,False,Sem exposicao TSB direta,0.0,2110,2110.2215,,
29372399,False,Sem exposicao TSB direta,0.0,2110,2110.2215,,
29372910,False,Sem exposicao TSB direta,0.0,2110,2110.2215,,
29372920,False,Sem exposicao TSB direta,0.0,2110,2110.2215,,
29372931,False,Sem exposicao TSB direta,0.0,2110,2110.2215,,
29372939,False,Sem exposicao TSB direta,0.0,2110,2110.2215,,
29372940,False,Sem exposicao TSB direta,0.0,2110,2110.2215,,
29372950,False,Sem exposicao TSB direta,0.0,2110,2110.2215,,
29372960,False,Sem exposicao TSB direta,0.0,2110,2110.2215,,
29372990,False,Sem exposicao TSB direta,0.0,2110,2110.2215,,
29375000,False,Sem exposicao TSB direta,0.0,2110,2110.2215,,
29379030,False,Sem exposicao TSB direta,0.0,2110,2110.2215,,
29379040,False,Sem exposicao TSB direta,0.0,2110,2110.2215,,
29379090,False,Sem exposicao TSB direta,0.0,2110,2110.2215,,
29381000,False,Sem exposicao TSB direta,0.0,2110,2110.2275,,
29389020,False,Sem exposicao TSB direta,0.0,2110,2110.2275,,
29389090,False,Sem exposicao TSB direta,0.0,1099;2110,1099.2010;1099.2020;2110.2275,,
29391121,False,Sem exposicao TSB direta,0.0,2110,2110.2050,,
29391122,False,Sem exposicao TSB direta,0.0,2110,2110.2050,,
29391152,False,Sem exposicao TSB direta,0.0,2110,2110.2050,,
29391153,False,Sem exposicao TSB direta,0.0,2110,2110.2050,,
29391162,False,Sem exposicao TSB direta,0.0,2110,2110.2050,,
29391169,False,Sem exposicao TSB direta,0.0,2110,2110.2050,,
29391181,False,Sem exposicao TSB direta,0.0,2110,2110.2050,,
29391182,False,Sem exposicao TSB direta,0.0,2110,2110.2050,,
29391900,False,Sem exposicao TSB direta,0.0,2110,2110.2050,,
29392000,False,Sem exposicao TSB direta,0.0,2110,2110.2050,,
29393010,False,Sem exposicao TSB direta,0.0,2110,2110.2050,,
29393020,False,Sem exposicao TSB direta,0.0,2110,2110.2050,,
29394100,False,Sem exposicao TSB direta,0.0,2110,2110.2050,,
29394200,False,Sem exposicao TSB direta,0.0,2110,2110.2050,,
29394300,False,Sem exposicao TSB direta,0.0,2110,2110.2050,,
29394400,False,Sem exposicao TSB direta,0.0,2110,2110.2050,,
29394510,False,Sem exposicao TSB direta,0.0,2110,2110.2050,,
29394520,False,Sem exposicao TSB direta,0.0,2110,2110.2050,,
29394900,False,Sem exposicao TSB direta,0.0,2110,2110.2050,,
29395910,False,Sem exposicao TSB direta,0.0,2110,2110.2050,,
29395920,False,Sem exposicao TSB direta,0.0,2110,2110.2050,,
29395990,False,Sem exposicao TSB direta,0.0,2110,2110.2050,,
29396911,False,Sem exposicao TSB direta,0.0,2110,2110.2050,,
29396921,False,Sem exposicao TSB direta,0.0,2110,2110.2050,,
29396952,False,Sem exposicao TSB direta,0.0,2110,2110.2050,,
29396990,False,Sem exposicao TSB direta,0.0,2110,2110.2050,,
29397210,False,Sem exposicao TSB direta,0.0,2110,2110.2050,,
29397290,False,Sem exposicao TSB direta,0.0,2110,2110.2050,,
29397911,False,Sem exposicao TSB direta,0.0,2110,2110.2050,,
29397919,False,Sem exposicao TSB direta,0.0,2110,2110.2050,,
29397920,False,Sem exposicao TSB direta,0.0,2110,2110.2050,,
29397931,False,Sem exposicao TSB direta,0.0,2110,2110.2050,,
29397940,False,Sem exposicao TSB direta,0.0,2110,2110.2050,,
29397990,False,Sem exposicao TSB direta,0.0,2110,2110.2050,,
29398090,False,Sem exposicao TSB direta,0.0,2110,2110.2050,,
29400011,False,Sem exposicao TSB direta,0.0,2110,2110.2040,,
29400012,False,Sem exposicao TSB direta,0.0,2110,2110.2040,,
29400013,False,Sem exposicao TSB direta,0.0,2110,2110.2040,,
29400019,False,Sem exposicao TSB direta,0.0,2110,2110.2040,,
29400021,False,Sem exposicao TSB direta,0.0,2110,2110.2040,,
29400023,False,Sem exposicao TSB direta,0.0,2110,2110.2040,,
29400029,False,Sem exposicao TSB direta,0.0,2110,2110.2040,,
29400092,False,Sem exposicao TSB direta,0.0,2110,2110.2040,,
29400093,False,Sem exposicao TSB direta,0.0,2110,2110.2040,,
29400099,False,Sem exposicao TSB direta,0.0,2110,2110.2040,,
29411010,False,Sem exposicao TSB direta,0.0,2110,2110.2077,,
29411020,False,Sem exposicao TSB direta,0.0,2110,2110.2077,,
29411031,False,Sem exposicao TSB direta,0.0,2110,2110.2077,,
29411039,False,Sem exposicao TSB direta,0.0,2110,2110.2077,,
29411041,False,Sem exposicao TSB direta,0.0,2110,2110.2077,,
29411042,False,Sem exposicao TSB direta,0.0,2110,2110.2077,,
29411043,False,Sem exposicao TSB direta,0.0,2110,2110.2077,,
29411049,False,Sem exposicao TSB direta,0.0,2110,2110.2077,,
29411090,False,Sem exposicao TSB direta,0.0,2110,2110.2077,,
29412010,False,Sem exposicao TSB direta,0.0,2110,2110.2077,,
29412090,False,Sem exposicao TSB direta,0.0,2110,2110.2077,,
29413010,False,Sem exposicao TSB direta,0.0,2110,2110.2077,,
29413020,False,Sem exposicao TSB direta,0.0,2110,2110.2077,,
29413032,False,Sem exposicao TSB direta,0.0,2110,2110.2077,,
29413090,False,Sem exposicao TSB direta,0.0,2110,2110.2077,,
29414011,False,Sem exposicao TSB direta,0.0,2110,2110.2077,,
29414020,False,Sem exposicao TSB direta,0.0,2110,2110.2077,,
29414090,False,Sem exposicao TSB direta,0.0,2110,2110.2077,,
29415010,False,Sem exposicao TSB direta,0.0,2110,2110.2077,,
29415020,False,Sem exposicao TSB direta,0.0,2110,2110.2077,,
29415090,False,Sem exposicao TSB direta,0.0,2110,2110.2077,,
29419011,False,Sem exposicao TSB direta,0.0,2110,2110.2077,,
29419012,False,Sem exposicao TSB direta,0.0,2110,2110.2077,,
29419013,False,Sem exposicao TSB direta,0.0,2110,2110.2077,,
29419019,False,Sem exposicao TSB direta,0.0,2110,2110.2077,,
29419021,False,Sem exposicao TSB direta,0.0,2110,2110.2077,,
29419022,False,Sem exposicao TSB direta,0.0,2110,2110.2077,,
29419029,False,Sem exposicao TSB direta,0.0,2110,2110.2077,,
29419031,False,Sem exposicao TSB direta,0.0,2110,2110.2077,,
29419032,False,Sem exposicao TSB direta,0.0,2110,2110.2077,,
29419033,False,Sem exposicao TSB direta,0.0,2110,2110.2077,,
29419034,False,Sem exposicao TSB direta,0.0,2110,2110.2077,,
29419035,False,Sem exposicao TSB direta,0.0,2110,2110.2077,,
29419036,False,Sem exposicao TSB direta,0.0,2110,2110.2077,,
29419039,False,Sem exposicao TSB direta,0.0,2110,2110.2077,,
29419041,False,Sem exposicao TSB direta,0.0,2110,2110.2077,,
29419043,False,Sem exposicao TSB direta,0.0,2110,2110.2077,,
29419049,False,Sem exposicao TSB direta,0.0,2110,2110.2077,,
29419059,False,Sem exposicao TSB direta,0.0,2110,2110.2077,,
29419061,False,Sem exposicao TSB direta,0.0,2110,2110.2077,,
29419062,False,Sem exposicao TSB direta,0.0,2110,2110.2077,,
29419069,False,Sem exposicao TSB direta,0.0,2110,2110.2077,,
29419071,False,Sem exposicao TSB direta,0.0,2110,2110.2077,,
29419072,False,Sem exposicao TSB direta,0.0,2110,2110.2077,,
29419073,False,Sem exposicao TSB direta,0.0,2110,2110.2077,,
29419079,False,Sem exposicao TSB direta,0.0,2110,2110.2077,,
29419081,False,Sem exposicao TSB direta,0.0,2110,2110.2077,,
29419082,False,Sem exposicao TSB direta,0.0,2110,2110.2077,,
29419083,False,Sem exposicao TSB direta,0.0,2110,2110.2077,,
29419089,False,Sem exposicao TSB direta,0.0,2110,2110.2077,,
29419091,False,Sem exposicao TSB direta,0.0,2110,2110.2077,,
29419092,False,Sem exposicao TSB direta,0.0,2110,2110.2077,,
29419099,False,Sem exposicao TSB direta,0.0,2110,2110.2077,,
29420000,True,Exposicao intermediaria TSB,0.6944,2029,2029.2880,20291,2091
30012010,False,Sem exposicao TSB direta,0.0,2110,2110.2290,,
30012090,False,Sem exposicao TSB direta,0.0,2110,2110.2290,,
30019010,False,Sem exposicao TSB direta,0.0,2110,2110.2290,,
30019020,False,Sem exposicao TSB direta,0.0,2110,2110.2290,,
30019039,False,Sem exposicao TSB direta,0.0,2110,2110.2290,,
30019090,False,Sem exposicao TSB direta,0.0,2110,2110.2290,,
30021211,False,Sem exposicao TSB direta,0.0,2121;2122,2121.2400;2122.2260,,
30021212,False,Sem exposicao TSB direta,0.0,2121;2122,2121.2400;2122.2260,,
30021215,False,Sem exposicao TSB direta,0.0,2121;2122,2121.2400;2122.2260,,
30021219,False,Sem exposicao TSB direta,0.0,2121;2122,2121.2400;2122.2260,,
30021222,False,Sem exposicao TSB direta,0.0,2121;2122,2121.2400;2122.2260,,
30021223,False,Sem exposicao TSB direta,0.0,2121;2122,2121.2400;2122.2260,,
30021229,False,Sem exposicao TSB direta,0.0,2121;2122,2121.2400;2122.2260,,
30021231,False,Sem exposicao TSB direta,0.0,2121;2122,2121.2400;2122.2260,,
30021235,False,Sem exposicao TSB direta,0.0,2121;2122,2121.2400;2122.2260,,
30021236,False,Sem exposicao TSB direta,0.0,2121;2122,2121.2400;2122.2260,,
30021239,False,Sem exposicao TSB direta,0.0,2121;2122,2121.2400;2122.2260,,
30021300,False,Sem exposicao TSB direta,0.0,2121;2122,2121.2400;2122.2260,,
30021400,False,Sem exposicao TSB direta,0.0,2121;2122,2121.2400;2122.2260,,
30021510,False,Sem exposicao TSB direta,0.0,2121;2122,2121.2400;2122.2260,,
30021520,False,Sem exposicao TSB direta,0.0,2121;2122,2121.2400;2122.2260,,
30021590,False,Sem exposicao TSB direta,0.0,2121;2122,2121.2400;2122.2260,,
30024112,False,Sem exposicao TSB direta,0.0,2121,2121.2410,,
30024116,False,Sem exposicao TSB direta,0.0,2121,2121.2410,,
30024119,False,Sem exposicao TSB direta,0.0,2121,2121.2410,,
30024121,False,Sem exposicao TSB direta,0.0,2121,2121.2410,,
30024123,False,Sem exposicao TSB direta,0.0,2121,2121.2410,,
30024125,False,Sem exposicao TSB direta,0.0,2121,2121.2410,,
30024126,False,Sem exposicao TSB direta,0.0,2121,2121.2410,,
30024127,False,Sem exposicao TSB direta,0.0,2121,2121.2410,,
30024129,False,Sem exposicao TSB direta,0.0,2121,2121.2410,,
30024210,False,Sem exposicao TSB direta,0.0,2122,2122.2270,,
30024220,False,Sem exposicao TSB direta,0.0,2122,2122.2270,,
30024230,False,Sem exposicao TSB direta,0.0,2122,2122.2270,,
30024240,False,Sem exposicao TSB direta,0.0,2122,2122.2270,,
30024250,False,Sem exposicao TSB direta,0.0,2122,2122.2270,,
30024270,False,Sem exposicao TSB direta,0.0,2122,2122.2270,,
30024280,False,Sem exposicao TSB direta,0.0,2122,2122.2270,,
30024290,False,Sem exposicao TSB direta,0.0,2122,2122.2270,,
30024910,False,Sem exposicao TSB direta,0.0,2110,2110.2285,,
30024920,False,Sem exposicao TSB direta,0.0,2110,2110.2285,,
30024991,False,Sem exposicao TSB direta,0.0,2110,2110.2285,,
30024992,False,Sem exposicao TSB direta,0.0,2110,2110.2285,,
30024999,False,Sem exposicao TSB direta,0.0,2110,2110.2145;2110.2285,,
30025100,False,Sem exposicao TSB direta,0.0,2110,2110.2285,,
30025900,False,Sem exposicao TSB direta,0.0,2110,2110.2145;2110.2285,,
30029000,False,Sem exposicao TSB direta,0.0,2110,2110.2145;2110.2285,,
30031011,False,Sem exposicao TSB direta,0.0,2121;2122,2121.2255;2122.2135,,
30031012,False,Sem exposicao TSB direta,0.0,2121;2122,2121.2255;2122.2135,,
30031013,False,Sem exposicao TSB direta,0.0,2121;2122,2121.2255;2122.2135,,
30031014,False,Sem exposicao TSB direta,0.0,2121;2122,2121.2255;2122.2135,,
30031019,False,Sem exposicao TSB direta,0.0,2121;2122,2121.2255;2122.2135,,
30032019,False,Sem exposicao TSB direta,0.0,2121;2122,2121.2055;2121.2380;2122.2055;2122.2217,,
30032029,False,Sem exposicao TSB direta,0.0,2121;2122,2121.2055;2121.2380;2122.2055;2122.2217,,
30032032,False,Sem exposicao TSB direta,0.0,2121;2122,2121.2055;2121.2380;2122.2055;2122.2217,,
30032041,False,Sem exposicao TSB direta,0.0,2121;2122,2121.2055;2121.2380;2122.2055;2122.2217,,
30032051,False,Sem exposicao TSB direta,0.0,2121;2122,2121.2055;2121.2380;2122.2055;2122.2217,,
30032052,False,Sem exposicao TSB direta,0.0,2121;2122,2121.2055;2121.2380;2122.2055;2122.2217,,
30032059,False,Sem exposicao TSB direta,0.0,2121;2122,2121.2055;2121.2380;2122.2055;2122.2217,,
30032061,False,Sem exposicao TSB direta,0.0,2121;2122,2121.2055;2121.2380;2122.2055;2122.2217,,
30032092,False,Sem exposicao TSB direta,0.0,2121;2122,2121.2055;2121.2380;2122.2055;2122.2217,,
30032099,False,Sem exposicao TSB direta,0.0,2121;2122,2121.2055;2121.2380;2122.2055;2122.2217,,
30033925,False,Sem exposicao TSB direta,0.0,2121;2122,2121.2185;2122.2105,,
30033929,False,Sem exposicao TSB direta,0.0,2121;2122,2121.2185;2122.2105,,
30033981,False,Sem exposicao TSB direta,0.0,2121;2122,2121.2185;2122.2105,,
30033999,False,Sem exposicao TSB direta,0.0,2121;2122,2121.2185;2122.2105,,
30034990,False,Sem exposicao TSB direta,0.0,2121;2122,2121.2322;2122.2220,,
30039011,False,Sem exposicao TSB direta,0.0,2121;2122,2121.2307;2122.2165,,
30039013,False,Sem exposicao TSB direta,0.0,2121;2122,2121.2307;2122.2165,,
30039015,False,Sem exposicao TSB direta,0.0,2121;2122,2121.2307;2122.2165,,
30039019,False,Sem exposicao TSB direta,0.0,2121;2122,2121.2307;2122.2165,,
30039031,False,Sem exposicao TSB direta,0.0,2121;2122,2121.2305;2121.2380;2122.2170;2122.2217,,
30039033,False,Sem exposicao TSB direta,0.0,2121;2122,2121.2305;2122.2170,,
30039034,False,Sem exposicao TSB direta,0.0,2121,2121.2030,,
30039039,False,Sem exposicao TSB direta,0.0,2121;2122,2121.2040;2121.2175;2121.2305;2122.2170,,
30039047,False,Sem exposicao TSB direta,0.0,2121;2122,2121.2130;2121.2305;2122.2170,,
30039049,False,Sem exposicao TSB direta,0.0,2121;2122,2121.2305;2122.2170,,
30039051,False,Sem exposicao TSB direta,0.0,2121;2122,2121.2330;2122.2045,,
30039053,False,Sem exposicao TSB direta,0.0,2121;2122,2121.2330;2122.2045,,
30039055,False,Sem exposicao TSB direta,0.0,2121;2122,2121.2230;2121.2330;2122.2045,,
30039057,False,Sem exposicao TSB direta,0.0,2121;2122,2121.2330;2122.2045,,
30039069,False,Sem exposicao TSB direta,0.0,2121;2122,2121.2175;2121.2305;2121.2380;2122.2170;2122.2217,,
30039072,False,Sem exposicao TSB direta,0.0,2121;2122,2121.2305;2122.2170,,
30039073,False,Sem exposicao TSB direta,0.0,2121;2122,2121.2305;2122.2170,,
30039074,False,Sem exposicao TSB direta,0.0,2121;2122,2121.2305;2122.2170,,
30039077,False,Sem exposicao TSB direta,0.0,2121;2122,2121.2305;2122.2170,,
30039078,False,Sem exposicao TSB direta,0.0,2121;2122,2121.2305;2122.2170,,
30039079,False,Sem exposicao TSB direta,0.0,2121;2122,2121.2090;2121.2140;2121.2175;2121.2200;2121.2268;2121.2340;2121.2380;2122.2200;2122.2217,,
30039087,False,Sem exposicao TSB direta,0.0,2121;2122,2121.2110;2121.2320;2121.2380;2122.2060;2122.2180;2122.2217,,
30039088,False,Sem exposicao TSB direta,0.0,2121;2122,2121.2370;2122.2230,,
30039089,False,Sem exposicao TSB direta,0.0,2121;2122,2121.2220;2121.2320;2122.2180;2122.2230,,
30039093,False,Sem exposicao TSB direta,0.0,2121;2122,2121.2130;2121.2305;2122.2170,,
30039094,False,Sem exposicao TSB direta,0.0,2121;2122,2121.2305;2122.2170,,
30039096,False,Sem exposicao TSB direta,0.0,2121;2122,2121.2305;2122.2170,,
30039099,False,Sem exposicao TSB direta,0.0,2121;2122,2121.2175;2121.2285;2121.2305;2122.2170,,
30041011,False,Sem exposicao TSB direta,0.0,2121;2122,2121.2255;2122.2135,,
30041012,False,Sem exposicao TSB direta,0.0,2121;2122,2121.2255;2122.2135,,
30041013,False,Sem exposicao TSB direta,0.0,2121;2122,2121.2255;2122.2135,,
30041014,False,Sem exposicao TSB direta,0.0,2121;2122,2121.2255;2122.2135,,
30041015,False,Sem exposicao TSB direta,0.0,2121;2122,2121.2255;2122.2135,,
30041019,False,Sem exposicao TSB direta,0.0,2121;2122,2121.2255;2122.2135,,
30041020,False,Sem exposicao TSB direta,0.0,2121;2122,2121.2255;2122.2135,,
30042011,False,Sem exposicao TSB direta,0.0,2121;2122,2121.2055;2121.2380;2122.2055;2122.2217,,
30042019,False,Sem exposicao TSB direta,0.0,2121;2122,2121.2055;2121.2380;2122.2055;2122.2217,,
30042021,False,Sem exposicao TSB direta,0.0,2121;2122,2121.2055;2121.2380;2122.2055;2122.2217,,
30042029,False,Sem exposicao TSB direta,0.0,2121;2122,2121.2055;2121.2380;2122.2055;2122.2217,,
30042031,False,Sem exposicao TSB direta,0.0,2121;2122,2121.2055;2121.2380;2122.2055;2122.2217,,
30042032,False,Sem exposicao TSB direta,0.0,2121;2122,2121.2055;2121.2380;2122.2055;2122.2217,,
30042039,False,Sem exposicao TSB direta,0.0,2121;2122,2121.2055;2121.2380;2122.2055;2122.2217,,
30042041,False,Sem exposicao TSB direta,0.0,2121;2122,2121.2055;2121.2380;2122.2055;2122.2217,,
30042049,False,Sem exposicao TSB direta,0.0,2121;2122,2121.2055;2121.2380;2122.2055;2122.2217,,
30042052,False,Sem exposicao TSB direta,0.0,2121;2122,2121.2055;2121.2380;2122.2055;2122.2217,,
30042059,False,Sem exposicao TSB direta,0.0,2121;2122,2121.2055;2121.2380;2122.2055;2122.2217,,
30042061,False,Sem exposicao TSB direta,0.0,2121;2122,2121.2055;2121.2380;2122.2055;2122.2217,,
30042062,False,Sem exposicao TSB direta,0.0,2121;2122,2121.2055;2121.2380;2122.2055;2122.2217,,
30042063,False,Sem exposicao TSB direta,0.0,2121;2122,2121.2055;2121.2380;2122.2055;2122.2217,,
30042069,False,Sem exposicao TSB direta,0.0,2121;2122,2121.2055;2121.2380;2122.2055;2122.2217,,
30042071,False,Sem exposicao TSB direta,0.0,2121;2122,2121.2055;2121.2380;2122.2055;2122.2217,,
30042072,False,Sem exposicao TSB direta,0.0,2121;2122,2121.2055;2121.2380;2122.2055;2122.2217,,
30042073,False,Sem exposicao TSB direta,0.0,2121;2122,2121.2055;2121.2380;2122.2055;2122.2217,,
30042079,False,Sem exposicao TSB direta,0.0,2121;2122,2121.2055;2121.2380;2122.2055;2122.2217,,
30042092,False,Sem exposicao TSB direta,0.0,2121;2122,2121.2055;2121.2380;2122.2055;2122.2217,,
30042093,False,Sem exposicao TSB direta,0.0,2121;2122,2121.2055;2121.2380;2122.2055;2122.2217,,
30042095,False,Sem exposicao TSB direta,0.0,2121;2122,2121.2055;2121.2380;2122.2055;2122.2217,,
30042099,False,Sem exposicao TSB direta,0.0,2121;2122,2121.2055;2121.2380;2122.2055;2122.2217,,
30043100,False,Sem exposicao TSB direta,0.0,2121;2122,2121.2185;2122.2105,,
30043210,False,Sem exposicao TSB direta,0.0,2121;2122,2121.2185;2122.2105,,
30043220,False,Sem exposicao TSB direta,0.0,2121;2122,2121.2185;2122.2105,,
30043290,False,Sem exposicao TSB direta,0.0,2121;2122,2121.2185;2122.2105,,
30043911,False,Sem exposicao TSB direta,0.0,2121;2122,2121.2185;2122.2105,,
30043912,False,Sem exposicao TSB direta,0.0,2121;2122,2121.2185;2122.2105,,
30043913,False,Sem exposicao TSB direta,0.0,2121;2122,2121.2185;2122.2105,,
30043914,False,Sem exposicao TSB direta,0.0,2121;2122,2121.2185;2122.2105,,
30043915,False,Sem exposicao TSB direta,0.0,2121;2122,2121.2185;2122.2105,,
30043917,False,Sem exposicao TSB direta,0.0,2121;2122,2121.2185;2122.2105,,
30043918,False,Sem exposicao TSB direta,0.0,2121;2122,2121.2185;2122.2105,,
30043919,False,Sem exposicao TSB direta,0.0,2121;2122,2121.2185;2122.2105,,
30043921,False,Sem exposicao TSB direta,0.0,2121;2122,2121.2185;2122.2105,,
30043922,False,Sem exposicao TSB direta,0.0,2121;2122,2121.2185;2122.2105,,
30043927,False,Sem exposicao TSB direta,0.0,2121;2122,2121.2185;2122.2105,,
30043929,False,Sem exposicao TSB direta,0.0,2121;2122,2121.2185;2122.2105,,
30043936,False,Sem exposicao TSB direta,0.0,2121;2122,2121.2185;2122.2105,,
30043937,False,Sem exposicao TSB direta,0.0,2121;2122,2121.2185;2122.2105,,
30043939,False,Sem exposicao TSB direta,0.0,2121;2122,2121.2185;2122.2105,,
30043981,False,Sem exposicao TSB direta,0.0,2121;2122,2121.2185;2122.2105,,
30043991,False,Sem exposicao TSB direta,0.0,2121;2122,2121.2185;2122.2105,,
30043994,False,Sem exposicao TSB direta,0.0,2121;2122,2121.2185;2122.2105,,
30043999,False,Sem exposicao TSB direta,0.0,2121;2122,2121.2185;2122.2105,,
30044100,False,Sem exposicao TSB direta,0.0,2121;2122,2121.2322;2122.2220,,
30044200,False,Sem exposicao TSB direta,0.0,2121;2122,2121.2322;2122.2220,,
30044910,False,Sem exposicao TSB direta,0.0,2121;2122,2121.2322;2122.2220,,
30044920,False,Sem exposicao TSB direta,0.0,2121;2122,2121.2322;2122.2220,,
30044940,False,Sem exposicao TSB direta,0.0,2121;2122,2121.2322;2122.2220,,
30044950,False,Sem exposicao TSB direta,0.0,2121;2122,2121.2322;2122.2220,,
30044990,False,Sem exposicao TSB direta,0.0,2121;2122,2121.2322;2122.2220,,
30045010,False,Sem exposicao TSB direta,0.0,2121;2122,2121.2307;2122.2165,,
30045030,False,Sem exposicao TSB direta,0.0,2121;2122,2121.2307;2122.2165,,
30045040,False,Sem exposicao TSB direta,0.0,2121;2122,2121.2307;2122.2165,,
30045050,False,Sem exposicao TSB direta,0.0,2121;2122,2121.2307;2122.2165,,
30045090,False,Sem exposicao TSB direta,0.0,2121;2122,2121.2307;2122.2165,,
30046000,False,Sem exposicao TSB direta,0.0,2121,2121.2305,,
30049011,False,Sem exposicao TSB direta,0.0,2121;2122,2121.2160;2122.2080,,
30049012,False,Sem exposicao TSB direta,0.0,2121;2122,2121.2160;2122.2080,,
30049013,False,Sem exposicao TSB direta,0.0,2121;2122,2121.2160;2122.2080,,
30049014,False,Sem exposicao TSB direta,0.0,2121;2122,2121.2160;2122.2080,,
30049015,False,Sem exposicao TSB direta,0.0,2121;2122,2121.2160;2122.2080,,
30049019,False,Sem exposicao TSB direta,0.0,2121;2122,2121.2160;2122.2080,,
30049021,False,Sem exposicao TSB direta,0.0,2121;2122,2121.2305;2121.2380;2122.2170;2122.2217,,
30049022,False,Sem exposicao TSB direta,0.0,2121;2122,2121.2305;2122.2170,,
30049023,False,Sem exposicao TSB direta,0.0,2121;2122,2121.2305;2122.2170,,
30049024,False,Sem exposicao TSB direta,0.0,2121;2122,2121.2030;2122.2170,,
30049026,False,Sem exposicao TSB direta,0.0,2121;2122,2121.2305;2122.2170,,
30049029,False,Sem exposicao TSB direta,0.0,2121;2122,2121.2040;2121.2175;2121.2305;2122.2170,,
30049032,False,Sem exposicao TSB direta,0.0,2121;2122,2121.2305;2122.2170,,
30049033,False,Sem exposicao TSB direta,0.0,2121;2122,2121.2305;2122.2170,,
30049034,False,Sem exposicao TSB direta,0.0,2121;2122,2121.2305;2122.2170,,
30049035,False,Sem exposicao TSB direta,0.0,2121;2122,2121.2305;2122.2170,,
30049036,False,Sem exposicao TSB direta,0.0,2121;2122,2121.2305;2122.2170,,
30049037,False,Sem exposicao TSB direta,0.0,2121;2122,2121.2130;2121.2305;2122.2170,,
30049038,False,Sem exposicao TSB direta,0.0,2121;2122,2121.2305;2122.2170,,
30049039,False,Sem exposicao TSB direta,0.0,2121;2122,2121.2305;2122.2170,,
30049041,False,Sem exposicao TSB direta,0.0,2121;2122,2121.2330;2122.2045,,
30049042,False,Sem exposicao TSB direta,0.0,2121;2122,2121.2070;2121.2330;2122.2045,,
30049043,False,Sem exposicao TSB direta,0.0,2121;2122,2121.2330;2122.2045,,
30049045,False,Sem exposicao TSB direta,0.0,2121;2122,2121.2230;2121.2330;2122.2045,,
30049046,False,Sem exposicao TSB direta,0.0,2121;2122,2121.2330;2122.2045,,
30049047,False,Sem exposicao TSB direta,0.0,2121;2122,2121.2330;2122.2045,,
30049048,False,Sem exposicao TSB direta,0.0,2121;2122,2121.2330;2122.2045,,
30049049,False,Sem exposicao TSB direta,0.0,2121;2122,2121.2330;2122.2045,,
30049054,False,Sem exposicao TSB direta,0.0,2121;2122,2121.2305;2122.2170,,
30049055,False,Sem exposicao TSB direta,0.0,2121;2122,2121.2305;2122.2170,,
30049057,False,Sem exposicao TSB direta,0.0,2121;2122,2121.2305;2122.2170,,
30049058,False,Sem exposicao TSB direta,0.0,2121;2122,2121.2305;2122.2170,,
30049059,False,Sem exposicao TSB direta,0.0,2121;2122,2121.2175;2121.2305;2121.2380;2122.2170;2122.2217,,
30049061,False,Sem exposicao TSB direta,0.0,2121;2122,2121.2305;2121.2380;2122.2170;2122.2217,,
30049062,False,Sem exposicao TSB direta,0.0,2121;2122,2121.2305;2122.2170,,
30049063,False,Sem exposicao TSB direta,0.0,2121;2122,2121.2305;2122.2170,,
30049064,False,Sem exposicao TSB direta,0.0,2121;2122,2121.2305;2122.2170,,
30049065,False,Sem exposicao TSB direta,0.0,2121;2122,2121.2305;2122.2170,,
30049066,False,Sem exposicao TSB direta,0.0,2121;2122,2121.2305;2121.2380;2122.2170;2122.2217,,
30049067,False,Sem exposicao TSB direta,0.0,2121;2122,2121.2305;2122.2170,,
30049068,False,Sem exposicao TSB direta,0.0,2121;2122,2121.2305;2122.2170,,
30049069,False,Sem exposicao TSB direta,0.0,2121;2122,2121.2090;2121.2140;2121.2175;2121.2200;2121.2268;2121.2340;2121.2380;2122.2200;2122.2217,,
30049071,False,Sem exposicao TSB direta,0.0,2121,2121.2305,,
30049072,False,Sem exposicao TSB direta,0.0,2121;2122,2121.2305;2121.2370;2122.2230,,
30049073,False,Sem exposicao TSB direta,0.0,2121;2122,2121.2305;2121.2370;2122.2230,,
30049075,False,Sem exposicao TSB direta,0.0,2121;2122,2121.2305;2121.2370;2122.2230,,
30049076,False,Sem exposicao TSB direta,0.0,2121;2122,2121.2305;2121.2370;2122.2230,,
30049077,False,Sem exposicao TSB direta,0.0,2121;2122,2121.2110;2121.2320;2121.2380;2122.2060;2122.2180;2122.2217,,
30049078,False,Sem exposicao TSB direta,0.0,2121;2122,2121.2370;2122.2230,,
30049079,False,Sem exposicao TSB direta,0.0,2121;2122,2121.2220;2121.2320;2121.2380;2122.2180;2122.2217;2122.2230,,
30049091,False,Sem exposicao TSB direta,0.0,2121;2122,2121.2305;2122.2170,,
30049092,False,Sem exposicao TSB direta,0.0,2121;2122,2121.2305;2122.2170,,
30049094,False,Sem exposicao TSB direta,0.0,2121;2122,2121.2305;2122.2170,,
30049095,False,Sem exposicao TSB direta,0.0,2121;2122,2121.2305;2122.2170,,
30049096,False,Sem exposicao TSB direta,0.0,2121;2122,2121.2305;2122.2170,,
30049097,False,Sem exposicao TSB direta,0.0,2121;2122,2121.2305;2122.2170,,
30049099,False,Sem exposicao TSB direta,0.0,2121;2122,2121.2175;2121.2285;2121.2305;2121.2310;2121.2395;2122.2170;2122.2175,,
30051010,False,Sem exposicao TSB direta,0.0,2123,2123.2055,,
30051020,False,Sem exposicao TSB direta,0.0,2123,2123.2055,,
30051030,False,Sem exposicao TSB direta,0.0,2123,2123.2055,,
30051050,False,Sem exposicao TSB direta,0.0,2123,2123.2055,,
30051090,False,Sem exposicao TSB direta,0.0,2123,2123.2055,,
30059011,False,Sem exposicao TSB direta,0.0,2123;3250,2123.2055;3250.2008,,
30059012,False,Sem exposicao TSB direta,0.0,2123;3250,2123.2055;3250.2008,,
30059019,False,Sem exposicao TSB direta,0.0,2123;3250,2123.2050;2123.2055;3250.2008,,
30059020,False,Sem exposicao TSB direta,0.0,2123;3250,2123.2055;3250.2008,,
30059090,False,Sem exposicao TSB direta,0.0,2123;3250,2123.2055;3250.2008;3250.2160,,
30061010,False,Sem exposicao TSB direta,0.0,3250,3250.2235,,
30061020,False,Sem exposicao TSB direta,0.0,3250,3250.2235,,
30061090,False,Sem exposicao TSB direta,0.0,3250,3250.2005;3250.2105;3250.2235,,
30063011,False,Sem exposicao TSB direta,0.0,2123,2123.2155,,
30063012,False,Sem exposicao TSB direta,0.0,2123,2123.2155,,
30063013,False,Sem exposicao TSB direta,0.0,2123,2123.2155,,
30063017,False,Sem exposicao TSB direta,0.0,2123,2123.2155,,
30063019,False,Sem exposicao TSB direta,0.0,2123,2123.2155,,
30063029,False,Sem exposicao TSB direta,0.0,2123,2123.2155,,
30064011,False,Sem exposicao TSB direta,0.0,3250,3250.2115,,
30064012,False,Sem exposicao TSB direta,0.0,3250,3250.2115,,
30064020,False,Sem exposicao TSB direta,0.0,3250,3250.2120,,
30065000,False,Sem exposicao TSB direta,0.0,3250,3250.2008,,
30066000,False,Sem exposicao TSB direta,0.0,2121;2122,2121.2390;2122.2250,,
30067000,False,Sem exposicao TSB direta,0.0,3250,3250.2285,,
30069110,False,Sem exposicao TSB direta,0.0,2229,2229.2185,,
30069190,False,Sem exposicao TSB direta,0.0,2229,2229.2185,,
30069200,False,Sem exposicao TSB direta,0.0,2121;2122,2121.2392;2122.2255,,
30069300,False,Sem exposicao TSB direta,0.0,2123,2123.2051;2123.2151,,
31010000,False,Sem exposicao TSB direta,0.0,2013,2013.2010,,
31021010,True,Exposicao intermediaria TSB,0.6944,2012,2012.2200;2012.2210,20126,2091
31021090,True,Exposicao intermediaria TSB,0.6944,2012,2012.2200;2012.2210,20126,2091
31022100,True,Exposicao intermediaria TSB,0.6944,2012,2012.2150,20126,2091
31022910,True,Exposicao intermediaria TSB,0.6944,2012,2012.2140,20126,2091
31022990,True,Exposicao intermediaria TSB,0.6944,2012,2012.2140,20126,2091
31023000,True,Exposicao intermediaria TSB,0.6944,2012,2012.2110,20126,2091
31024000,True,Exposicao intermediaria TSB,0.6944,2012,2012.2090,20126,2091
31025011,True,Exposicao intermediaria TSB,0.6944,2012,2012.2120,20126,2091
31025090,True,Exposicao intermediaria TSB,0.6944,2012,2012.2120,20126,2091
31026000,True,Exposicao intermediaria TSB,0.6944,2012,2012.2140,20126,2091
31028000,True,Exposicao intermediaria TSB,0.6944,2012,2012.2100,20126,2091
31029000,True,Exposicao intermediaria TSB,0.6944,2012;2013,2012.2050;2013.2070,20126,2091
31031100,True,Exposicao intermediaria TSB,0.6944,2012,2012.2170,20126,2091
31031900,True,Exposicao intermediaria TSB,0.6944,2012,2012.2170;2012.2180,20126,2091
31039011,False,Sem exposicao TSB direta,0.0,2013,2013.2060,,
31039019,False,Sem exposicao TSB direta,0.0,2013,2013.2060,,
31039090,False,Sem exposicao TSB direta,0.0,2013,2013.2060,,
31042010,True,Exposicao intermediaria TSB,0.6944,2012,2012.2060,20126,2091
31042090,True,Exposicao intermediaria TSB,0.6944,2012,2012.2060,20126,2091
31043010,True,Exposicao intermediaria TSB,0.6944,2012,2012.2160,20126,2091
31043090,True,Exposicao intermediaria TSB,0.6944,2012,2012.2160,20126,2091
31049090,False,Sem exposicao TSB direta,0.0,2013,2013.2075,,
31051000,False,Sem exposicao TSB direta,0.0,2013,2013.2085,,
31052000,False,Sem exposicao TSB direta,0.0,2013,2013.2030,,
31053000,True,Exposicao intermediaria TSB,0.6944,2012,2012.2080,20126,2091
31054000,True,Exposicao intermediaria TSB,0.6944,2012,2012.2070,20126,2091
31055100,False,Sem exposicao TSB direta,0.0,2013,2013.2040,,
31055900,False,Sem exposicao TSB direta,0.0,2013,2013.2040,,
31056000,False,Sem exposicao TSB direta,0.0,2013,2013.2020,,
31059011,False,Sem exposicao TSB direta,0.0,2013,2013.2050,,
31059019,False,Sem exposicao TSB direta,0.0,2013,2013.2050,,
31059090,False,Sem exposicao TSB direta,0.0,2013,2013.2050,,
32011000,True,Exposicao intermediaria TSB,0.6944,2029,2029.2650,20291,2091
32012000,True,Exposicao intermediaria TSB,0.6944,2029,2029.2650,20291,2091
32019011,True,Exposicao intermediaria TSB,0.6944,2029,2029.2650,20291,2091
32019012,True,Exposicao intermediaria TSB,0.6944,2029,2029.2650,20291,2091
32019019,True,Exposicao intermediaria TSB,0.6944,2029,2029.2650,20291,2091
32019020,True,Exposicao intermediaria TSB,0.6944,2029,2029.2650,20291,2091
32019090,True,Exposicao intermediaria TSB,0.6944,2029,2029.2650,20291,2091
32021000,True,Exposicao intermediaria TSB,0.6944,2029,2029.2900,20291,2091
32029011,True,Exposicao intermediaria TSB,0.6944,2019,2019.2640,20193,2091
32029012,True,Exposicao intermediaria TSB,0.6944,2019,2019.2640,20193,2091
32029019,True,Exposicao intermediaria TSB,0.6944,2019,2019.2640,20193,2091
32029021,True,Exposicao intermediaria TSB,0.6944,2019,2019.2640,20193,2091
32029029,True,Exposicao intermediaria TSB,0.6944,2019,2019.2640,20193,2091
32029030,True,Exposicao intermediaria TSB,0.6944,2019,2019.2640,20193,2091
32030011,True,Exposicao intermediaria TSB,0.6944,2029,2029.2720,20291,2091
32030012,True,Exposicao intermediaria TSB,0.6944,2029,2029.2720,20291,2091
32030019,True,Exposicao intermediaria TSB,0.6944,2029,2029.2720,20291,2091
32030021,True,Exposicao intermediaria TSB,0.6944,2029,2029.2720,20291,2091
32030029,True,Exposicao intermediaria TSB,0.6944,2029,2029.2720,20291,2091
32030030,True,Exposicao intermediaria TSB,0.6944,2029,2029.2720,20291,2091
32041100,True,Exposicao intermediaria TSB,0.6944,2029,2029.2460,20291,2091
32041210,True,Exposicao intermediaria TSB,0.6944,2029,2029.2440,20291,2091
32041220,True,Exposicao intermediaria TSB,0.6944,2029,2029.2440,20291,2091
32041300,True,Exposicao intermediaria TSB,0.6944,2029,2029.2450,20291,2091
32041400,True,Exposicao intermediaria TSB,0.6944,2029,2029.2450,20291,2091
32041510,True,Exposicao intermediaria TSB,0.6944,2029,2029.2430,20291,2091
32041520,True,Exposicao intermediaria TSB,0.6944,2029,2029.2430,20291,2091
32041590,True,Exposicao intermediaria TSB,0.6944,2029,2029.2430,20291,2091
32041600,True,Exposicao intermediaria TSB,0.6944,2029,2029.2470,20291,2091
32041700,True,Exposicao intermediaria TSB,0.6944,2029,2029.2850,20291,2091
32041810,True,Exposicao intermediaria TSB,0.6944,2029,2029.2730,20291,2091
32041820,True,Exposicao intermediaria TSB,0.12210000000000001,2093,2093.2340,20932,2092
32041830,True,Exposicao intermediaria TSB,0.6944,2029;2093,2029.2730;2093.2340,20291;20932,2091;2092
32041890,True,Exposicao intermediaria TSB,0.6944,2029,2029.2730,20291,2091
32041920,True,Exposicao intermediaria TSB,0.6944,2029,2029.2480,20291,2091
32041930,True,Exposicao intermediaria TSB,0.6944,2029,2029.2730,20291,2091
32041990,True,Exposicao intermediaria TSB,0.6944,2029,2029.2730,20291,2091
32042011,True,Exposicao intermediaria TSB,0.6944,2029,2029.2890,20291,2091
32042019,True,Exposicao intermediaria TSB,0.6944,2029,2029.2890,20291,2091
32042090,True,Exposicao intermediaria TSB,0.6944,2029,2029.2890,20291,2091
32049000,True,Exposicao intermediaria TSB,0.6944,2029,2029.2730;2029.2850,20291,2091
32050000,True,Exposicao intermediaria TSB,0.6944,2029,2029.2690,20291,2091
32061110,True,Exposicao intermediaria TSB,0.6944,2019,2019.2600,20193,2091
32061120,True,Exposicao intermediaria TSB,0.6944,2019,2019.2600,20193,2091
32061130,True,Exposicao intermediaria TSB,0.6944,2019,2019.2600,20193,2091
32061910,True,Exposicao intermediaria TSB,0.6944,2019,2019.2600,20193,2091
32061990,True,Exposicao intermediaria TSB,0.6944,2019,2019.2600,20193,2091
32062000,True,Exposicao intermediaria TSB,0.6944,2019,2019.2620,20193,2091
32064100,True,Exposicao intermediaria TSB,0.6944,2019,2019.2620,20193,2091
32064210,True,Exposicao intermediaria TSB,0.6944,2019,2019.2620,20193,2091
32064290,True,Exposicao intermediaria TSB,0.6944,2019,2019.2620,20193,2091
32064910,True,Exposicao intermediaria TSB,0.6944,2019,2019.2620,20193,2091
32064920,True,Exposicao intermediaria TSB,0.6944,2019,2019.2620,20193,2091
32064990,True,Exposicao intermediaria TSB,0.6944,2019,2019.2620,20193,2091
32065011,True,Exposicao intermediaria TSB,0.6944,2019,2019.2620,20193,2091
32065019,True,Exposicao intermediaria TSB,0.6944,2019,2019.2620,20193,2091
32065021,True,Exposicao intermediaria TSB,0.6944,2019,2019.2620,20193,2091
32065029,True,Exposicao intermediaria TSB,0.6944,2019,2019.2620,20193,2091
32071020,False,Sem exposicao TSB direta,0.0,2071,2071.2030,,
32071030,False,Sem exposicao TSB direta,0.0,2071,2071.2030,,
32071090,False,Sem exposicao TSB direta,0.0,2071,2071.2030,,
32072010,False,Sem exposicao TSB direta,0.0,2071,2071.2010,,
32072091,False,Sem exposicao TSB direta,0.0,2071,2071.2010,,
32072099,False,Sem exposicao TSB direta,0.0,2071,2071.2010,,
32073000,False,Sem exposicao TSB direta,0.0,2071,2071.2020,,
32074010,False,Sem exposicao TSB direta,0.0,2071,2071.2020,,
32074090,False,Sem exposicao TSB direta,0.0,2071,2071.2020,,
32081010,False,Sem exposicao TSB direta,0.0,2071,2071.2100;2071.2110;2071.2120,,
32081020,False,Sem exposicao TSB direta,0.0,2071,2071.2100;2071.2110;2071.2120,,
32081030,False,Sem exposicao TSB direta,0.0,2071,2071.2100;2071.2110;2071.2120,,
32082011,False,Sem exposicao TSB direta,0.0,2071,2071.2100;2071.2110;2071.2120,,
32082019,False,Sem exposicao TSB direta,0.0,2071,2071.2100;2071.2110;2071.2120,,
32082020,False,Sem exposicao TSB direta,0.0,2071,2071.2100;2071.2110;2071.2120,,
32082030,False,Sem exposicao TSB direta,0.0,2071,2071.2100;2071.2110;2071.2120,,
32089010,False,Sem exposicao TSB direta,0.0,2071,2071.2100;2071.2110;2071.2120,,
32089021,False,Sem exposicao TSB direta,0.0,2071,2071.2100;2071.2110;2071.2120,,
32089029,False,Sem exposicao TSB direta,0.0,2071,2071.2100;2071.2110;2071.2120,,
32089031,False,Sem exposicao TSB direta,0.0,2071,2071.2100;2071.2110;2071.2120,,
32089039,False,Sem exposicao TSB direta,0.0,2071,2071.2100;2071.2110;2071.2120,,
32091010,False,Sem exposicao TSB direta,0.0,2071,2071.2060;2071.2070;2071.2080;2071.2090,,
32091020,False,Sem exposicao TSB direta,0.0,2071,2071.2060;2071.2070;2071.2080;2071.2090,,
32099011,False,Sem exposicao TSB direta,0.0,2071,2071.2060;2071.2070;2071.2080;2071.2090,,
32099019,False,Sem exposicao TSB direta,0.0,2071,2071.2060;2071.2070;2071.2080;2071.2090,,
32099020,False,Sem exposicao TSB direta,0.0,2071,2071.2060;2071.2070;2071.2080;2071.2090,,
32100010,False,Sem exposicao TSB direta,0.0,2071,2071.2130,,
32100020,False,Sem exposicao TSB direta,0.0,2071,2071.2130,,
32100030,False,Sem exposicao TSB direta,0.0,2071,2071.2040,,
32110000,False,Sem exposicao TSB direta,0.0,2073,2073.2050,,
32121000,False,Sem exposicao TSB direta,0.0,2071,2071.2050,,
32129010,False,Sem exposicao TSB direta,0.0,2071,2071.2050,,
32129090,False,Sem exposicao TSB direta,0.0,2071,2071.2050,,
32131000,False,Sem exposicao TSB direta,0.0,2099,2099.2240,,
32139000,False,Sem exposicao TSB direta,0.0,2099,2099.2240,,
32141010,False,Sem exposicao TSB direta,0.0,2073,2073.2027,,
32141020,False,Sem exposicao TSB direta,0.0,2073,2073.2025,,
32149000,False,Sem exposicao TSB direta,0.0,2073,2073.2027,,
32151100,False,Sem exposicao TSB direta,0.0,2072,2072.2020,,
32151900,False,Sem exposicao TSB direta,0.0,2072,2072.2020,,
32159000,False,Sem exposicao TSB direta,0.0,2099,2099.2230,,
33011210,True,Exposicao intermediaria TSB,0.12210000000000001,2093,2093.2280,20932,2092
33011290,True,Exposicao intermediaria TSB,0.12210000000000001,2093,2093.2280,20932,2092
33011300,True,Exposicao intermediaria TSB,0.12210000000000001,2093,2093.2270,20932,2092
33011910,True,Exposicao intermediaria TSB,0.12210000000000001,2093,2093.2270,20932,2092
33011990,True,Exposicao intermediaria TSB,0.12210000000000001,2093,2093.2270,20932,2092
33012400,True,Exposicao intermediaria TSB,0.12210000000000001,2093,2093.2295,20932,2092
33012510,True,Exposicao intermediaria TSB,0.12210000000000001,2093,2093.2295,20932,2092
33012520,True,Exposicao intermediaria TSB,0.12210000000000001,2093,2093.2295,20932,2092
33012590,True,Exposicao intermediaria TSB,0.12210000000000001,2093,2093.2295,20932,2092
33012911,True,Exposicao intermediaria TSB,0.12210000000000001,2093,2093.2295,20932,2092
33012912,True,Exposicao intermediaria TSB,0.12210000000000001,2093,2093.2295,20932,2092
33012913,True,Exposicao intermediaria TSB,0.12210000000000001,2093,2093.2295,20932,2092
33012914,True,Exposicao intermediaria TSB,0.12210000000000001,2093,2093.2295,20932,2092
33012915,True,Exposicao intermediaria TSB,0.12210000000000001,2093,2093.2295,20932,2092
33012916,True,Exposicao intermediaria TSB,0.12210000000000001,2093,2093.2295,20932,2092
33012917,True,Exposicao intermediaria TSB,0.12210000000000001,2093,2093.2295,20932,2092
33012918,True,Exposicao intermediaria TSB,0.12210000000000001,2093,2093.2295,20932,2092
33012919,True,Exposicao intermediaria TSB,0.12210000000000001,2093,2093.2295,20932,2092
33012921,True,Exposicao intermediaria TSB,0.12210000000000001,2093,2093.2295,20932,2092
33012922,True,Exposicao intermediaria TSB,0.12210000000000001,2093,2093.2295,20932,2092
33012990,True,Exposicao intermediaria TSB,0.12210000000000001,2093,2093.2295,20932,2092
33013000,True,Exposicao intermediaria TSB,0.12210000000000001,2093,2093.2380,20932,2092
33019010,True,Exposicao intermediaria TSB,0.12210000000000001,2093,2093.2400,20932,2092
33019020,True,Exposicao intermediaria TSB,0.12210000000000001,2093,2093.2420,20932,2092
33019030,True,Exposicao intermediaria TSB,0.12210000000000001,2093,2093.2110,20932,2092
33019040,True,Exposicao intermediaria TSB,0.12210000000000001,2093,2093.2110,20932,2092
33021000,True,Exposicao intermediaria TSB,0.12210000000000001,2093,2093.2230,20932,2092
33029011,True,Exposicao intermediaria TSB,0.12210000000000001,2093,2093.2220,20932,2092
33029019,True,Exposicao intermediaria TSB,0.12210000000000001,2093,2093.2220,20932,2092
33029091,True,Exposicao intermediaria TSB,0.12210000000000001,2093,2093.2090;2093.2220,20932,2092
33029099,True,Exposicao intermediaria TSB,0.12210000000000001,2093,2093.2090;2093.2220,20932,2092
33030010,False,Sem exposicao TSB direta,0.0,2063,2063.2110,,
33030020,False,Sem exposicao TSB direta,0.0,2063,2063.2010,,
33041000,False,Sem exposicao TSB direta,0.0,2063,2063.2190,,
33042010,False,Sem exposicao TSB direta,0.0,2063,2063.2200,,
33042090,False,Sem exposicao TSB direta,0.0,2063,2063.2200,,
33043000,False,Sem exposicao TSB direta,0.0,2063,2063.2160,,
33049100,False,Sem exposicao TSB direta,0.0,2063,2063.2120,,
33049910,False,Sem exposicao TSB direta,0.0,2063,2063.2030,,
33049990,False,Sem exposicao TSB direta,0.0,2063,2063.2180,,
33051000,False,Sem exposicao TSB direta,0.0,2063,2063.2260,,
33052000,False,Sem exposicao TSB direta,0.0,2063,2063.2170,,
33053000,False,Sem exposicao TSB direta,0.0,2063,2063.2090,,
33059000,False,Sem exposicao TSB direta,0.0,2063,2063.2020;2063.2040;2063.2090;2063.2130;2063.2250,,
33061000,False,Sem exposicao TSB direta,0.0,2063,2063.2050,,
33062000,False,Sem exposicao TSB direta,0.0,2063,2063.2080,,
33069000,False,Sem exposicao TSB direta,0.0,2063,2063.2150,,
33071000,False,Sem exposicao TSB direta,0.0,2063,2063.2140,,
33072010,False,Sem exposicao TSB direta,0.0,2063,2063.2070,,
33072090,False,Sem exposicao TSB direta,0.0,2063,2063.2060,,
33073000,False,Sem exposicao TSB direta,0.0,2063,2063.2240,,
33074100,False,Sem exposicao TSB direta,0.0,2062,2062.2100,,
33074900,False,Sem exposicao TSB direta,0.0,2062,2062.2100,,
33079000,False,Sem exposicao TSB direta,0.0,2063;2121,2063.2210;2121.2305,,
34011110,False,Sem exposicao TSB direta,0.0,2063,2063.2220,,
34011190,False,Sem exposicao TSB direta,0.0,2063,2063.2230,,
34011900,False,Sem exposicao TSB direta,0.0,2061;2063,2061.2095;2063.2100,,
34012010,False,Sem exposicao TSB direta,0.0,2063,2063.2230,,
34012090,False,Sem exposicao TSB direta,0.0,2061,2061.2050;2061.2100,,
34013000,False,Sem exposicao TSB direta,0.0,2063,2063.2230,,
34023100,False,Sem exposicao TSB direta,0.0,2061,2061.2010,,
34023910,False,Sem exposicao TSB direta,0.0,2061,2061.2010,,
34023920,False,Sem exposicao TSB direta,0.0,2061,2061.2010,,
34023930,False,Sem exposicao TSB direta,0.0,2061,2061.2010,,
34023990,False,Sem exposicao TSB direta,0.0,2061,2061.2010,,
34024110,False,Sem exposicao TSB direta,0.0,2061,2061.2010,,
34024190,False,Sem exposicao TSB direta,0.0,2061,2061.2010,,
34024200,False,Sem exposicao TSB direta,0.0,2061,2061.2010,,
34024900,False,Sem exposicao TSB direta,0.0,2061,2061.2010,,
34025000,False,Sem exposicao TSB direta,0.0,2061,2061.2075;2061.2100,,
34029011,True,Exposicao intermediaria TSB,0.6944,2029,2029.2760,20291,2091
34029019,True,Exposicao intermediaria TSB,0.6944,2029,2029.2760,20291,2091
34029021,True,Exposicao intermediaria TSB,0.6944,2029,2029.2930,20291,2091
34029022,True,Exposicao intermediaria TSB,0.6944,2029,2029.2930,20291,2091
34029023,True,Exposicao intermediaria TSB,0.6944,2029,2029.2930,20291,2091
34029029,True,Exposicao intermediaria TSB,0.6944,2029,2029.2930,20291,2091
34029031,False,Sem exposicao TSB direta,0.0,2061,2061.2050,,
34029039,False,Sem exposicao TSB direta,0.0,2061,2061.2050,,
34029090,False,Sem exposicao TSB direta,0.0,2061,2061.2030;2061.2075,,
34031110,True,Exposicao intermediaria TSB,0.12210000000000001,2093,2093.2360,20932,2092
34031120,True,Exposicao intermediaria TSB,0.12210000000000001,2093,2093.2360,20932,2092
34031190,True,Exposicao intermediaria TSB,0.12210000000000001,2093,2093.2350,20932,2092
34031900,True,Exposicao intermediaria TSB,0.12210000000000001,2093,2093.2350,20932,2092
34039110,True,Exposicao intermediaria TSB,0.12210000000000001,2093,2093.2360,20932,2092
34039120,True,Exposicao intermediaria TSB,0.12210000000000001,2093,2093.2360,20932,2092
34039190,True,Exposicao intermediaria TSB,0.12210000000000001,2093,2093.2350,20932,2092
34039900,True,Exposicao intermediaria TSB,0.12210000000000001,2093,2093.2350,20932,2092
34042010,False,Sem exposicao TSB direta,0.0,2062,2062.2010,,
34042020,False,Sem exposicao TSB direta,0.0,2062,2062.2020,,
34049011,True,Exposicao intermediaria TSB,0.6944,2029,2029.2290,20291,2091
34049012,True,Exposicao intermediaria TSB,0.6944,2029,2029.2290,20291,2091
34049013,False,Sem exposicao TSB direta,0.0,2062,2062.2010,,
34049014,False,Sem exposicao TSB direta,0.0,2062,2062.2010,,
34049019,False,Sem exposicao TSB direta,0.0,2062,2062.2010,,
34049021,False,Sem exposicao TSB direta,0.0,2062,2062.2020,,
34049029,False,Sem exposicao TSB direta,0.0,2062,2062.2020,,
34051000,False,Sem exposicao TSB direta,0.0,2062,2062.2070,,
34052000,False,Sem exposicao TSB direta,0.0,2062,2062.2050,,
34053000,False,Sem exposicao TSB direta,0.0,2062,2062.2080,,
34054000,False,Sem exposicao TSB direta,0.0,2062,2062.2060,,
34059000,False,Sem exposicao TSB direta,0.0,2062,2062.2090,,
34060000,False,Sem exposicao TSB direta,0.0,3299,3299.2370,,
34070010,False,Sem exposicao TSB direta,0.0,2099,2099.2100,,
34070020,False,Sem exposicao TSB direta,0.0,2099,2099.2015,,
34070090,False,Sem exposicao TSB direta,0.0,2099,2099.2015,,
35011000,False,Sem exposicao TSB direta,0.0,1052,1052.2020,,
35019011,True,Exposicao intermediaria TSB,0.12210000000000001,2093,2093.2135,20932,2092
35019019,True,Exposicao intermediaria TSB,0.12210000000000001,2093,2093.2135,20932,2092
35019020,False,Sem exposicao TSB direta,0.0,2091,2091.2045,,
35021100,False,Sem exposicao TSB direta,0.0,1099,1099.2170,,
35021900,False,Sem exposicao TSB direta,0.0,1099,1099.2170,,
35022000,True,Exposicao intermediaria TSB,0.6944,2029,2029.2160,20291,2091
35029010,True,Exposicao intermediaria TSB,0.6944,2029,2029.2160,20291,2091
35029090,True,Exposicao intermediaria TSB,0.6944,2029,2029.2160,20291,2091
35030011,True,Exposicao intermediaria TSB,0.6944,2029,2029.2670,20291,2091
35030012,True,Exposicao intermediaria TSB,0.6944,2029,2029.2670,20291,2091
35030019,True,Exposicao intermediaria TSB,0.6944,2029,2029.2670,20291,2091
35030090,False,Sem exposicao TSB direta,0.0,2091,2091.2050,,
35040011,False,Sem exposicao TSB direta,0.0,2099,2099.2130,,
35040019,False,Sem exposicao TSB direta,0.0,2099,2099.2130,,
35040020,False,Sem exposicao TSB direta,0.0,2099,2099.2180,,
35040030,False,Sem exposicao TSB direta,0.0,2099,2099.2130,,
35040090,False,Sem exposicao TSB direta,0.0,2099,2099.2130,,
35051000,False,Sem exposicao TSB direta,0.0,1065,1065.2020,,
35052000,False,Sem exposicao TSB direta,0.0,2091,2091.2060,,
35061010,False,Sem exposicao TSB direta,0.0,2091,2091.2030,,
35061090,False,Sem exposicao TSB direta,0.0,2091,2091.2060,,
35069110,False,Sem exposicao TSB direta,0.0,2091,2091.2010,,
35069120,False,Sem exposicao TSB direta,0.0,2091,2091.2020,,
35069190,False,Sem exposicao TSB direta,0.0,2091,2091.2060,,
35069900,False,Sem exposicao TSB direta,0.0,2091,2091.2060,,
35071000,True,Exposicao intermediaria TSB,0.6944,2029,2029.2310,20291,2091
35079011,False,Sem exposicao TSB direta,0.0,2110,2110.2060,,
35079019,True,Exposicao intermediaria TSB,0.6944,2029,2029.2580,20291,2091
35079022,True,Exposicao intermediaria TSB,0.6944,2029,2029.2580,20291,2091
35079023,True,Exposicao intermediaria TSB,0.6944,2029,2029.2580,20291,2091
35079026,True,Exposicao intermediaria TSB,0.12210000000000001,2093,2093.2300,20932,2092
35079029,True,Exposicao intermediaria TSB,0.6944,2029,2029.2580,20291,2091
35079031,True,Exposicao intermediaria TSB,0.6944,2029,2029.2580,20291,2091
35079039,True,Exposicao intermediaria TSB,0.6944,2029,2029.2580,20291,2091
35079041,True,Exposicao intermediaria TSB,0.6944,2029,2029.2580,20291,2091
35079042,True,Exposicao intermediaria TSB,0.6944,2029,2029.2580,20291,2091
35079049,True,Exposicao intermediaria TSB,0.6944,2029,2029.2580,20291,2091
36010000,False,Sem exposicao TSB direta,0.0,2092,2092.2070,,
36020000,False,Sem exposicao TSB direta,0.0,2092,2092.2030,,
36031000,False,Sem exposicao TSB direta,0.0,2092,2092.2020,,
36032000,False,Sem exposicao TSB direta,0.0,2092,2092.2020,,
36033000,False,Sem exposicao TSB direta,0.0,2092,2092.2020,,
36034000,False,Sem exposicao TSB direta,0.0,2092,2092.2020,,
36035000,False,Sem exposicao TSB direta,0.0,2092,2092.2020,,
36036000,False,Sem exposicao TSB direta,0.0,2092,2092.2020,,
36041000,False,Sem exposicao TSB direta,0.0,2092,2092.2040,,
36049090,False,Sem exposicao TSB direta,0.0,2092,2092.2040,,
36050000,False,Sem exposicao TSB direta,0.0,2092,2092.2050,,
36061000,False,Sem exposicao TSB direta,0.0,3299,3299.2140,,
36069000,False,Sem exposicao TSB direta,0.0,3299,3299.2140,,
37011010,False,Sem exposicao TSB direta,0.0,2099,2099.2020,,
37011021,False,Sem exposicao TSB direta,0.0,2099,2099.2020,,
37011029,False,Sem exposicao TSB direta,0.0,2099,2099.2020,,
37012010,False,Sem exposicao TSB direta,0.0,2099,2099.2020,,
37012020,False,Sem exposicao TSB direta,0.0,2099,2099.2020,,
37013021,False,Sem exposicao TSB direta,0.0,2099,2099.2020,,
37013022,False,Sem exposicao TSB direta,0.0,2099,2099.2020,,
37013029,False,Sem exposicao TSB direta,0.0,2099,2099.2020,,
37013031,False,Sem exposicao TSB direta,0.0,2099,2099.2020,,
37013039,False,Sem exposicao TSB direta,0.0,2099,2099.2020,,
37013040,False,Sem exposicao TSB direta,0.0,2099,2099.2020,,
37013050,False,Sem exposicao TSB direta,0.0,2099,2099.2020,,
37013090,False,Sem exposicao TSB direta,0.0,2099,2099.2020,,
37019900,False,Sem exposicao TSB direta,0.0,2099,2099.2020,,
37021020,False,Sem exposicao TSB direta,0.0,2099,2099.2060,,
37023100,False,Sem exposicao TSB direta,0.0,2099,2099.2060,,
37023200,False,Sem exposicao TSB direta,0.0,2099,2099.2060,,
37023900,False,Sem exposicao TSB direta,0.0,2099,2099.2060,,
37024310,False,Sem exposicao TSB direta,0.0,2099,2099.2060,,
37024390,False,Sem exposicao TSB direta,0.0,2099,2099.2060,,
37024410,False,Sem exposicao TSB direta,0.0,2099,2099.2060,,
37024421,False,Sem exposicao TSB direta,0.0,2099,2099.2060,,
37024422,False,Sem exposicao TSB direta,0.0,2099,2099.2060,,
37024429,False,Sem exposicao TSB direta,0.0,2099,2099.2060,,
37025200,False,Sem exposicao TSB direta,0.0,2099,2099.2060,,
37025300,False,Sem exposicao TSB direta,0.0,2099,2099.2060,,
37025411,False,Sem exposicao TSB direta,0.0,2099,2099.2060,,
37025412,False,Sem exposicao TSB direta,0.0,2099,2099.2060,,
37025419,False,Sem exposicao TSB direta,0.0,2099,2099.2060,,
37025510,False,Sem exposicao TSB direta,0.0,2099,2099.2060,,
37025600,False,Sem exposicao TSB direta,0.0,2099,2099.2060,,
37029600,False,Sem exposicao TSB direta,0.0,2099,2099.2060,,
37029700,False,Sem exposicao TSB direta,0.0,2099,2099.2060,,
37029800,False,Sem exposicao TSB direta,0.0,2099,2099.2060,,
37031010,False,Sem exposicao TSB direta,0.0,2099,2099.2120,,
37032000,False,Sem exposicao TSB direta,0.0,2099,2099.2120,,
37039010,False,Sem exposicao TSB direta,0.0,2099,2099.2120,,
37039090,False,Sem exposicao TSB direta,0.0,2099,2099.2120,,
37071000,False,Sem exposicao TSB direta,0.0,2099,2099.2160,,
37079010,False,Sem exposicao TSB direta,0.0,2099,2099.2160,,
37079021,False,Sem exposicao TSB direta,0.0,2099,2099.2160,,
37079029,False,Sem exposicao TSB direta,0.0,2099,2099.2160,,
37079030,False,Sem exposicao TSB direta,0.0,2099,2099.2160,,
37079090,False,Sem exposicao TSB direta,0.0,2099,2099.2160,,
38011000,False,Sem exposicao TSB direta,0.0,2399,2399.2130,,
38012010,False,Sem exposicao TSB direta,0.0,2399,2399.2130,,
38012090,False,Sem exposicao TSB direta,0.0,2399,2399.2130,,
38013010,False,Sem exposicao TSB direta,0.0,2399,2399.2130,,
38013090,False,Sem exposicao TSB direta,0.0,2399,2399.2130,,
38019000,False,Sem exposicao TSB direta,0.0,2399,2399.2130,,
38021000,True,Exposicao intermediaria TSB,0.6944,2029,2029.2280,20291,2091
38029010,True,Exposicao intermediaria TSB,0.6944,2019,2019.2065,20193,2091
38029020,True,Exposicao intermediaria TSB,0.6944,2019,2019.2065,20193,2091
38029030,True,Exposicao intermediaria TSB,0.6944,2019,2019.2065,20193,2091
38029040,True,Exposicao intermediaria TSB,0.6944,2019,2019.2065,20193,2091
38029050,True,Exposicao intermediaria TSB,0.6944,2019,2019.2065,20193,2091
38029090,True,Exposicao intermediaria TSB,0.6944,2019,2019.2065,20193,2091
38030010,True,Exposicao intermediaria TSB,0.6944,2029,2029.2940,20291,2091
38030090,True,Exposicao intermediaria TSB,0.6944,2029,2029.2940,20291,2091
38040012,True,Exposicao intermediaria TSB,0.6944,2029,2029.2710,20291,2091
38040020,True,Exposicao intermediaria TSB,0.6944,2029,2029.2710,20291,2091
38051000,True,Exposicao intermediaria TSB,0.6944,2029,2029.2590,20291,2091
38059010,True,Exposicao intermediaria TSB,0.6944,2029,2029.2590,20291,2091
38059090,True,Exposicao intermediaria TSB,0.6944,2029,2029.2590,20291,2091
38061000,True,Exposicao intermediaria TSB,0.6944,2029,2029.2325,20291,2091
38062000,True,Exposicao intermediaria TSB,0.6944,2029,2029.2325,20291,2091
38063000,True,Exposicao intermediaria TSB,0.6944,2029,2029.2325,20291,2091
38069011,True,Exposicao intermediaria TSB,0.6944,2029,2029.2325,20291,2091
38069012,True,Exposicao intermediaria TSB,0.6944,2029,2029.2325,20291,2091
38069019,True,Exposicao intermediaria TSB,0.6944,2029,2029.2325,20291,2091
38069090,True,Exposicao intermediaria TSB,0.6944,2029,2029.2325,20291,2091
38070000,True,Exposicao intermediaria TSB,0.6944,2029,2029.2170,20291,2091
38085200,False,Sem exposicao TSB direta,0.0,2051,2051.2110;2051.2130;2051.2150;2051.2250,,
38085910,False,Sem exposicao TSB direta,0.0,2051,2051.2110;2051.2130;2051.2150;2051.2250,,
38085926,False,Sem exposicao TSB direta,0.0,2051,2051.2150,,
38085929,False,Sem exposicao TSB direta,0.0,2051,2051.2110;2051.2130;2051.2150;2051.2250,,
38086100,False,Sem exposicao TSB direta,0.0,2052,2052.2030,,
38086210,False,Sem exposicao TSB direta,0.0,2052,2052.2030,,
38086290,False,Sem exposicao TSB direta,0.0,2052,2052.2030,,
38086910,False,Sem exposicao TSB direta,0.0,2052,2052.2030,,
38086990,False,Sem exposicao TSB direta,0.0,2052,2052.2030,,
38089111,False,Sem exposicao TSB direta,0.0,2052,2052.2030,,
38089119,False,Sem exposicao TSB direta,0.0,2052,2052.2030,,
38089120,False,Sem exposicao TSB direta,0.0,2051,2051.2150,,
38089191,False,Sem exposicao TSB direta,0.0,2051,2051.2150,,
38089192,False,Sem exposicao TSB direta,0.0,2051,2051.2150,,
38089195,False,Sem exposicao TSB direta,0.0,2051,2051.2150,,
38089196,False,Sem exposicao TSB direta,0.0,2051,2051.2150,,
38089197,False,Sem exposicao TSB direta,0.0,2051,2051.2150,,
38089199,False,Sem exposicao TSB direta,0.0,2051,2051.2150,,
38089219,False,Sem exposicao TSB direta,0.0,2052,2052.2010,,
38089291,False,Sem exposicao TSB direta,0.0,2051,2051.2110,,
38089292,False,Sem exposicao TSB direta,0.0,2051,2051.2110,,
38089293,False,Sem exposicao TSB direta,0.0,2051,2051.2110,,
38089295,False,Sem exposicao TSB direta,0.0,2051,2051.2110,,
38089296,False,Sem exposicao TSB direta,0.0,2051,2051.2110,,
38089297,False,Sem exposicao TSB direta,0.0,2051,2051.2110,,
38089299,False,Sem exposicao TSB direta,0.0,2051,2051.2110,,
38089319,False,Sem exposicao TSB direta,0.0,2052,2052.2020,,
38089322,False,Sem exposicao TSB direta,0.0,2051,2051.2130,,
38089323,False,Sem exposicao TSB direta,0.0,2051,2051.2130,,
38089324,False,Sem exposicao TSB direta,0.0,2051,2051.2130,,
38089325,False,Sem exposicao TSB direta,0.0,2051,2051.2130,,
38089326,False,Sem exposicao TSB direta,0.0,2051,2051.2130,,
38089327,False,Sem exposicao TSB direta,0.0,2051,2051.2130,,
38089328,False,Sem exposicao TSB direta,0.0,2051,2051.2130,,
38089329,False,Sem exposicao TSB direta,0.0,2051,2051.2130,,
38089349,False,Sem exposicao TSB direta,0.0,2052,2052.2020,,
38089352,False,Sem exposicao TSB direta,0.0,2051,2051.2130,,
38089359,False,Sem exposicao TSB direta,0.0,2051,2051.2130,,
38089411,False,Sem exposicao TSB direta,0.0,2062,2062.2030,,
38089419,False,Sem exposicao TSB direta,0.0,2062,2062.2030,,
38089422,False,Sem exposicao TSB direta,0.0,2062,2062.2040,,
38089429,False,Sem exposicao TSB direta,0.0,2062;2063,2062.2040;2063.2095,,
38089919,False,Sem exposicao TSB direta,0.0,2052,2052.2040,,
38089991,False,Sem exposicao TSB direta,0.0,2051,2051.2250,,
38089993,False,Sem exposicao TSB direta,0.0,2051,2051.2250,,
38089995,False,Sem exposicao TSB direta,0.0,2051,2051.2250,,
38089996,False,Sem exposicao TSB direta,0.0,2051;2052,2051.2250;2052.2040,,
38089999,False,Sem exposicao TSB direta,0.0,2051,2051.2250,,
38091010,True,Exposicao intermediaria TSB,0.12210000000000001,2093,2093.2370,20932,2092
38091090,True,Exposicao intermediaria TSB,0.12210000000000001,2093,2093.2370,20932,2092
38099110,True,Exposicao intermediaria TSB,0.12210000000000001,2093,2093.2370,20932,2092
38099120,True,Exposicao intermediaria TSB,0.12210000000000001,2093,2093.2370,20932,2092
38099130,True,Exposicao intermediaria TSB,0.12210000000000001,2093,2093.2370,20932,2092
38099141,True,Exposicao intermediaria TSB,0.12210000000000001,2093,2093.2370,20932,2092
38099149,True,Exposicao intermediaria TSB,0.12210000000000001,2093,2093.2370,20932,2092
38099190,True,Exposicao intermediaria TSB,0.12210000000000001,2093,2093.2370,20932,2092
38099211,True,Exposicao intermediaria TSB,0.12210000000000001,2093,2093.2370,20932,2092
38099219,True,Exposicao intermediaria TSB,0.12210000000000001,2093,2093.2370,20932,2092
38099290,True,Exposicao intermediaria TSB,0.12210000000000001,2093,2093.2370,20932,2092
38099311,True,Exposicao intermediaria TSB,0.12210000000000001,2093,2093.2370,20932,2092
38099319,True,Exposicao intermediaria TSB,0.12210000000000001,2093,2093.2370,20932,2092
38099390,True,Exposicao intermediaria TSB,0.12210000000000001,2093,2093.2370,20932,2092
38101010,False,Sem exposicao TSB direta,0.0,2099,2099.2070,,
38101020,False,Sem exposicao TSB direta,0.0,2099,2099.2070,,
38109000,False,Sem exposicao TSB direta,0.0,2099,2099.2070,,
38111900,False,Sem exposicao TSB direta,0.0,2099,2099.2150,,
38112110,True,Exposicao intermediaria TSB,0.12210000000000001,2093,2093.2100,20932,2092
38112120,True,Exposicao intermediaria TSB,0.12210000000000001,2093,2093.2100,20932,2092
38112130,True,Exposicao intermediaria TSB,0.12210000000000001,2093,2093.2100,20932,2092
38112140,True,Exposicao intermediaria TSB,0.12210000000000001,2093,2093.2100,20932,2092
38112150,True,Exposicao intermediaria TSB,0.12210000000000001,2093,2093.2100,20932,2092
38112190,True,Exposicao intermediaria TSB,0.12210000000000001,2093,2093.2100,20932,2092
38112920,True,Exposicao intermediaria TSB,0.12210000000000001,2093,2093.2100,20932,2092
38112990,True,Exposicao intermediaria TSB,0.12210000000000001,2093,2093.2100,20932,2092
38119010,True,Exposicao intermediaria TSB,0.12210000000000001,2093,2093.2100,20932,2092
38119090,True,Exposicao intermediaria TSB,0.12210000000000001,2093,2093.2080,20932,2092
38121000,True,Exposicao intermediaria TSB,0.12210000000000001,2093,2093.2020,20932,2092
38122000,True,Exposicao intermediaria TSB,0.12210000000000001,2093,2093.2310,20932,2092
38123100,True,Exposicao intermediaria TSB,0.12210000000000001,2093,2093.2130,20932,2092
38123911,True,Exposicao intermediaria TSB,0.12210000000000001,2093,2093.2130,20932,2092
38123919,True,Exposicao intermediaria TSB,0.12210000000000001,2093,2093.2130,20932,2092
38123921,True,Exposicao intermediaria TSB,0.12210000000000001,2093,2093.2130,20932,2092
38123929,True,Exposicao intermediaria TSB,0.12210000000000001,2093,2093.2130,20932,2092
38130090,False,Sem exposicao TSB direta,0.0,2099,2099.2040,,
38140010,False,Sem exposicao TSB direta,0.0,2073,2073.2060,,
38140090,False,Sem exposicao TSB direta,0.0,2073,2073.2060,,
38151100,False,Sem exposicao TSB direta,0.0,2094,2094.2045,,
38151210,False,Sem exposicao TSB direta,0.0,2094,2094.2015,,
38151220,False,Sem exposicao TSB direta,0.0,2094,2094.2045,,
38151290,False,Sem exposicao TSB direta,0.0,2094,2094.2045,,
38151900,False,Sem exposicao TSB direta,0.0,2094,2094.2045,,
38159010,False,Sem exposicao TSB direta,0.0,2094,2094.2060,,
38159092,False,Sem exposicao TSB direta,0.0,2094,2094.2040,,
38159093,False,Sem exposicao TSB direta,0.0,2094,2094.2040,,
38159099,False,Sem exposicao TSB direta,0.0,2094,2094.2040,,
38160011,False,Sem exposicao TSB direta,0.0,2341,2341.2010,,
38160012,False,Sem exposicao TSB direta,0.0,2341,2341.2010,,
38160019,False,Sem exposicao TSB direta,0.0,2341,2341.2010,,
38160021,False,Sem exposicao TSB direta,0.0,2341,2341.2010,,
38160029,False,Sem exposicao TSB direta,0.0,2341,2341.2010,,
38160090,False,Sem exposicao TSB direta,0.0,2341;2392,2341.2010;2392.2038,,
38170010,True,Exposicao intermediaria TSB,0.6944,2029,2029.2770,20291,2091
38170020,True,Exposicao intermediaria TSB,0.6944,2029,2029.2770,20291,2091
38180010,False,Sem exposicao TSB direta,0.0,2099,2099.2050,,
38180090,False,Sem exposicao TSB direta,0.0,2099,2099.2050,,
38190000,False,Sem exposicao TSB direta,0.0,2099,2099.2090,,
38200000,False,Sem exposicao TSB direta,0.0,2099,2099.2140,,
38210000,False,Sem exposicao TSB direta,0.0,2099,2099.2110,,
38221100,False,Sem exposicao TSB direta,0.0,2099;2121;2122,2099.2190;2121.2400;2122.2260,,
38221200,False,Sem exposicao TSB direta,0.0,2099,2099.2190,,
38221300,False,Sem exposicao TSB direta,0.0,2099;2122;2123,2099.2190;2122.2270;2123.2170,,
38221910,False,Sem exposicao TSB direta,0.0,2099,2099.2190,,
38221920,False,Sem exposicao TSB direta,0.0,2099,2099.2190,,
38221930,False,Sem exposicao TSB direta,0.0,2099;2110,2099.2190;2110.2285,,
38221940,False,Sem exposicao TSB direta,0.0,2099;2121;2122,2099.2190;2121.2400;2122.2260,,
38221990,False,Sem exposicao TSB direta,0.0,2099,2099.2190,,
38229000,False,Sem exposicao TSB direta,0.0,2099,2099.2190,,
38231100,True,Exposicao intermediaria TSB,0.6944,2029,2029.2110,20291,2091
38231200,True,Exposicao intermediaria TSB,0.6944,2029,2029.2110,20291,2091
38231300,True,Exposicao intermediaria TSB,0.6944,2029,2029.2110,20291,2091
38231910,True,Exposicao intermediaria TSB,0.6944,2029,2029.2110,20291,2091
38231990,True,Exposicao intermediaria TSB,0.6944,2029,2029.2110,20291,2091
38237010,True,Exposicao intermediaria TSB,0.6944,2029,2029.2200,20291,2091
38237020,True,Exposicao intermediaria TSB,0.6944,2029,2029.2200,20291,2091
38237040,True,Exposicao intermediaria TSB,0.6944,2029,2029.2200,20291,2091
38237090,True,Exposicao intermediaria TSB,0.6944,2029,2029.2200,20291,2091
38241000,False,Sem exposicao TSB direta,0.0,2099,2099.2010,,
38243000,False,Sem exposicao TSB direta,0.0,2099,2099.2175,,
38244000,True,Exposicao intermediaria TSB,0.12210000000000001,2093;2099,2093.2070;2099.2175,20932,2092
38245000,False,Sem exposicao TSB direta,0.0,2330;2399,2330.2010;2330.2100;2399.2170,,
38246000,False,Sem exposicao TSB direta,0.0,2099,2099.2175,,
38248190,False,Sem exposicao TSB direta,0.0,2099,2099.2175,,
38248300,False,Sem exposicao TSB direta,0.0,2099,2099.2175,,
38248400,False,Sem exposicao TSB direta,0.0,2099,2099.2175,,
38248900,False,Sem exposicao TSB direta,0.0,2099,2099.2175,,
38249100,False,Sem exposicao TSB direta,0.0,2099,2099.2175,,
38249200,False,Sem exposicao TSB direta,0.0,2099,2099.2175,,
38249911,False,Sem exposicao TSB direta,0.0,2099,2099.2175,,
38249915,False,Sem exposicao TSB direta,0.0,2099,2099.2175,,
38249919,False,Sem exposicao TSB direta,0.0,2099,2099.2175,,
38249921,False,Sem exposicao TSB direta,0.0,2099,2099.2175,,
38249922,False,Sem exposicao TSB direta,0.0,2099,2099.2175,,
38249923,False,Sem exposicao TSB direta,0.0,2099,2099.2175,,
38249924,False,Sem exposicao TSB direta,0.0,2099,2099.2175,,
38249925,False,Sem exposicao TSB direta,0.0,2099,2099.2175;2099.2210,,
38249929,True,Alta exposicao TSB,1.0,1932;2099,1932.2010;2099.2175,19322,1992
38249931,False,Sem exposicao TSB direta,0.0,2099,2099.2175,,
38249932,False,Sem exposicao TSB direta,0.0,2099,2099.2175,,
38249933,False,Sem exposicao TSB direta,0.0,2099,2099.2175,,
38249934,False,Sem exposicao TSB direta,0.0,2099,2099.2175,,
38249935,False,Sem exposicao TSB direta,0.0,2099,2099.2175,,
38249936,False,Sem exposicao TSB direta,0.0,2099,2099.2175,,
38249939,False,Sem exposicao TSB direta,0.0,2099,2099.2175,,
38249941,False,Sem exposicao TSB direta,0.0,2099,2099.2175,,
38249942,False,Sem exposicao TSB direta,0.0,2099,2099.2175,,
38249943,False,Sem exposicao TSB direta,0.0,2099,2099.2175,,
38249949,False,Sem exposicao TSB direta,0.0,2099,2099.2175,,
38249951,True,Exposicao intermediaria TSB,0.12210000000000001,2093;2099,2093.2120;2099.2175,20932,2092
38249952,False,Sem exposicao TSB direta,0.0,2099,2099.2175,,
38249953,True,Exposicao intermediaria TSB,0.6944,2022;2099,2022.2420;2099.2175,20223,2091
38249954,False,Sem exposicao TSB direta,0.0,2099,2099.2175,,
38249959,False,Sem exposicao TSB direta,0.0,2099,2099.2175,,
38249961,False,Sem exposicao TSB direta,0.0,2099,2099.2175,,
38249962,False,Sem exposicao TSB direta,0.0,2099,2099.2175,,
38249969,False,Sem exposicao TSB direta,0.0,2099,2099.2175,,
38249971,False,Sem exposicao TSB direta,0.0,2099,2099.2175,,
38249972,False,Sem exposicao TSB direta,0.0,2099,2099.2175,,
38249974,False,Sem exposicao TSB direta,0.0,2099,2099.2175,,
38249975,False,Sem exposicao TSB direta,0.0,2099,2099.2175,,
38249977,False,Sem exposicao TSB direta,0.0,2099,2099.2175,,
38249978,False,Sem exposicao TSB direta,0.0,2099,2099.2175,,
38249979,False,Sem exposicao TSB direta,0.0,2013;2099,2013.2090;2099.2175,,
38249981,True,Exposicao intermediaria TSB,0.12210000000000001,2093;2099,2093.2330;2099.2175,20932,2092
38249982,False,Sem exposicao TSB direta,0.0,2099,2099.2175,,
38249983,False,Sem exposicao TSB direta,0.0,2099,2099.2175,,
38249984,False,Sem exposicao TSB direta,0.0,2099,2099.2175,,
38249985,False,Sem exposicao TSB direta,0.0,2099,2099.2175,,
38249986,False,Sem exposicao TSB direta,0.0,2051;2099,2051.2220;2099.2175,,
38249987,False,Sem exposicao TSB direta,0.0,2099,2099.2175,,
38249988,False,Sem exposicao TSB direta,0.0,2099,2099.2175,,
38249989,False,Sem exposicao TSB direta,0.0,2099,2099.2175,,
38256900,False,Sem exposicao TSB direta,0.0,2099,2099.2200,,
38260000,True,Alta exposicao TSB,1.0,1932,1932.2020,19322,1992
38273110,False,Sem exposicao TSB direta,0.0,2099,2099.2175,,
38275100,False,Sem exposicao TSB direta,0.0,2099,2099.2175,,
38275900,False,Sem exposicao TSB direta,0.0,2099,2099.2175,,
38276100,False,Sem exposicao TSB direta,0.0,2099,2099.2175,,
38276300,False,Sem exposicao TSB direta,0.0,2099,2099.2175,,
38276400,False,Sem exposicao TSB direta,0.0,2099,2099.2175,,
38276500,False,Sem exposicao TSB direta,0.0,2099,2099.2175,,
38276800,False,Sem exposicao TSB direta,0.0,2099,2099.2175,,
38276900,False,Sem exposicao TSB direta,0.0,2099,2099.2175,,
38279000,False,Sem exposicao TSB direta,0.0,2099,2099.2175,,
39011020,True,Exposicao intermediaria TSB,0.6944,2031,2031.2140;2031.2150,20312,2091
39011030,True,Exposicao intermediaria TSB,0.6944,2031,2031.2140;2031.2150,20312,2091
39012011,True,Exposicao intermediaria TSB,0.6944,2031,2031.2130,20312,2091
39012019,True,Exposicao intermediaria TSB,0.6944,2031,2031.2130,20312,2091
39012021,True,Exposicao intermediaria TSB,0.6944,2031,2031.2130,20312,2091
39012029,True,Exposicao intermediaria TSB,0.6944,2031,2031.2130,20312,2091
39013010,True,Exposicao intermediaria TSB,0.6944,2031,2031.2030,20312,2091
39013090,True,Exposicao intermediaria TSB,0.6944,2031,2031.2030,20312,2091
39014000,True,Exposicao intermediaria TSB,0.6944,2031,2031.2030;2031.2150,20312,2091
39019010,True,Exposicao intermediaria TSB,0.6944,2031,2031.2190,20312,2091
39019020,True,Exposicao intermediaria TSB,0.6944,2031,2031.2190,20312,2091
39019030,True,Exposicao intermediaria TSB,0.6944,2031,2031.2190,20312,2091
39019040,True,Exposicao intermediaria TSB,0.6944,2031,2031.2190,20312,2091
39019050,True,Exposicao intermediaria TSB,0.6944,2031,2031.2190,20312,2091
39019090,True,Exposicao intermediaria TSB,0.6944,2031,2031.2190,20312,2091
39021010,True,Exposicao intermediaria TSB,0.6944,2031,2031.2230,20312,2091
39021020,True,Exposicao intermediaria TSB,0.6944,2031,2031.2230,20312,2091
39022000,True,Exposicao intermediaria TSB,0.6944,2031,2031.2210,20312,2091
39023000,True,Exposicao intermediaria TSB,0.6944,2031,2031.2210,20312,2091
39029000,True,Exposicao intermediaria TSB,0.6944,2031,2031.2210,20312,2091
39031110,True,Exposicao intermediaria TSB,0.6944,2031,2031.2110,20312,2091
39031120,True,Exposicao intermediaria TSB,0.6944,2031,2031.2110,20312,2091
39031900,True,Exposicao intermediaria TSB,0.6944,2031,2031.2100,20312,2091
39032000,True,Exposicao intermediaria TSB,0.6944,2031,2031.2185,20312,2091
39033010,True,Exposicao intermediaria TSB,0.6944,2031,2031.2020,20312,2091
39033020,True,Exposicao intermediaria TSB,0.6944,2031,2031.2020,20312,2091
39039010,True,Exposicao intermediaria TSB,0.6944,2031,2031.2185,20312,2091
39039020,True,Exposicao intermediaria TSB,0.6944,2031,2031.2185,20312,2091
39039090,True,Exposicao intermediaria TSB,0.6944,2031,2031.2185,20312,2091
39041010,True,Exposicao intermediaria TSB,0.6944,2031,2031.2090,20312,2091
39041020,True,Exposicao intermediaria TSB,0.6944,2031,2031.2090,20312,2091
39041090,True,Exposicao intermediaria TSB,0.6944,2031,2031.2090,20312,2091
39042100,True,Exposicao intermediaria TSB,0.6944,2031,2031.2090,20312,2091
39042200,True,Exposicao intermediaria TSB,0.6944,2031,2031.2090,20312,2091
39043000,True,Exposicao intermediaria TSB,0.6944,2031,2031.2200,20312,2091
39044010,True,Exposicao intermediaria TSB,0.6944,2031,2031.2200,20312,2091
39044090,True,Exposicao intermediaria TSB,0.6944,2031,2031.2200,20312,2091
39045010,True,Exposicao intermediaria TSB,0.6944,2031,2031.2200,20312,2091
39045090,True,Exposicao intermediaria TSB,0.6944,2031,2031.2200,20312,2091
39046110,True,Exposicao intermediaria TSB,0.6944,2031,2031.2200,20312,2091
39046190,True,Exposicao intermediaria TSB,0.6944,2031,2031.2260,20312,2091
39046910,True,Exposicao intermediaria TSB,0.6944,2031,2031.2200,20312,2091
39046990,True,Exposicao intermediaria TSB,0.6944,2031,2031.2200,20312,2091
39049010,True,Exposicao intermediaria TSB,0.6944,2031,2031.2200,20312,2091
39049090,True,Exposicao intermediaria TSB,0.6944,2031,2031.2200,20312,2091
39051200,True,Exposicao intermediaria TSB,0.6944,2031,2031.2010,20312,2091
39051910,True,Exposicao intermediaria TSB,0.6944,2031,2031.2010,20312,2091
39051990,True,Exposicao intermediaria TSB,0.6944,2031,2031.2010,20312,2091
39052100,True,Exposicao intermediaria TSB,0.6944,2031,2031.2160,20312,2091
39052900,True,Exposicao intermediaria TSB,0.6944,2031,2031.2160,20312,2091
39053000,True,Exposicao intermediaria TSB,0.6944,2031,2031.2160,20312,2091
39059130,True,Exposicao intermediaria TSB,0.6944,2031,2031.2160,20312,2091
39059190,True,Exposicao intermediaria TSB,0.6944,2031,2031.2160,20312,2091
39059910,True,Exposicao intermediaria TSB,0.6944,2031,2031.2160,20312,2091
39059920,True,Exposicao intermediaria TSB,0.6944,2031,2031.2160,20312,2091
39059930,True,Exposicao intermediaria TSB,0.6944,2031,2031.2160,20312,2091
39059990,True,Exposicao intermediaria TSB,0.6944,2031,2031.2160,20312,2091
39061000,True,Exposicao intermediaria TSB,0.6944,2031,2031.2170,20312,2091
39069011,True,Exposicao intermediaria TSB,0.6944,2031,2031.2170,20312,2091
39069012,True,Exposicao intermediaria TSB,0.6944,2031,2031.2170,20312,2091
39069019,True,Exposicao intermediaria TSB,0.6944,2031,2031.2170,20312,2091
39069021,True,Exposicao intermediaria TSB,0.6944,2031,2031.2170,20312,2091
39069022,True,Exposicao intermediaria TSB,0.6944,2031,2031.2170,20312,2091
39069029,True,Exposicao intermediaria TSB,0.6944,2031,2031.2170,20312,2091
39069031,True,Exposicao intermediaria TSB,0.6944,2031,2031.2170,20312,2091
39069032,True,Exposicao intermediaria TSB,0.6944,2031,2031.2170,20312,2091
39069039,True,Exposicao intermediaria TSB,0.6944,2031,2031.2170,20312,2091
39069051,True,Exposicao intermediaria TSB,0.6944,2031,2031.2170,20312,2091
39069052,True,Exposicao intermediaria TSB,0.6944,2031,2031.2170,20312,2091
39069053,True,Exposicao intermediaria TSB,0.6944,2031,2031.2170,20312,2091
39069054,True,Exposicao intermediaria TSB,0.6944,2031,2031.2170,20312,2091
39069059,True,Exposicao intermediaria TSB,0.6944,2031,2031.2170,20312,2091
39069061,True,Exposicao intermediaria TSB,0.6944,2031,2031.2170,20312,2091
39069062,True,Exposicao intermediaria TSB,0.6944,2031,2031.2170,20312,2091
39069063,True,Exposicao intermediaria TSB,0.6944,2031,2031.2170,20312,2091
39069064,True,Exposicao intermediaria TSB,0.6944,2031,2031.2170,20312,2091
39069065,True,Exposicao intermediaria TSB,0.6944,2031,2031.2170,20312,2091
39069069,True,Exposicao intermediaria TSB,0.6944,2031,2031.2170,20312,2091
39071010,True,Exposicao intermediaria TSB,0.6944,2031,2031.2055,20312,2091
39071020,True,Exposicao intermediaria TSB,0.6944,2031,2031.2055,20312,2091
39071031,True,Exposicao intermediaria TSB,0.6944,2031,2031.2055,20312,2091
39071039,True,Exposicao intermediaria TSB,0.6944,2031,2031.2055,20312,2091
39071041,True,Exposicao intermediaria TSB,0.6944,2031,2031.2055,20312,2091
39071049,True,Exposicao intermediaria TSB,0.6944,2031,2031.2055,20312,2091
39071091,True,Exposicao intermediaria TSB,0.6944,2031,2031.2055,20312,2091
39071099,True,Exposicao intermediaria TSB,0.6944,2031,2031.2055,20312,2091
39072100,True,Exposicao intermediaria TSB,0.6944,2031,2031.2230;2031.2240,20312,2091
39072911,True,Exposicao intermediaria TSB,0.6944,2031,2031.2240,20312,2091
39072912,True,Exposicao intermediaria TSB,0.6944,2031,2031.2240,20312,2091
39072920,True,Exposicao intermediaria TSB,0.6944,2032,2032.2020,20321,2091
39072931,True,Exposicao intermediaria TSB,0.6944,2029,2029.2870,20291,2091
39072939,True,Exposicao intermediaria TSB,0.6944,2032,2032.2020,20321,2091
39072942,True,Exposicao intermediaria TSB,0.6944,2032,2032.2020,20321,2091
39072949,True,Exposicao intermediaria TSB,0.6944,2032,2032.2020,20321,2091
39072991,True,Exposicao intermediaria TSB,0.6944,2032,2032.2020,20321,2091
39072999,True,Exposicao intermediaria TSB,0.6944,2032,2032.2020,20321,2091
39073011,True,Exposicao intermediaria TSB,0.6944,2032,2032.2100,20321,2091
39073019,True,Exposicao intermediaria TSB,0.6944,2032,2032.2100,20321,2091
39073021,True,Exposicao intermediaria TSB,0.6944,2032,2032.2100,20321,2091
39073022,True,Exposicao intermediaria TSB,0.6944,2032,2032.2100,20321,2091
39073029,True,Exposicao intermediaria TSB,0.6944,2032,2032.2100,20321,2091
39074010,True,Exposicao intermediaria TSB,0.6944,2031,2031.2080,20312,2091
39074020,True,Exposicao intermediaria TSB,0.6944,2031,2031.2080,20312,2091
39074090,True,Exposicao intermediaria TSB,0.6944,2031,2031.2080,20312,2091
39075010,True,Exposicao intermediaria TSB,0.6944,2032,2032.2080,20321,2091
39075090,True,Exposicao intermediaria TSB,0.6944,2032,2032.2080,20321,2091
39076100,True,Exposicao intermediaria TSB,0.6944,2031,2031.2290,20312,2091
39076900,True,Exposicao intermediaria TSB,0.6944,2031,2031.2290,20312,2091
39077000,True,Exposicao intermediaria TSB,0.6944,2032,2032.2020,20321,2091
39079100,True,Exposicao intermediaria TSB,0.6944,2032,2032.2070,20321,2091
39079911,True,Exposicao intermediaria TSB,0.6944,2031,2031.2280,20312,2091
39079912,True,Exposicao intermediaria TSB,0.6944,2031,2031.2280,20312,2091
39079919,True,Exposicao intermediaria TSB,0.6944,2031,2031.2280,20312,2091
39079991,True,Exposicao intermediaria TSB,0.6944,2032,2032.2020,20321,2091
39079992,True,Exposicao intermediaria TSB,0.6944,2032,2032.2020,20321,2091
39079993,True,Exposicao intermediaria TSB,0.6944,2032,2032.2020,20321,2091
39079994,True,Exposicao intermediaria TSB,0.6944,2032,2032.2020,20321,2091
39079995,True,Exposicao intermediaria TSB,0.6944,2032,2032.2020,20321,2091
39079999,True,Exposicao intermediaria TSB,0.6944,2032,2032.2020,20321,2091
39081011,True,Exposicao intermediaria TSB,0.6944,2031,2031.2060,20312,2091
39081012,True,Exposicao intermediaria TSB,0.6944,2031,2031.2060,20312,2091
39081013,True,Exposicao intermediaria TSB,0.6944,2031,2031.2060,20312,2091
39081014,True,Exposicao intermediaria TSB,0.6944,2031,2031.2060,20312,2091
39081019,True,Exposicao intermediaria TSB,0.6944,2031,2031.2070,20312,2091
39081021,True,Exposicao intermediaria TSB,0.6944,2031,2031.2060,20312,2091
39081022,True,Exposicao intermediaria TSB,0.6944,2031,2031.2060,20312,2091
39081023,True,Exposicao intermediaria TSB,0.6944,2031,2031.2060,20312,2091
39081025,True,Exposicao intermediaria TSB,0.6944,2031,2031.2060,20312,2091
39081026,True,Exposicao intermediaria TSB,0.6944,2031,2031.2060,20312,2091
39081029,True,Exposicao intermediaria TSB,0.6944,2031,2031.2070,20312,2091
39089010,True,Exposicao intermediaria TSB,0.6944,2031,2031.2070,20312,2091
39089020,True,Exposicao intermediaria TSB,0.6944,2031,2031.2070,20312,2091
39089090,True,Exposicao intermediaria TSB,0.6944,2031,2031.2070,20312,2091
39091000,True,Exposicao intermediaria TSB,0.6944,2032,2032.2110,20321,2091
39092011,True,Exposicao intermediaria TSB,0.6944,2032,2032.2060;2032.2090,20321,2091
39092019,True,Exposicao intermediaria TSB,0.6944,2032,2032.2060;2032.2090,20321,2091
39092021,True,Exposicao intermediaria TSB,0.6944,2032,2032.2060;2032.2090,20321,2091
39092029,True,Exposicao intermediaria TSB,0.6944,2032,2032.2060;2032.2090,20321,2091
39093100,True,Exposicao intermediaria TSB,0.6944,2032,2032.2090,20321,2091
39093900,True,Exposicao intermediaria TSB,0.6944,2032,2032.2090,20321,2091
39094011,True,Exposicao intermediaria TSB,0.6944,2032,2032.2050,20321,2091
39094019,True,Exposicao intermediaria TSB,0.6944,2032,2032.2050,20321,2091
39094091,True,Exposicao intermediaria TSB,0.6944,2032,2032.2050,20321,2091
39094099,True,Exposicao intermediaria TSB,0.6944,2032,2032.2050,20321,2091
39095011,True,Exposicao intermediaria TSB,0.6944,2032,2032.2040,20321,2091
39095012,True,Exposicao intermediaria TSB,0.6944,2032,2032.2040,20321,2091
39095019,True,Exposicao intermediaria TSB,0.6944,2032,2032.2040,20321,2091
39095021,True,Exposicao intermediaria TSB,0.6944,2032,2032.2040,20321,2091
39095029,True,Exposicao intermediaria TSB,0.6944,2032,2032.2040,20321,2091
39100011,True,Exposicao intermediaria TSB,0.6944,2032,2032.2010,20321,2091
39100012,True,Exposicao intermediaria TSB,0.6944,2032,2032.2120,20321,2091
39100013,True,Exposicao intermediaria TSB,0.6944,2032,2032.2120,20321,2091
39100019,True,Exposicao intermediaria TSB,0.6944,2032,2032.2120,20321,2091
39100021,True,Exposicao intermediaria TSB,0.6944,2032,2032.2120,20321,2091
39100029,True,Exposicao intermediaria TSB,0.6944,2032,2032.2120,20321,2091
39100030,True,Exposicao intermediaria TSB,0.6944,2032,2032.2120,20321,2091
39100090,True,Exposicao intermediaria TSB,0.6944,2032;3250,2032.2120;3250.2280,20321,2091
39111010,True,Exposicao intermediaria TSB,0.6944,2031,2031.2270,20312,2091
39111021,True,Exposicao intermediaria TSB,0.6944,2031,2031.2270,20312,2091
39111029,True,Exposicao intermediaria TSB,0.6944,2031,2031.2270,20312,2091
39112000,True,Exposicao intermediaria TSB,0.6944,2032,2032.2030,20321,2091
39119011,True,Exposicao intermediaria TSB,0.6944,2032,2032.2030,20321,2091
39119012,True,Exposicao intermediaria TSB,0.6944,2032,2032.2030,20321,2091
39119014,True,Exposicao intermediaria TSB,0.6944,2032,2032.2030,20321,2091
39119019,True,Exposicao intermediaria TSB,0.6944,2032,2032.2030,20321,2091
39119021,True,Exposicao intermediaria TSB,0.6944,2032,2032.2030,20321,2091
39119022,True,Exposicao intermediaria TSB,0.6944,2031,2031.2250,20312,2091
39119023,True,Exposicao intermediaria TSB,0.6944,2031,2031.2120,20312,2091
39119024,True,Exposicao intermediaria TSB,0.6944,2032,2032.2030,20321,2091
39119025,True,Exposicao intermediaria TSB,0.6944,2032,2032.2030,20321,2091
39119026,True,Exposicao intermediaria TSB,0.6944,2032,2032.2030,20321,2091
39119027,True,Exposicao intermediaria TSB,0.6944,2032,2032.2030,20321,2091
39119029,True,Exposicao intermediaria TSB,0.6944,2032,2032.2030,20321,2091
39121120,True,Exposicao intermediaria TSB,0.6944,2029,2029.2545,20291,2091
39121200,True,Exposicao intermediaria TSB,0.6944,2029,2029.2545,20291,2091
39122010,True,Exposicao intermediaria TSB,0.6944,2029,2029.2545,20291,2091
39122021,True,Exposicao intermediaria TSB,0.6944,2029,2029.2545,20291,2091
39122029,True,Exposicao intermediaria TSB,0.6944,2029,2029.2545,20291,2091
39123111,True,Exposicao intermediaria TSB,0.6944,2029,2029.2545,20291,2091
39123119,True,Exposicao intermediaria TSB,0.6944,2029,2029.2545,20291,2091
39123121,True,Exposicao intermediaria TSB,0.6944,2029,2029.2545,20291,2091
39123129,True,Exposicao intermediaria TSB,0.6944,2029,2029.2545,20291,2091
39123910,True,Exposicao intermediaria TSB,0.6944,2029,2029.2680,20291,2091
39123920,True,Exposicao intermediaria TSB,0.6944,2029,2029.2545,20291,2091
39123930,True,Exposicao intermediaria TSB,0.6944,2029,2029.2545,20291,2091
39123990,True,Exposicao intermediaria TSB,0.6944,2029,2029.2545,20291,2091
39129010,True,Exposicao intermediaria TSB,0.6944,2029,2029.2545,20291,2091
39129020,True,Exposicao intermediaria TSB,0.6944,2029,2029.2545,20291,2091
39129031,True,Exposicao intermediaria TSB,0.6944,2029,2029.2545,20291,2091
39129039,True,Exposicao intermediaria TSB,0.6944,2029,2029.2545,20291,2091
39129040,True,Exposicao intermediaria TSB,0.6944,2029,2029.2545,20291,2091
39129090,True,Exposicao intermediaria TSB,0.6944,2029,2029.2545,20291,2091
39131000,True,Exposicao intermediaria TSB,0.6944,2029;2031,2029.2060;2031.2220,20291;20312,2091
39139011,True,Exposicao intermediaria TSB,0.6944,2031,2031.2220,20312,2091
39139012,True,Exposicao intermediaria TSB,0.6944,2031,2031.2220,20312,2091
39139019,True,Exposicao intermediaria TSB,0.6944,2031,2031.2220,20312,2091
39139020,True,Exposicao intermediaria TSB,0.6944,2031,2031.2220,20312,2091
39139030,True,Exposicao intermediaria TSB,0.6944,2031,2031.2220,20312,2091
39139050,True,Exposicao intermediaria TSB,0.6944,2031,2031.2220,20312,2091
39139060,True,Exposicao intermediaria TSB,0.6944,2031,2031.2220,20312,2091
39139090,True,Exposicao intermediaria TSB,0.6944,2031,2031.2220,20312,2091
39140011,True,Exposicao intermediaria TSB,0.6944,2031,2031.2040,20312,2091
39140019,True,Exposicao intermediaria TSB,0.6944,2031,2031.2040,20312,2091
39140090,True,Exposicao intermediaria TSB,0.6944,2031,2031.2040,20312,2091
39151000,False,Sem exposicao TSB direta,0.0,2229,2229.2170,,
39152000,False,Sem exposicao TSB direta,0.0,2229,2229.2170,,
39153000,False,Sem exposicao TSB direta,0.0,2229,2229.2170,,
39159000,False,Sem exposicao TSB direta,0.0,2229,2229.2170,,
39161000,False,Sem exposicao TSB direta,0.0,2229,2229.2210;2229.2220,,
39162000,False,Sem exposicao TSB direta,0.0,2229,2229.2210;2229.2220,,
39169010,False,Sem exposicao TSB direta,0.0,2229,2229.2210;2229.2220,,
39169090,False,Sem exposicao TSB direta,0.0,2229,2229.2210;2229.2220,,
39171010,False,Sem exposicao TSB direta,0.0,2221,2221.2100,,
39171021,False,Sem exposicao TSB direta,0.0,2221,2221.2100,,
39171029,False,Sem exposicao TSB direta,0.0,2221,2221.2100,,
39172100,False,Sem exposicao TSB direta,0.0,2223;2229,2223.2020;2223.2030;2229.2190,,
39172210,False,Sem exposicao TSB direta,0.0,2223;2229,2223.2020;2223.2030;2229.2190,,
39172290,False,Sem exposicao TSB direta,0.0,2223;2229,2223.2020;2223.2030;2229.2190,,
39172300,False,Sem exposicao TSB direta,0.0,2223;2229,2223.2020;2223.2030;2229.2190,,
39172900,False,Sem exposicao TSB direta,0.0,2223;2229,2223.2020;2223.2030;2229.2190,,
39173100,False,Sem exposicao TSB direta,0.0,2223;2229,2223.2040;2229.2200;2229.2350,,
39173210,False,Sem exposicao TSB direta,0.0,2223;2229,2223.2020;2229.2190,,
39173221,False,Sem exposicao TSB direta,0.0,2223;2229,2223.2020;2229.2190,,
39173229,False,Sem exposicao TSB direta,0.0,2223;2229,2223.2020;2229.2140;2229.2190,,
39173230,False,Sem exposicao TSB direta,0.0,2223;2229,2223.2020;2229.2190,,
39173240,False,Sem exposicao TSB direta,0.0,2223;2229,2223.2020;2229.2190,,
39173259,False,Sem exposicao TSB direta,0.0,2223;2229,2223.2020;2229.2190,,
39173290,False,Sem exposicao TSB direta,0.0,2223;2229,2223.2020;2229.2190,,
39173300,False,Sem exposicao TSB direta,0.0,2223;2229,2223.2020;2229.2190,,
39173900,False,Sem exposicao TSB direta,0.0,2223;2229,2223.2030;2229.2190,,
39174010,False,Sem exposicao TSB direta,0.0,2223,2223.2010,,
39174090,False,Sem exposicao TSB direta,0.0,2223,2223.2010,,
39181000,False,Sem exposicao TSB direta,0.0,2229,2229.2340,,
39189000,False,Sem exposicao TSB direta,0.0,2229,2229.2340,,
39191010,False,Sem exposicao TSB direta,0.0,2221,2221.2010;2221.2080;2221.2090,,
39191020,False,Sem exposicao TSB direta,0.0,2221,2221.2010;2221.2080;2221.2090,,
39191090,False,Sem exposicao TSB direta,0.0,2221,2221.2010;2221.2080;2221.2090,,
39199010,False,Sem exposicao TSB direta,0.0,2221,2221.2010;2221.2080;2221.2090,,
39199020,False,Sem exposicao TSB direta,0.0,2221,2221.2010;2221.2080;2221.2090,,
39199090,False,Sem exposicao TSB direta,0.0,2221,2221.2010;2221.2080;2221.2090,,
39201010,False,Sem exposicao TSB direta,0.0,2221,2221.2040;2221.2060,,
39201091,False,Sem exposicao TSB direta,0.0,2221,2221.2040;2221.2060,,
39201099,False,Sem exposicao TSB direta,0.0,2221,2221.2040;2221.2060,,
39202011,False,Sem exposicao TSB direta,0.0,2221,2221.2040;2221.2070,,
39202012,False,Sem exposicao TSB direta,0.0,2221,2221.2040;2221.2070,,
39202019,False,Sem exposicao TSB direta,0.0,2221,2221.2040;2221.2070,,
39202090,False,Sem exposicao TSB direta,0.0,2221,2221.2040,,
39203000,False,Sem exposicao TSB direta,0.0,2221,2221.2040,,
39204310,False,Sem exposicao TSB direta,0.0,2221,2221.2040;2221.2060,,
39204390,False,Sem exposicao TSB direta,0.0,2221,2221.2040;2221.2060,,
39204900,False,Sem exposicao TSB direta,0.0,2221,2221.2040,,
39205100,False,Sem exposicao TSB direta,0.0,2221,2221.2040,,
39205900,False,Sem exposicao TSB direta,0.0,2221,2221.2040;2221.2075,,
39206100,False,Sem exposicao TSB direta,0.0,2221,2221.2040;2221.2060,,
39206211,False,Sem exposicao TSB direta,0.0,2221,2221.2040;2221.2060,,
39206219,False,Sem exposicao TSB direta,0.0,2221,2221.2040;2221.2060,,
39206291,False,Sem exposicao TSB direta,0.0,2221,2221.2040,,
39206299,False,Sem exposicao TSB direta,0.0,2221,2221.2040,,
39206300,False,Sem exposicao TSB direta,0.0,2221,2221.2040,,
39206900,False,Sem exposicao TSB direta,0.0,2221,2221.2040;2221.2075,,
39207100,False,Sem exposicao TSB direta,0.0,2221,2221.2040;2221.2075,,
39207310,False,Sem exposicao TSB direta,0.0,2221,2221.2040;2221.2060;2221.2075,,
39207390,False,Sem exposicao TSB direta,0.0,2221,2221.2040;2221.2075,,
39207910,False,Sem exposicao TSB direta,0.0,2221,2221.2040;2221.2075,,
39207990,False,Sem exposicao TSB direta,0.0,2221,2221.2040;2221.2075,,
39209100,False,Sem exposicao TSB direta,0.0,2221,2221.2040;2221.2075,,
39209200,False,Sem exposicao TSB direta,0.0,2221,2221.2040;2221.2075,,
39209400,False,Sem exposicao TSB direta,0.0,2221,2221.2040;2221.2075,,
39209910,False,Sem exposicao TSB direta,0.0,2221,2221.2040;2221.2075,,
39209920,False,Sem exposicao TSB direta,0.0,2221,2221.2040;2221.2075,,
39209930,False,Sem exposicao TSB direta,0.0,2221,2221.2040;2221.2075,,
39209940,False,Sem exposicao TSB direta,0.0,2221,2221.2040;2221.2075,,
39209950,False,Sem exposicao TSB direta,0.0,2221,2221.2040;2221.2075,,
39209990,False,Sem exposicao TSB direta,0.0,2221,2221.2040;2221.2075,,
39211100,False,Sem exposicao TSB direta,0.0,2221,2221.2020,,
39211200,False,Sem exposicao TSB direta,0.0,2221,2221.2020,,
39211310,False,Sem exposicao TSB direta,0.0,2221,2221.2020;2221.2050,,
39211390,False,Sem exposicao TSB direta,0.0,2221,2221.2020;2221.2050,,
39211400,False,Sem exposicao TSB direta,0.0,2221,2221.2020,,
39211900,False,Sem exposicao TSB direta,0.0,2221,2221.2020,,
39219011,False,Sem exposicao TSB direta,0.0,2221,2221.2035,,
39219012,False,Sem exposicao TSB direta,0.0,2221,2221.2035,,
39219013,False,Sem exposicao TSB direta,0.0,2221,2221.2035,,
39219019,False,Sem exposicao TSB direta,0.0,2221,2221.2035,,
39219020,False,Sem exposicao TSB direta,0.0,2221,2221.2035,,
39219090,False,Sem exposicao TSB direta,0.0,2221,2221.2035,,
39221000,False,Sem exposicao TSB direta,0.0,2229,2229.2100;2229.2110,,
39222000,False,Sem exposicao TSB direta,0.0,2229,2229.2090,,
39229000,False,Sem exposicao TSB direta,0.0,2229,2229.2080;2229.2120,,
39231010,False,Sem exposicao TSB direta,0.0,2222,2222.2040,,
39231090,False,Sem exposicao TSB direta,0.0,2222,2222.2040,,
39232110,False,Sem exposicao TSB direta,0.0,2222,2222.2060;2222.2165;2222.2180,,
39232190,False,Sem exposicao TSB direta,0.0,2222,2222.2060;2222.2165;2222.2180,,
39232910,False,Sem exposicao TSB direta,0.0,2222,2222.2060;2222.2165;2222.2180,,
39232990,False,Sem exposicao TSB direta,0.0,2222,2222.2060;2222.2165;2222.2180,,
39233010,False,Sem exposicao TSB direta,0.0,2222,2222.2140,,
39233090,False,Sem exposicao TSB direta,0.0,2222,2222.2130;2222.2140,,
39234000,False,Sem exposicao TSB direta,0.0,2222,2222.2050,,
39235000,False,Sem exposicao TSB direta,0.0,2222,2222.2150,,
39239010,False,Sem exposicao TSB direta,0.0,2222,2222.2010;2222.2020;2222.2030;2222.2070;2222.2080;2222.2090;2222.2100;2222.2110;2222.2120,,
39239090,False,Sem exposicao TSB direta,0.0,2222,2222.2010;2222.2020;2222.2030;2222.2070;2222.2080;2222.2090;2222.2100;2222.2110;2222.2120,,
39241000,False,Sem exposicao TSB direta,0.0,2229,2229.2030,,
39249000,False,Sem exposicao TSB direta,0.0,2229,2229.2020;2229.2030;2229.2070,,
39251000,False,Sem exposicao TSB direta,0.0,2229,2229.2330,,
39252000,False,Sem exposicao TSB direta,0.0,2229,2229.2320,,
39253000,False,Sem exposicao TSB direta,0.0,2229,2229.2180,,
39259010,False,Sem exposicao TSB direta,0.0,2229,2229.2180;2229.2305,,
39259090,False,Sem exposicao TSB direta,0.0,2229,2229.2180;2229.2305,,
39261000,False,Sem exposicao TSB direta,0.0,2229,2229.2010;2229.2050,,
39262000,False,Sem exposicao TSB direta,0.0,1412;1413;1414;3292,1412.2410;1413.2100;1414.2020;3292.2020,,
39263000,False,Sem exposicao TSB direta,0.0,2229,2229.2060,,
39264000,False,Sem exposicao TSB direta,0.0,2229,2229.2060,,
39269010,False,Sem exposicao TSB direta,0.0,2229,2229.2060,,
39269021,False,Sem exposicao TSB direta,0.0,2229,2229.2060;2229.2160,,
39269022,False,Sem exposicao TSB direta,0.0,2229,2229.2060;2229.2160,,
39269030,False,Sem exposicao TSB direta,0.0,2229,2229.2040;2229.2060,,
39269040,False,Sem exposicao TSB direta,0.0,2229,2229.2040;2229.2060,,
39269050,False,Sem exposicao TSB direta,0.0,2229,2229.2040;2229.2060,,
39269061,False,Sem exposicao TSB direta,0.0,2229,2229.2060;2229.2270,,
39269069,False,Sem exposicao TSB direta,0.0,2229,2229.2060;2229.2270,,
39269090,False,Sem exposicao TSB direta,0.0,2229;3292,2229.2060;2229.2130;2229.2240;2229.2250;2229.2260;2229.2270;2229.2280;2229.2290;2229.2315;3292.2080,,
40021110,True,Exposicao intermediaria TSB,0.6944,2033,2033.2050,20339,2091
40021120,True,Exposicao intermediaria TSB,0.6944,2033,2033.2050,20339,2091
40021911,True,Exposicao intermediaria TSB,0.6944,2033,2033.2010,20339,2091
40021912,True,Exposicao intermediaria TSB,0.6944,2033,2033.2010,20339,2091
40021919,True,Exposicao intermediaria TSB,0.6944,2033,2033.2010,20339,2091
40021920,True,Exposicao intermediaria TSB,0.6944,2033,2033.2040,20339,2091
40022010,True,Exposicao intermediaria TSB,0.6944,2033,2033.2040,20339,2091
40022091,True,Exposicao intermediaria TSB,0.6944,2033,2033.2040,20339,2091
40022099,True,Exposicao intermediaria TSB,0.6944,2033,2033.2040,20339,2091
40023100,True,Exposicao intermediaria TSB,0.6944,2033,2033.2040,20339,2091
40023900,True,Exposicao intermediaria TSB,0.6944,2033,2033.2040,20339,2091
40024100,True,Exposicao intermediaria TSB,0.6944,2033,2033.2040,20339,2091
40024900,True,Exposicao intermediaria TSB,0.6944,2033,2033.2040,20339,2091
40025100,True,Exposicao intermediaria TSB,0.6944,2033,2033.2040,20339,2091
40025900,True,Exposicao intermediaria TSB,0.6944,2033,2033.2040,20339,2091
40026000,True,Exposicao intermediaria TSB,0.6944,2033,2033.2040,20339,2091
40027000,True,Exposicao intermediaria TSB,0.6944,2033,2033.2040,20339,2091
40028000,True,Exposicao intermediaria TSB,0.6944,2033,2033.2040,20339,2091
40029100,True,Exposicao intermediaria TSB,0.6944,2033,2033.2040,20339,2091
40029910,True,Exposicao intermediaria TSB,0.6944,2033,2033.2020,20339,2091
40029920,True,Exposicao intermediaria TSB,0.6944,2033,2033.2030,20339,2091
40029930,True,Exposicao intermediaria TSB,0.6944,2033,2033.2040,20339,2091
40029990,True,Exposicao intermediaria TSB,0.6944,2033,2033.2040,20339,2091
40030000,False,Sem exposicao TSB direta,0.0,2219,2219.2060,,
40040000,False,Sem exposicao TSB direta,0.0,2219,2219.2185,,
40051010,False,Sem exposicao TSB direta,0.0,2219,2219.2050,,
40051090,False,Sem exposicao TSB direta,0.0,2219,2219.2050,,
40052000,False,Sem exposicao TSB direta,0.0,2219,2219.2050,,
40059110,False,Sem exposicao TSB direta,0.0,2219,2219.2050,,
40059190,False,Sem exposicao TSB direta,0.0,2219,2219.2050,,
40059910,False,Sem exposicao TSB direta,0.0,2219,2219.2050,,
40059990,False,Sem exposicao TSB direta,0.0,2219,2219.2050,,
40061000,False,Sem exposicao TSB direta,0.0,2211,2211.2070,,
40069000,False,Sem exposicao TSB direta,0.0,2219,2219.2250,,
40070011,False,Sem exposicao TSB direta,0.0,2219,2219.2120,,
40070019,False,Sem exposicao TSB direta,0.0,2219,2219.2120,,
40070020,False,Sem exposicao TSB direta,0.0,2219,2219.2120,,
40081100,False,Sem exposicao TSB direta,0.0,2219,2219.2080,,
40081900,False,Sem exposicao TSB direta,0.0,2219,2219.2240,,
40082100,False,Sem exposicao TSB direta,0.0,2219,2219.2080,,
40082900,False,Sem exposicao TSB direta,0.0,2219,2219.2240,,
40091100,False,Sem exposicao TSB direta,0.0,2219,2219.2230,,
40091210,False,Sem exposicao TSB direta,0.0,2219,2219.2230,,
40091290,False,Sem exposicao TSB direta,0.0,2219,2219.2230,,
40092110,False,Sem exposicao TSB direta,0.0,2219,2219.2220,,
40092190,False,Sem exposicao TSB direta,0.0,2219,2219.2220,,
40092210,False,Sem exposicao TSB direta,0.0,2219,2219.2220,,
40092290,False,Sem exposicao TSB direta,0.0,2219,2219.2220,,
40093100,False,Sem exposicao TSB direta,0.0,2219,2219.2210,,
40093210,False,Sem exposicao TSB direta,0.0,2219,2219.2210,,
40093290,False,Sem exposicao TSB direta,0.0,2219,2219.2210,,
40094100,False,Sem exposicao TSB direta,0.0,2219,2219.2220,,
40094210,False,Sem exposicao TSB direta,0.0,2219,2219.2220,,
40094290,False,Sem exposicao TSB direta,0.0,2219,2219.2220,,
40101100,False,Sem exposicao TSB direta,0.0,2219,2219.2110,,
40101200,False,Sem exposicao TSB direta,0.0,2219,2219.2110,,
40101900,False,Sem exposicao TSB direta,0.0,2219,2219.2110,,
40103100,False,Sem exposicao TSB direta,0.0,2219,2219.2100,,
40103200,False,Sem exposicao TSB direta,0.0,2219,2219.2100,,
40103300,False,Sem exposicao TSB direta,0.0,2219,2219.2100,,
40103400,False,Sem exposicao TSB direta,0.0,2219,2219.2100,,
40103500,False,Sem exposicao TSB direta,0.0,2219,2219.2100,,
40103600,False,Sem exposicao TSB direta,0.0,2219,2219.2100,,
40103900,False,Sem exposicao TSB direta,0.0,2219,2219.2100,,
40111000,False,Sem exposicao TSB direta,0.0,2211,2211.2080,,
40112090,False,Sem exposicao TSB direta,0.0,2211,2211.2130,,
40113000,False,Sem exposicao TSB direta,0.0,2211,2211.2090,,
40114000,False,Sem exposicao TSB direta,0.0,2211,2211.2120,,
40115000,False,Sem exposicao TSB direta,0.0,2211,2211.2100,,
40117010,False,Sem exposicao TSB direta,0.0,2211,2211.2110,,
40117090,False,Sem exposicao TSB direta,0.0,2211,2211.2110,,
40118010,False,Sem exposicao TSB direta,0.0,2211,2211.2110,,
40118020,False,Sem exposicao TSB direta,0.0,2211,2211.2110,,
40118090,False,Sem exposicao TSB direta,0.0,2211,2211.2110,,
40119010,False,Sem exposicao TSB direta,0.0,2211,2211.2110,,
40119090,False,Sem exposicao TSB direta,0.0,2211,2211.2110,,
40121100,False,Sem exposicao TSB direta,0.0,2212,2212.2010,,
40121200,False,Sem exposicao TSB direta,0.0,2212,2212.2010,,
40121300,False,Sem exposicao TSB direta,0.0,2212,2212.2010,,
40129010,False,Sem exposicao TSB direta,0.0,2211,2211.2140,,
40129090,False,Sem exposicao TSB direta,0.0,2211,2211.2140,,
40131090,False,Sem exposicao TSB direta,0.0,2211,2211.2010,,
40132000,False,Sem exposicao TSB direta,0.0,2211,2211.2030,,
40139000,False,Sem exposicao TSB direta,0.0,2211,2211.2035;2211.2050,,
40141000,False,Sem exposicao TSB direta,0.0,2219,2219.2170,,
40149010,False,Sem exposicao TSB direta,0.0,2219,2219.2010,,
40149090,False,Sem exposicao TSB direta,0.0,2219,2219.2010;2219.2090,,
40151200,False,Sem exposicao TSB direta,0.0,3292,3292.2100,,
40151900,False,Sem exposicao TSB direta,0.0,3292,3292.2100,,
40159000,False,Sem exposicao TSB direta,0.0,3292,3292.2010,,
40161010,False,Sem exposicao TSB direta,0.0,2219,2219.2140;2219.2150,,
40161090,False,Sem exposicao TSB direta,0.0,2219,2219.2160,,
40169100,False,Sem exposicao TSB direta,0.0,2219,2219.2070;2219.2200,,
40169200,False,Sem exposicao TSB direta,0.0,3299,3299.2060,,
40169300,False,Sem exposicao TSB direta,0.0,2219,2219.2125,,
40169400,False,Sem exposicao TSB direta,0.0,2219,2219.2020,,
40169510,False,Sem exposicao TSB direta,0.0,2219;3292,2219.2020;3292.2070,,
40169590,False,Sem exposicao TSB direta,0.0,2219;3292,2219.2020;3292.2070,,
40169910,False,Sem exposicao TSB direta,0.0,2219,2219.2125;2219.2160;2219.2190,,
40169990,False,Sem exposicao TSB direta,0.0,2219,2219.2020;2219.2070;2219.2125;2219.2160;2219.2190,,
40170000,False,Sem exposicao TSB direta,0.0,2219,2219.2030;2219.2040,,
41012000,False,Sem exposicao TSB direta,0.0,1011,1011.2100,,
41015010,False,Sem exposicao TSB direta,0.0,1011,1011.2100,,
41015030,False,Sem exposicao TSB direta,0.0,1011,1011.2100,,
41019010,False,Sem exposicao TSB direta,0.0,1011,1011.2100,,
41019030,False,Sem exposicao TSB direta,0.0,1011,1011.2100,,
41021000,False,Sem exposicao TSB direta,0.0,1011,1011.2110,,
41022100,False,Sem exposicao TSB direta,0.0,1011,1011.2110,,
41032000,False,Sem exposicao TSB direta,0.0,1012,1012.2060,,
41039000,False,Sem exposicao TSB direta,0.0,1011;1012,1011.2110;1012.2060,,
41041114,False,Sem exposicao TSB direta,0.0,1510,1510.2045,,
41041119,False,Sem exposicao TSB direta,0.0,1510,1510.2045,,
41041121,False,Sem exposicao TSB direta,0.0,1510,1510.2067,,
41041122,False,Sem exposicao TSB direta,0.0,1510,1510.2045,,
41041123,False,Sem exposicao TSB direta,0.0,1510,1510.2045,,
41041124,False,Sem exposicao TSB direta,0.0,1510,1510.2045,,
41041910,False,Sem exposicao TSB direta,0.0,1510,1510.2067,,
41041920,False,Sem exposicao TSB direta,0.0,1510,1510.2045,,
41041930,False,Sem exposicao TSB direta,0.0,1510,1510.2045,,
41041940,False,Sem exposicao TSB direta,0.0,1510,1510.2045,,
41041990,False,Sem exposicao TSB direta,0.0,1510,1510.2045,,
41044110,False,Sem exposicao TSB direta,0.0,1510,1510.2063,,
41044120,False,Sem exposicao TSB direta,0.0,1510,1510.2063,,
41044130,False,Sem exposicao TSB direta,0.0,1510,1510.2063,,
41044190,False,Sem exposicao TSB direta,0.0,1510,1510.2063,,
41044910,False,Sem exposicao TSB direta,0.0,1510,1510.2063,,
41044920,False,Sem exposicao TSB direta,0.0,1510,1510.2063,,
41051010,False,Sem exposicao TSB direta,0.0,1510,1510.2085,,
41051021,False,Sem exposicao TSB direta,0.0,1510,1510.2085,,
41051029,False,Sem exposicao TSB direta,0.0,1510,1510.2085,,
41053000,False,Sem exposicao TSB direta,0.0,1510,1510.2085,,
41062121,False,Sem exposicao TSB direta,0.0,1510,1510.2085,,
41062200,False,Sem exposicao TSB direta,0.0,1510,1510.2085,,
41063200,False,Sem exposicao TSB direta,0.0,1510,1510.2085,,
41064000,False,Sem exposicao TSB direta,0.0,1510,1510.2100,,
41069100,False,Sem exposicao TSB direta,0.0,1510,1510.2100,,
41069200,False,Sem exposicao TSB direta,0.0,1510,1510.2100,,
41071110,False,Sem exposicao TSB direta,0.0,1510,1510.2060,,
41071120,False,Sem exposicao TSB direta,0.0,1510,1510.2060,,
41071190,False,Sem exposicao TSB direta,0.0,1510,1510.2060,,
41071210,False,Sem exposicao TSB direta,0.0,1510,1510.2060,,
41071220,False,Sem exposicao TSB direta,0.0,1510,1510.2060,,
41071290,False,Sem exposicao TSB direta,0.0,1510,1510.2060,,
41071910,False,Sem exposicao TSB direta,0.0,1510,1510.2060,,
41071920,False,Sem exposicao TSB direta,0.0,1510,1510.2060,,
41079110,False,Sem exposicao TSB direta,0.0,1510,1510.2060,,
41079210,False,Sem exposicao TSB direta,0.0,1510,1510.2060,,
41079290,False,Sem exposicao TSB direta,0.0,1510,1510.2060,,
41079910,False,Sem exposicao TSB direta,0.0,1510,1510.2060,,
41079990,False,Sem exposicao TSB direta,0.0,1510,1510.2060,,
41120000,False,Sem exposicao TSB direta,0.0,1510,1510.2085,,
41131010,False,Sem exposicao TSB direta,0.0,1510,1510.2085,,
41131090,False,Sem exposicao TSB direta,0.0,1510,1510.2085,,
41132000,False,Sem exposicao TSB direta,0.0,1510,1510.2085,,
41133000,False,Sem exposicao TSB direta,0.0,1510,1510.2100,,
41139000,False,Sem exposicao TSB direta,0.0,1510,1510.2100,,
41141000,False,Sem exposicao TSB direta,0.0,1510,1510.2040,,
41142010,False,Sem exposicao TSB direta,0.0,1510,1510.2070,,
41142020,False,Sem exposicao TSB direta,0.0,1510,1510.2070,,
41151000,False,Sem exposicao TSB direta,0.0,1510,1510.2020,,
41152000,False,Sem exposicao TSB direta,0.0,1510,1510.2010,,
42010010,False,Sem exposicao TSB direta,0.0,1529,1529.2020,,
42010090,False,Sem exposicao TSB direta,0.0,1529,1529.2020,,
42021100,False,Sem exposicao TSB direta,0.0,1521;1529,1521.2050;1529.2065,,
42021210,False,Sem exposicao TSB direta,0.0,1521,1521.2050;1521.2070,,
42021220,False,Sem exposicao TSB direta,0.0,1521,1521.2050;1521.2070,,
42021900,False,Sem exposicao TSB direta,0.0,1521,1521.2050;1521.2070,,
42022100,False,Sem exposicao TSB direta,0.0,1521,1521.2010,,
42022210,False,Sem exposicao TSB direta,0.0,1521,1521.2010,,
42022220,False,Sem exposicao TSB direta,0.0,1521,1521.2010,,
42022900,False,Sem exposicao TSB direta,0.0,1521,1521.2010,,
42023100,False,Sem exposicao TSB direta,0.0,1529,1529.2033,,
42023200,False,Sem exposicao TSB direta,0.0,1529,1529.2033,,
42023900,False,Sem exposicao TSB direta,0.0,1529,1529.2033,,
42029100,False,Sem exposicao TSB direta,0.0,1521,1521.2040,,
42029200,False,Sem exposicao TSB direta,0.0,1521,1521.2040,,
42029900,False,Sem exposicao TSB direta,0.0,1521,1521.2040,,
42031000,False,Sem exposicao TSB direta,0.0,1412,1412.2400,,
42032100,False,Sem exposicao TSB direta,0.0,3230,3230.2010,,
42032900,False,Sem exposicao TSB direta,0.0,1414;3292,1414.2090;3292.2110,,
42033000,False,Sem exposicao TSB direta,0.0,1414;3292,1414.2055;3292.2030,,
42034000,False,Sem exposicao TSB direta,0.0,1414;3292,1414.2030;3292.2030,,
42050000,False,Sem exposicao TSB direta,0.0,1529,1529.2025,,
42060000,False,Sem exposicao TSB direta,0.0,3299,3299.2270,,
43021910,False,Sem exposicao TSB direta,0.0,1414,1414.2140,,
43021990,False,Sem exposicao TSB direta,0.0,1414,1414.2140,,
43022000,False,Sem exposicao TSB direta,0.0,1414,1414.2140,,
43023000,False,Sem exposicao TSB direta,0.0,1414,1414.2140,,
43031000,False,Sem exposicao TSB direta,0.0,1414,1414.2150,,
43039000,False,Sem exposicao TSB direta,0.0,1414,1414.2150,,
43040000,False,Sem exposicao TSB direta,0.0,1414,1414.2130,,
44011100,False,Sem exposicao TSB direta,0.0,1629,1629.2043,,
44012100,False,Sem exposicao TSB direta,0.0,1610,1610.2040,,
44012200,False,Sem exposicao TSB direta,0.0,1610,1610.2040,,
44013100,False,Sem exposicao TSB direta,0.0,1610;1629,1610.2090;1629.2043,,
44013900,False,Sem exposicao TSB direta,0.0,1610;1629,1610.2090;1629.2047,,
44014100,False,Sem exposicao TSB direta,0.0,1610,1610.2090,,
44014900,False,Sem exposicao TSB direta,0.0,1610,1610.2090,,
44031200,False,Sem exposicao TSB direta,0.0,1610,1610.2030;1610.2070,,
44041000,False,Sem exposicao TSB direta,0.0,1610,1610.2025,,
44042000,False,Sem exposicao TSB direta,0.0,1610,1610.2025,,
44050000,False,Sem exposicao TSB direta,0.0,1610,1610.2020,,
44061200,False,Sem exposicao TSB direta,0.0,1610,1610.2010,,
44069200,False,Sem exposicao TSB direta,0.0,1610,1610.2010,,
44071100,False,Sem exposicao TSB direta,0.0,1610,1610.2060;1610.2105,,
44071200,False,Sem exposicao TSB direta,0.0,1610,1610.2060;1610.2105,,
44071300,False,Sem exposicao TSB direta,0.0,1610,1610.2060;1610.2105,,
44071900,False,Sem exposicao TSB direta,0.0,1610,1610.2060;1610.2105,,
44072100,False,Sem exposicao TSB direta,0.0,1610,1610.2060;1610.2105,,
44072200,False,Sem exposicao TSB direta,0.0,1610,1610.2060;1610.2105,,
44072300,False,Sem exposicao TSB direta,0.0,1610,1610.2060;1610.2105,,
44072700,False,Sem exposicao TSB direta,0.0,1610,1610.2060;1610.2105,,
44072910,False,Sem exposicao TSB direta,0.0,1610,1610.2060;1610.2105,,
44072920,False,Sem exposicao TSB direta,0.0,1610,1610.2060;1610.2105,,
44072930,False,Sem exposicao TSB direta,0.0,1610,1610.2060;1610.2105,,
44072940,False,Sem exposicao TSB direta,0.0,1610,1610.2060;1610.2105,,
44072990,False,Sem exposicao TSB direta,0.0,1610,1610.2060;1610.2105,,
44079100,False,Sem exposicao TSB direta,0.0,1610,1610.2060;1610.2105,,
44079200,False,Sem exposicao TSB direta,0.0,1610,1610.2060;1610.2105,,
44079300,False,Sem exposicao TSB direta,0.0,1610,1610.2060;1610.2105,,
44079500,False,Sem exposicao TSB direta,0.0,1610,1610.2060;1610.2105,,
44079920,False,Sem exposicao TSB direta,0.0,1610,1610.2060;1610.2105,,
44079930,False,Sem exposicao TSB direta,0.0,1610,1610.2060;1610.2105,,
44079990,False,Sem exposicao TSB direta,0.0,1610,1610.2060;1610.2105,,
44081010,False,Sem exposicao TSB direta,0.0,1621,1621.2010,,
44081099,False,Sem exposicao TSB direta,0.0,1621,1621.2010,,
44083910,False,Sem exposicao TSB direta,0.0,1621,1621.2010,,
44083991,False,Sem exposicao TSB direta,0.0,1621,1621.2010,,
44083992,False,Sem exposicao TSB direta,0.0,1621,1621.2010,,
44083999,False,Sem exposicao TSB direta,0.0,1621,1621.2010,,
44089010,False,Sem exposicao TSB direta,0.0,1621,1621.2010,,
44089090,False,Sem exposicao TSB direta,0.0,1621,1621.2010,,
44091000,False,Sem exposicao TSB direta,0.0,1610,1610.2050;1610.2110,,
44092100,False,Sem exposicao TSB direta,0.0,1610,1610.2050;1610.2110,,
44092200,False,Sem exposicao TSB direta,0.0,1610,1610.2050;1610.2110,,
44092900,False,Sem exposicao TSB direta,0.0,1610,1610.2050;1610.2110,,
44101110,False,Sem exposicao TSB direta,0.0,1621,1621.2050,,
44101121,False,Sem exposicao TSB direta,0.0,1621,1621.2050,,
44101129,False,Sem exposicao TSB direta,0.0,1621,1621.2050,,
44101190,False,Sem exposicao TSB direta,0.0,1621,1621.2050,,
44101210,False,Sem exposicao TSB direta,0.0,1621,1621.2050,,
44101290,False,Sem exposicao TSB direta,0.0,1621,1621.2050,,
44101999,False,Sem exposicao TSB direta,0.0,1621,1621.2050,,
44109000,False,Sem exposicao TSB direta,0.0,1621,1621.2050,,
44111210,False,Sem exposicao TSB direta,0.0,1621,1621.2040,,
44111290,False,Sem exposicao TSB direta,0.0,1621,1621.2040,,
44111310,False,Sem exposicao TSB direta,0.0,1621,1621.2040,,
44111391,False,Sem exposicao TSB direta,0.0,1621,1621.2040,,
44111399,False,Sem exposicao TSB direta,0.0,1621,1621.2040,,
44111410,False,Sem exposicao TSB direta,0.0,1621,1621.2040,,
44111490,False,Sem exposicao TSB direta,0.0,1621,1621.2040,,
44119210,False,Sem exposicao TSB direta,0.0,1621,1621.2040,,
44119290,False,Sem exposicao TSB direta,0.0,1621,1621.2040,,
44119310,False,Sem exposicao TSB direta,0.0,1621,1621.2040,,
44119390,False,Sem exposicao TSB direta,0.0,1621,1621.2040,,
44119490,False,Sem exposicao TSB direta,0.0,1621,1621.2040,,
44121000,False,Sem exposicao TSB direta,0.0,1621,1621.2020,,
44123100,False,Sem exposicao TSB direta,0.0,1621,1621.2020,,
44123300,False,Sem exposicao TSB direta,0.0,1621,1621.2020,,
44123400,False,Sem exposicao TSB direta,0.0,1621,1621.2020,,
44123900,False,Sem exposicao TSB direta,0.0,1621,1621.2020,,
44124200,False,Sem exposicao TSB direta,0.0,1621,1621.2020,,
44124900,False,Sem exposicao TSB direta,0.0,1621,1621.2020,,
44125100,False,Sem exposicao TSB direta,0.0,1621,1621.2020,,
44125200,False,Sem exposicao TSB direta,0.0,1621,1621.2020,,
44129100,False,Sem exposicao TSB direta,0.0,1621,1621.2020,,
44129200,False,Sem exposicao TSB direta,0.0,1621,1621.2020,,
44129900,False,Sem exposicao TSB direta,0.0,1621,1621.2020,,
44130000,False,Sem exposicao TSB direta,0.0,1621,1621.2030,,
44141000,False,Sem exposicao TSB direta,0.0,1629,1629.2120,,
44149000,False,Sem exposicao TSB direta,0.0,1629,1629.2120,,
44151000,False,Sem exposicao TSB direta,0.0,1623,1623.2020;1623.2030,,
44152000,False,Sem exposicao TSB direta,0.0,1623,1623.2040,,
44160010,False,Sem exposicao TSB direta,0.0,1623,1623.2010,,
44160090,False,Sem exposicao TSB direta,0.0,1623,1623.2010,,
44170010,False,Sem exposicao TSB direta,0.0,1629,1629.2110,,
44170020,False,Sem exposicao TSB direta,0.0,1629,1629.2110,,
44170090,False,Sem exposicao TSB direta,0.0,1629,1629.2060,,
44181100,False,Sem exposicao TSB direta,0.0,1622,1622.2040;1622.2090,,
44181900,False,Sem exposicao TSB direta,0.0,1622,1622.2040;1622.2090,,
44182100,False,Sem exposicao TSB direta,0.0,1622,1622.2040;1622.2090,,
44182900,False,Sem exposicao TSB direta,0.0,1622,1622.2040;1622.2090,,
44183000,False,Sem exposicao TSB direta,0.0,1622,1622.2030,,
44184000,False,Sem exposicao TSB direta,0.0,1622,1622.2010,,
44187300,False,Sem exposicao TSB direta,0.0,1622,1622.2080,,
44187400,False,Sem exposicao TSB direta,0.0,1622,1622.2080,,
44187500,False,Sem exposicao TSB direta,0.0,1622,1622.2080,,
44187900,False,Sem exposicao TSB direta,0.0,1622,1622.2080,,
44188100,False,Sem exposicao TSB direta,0.0,1622,1622.2030,,
44188200,False,Sem exposicao TSB direta,0.0,1622,1622.2030,,
44188300,False,Sem exposicao TSB direta,0.0,1622,1622.2030,,
44188900,False,Sem exposicao TSB direta,0.0,1622,1622.2030,,
44189200,False,Sem exposicao TSB direta,0.0,1622,1622.2030;1622.2070,,
44189900,False,Sem exposicao TSB direta,0.0,1622,1622.2030;1622.2070,,
44191100,False,Sem exposicao TSB direta,0.0,1629,1629.2130,,
44191200,False,Sem exposicao TSB direta,0.0,1629,1629.2130,,
44191900,False,Sem exposicao TSB direta,0.0,1629,1629.2130,,
44192000,False,Sem exposicao TSB direta,0.0,1629,1629.2130,,
44199000,False,Sem exposicao TSB direta,0.0,1629,1629.2130,,
44201100,False,Sem exposicao TSB direta,0.0,1629,1629.2090,,
44201900,False,Sem exposicao TSB direta,0.0,1629,1629.2090,,
44209000,False,Sem exposicao TSB direta,0.0,1629;3101,1629.2025;1629.2100;3101.2155,,
44211000,False,Sem exposicao TSB direta,0.0,1629,1629.2050,,
44212000,False,Sem exposicao TSB direta,0.0,3299,3299.2090,,
44219100,False,Sem exposicao TSB direta,0.0,1622;1629,1622.2060;1629.2025;1629.2040,,
44219900,False,Sem exposicao TSB direta,0.0,1622;1629,1622.2060;1629.2025;1629.2040,,
45019000,False,Sem exposicao TSB direta,0.0,1629,1629.2075,,
45031000,False,Sem exposicao TSB direta,0.0,1629,1629.2015,,
45039000,False,Sem exposicao TSB direta,0.0,1629,1629.2015,,
45041000,False,Sem exposicao TSB direta,0.0,1629,1629.2015,,
45049000,False,Sem exposicao TSB direta,0.0,1629,1629.2015,,
46012100,False,Sem exposicao TSB direta,0.0,1629,1629.2030,,
46012900,False,Sem exposicao TSB direta,0.0,1629,1629.2030,,
46019200,False,Sem exposicao TSB direta,0.0,1629,1629.2030,,
46019300,False,Sem exposicao TSB direta,0.0,1629,1629.2030,,
46019400,False,Sem exposicao TSB direta,0.0,1629,1629.2030,,
46019900,False,Sem exposicao TSB direta,0.0,1629,1629.2030,,
46021100,False,Sem exposicao TSB direta,0.0,1629,1629.2030,,
46021200,False,Sem exposicao TSB direta,0.0,1629,1629.2030,,
46021900,False,Sem exposicao TSB direta,0.0,1629,1629.2030,,
46029000,False,Sem exposicao TSB direta,0.0,1629,1629.2030,,
47010000,True,Alta exposicao TSB,0.9998999999999999,1710,1710.2020,17109,1700
47020000,True,Alta exposicao TSB,0.9998999999999999,1710,1710.2040,17109,1700
47031100,True,Alta exposicao TSB,0.9998999999999999,1710,1710.2035,17109,1700
47031900,True,Alta exposicao TSB,0.9998999999999999,1710,1710.2035,17109,1700
47032110,True,Alta exposicao TSB,0.9998999999999999,1710,1710.2035,17109,1700
47032190,True,Alta exposicao TSB,0.9998999999999999,1710,1710.2035,17109,1700
47032900,True,Alta exposicao TSB,0.9998999999999999,1710,1710.2035,17109,1700
47042100,True,Alta exposicao TSB,0.9998999999999999,1710,1710.2060,17109,1700
47042900,True,Alta exposicao TSB,0.9998999999999999,1710,1710.2060,17109,1700
47050000,True,Alta exposicao TSB,0.9998999999999999,1710,1710.2070,17109,1700
47061000,True,Alta exposicao TSB,0.9998999999999999,1710,1710.2010,17109,1700
47062000,True,Alta exposicao TSB,0.9998999999999999,1710,1710.2010,17109,1700
47063000,True,Alta exposicao TSB,0.9998999999999999,1710,1710.2010,17109,1700
47069100,True,Alta exposicao TSB,0.9998999999999999,1710,1710.2010,17109,1700
47069300,True,Alta exposicao TSB,0.9998999999999999,1710,1710.2010,17109,1700
47071000,True,Alta exposicao TSB,0.9998999999999999,1721,1721.2010,17214,1700
47072000,True,Alta exposicao TSB,0.9998999999999999,1721,1721.2010,17214,1700
47073000,True,Alta exposicao TSB,0.9998999999999999,1721,1721.2010,17214,1700
47079000,True,Alta exposicao TSB,0.9998999999999999,1721,1721.2010,17214,1700
48010030,True,Alta exposicao TSB,0.9998999999999999,1721,1721.2070,17214,1700
48010090,True,Alta exposicao TSB,0.9998999999999999,1721,1721.2070,17214,1700
48021000,True,Alta exposicao TSB,0.9998999999999999,1721;1722,1721.2150;1722.2050,17214;17222,1700
48022010,True,Alta exposicao TSB,0.9998999999999999,1721,1721.2180,17214,1700
48022090,True,Alta exposicao TSB,0.9998999999999999,1721,1721.2180,17214,1700
48024090,True,Alta exposicao TSB,0.9998999999999999,1721,1721.2190,17214,1700
48025410,True,Alta exposicao TSB,0.9998999999999999,1721;1722,1721.2150;1722.2050,17214;17222,1700
48025491,True,Alta exposicao TSB,0.9998999999999999,1721;1722,1721.2150;1722.2050,17214;17222,1700
48025499,True,Alta exposicao TSB,0.9998999999999999,1721;1722,1721.2150;1722.2050,17214;17222,1700
48025510,True,Alta exposicao TSB,0.9998999999999999,1721;1722,1721.2150;1722.2050,17214;17222,1700
48025592,True,Alta exposicao TSB,0.9998999999999999,1721;1722,1721.2150;1722.2050,17214;17222,1700
48025599,True,Alta exposicao TSB,0.9998999999999999,1721;1722,1721.2150;1722.2050,17214;17222,1700
48025610,True,Alta exposicao TSB,0.9998999999999999,1721;1722,1721.2150;1722.2050,17214;17222,1700
48025691,True,Alta exposicao TSB,0.9998999999999999,1721;1722,1721.2150;1722.2050,17214;17222,1700
48025692,True,Alta exposicao TSB,0.9998999999999999,1721;1722,1721.2150;1722.2050,17214;17222,1700
48025693,True,Alta exposicao TSB,0.9998999999999999,1721;1722,1721.2150;1722.2050,17214;17222,1700
48025699,True,Alta exposicao TSB,0.9998999999999999,1721;1722,1721.2150;1722.2050,17214;17222,1700
48025710,True,Alta exposicao TSB,0.9998999999999999,1721;1722,1721.2150;1722.2050,17214;17222,1700
48025791,True,Alta exposicao TSB,0.9998999999999999,1721;1722,1721.2150;1722.2050,17214;17222,1700
48025792,True,Alta exposicao TSB,0.9998999999999999,1721;1722,1721.2150;1722.2050,17214;17222,1700
48025793,True,Alta exposicao TSB,0.9998999999999999,1721;1722,1721.2150;1722.2050,17214;17222,1700
48025799,True,Alta exposicao TSB,0.9998999999999999,1721;1722,1721.2150;1722.2050,17214;17222,1700
48025810,True,Alta exposicao TSB,0.9998999999999999,1721;1722,1721.2150;1722.2050,17214;17222,1700
48025891,True,Alta exposicao TSB,0.9998999999999999,1721;1722,1721.2150;1722.2050,17214;17222,1700
48025892,True,Alta exposicao TSB,0.9998999999999999,1721;1722,1721.2150;1722.2050,17214;17222,1700
48025899,True,Alta exposicao TSB,0.9998999999999999,1721;1722,1721.2150;1722.2050,17214;17222,1700
48026110,True,Alta exposicao TSB,0.9998999999999999,1721;1722,1721.2150;1722.2050,17214;17222,1700
48026191,True,Alta exposicao TSB,0.9998999999999999,1721;1722,1721.2150;1722.2050,17214;17222,1700
48026199,True,Alta exposicao TSB,0.9998999999999999,1721;1722,1721.2150;1722.2050,17214;17222,1700
48026210,True,Alta exposicao TSB,0.9998999999999999,1721;1722,1721.2150;1722.2050,17214;17222,1700
48026292,True,Alta exposicao TSB,0.9998999999999999,1721;1722,1721.2150;1722.2050,17214;17222,1700
48026299,True,Alta exposicao TSB,0.9998999999999999,1721;1722,1721.2150;1722.2050,17214;17222,1700
48026910,True,Alta exposicao TSB,0.9998999999999999,1721;1722,1721.2150;1722.2050,17214;17222,1700
48026992,True,Alta exposicao TSB,0.9998999999999999,1721;1722,1721.2150;1722.2050,17214;17222,1700
48026999,True,Alta exposicao TSB,0.9998999999999999,1721;1722,1721.2150;1722.2050,17214;17222,1700
48030010,True,Alta exposicao TSB,0.9998999999999999,1721,1721.2030,17214,1700
48030090,True,Alta exposicao TSB,0.9998999999999999,1721,1721.2030,17214,1700
48041100,True,Alta exposicao TSB,0.9998999999999999,1721;1722,1721.2110;1722.2030,17214;17222,1700
48041900,True,Alta exposicao TSB,0.9998999999999999,1721;1722,1721.2110;1722.2030,17214;17222,1700
48042100,True,Alta exposicao TSB,0.9998999999999999,1721,1721.2090,17214,1700
48042900,True,Alta exposicao TSB,0.9998999999999999,1721,1721.2090,17214,1700
48043110,True,Alta exposicao TSB,0.9998999999999999,1721,1721.2080,17214,1700
48043190,True,Alta exposicao TSB,0.9998999999999999,1721,1721.2080,17214,1700
48043910,True,Alta exposicao TSB,0.9998999999999999,1721,1721.2080,17214,1700
48043990,True,Alta exposicao TSB,0.9998999999999999,1721,1721.2080,17214,1700
48044100,True,Alta exposicao TSB,0.9998999999999999,1721,1721.2080,17214,1700
48044200,True,Alta exposicao TSB,0.9998999999999999,1721,1721.2080,17214,1700
48044900,True,Alta exposicao TSB,0.9998999999999999,1721,1721.2080,17214,1700
48045100,True,Alta exposicao TSB,0.9998999999999999,1721;1722,1721.2080;1722.2040,17214;17222,1700
48045200,True,Alta exposicao TSB,0.9998999999999999,1721;1722,1721.2080;1722.2040,17214;17222,1700
48045910,True,Alta exposicao TSB,0.9998999999999999,1721;1722,1721.2080;1722.2040,17214;17222,1700
48045990,True,Alta exposicao TSB,0.9998999999999999,1721;1722,1721.2080;1722.2040,17214;17222,1700
48051100,True,Alta exposicao TSB,0.9998999999999999,1721,1721.2120,17214,1700
48051900,True,Alta exposicao TSB,0.9998999999999999,1721,1721.2120,17214,1700
48052400,True,Alta exposicao TSB,0.9998999999999999,1721,1721.2220,17214,1700
48052500,True,Alta exposicao TSB,0.9998999999999999,1722,1722.2110,17222,1700
48053000,True,Alta exposicao TSB,0.9998999999999999,1721,1721.2210,17214,1700
48054010,True,Alta exposicao TSB,0.9998999999999999,1721;1722,1721.2050;1722.2010,17214;17222,1700
48054090,True,Alta exposicao TSB,0.9998999999999999,1721;1722,1721.2050;1722.2010,17214;17222,1700
48055000,True,Alta exposicao TSB,0.9998999999999999,1721;1722,1721.2025;1722.2010,17214;17222,1700
48059100,True,Alta exposicao TSB,0.9998999999999999,1721,1721.2025,17214,1700
48059210,True,Alta exposicao TSB,0.9998999999999999,1722,1722.2110,17222,1700
48059290,True,Alta exposicao TSB,0.9998999999999999,1722,1722.2110,17222,1700
48059300,True,Alta exposicao TSB,0.9998999999999999,1722,1722.2110,17222,1700
48061000,True,Alta exposicao TSB,0.9998999999999999,1721;1722,1721.2170;1722.2070,17214;17222,1700
48062000,True,Alta exposicao TSB,0.9998999999999999,1721,1721.2170,17214,1700
48063000,True,Alta exposicao TSB,0.9998999999999999,1721,1721.2170,17214,1700
48064000,True,Alta exposicao TSB,0.9998999999999999,1721,1721.2170,17214,1700
48070000,True,Alta exposicao TSB,0.9998999999999999,1721;1722,1721.2130;1722.2060,17214;17222,1700
48081000,True,Alta exposicao TSB,0.9998999999999999,1733,1733.2030,17338,1700
48084000,True,Alta exposicao TSB,0.9998999999999999,1721,1721.2090,17214,1700
48089000,True,Alta exposicao TSB,0.9998999999999999,1721,1721.2140,17214,1700
48092000,True,Alta exposicao TSB,0.9998999999999999,1721,1721.2020,17214,1700
48099000,True,Alta exposicao TSB,0.9998999999999999,1721,1721.2020,17214,1700
48101310,True,Alta exposicao TSB,0.9998999999999999,1721;1722,1721.2160;1722.2080,17214;17222,1700
48101381,True,Alta exposicao TSB,0.9998999999999999,1721;1722,1721.2160;1722.2080,17214;17222,1700
48101382,True,Alta exposicao TSB,0.9998999999999999,1721;1722,1721.2160;1722.2080,17214;17222,1700
48101389,True,Alta exposicao TSB,0.9998999999999999,1721;1722,1721.2160;1722.2080,17214;17222,1700
48101391,True,Alta exposicao TSB,0.9998999999999999,1721;1722,1721.2160;1722.2080,17214;17222,1700
48101399,True,Alta exposicao TSB,0.9998999999999999,1721;1722,1721.2160;1722.2080,17214;17222,1700
48101410,True,Alta exposicao TSB,0.9998999999999999,1721;1722,1721.2160;1722.2080,17214;17222,1700
48101481,True,Alta exposicao TSB,0.9998999999999999,1721;1722,1721.2160;1722.2080,17214;17222,1700
48101482,True,Alta exposicao TSB,0.9998999999999999,1721;1722,1721.2160;1722.2080,17214;17222,1700
48101489,True,Alta exposicao TSB,0.9998999999999999,1721;1722,1721.2160;1722.2080,17214;17222,1700
48101490,True,Alta exposicao TSB,0.9998999999999999,1721;1722,1721.2160;1722.2080,17214;17222,1700
48101910,True,Alta exposicao TSB,0.9998999999999999,1721;1722,1721.2160;1722.2080,17214;17222,1700
48101981,True,Alta exposicao TSB,0.9998999999999999,1721;1722,1721.2160;1722.2080,17214;17222,1700
48101982,True,Alta exposicao TSB,0.9998999999999999,1721;1722,1721.2160;1722.2080,17214;17222,1700
48101989,True,Alta exposicao TSB,0.9998999999999999,1721;1722,1721.2160;1722.2080,17214;17222,1700
48101991,True,Alta exposicao TSB,0.9998999999999999,1721;1722,1721.2160;1722.2080,17214;17222,1700
48101999,True,Alta exposicao TSB,0.9998999999999999,1721;1722,1721.2160;1722.2080,17214;17222,1700
48102210,True,Alta exposicao TSB,0.9998999999999999,1721;1722,1721.2160;1722.2080,17214;17222,1700
48102290,True,Alta exposicao TSB,0.9998999999999999,1721;1722,1721.2160;1722.2080,17214;17222,1700
48102910,True,Alta exposicao TSB,0.9998999999999999,1721;1722,1721.2160;1722.2080,17214;17222,1700
48102990,True,Alta exposicao TSB,0.9998999999999999,1721;1722,1721.2160;1722.2080,17214;17222,1700
48103110,True,Alta exposicao TSB,0.9998999999999999,1721;1722,1721.2100;1722.2080,17214;17222,1700
48103190,True,Alta exposicao TSB,0.9998999999999999,1721;1722,1721.2100;1722.2080,17214;17222,1700
48103210,True,Alta exposicao TSB,0.9998999999999999,1721;1722,1721.2100;1722.2080,17214;17222,1700
48103290,True,Alta exposicao TSB,0.9998999999999999,1721;1722,1721.2100;1722.2080,17214;17222,1700
48103910,True,Alta exposicao TSB,0.9998999999999999,1721;1722,1721.2100;1722.2080,17214;17222,1700
48103990,True,Alta exposicao TSB,0.9998999999999999,1721;1722,1721.2100;1722.2080,17214;17222,1700
48109210,True,Alta exposicao TSB,0.9998999999999999,1721;1722,1721.2160;1722.2080,17214;17222,1700
48109290,True,Alta exposicao TSB,0.9998999999999999,1721;1722,1721.2160;1722.2080,17214;17222,1700
48109910,True,Alta exposicao TSB,0.9998999999999999,1721;1722,1721.2160;1722.2080,17214;17222,1700
48109990,True,Alta exposicao TSB,0.9998999999999999,1721;1722,1721.2160;1722.2080,17214;17222,1700
48111010,True,Alta exposicao TSB,0.9998999999999999,1721;1722,1721.2205;1722.2090,17214;17222,1700
48111090,True,Alta exposicao TSB,0.9998999999999999,1721;1722,1721.2205;1722.2090,17214;17222,1700
48114110,True,Alta exposicao TSB,0.9998999999999999,1721;1722,1721.2060;1722.2020,17214;17222,1700
48114190,True,Alta exposicao TSB,0.9998999999999999,1721;1722,1721.2060;1722.2020,17214;17222,1700
48114910,True,Alta exposicao TSB,0.9998999999999999,1721;1722,1721.2060;1722.2020,17214;17222,1700
48114990,True,Alta exposicao TSB,0.9998999999999999,1721;1722,1721.2060;1722.2020,17214;17222,1700
48115110,True,Alta exposicao TSB,0.9998999999999999,1721;1722,1721.2205;1722.2090,17214;17222,1700
48115121,True,Alta exposicao TSB,0.9998999999999999,1721;1722,1721.2205;1722.2090,17214;17222,1700
48115122,True,Alta exposicao TSB,0.9998999999999999,1721;1722,1721.2205;1722.2090,17214;17222,1700
48115123,True,Alta exposicao TSB,0.9998999999999999,1721;1722,1721.2205;1722.2090,17214;17222,1700
48115128,True,Alta exposicao TSB,0.9998999999999999,1721;1722,1721.2205;1722.2090,17214;17222,1700
48115129,True,Alta exposicao TSB,0.9998999999999999,1721;1722,1721.2205;1722.2090,17214;17222,1700
48115130,True,Alta exposicao TSB,0.9998999999999999,1721;1722,1721.2205;1722.2090,17214;17222,1700
48115910,True,Alta exposicao TSB,0.9998999999999999,1721;1722,1721.2205;1722.2090,17214;17222,1700
48115921,True,Alta exposicao TSB,0.9998999999999999,1721;1722,1721.2205;1722.2090,17214;17222,1700
48115922,True,Alta exposicao TSB,0.9998999999999999,1721;1722,1721.2205;1722.2090,17214;17222,1700
48115923,True,Alta exposicao TSB,0.9998999999999999,1721;1722,1721.2205;1722.2090,17214;17222,1700
48115929,True,Alta exposicao TSB,0.9998999999999999,1721;1722,1721.2205;1722.2090,17214;17222,1700
48115930,True,Alta exposicao TSB,0.9998999999999999,1721;1722,1721.2205;1722.2090,17214;17222,1700
48116010,True,Alta exposicao TSB,0.9998999999999999,1721;1722,1721.2205;1722.2090,17214;17222,1700
48116090,True,Alta exposicao TSB,0.9998999999999999,1721;1722,1721.2205;1722.2090,17214;17222,1700
48119011,True,Alta exposicao TSB,0.9998999999999999,1721;1722,1721.2045;1721.2205;1722.2090,17214;17222,1700
48119019,True,Alta exposicao TSB,0.9998999999999999,1721;1722,1721.2045;1721.2205;1722.2090,17214;17222,1700
48119020,True,Alta exposicao TSB,0.9998999999999999,1721;1722,1721.2045;1721.2205;1722.2090,17214;17222,1700
48119090,True,Alta exposicao TSB,0.9998999999999999,1721;1722,1721.2045;1721.2205;1722.2090,17214;17222,1700
48120000,True,Alta exposicao TSB,0.9998999999999999,1749,1749.2070,17494,1700
48131000,True,Alta exposicao TSB,0.9998999999999999,1749,1749.2105,17494,1700
48132000,True,Alta exposicao TSB,0.9998999999999999,1749,1749.2105,17494,1700
48139000,True,Alta exposicao TSB,0.9998999999999999,1721,1721.2025,17214,1700
48142000,True,Alta exposicao TSB,0.9998999999999999,1749,1749.2100,17494,1700
48149000,True,Alta exposicao TSB,0.9998999999999999,1749,1749.2100,17494,1700
48162000,True,Alta exposicao TSB,0.9998999999999999,1741,1741.2180,17419,1700
48169010,True,Alta exposicao TSB,0.9998999999999999,1741,1741.2190,17419,1700
48169090,True,Alta exposicao TSB,0.9998999999999999,1741,1741.2190,17419,1700
48171000,True,Alta exposicao TSB,0.9998999999999999,1741,1741.2095,17419,1700
48172000,True,Alta exposicao TSB,0.9998999999999999,1741,1741.2050,17419,1700
48173000,True,Alta exposicao TSB,0.9998999999999999,1741,1741.2050,17419,1700
48181000,True,Alta exposicao TSB,0.9998999999999999,1742,1742.2060,17427,1700
48182000,True,Alta exposicao TSB,0.9998999999999999,1742,1742.2050,17427,1700
48183000,True,Alta exposicao TSB,0.9998999999999999,1742,1742.2070,17427,1700
48185000,True,Alta exposicao TSB,0.9998999999999999,1742,1742.2020,17427,1700
48189010,True,Alta exposicao TSB,0.9998999999999999,1742,1742.2020,17427,1700
48189090,True,Alta exposicao TSB,0.9998999999999999,1742,1742.2020,17427,1700
48191000,True,Alta exposicao TSB,0.9998999999999999,1731;1733,1731.2010;1731.2020;1733.2010,17311;17338,1700
48192000,True,Alta exposicao TSB,0.9998999999999999,1731;1732,1731.2010;1731.2020;1732.2015,17311;17320,1700
48193000,True,Alta exposicao TSB,0.9998999999999999,1731,1731.2045,17311,1700
48194000,True,Alta exposicao TSB,0.9998999999999999,1731;1732;1733,1731.2010;1731.2020;1731.2045;1732.2035;1733.2025,17311;17320;17338,1700
48195000,True,Alta exposicao TSB,0.9998999999999999,1731;1732;1749,1731.2010;1731.2020;1732.2035;1749.2090,17311;17320;17494,1700
48196000,True,Alta exposicao TSB,0.9998999999999999,1741,1741.2070,17419,1700
48201000,True,Alta exposicao TSB,0.9998999999999999,1741;1812;1813,1741.2010;1741.2045;1812.2030;1813.2070,17419,1700
48202000,True,Alta exposicao TSB,0.9998999999999999,1741,1741.2060,17419,1700
48203000,True,Alta exposicao TSB,0.9998999999999999,1741,1741.2045,17419,1700
48204000,True,Alta exposicao TSB,0.9998999999999999,1741;1813,1741.2150;1741.2160;1813.2070,17419,1700
48205000,True,Alta exposicao TSB,0.9998999999999999,1749,1749.2010,17494,1700
48209000,True,Alta exposicao TSB,0.9998999999999999,1741;1813,1741.2045;1813.2110,17419,1700
48211000,True,Alta exposicao TSB,0.9998999999999999,1741,1741.2110;1741.2130,17419,1700
48219000,True,Alta exposicao TSB,0.9998999999999999,1741,1741.2120;1741.2130,17419,1700
48221000,True,Alta exposicao TSB,0.9998999999999999,1749,1749.2080,17494,1700
48229000,True,Alta exposicao TSB,0.9998999999999999,1749,1749.2080,17494,1700
48232010,True,Alta exposicao TSB,0.9998999999999999,1749,1749.2040,17494,1700
48232091,True,Alta exposicao TSB,0.9998999999999999,1749,1749.2040,17494,1700
48232099,True,Alta exposicao TSB,0.9998999999999999,1749,1749.2040,17494,1700
48234000,True,Alta exposicao TSB,0.9998999999999999,1741,1741.2030,17419,1700
48236100,True,Alta exposicao TSB,0.9998999999999999,1749,1749.2065,17494,1700
48236900,True,Alta exposicao TSB,0.9998999999999999,1749,1749.2065,17494,1700
48237000,True,Alta exposicao TSB,0.9998999999999999,1749,1749.2025,17494,1700
48239010,True,Alta exposicao TSB,0.9998999999999999,1741;1749,1741.2040;1749.2040,17419;17494,1700
48239020,True,Alta exposicao TSB,0.9998999999999999,1741;1749,1741.2040;1749.2040,17419;17494,1700
48239091,True,Alta exposicao TSB,0.9998999999999999,1741;1749,1741.2020;1741.2040;1749.2025;1749.2040,17419;17494,1700
48239099,True,Alta exposicao TSB,0.9998999999999999,1741;1749,1741.2020;1741.2040;1741.2140;1749.2025;1749.2040;1749.2050,17419;17494,1700
49011000,False,Sem exposicao TSB direta,0.0,1811,1811.2050;1811.2060;1811.2070;1811.2080;1811.2090;1811.2100;1811.2120,,
49019100,False,Sem exposicao TSB direta,0.0,1811,1811.2060;1811.2080,,
49019900,False,Sem exposicao TSB direta,0.0,1811,1811.2010;1811.2020;1811.2040;1811.2050;1811.2060;1811.2070;1811.2080;1811.2090;1811.2100;1811.2120,,
49021000,False,Sem exposicao TSB direta,0.0,1811,1811.2030,,
49029000,False,Sem exposicao TSB direta,0.0,1811,1811.2130;1811.2155;1811.2180,,
49030000,False,Sem exposicao TSB direta,0.0,1811,1811.2050,,
49040000,False,Sem exposicao TSB direta,0.0,1811,1811.2010,,
49052000,False,Sem exposicao TSB direta,0.0,1811,1811.2110,,
49059000,False,Sem exposicao TSB direta,0.0,1811,1811.2110,,
49070010,False,Sem exposicao TSB direta,0.0,1812,1812.2040,,
49070090,False,Sem exposicao TSB direta,0.0,1812,1812.2020,,
49081000,False,Sem exposicao TSB direta,0.0,1813,1813.2015,,
49089000,False,Sem exposicao TSB direta,0.0,1813,1813.2015,,
49090000,False,Sem exposicao TSB direta,0.0,1813,1813.2025,,
49100000,False,Sem exposicao TSB direta,0.0,1813,1813.2015,,
49111010,False,Sem exposicao TSB direta,0.0,1813,1813.2090,,
49111090,False,Sem exposicao TSB direta,0.0,1813,1813.2090,,
49119900,False,Sem exposicao TSB direta,0.0,1812;1813,1812.2010;1813.2050;1813.2055;1813.2060;1813.2070;1813.2080;1813.2100;1813.2120;1813.2130;1813.2140;1813.2150,,
50020000,False,Sem exposicao TSB direta,0.0,1312;1314,1312.2135;1314.2040,,
50030010,False,Sem exposicao TSB direta,0.0,1312;1314,1312.2010;1314.2040,,
50030090,False,Sem exposicao TSB direta,0.0,1312;1314,1312.2010;1314.2040,,
50040000,False,Sem exposicao TSB direta,0.0,1312;1314,1312.2130;1314.2040,,
50050000,False,Sem exposicao TSB direta,0.0,1312;1314,1312.2130;1314.2040,,
50060000,False,Sem exposicao TSB direta,0.0,1312;1314,1312.2130;1314.2040,,
50071010,False,Sem exposicao TSB direta,0.0,1314;1322,1314.2040;1322.2100,,
50071090,False,Sem exposicao TSB direta,0.0,1314;1322,1314.2040;1322.2100,,
50072010,False,Sem exposicao TSB direta,0.0,1314;1322,1314.2040;1322.2100,,
50072090,False,Sem exposicao TSB direta,0.0,1314;1322,1314.2040;1322.2100,,
50079000,False,Sem exposicao TSB direta,0.0,1314;1322,1314.2040;1322.2100,,
51011110,False,Sem exposicao TSB direta,0.0,1314,1314.2040,,
51011190,False,Sem exposicao TSB direta,0.0,1314,1314.2040,,
51011900,False,Sem exposicao TSB direta,0.0,1011;1314,1011.2070;1314.2040,,
51012100,False,Sem exposicao TSB direta,0.0,1312;1314,1312.2050;1314.2040,,
51031000,False,Sem exposicao TSB direta,0.0,1312;1314,1312.2015;1314.2040,,
51051000,False,Sem exposicao TSB direta,0.0,1312;1314,1312.2040;1314.2040,,
51052910,False,Sem exposicao TSB direta,0.0,1312;1314,1312.2040;1314.2040,,
51052999,False,Sem exposicao TSB direta,0.0,1312;1314,1312.2040;1314.2040,,
51053900,False,Sem exposicao TSB direta,0.0,1312;1314,1312.2040;1314.2040,,
51061000,False,Sem exposicao TSB direta,0.0,1312;1314,1312.2110;1314.2040,,
51062000,False,Sem exposicao TSB direta,0.0,1312;1314,1312.2110;1314.2040,,
51071011,False,Sem exposicao TSB direta,0.0,1312;1314,1312.2110;1314.2040,,
51071019,False,Sem exposicao TSB direta,0.0,1312;1314,1312.2110;1314.2040,,
51071090,False,Sem exposicao TSB direta,0.0,1312;1314,1312.2110;1314.2040,,
51072000,False,Sem exposicao TSB direta,0.0,1312;1314,1312.2110;1314.2040,,
51082000,False,Sem exposicao TSB direta,0.0,1312;1314,1312.2090;1314.2040,,
51091000,False,Sem exposicao TSB direta,0.0,1312;1314,1312.2090;1314.2040,,
51099000,False,Sem exposicao TSB direta,0.0,1312;1314,1312.2090;1314.2040,,
51111110,False,Sem exposicao TSB direta,0.0,1314;1322,1314.2040;1322.2080,,
51111900,False,Sem exposicao TSB direta,0.0,1314;1322,1314.2040;1322.2080,,
51112000,False,Sem exposicao TSB direta,0.0,1314;1322,1314.2040;1322.2080,,
51113010,False,Sem exposicao TSB direta,0.0,1314;1322,1314.2040;1322.2080,,
51113090,False,Sem exposicao TSB direta,0.0,1314;1322,1314.2040;1322.2080,,
51119000,False,Sem exposicao TSB direta,0.0,1314;1322,1314.2040;1322.2080,,
51121100,False,Sem exposicao TSB direta,0.0,1314;1322,1314.2040;1322.2080,,
51121910,False,Sem exposicao TSB direta,0.0,1314;1322,1314.2040;1322.2080,,
51121920,False,Sem exposicao TSB direta,0.0,1314;1322,1314.2040;1322.2080,,
51122010,False,Sem exposicao TSB direta,0.0,1314;1322,1314.2040;1322.2080,,
51123010,False,Sem exposicao TSB direta,0.0,1314;1322,1314.2040;1322.2080,,
51129000,False,Sem exposicao TSB direta,0.0,1314;1322,1314.2040;1322.2080,,
51130012,False,Sem exposicao TSB direta,0.0,1314;1322,1314.2040;1322.2070,,
52010020,False,Sem exposicao TSB direta,0.0,1311,1311.2040,,
52021000,False,Sem exposicao TSB direta,0.0,1311,1311.2025,,
52029100,False,Sem exposicao TSB direta,0.0,1311,1311.2025,,
52029900,False,Sem exposicao TSB direta,0.0,1311,1311.2025,,
52030000,False,Sem exposicao TSB direta,0.0,1311,1311.2010,,
52041111,False,Sem exposicao TSB direta,0.0,1314,1314.2010,,
52041112,False,Sem exposicao TSB direta,0.0,1314,1314.2010,,
52041131,False,Sem exposicao TSB direta,0.0,1314,1314.2010,,
52041132,False,Sem exposicao TSB direta,0.0,1314,1314.2010,,
52041140,False,Sem exposicao TSB direta,0.0,1314,1314.2010,,
52041911,False,Sem exposicao TSB direta,0.0,1314,1314.2010,,
52041912,False,Sem exposicao TSB direta,0.0,1314,1314.2010,,
52041920,False,Sem exposicao TSB direta,0.0,1314,1314.2010,,
52041931,False,Sem exposicao TSB direta,0.0,1314,1314.2010,,
52041932,False,Sem exposicao TSB direta,0.0,1314,1314.2010,,
52042000,False,Sem exposicao TSB direta,0.0,1314,1314.2010,,
52051100,False,Sem exposicao TSB direta,0.0,1311,1311.2070,,
52051200,False,Sem exposicao TSB direta,0.0,1311,1311.2070,,
52051310,False,Sem exposicao TSB direta,0.0,1311,1311.2070,,
52051390,False,Sem exposicao TSB direta,0.0,1311,1311.2070,,
52051500,False,Sem exposicao TSB direta,0.0,1311,1311.2070,,
52052100,False,Sem exposicao TSB direta,0.0,1311,1311.2070,,
52052200,False,Sem exposicao TSB direta,0.0,1311,1311.2070,,
52052310,False,Sem exposicao TSB direta,0.0,1311,1311.2070,,
52052390,False,Sem exposicao TSB direta,0.0,1311,1311.2070,,
52052400,False,Sem exposicao TSB direta,0.0,1311,1311.2070,,
52052600,False,Sem exposicao TSB direta,0.0,1311,1311.2070,,
52052700,False,Sem exposicao TSB direta,0.0,1311,1311.2070,,
52052800,False,Sem exposicao TSB direta,0.0,1311,1311.2070,,
52053100,False,Sem exposicao TSB direta,0.0,1311,1311.2060,,
52053200,False,Sem exposicao TSB direta,0.0,1311,1311.2060,,
52053300,False,Sem exposicao TSB direta,0.0,1311,1311.2060,,
52053400,False,Sem exposicao TSB direta,0.0,1311,1311.2060,,
52054100,False,Sem exposicao TSB direta,0.0,1311,1311.2060,,
52054200,False,Sem exposicao TSB direta,0.0,1311,1311.2060,,
52054300,False,Sem exposicao TSB direta,0.0,1311,1311.2060,,
52054400,False,Sem exposicao TSB direta,0.0,1311,1311.2060,,
52054700,False,Sem exposicao TSB direta,0.0,1311,1311.2060,,
52054800,False,Sem exposicao TSB direta,0.0,1311,1311.2060,,
52061100,False,Sem exposicao TSB direta,0.0,1311,1311.2070,,
52061200,False,Sem exposicao TSB direta,0.0,1311,1311.2070,,
52061300,False,Sem exposicao TSB direta,0.0,1311,1311.2070,,
52061500,False,Sem exposicao TSB direta,0.0,1311,1311.2070,,
52062100,False,Sem exposicao TSB direta,0.0,1311,1311.2070,,
52062200,False,Sem exposicao TSB direta,0.0,1311,1311.2070,,
52062300,False,Sem exposicao TSB direta,0.0,1311,1311.2070,,
52062400,False,Sem exposicao TSB direta,0.0,1311,1311.2070,,
52063100,False,Sem exposicao TSB direta,0.0,1311,1311.2060,,
52063200,False,Sem exposicao TSB direta,0.0,1311,1311.2060,,
52063500,False,Sem exposicao TSB direta,0.0,1311,1311.2060,,
52064100,False,Sem exposicao TSB direta,0.0,1311,1311.2060,,
52064200,False,Sem exposicao TSB direta,0.0,1311,1311.2060,,
52071000,False,Sem exposicao TSB direta,0.0,1311,1311.2050,,
52079000,False,Sem exposicao TSB direta,0.0,1311,1311.2050,,
52081100,False,Sem exposicao TSB direta,0.0,1321,1321.2100,,
52081200,False,Sem exposicao TSB direta,0.0,1321,1321.2100,,
52081300,False,Sem exposicao TSB direta,0.0,1321,1321.2100,,
52081900,False,Sem exposicao TSB direta,0.0,1321,1321.2100,,
52082100,False,Sem exposicao TSB direta,0.0,1321,1321.2100,,
52082200,False,Sem exposicao TSB direta,0.0,1321,1321.2100,,
52082300,False,Sem exposicao TSB direta,0.0,1321,1321.2100,,
52082900,False,Sem exposicao TSB direta,0.0,1321,1321.2100,,
52083100,False,Sem exposicao TSB direta,0.0,1321,1321.2110,,
52083200,False,Sem exposicao TSB direta,0.0,1321,1321.2110,,
52083300,False,Sem exposicao TSB direta,0.0,1321,1321.2110,,
52083900,False,Sem exposicao TSB direta,0.0,1321,1321.2110,,
52084100,False,Sem exposicao TSB direta,0.0,1321,1321.2110,,
52084200,False,Sem exposicao TSB direta,0.0,1321,1321.2110,,
52084300,False,Sem exposicao TSB direta,0.0,1321,1321.2110,,
52084900,False,Sem exposicao TSB direta,0.0,1321,1321.2110,,
52085100,False,Sem exposicao TSB direta,0.0,1321,1321.2110,,
52085200,False,Sem exposicao TSB direta,0.0,1321,1321.2110,,
52085910,False,Sem exposicao TSB direta,0.0,1321,1321.2110,,
52085990,False,Sem exposicao TSB direta,0.0,1321,1321.2110,,
52091100,False,Sem exposicao TSB direta,0.0,1321,1321.2100,,
52091200,False,Sem exposicao TSB direta,0.0,1321,1321.2100,,
52091900,False,Sem exposicao TSB direta,0.0,1321,1321.2100,,
52092100,False,Sem exposicao TSB direta,0.0,1321,1321.2100,,
52092200,False,Sem exposicao TSB direta,0.0,1321,1321.2100,,
52092900,False,Sem exposicao TSB direta,0.0,1321,1321.2100,,
52093100,False,Sem exposicao TSB direta,0.0,1321,1321.2110,,
52093200,False,Sem exposicao TSB direta,0.0,1321,1321.2110,,
52093900,False,Sem exposicao TSB direta,0.0,1321,1321.2110,,
52094100,False,Sem exposicao TSB direta,0.0,1321,1321.2110,,
52094210,False,Sem exposicao TSB direta,0.0,1321,1321.2090,,
52094290,False,Sem exposicao TSB direta,0.0,1321,1321.2090;1321.2110,,
52094300,False,Sem exposicao TSB direta,0.0,1321,1321.2110,,
52094900,False,Sem exposicao TSB direta,0.0,1321,1321.2110,,
52095100,False,Sem exposicao TSB direta,0.0,1321,1321.2110,,
52095200,False,Sem exposicao TSB direta,0.0,1321,1321.2110,,
52095900,False,Sem exposicao TSB direta,0.0,1321,1321.2110,,
52101100,False,Sem exposicao TSB direta,0.0,1321,1321.2070,,
52101990,False,Sem exposicao TSB direta,0.0,1321,1321.2070,,
52102100,False,Sem exposicao TSB direta,0.0,1321,1321.2070,,
52102910,False,Sem exposicao TSB direta,0.0,1321,1321.2070,,
52102990,False,Sem exposicao TSB direta,0.0,1321,1321.2070,,
52103100,False,Sem exposicao TSB direta,0.0,1321,1321.2080,,
52103200,False,Sem exposicao TSB direta,0.0,1321,1321.2080,,
52103900,False,Sem exposicao TSB direta,0.0,1321,1321.2080,,
52104100,False,Sem exposicao TSB direta,0.0,1321,1321.2080,,
52104910,False,Sem exposicao TSB direta,0.0,1321,1321.2080,,
52104990,False,Sem exposicao TSB direta,0.0,1321,1321.2080,,
52105100,False,Sem exposicao TSB direta,0.0,1321,1321.2080,,
52105910,False,Sem exposicao TSB direta,0.0,1321,1321.2080,,
52105990,False,Sem exposicao TSB direta,0.0,1321,1321.2080,,
52111100,False,Sem exposicao TSB direta,0.0,1321,1321.2070,,
52111200,False,Sem exposicao TSB direta,0.0,1321,1321.2070,,
52111900,False,Sem exposicao TSB direta,0.0,1321,1321.2070,,
52112010,False,Sem exposicao TSB direta,0.0,1321,1321.2070,,
52112020,False,Sem exposicao TSB direta,0.0,1321,1321.2070,,
52112090,False,Sem exposicao TSB direta,0.0,1321,1321.2070,,
52113100,False,Sem exposicao TSB direta,0.0,1321,1321.2080,,
52113200,False,Sem exposicao TSB direta,0.0,1321,1321.2080,,
52113900,False,Sem exposicao TSB direta,0.0,1321,1321.2080,,
52114100,False,Sem exposicao TSB direta,0.0,1321,1321.2080,,
52114210,False,Sem exposicao TSB direta,0.0,1321,1321.2080;1321.2090,,
52114290,False,Sem exposicao TSB direta,0.0,1321,1321.2080;1321.2090,,
52114300,False,Sem exposicao TSB direta,0.0,1321,1321.2080,,
52114900,False,Sem exposicao TSB direta,0.0,1321,1321.2080,,
52115100,False,Sem exposicao TSB direta,0.0,1321,1321.2080,,
52115200,False,Sem exposicao TSB direta,0.0,1321,1321.2080,,
52115900,False,Sem exposicao TSB direta,0.0,1321,1321.2080,,
52121100,False,Sem exposicao TSB direta,0.0,1321,1321.2070,,
52121200,False,Sem exposicao TSB direta,0.0,1321,1321.2070,,
52121300,False,Sem exposicao TSB direta,0.0,1321,1321.2080,,
52121400,False,Sem exposicao TSB direta,0.0,1321,1321.2080,,
52121500,False,Sem exposicao TSB direta,0.0,1321,1321.2080,,
52122100,False,Sem exposicao TSB direta,0.0,1321,1321.2070,,
52122200,False,Sem exposicao TSB direta,0.0,1321,1321.2070,,
52122300,False,Sem exposicao TSB direta,0.0,1321,1321.2080,,
52122400,False,Sem exposicao TSB direta,0.0,1321,1321.2080,,
52122500,False,Sem exposicao TSB direta,0.0,1321,1321.2080,,
53011000,False,Sem exposicao TSB direta,0.0,1314,1314.2040,,
53012990,False,Sem exposicao TSB direta,0.0,1312;1314,1312.2060;1314.2040,,
53013000,False,Sem exposicao TSB direta,0.0,1312;1314,1312.2010;1312.2060;1314.2040,,
53029000,False,Sem exposicao TSB direta,0.0,1312;1314,1312.2010;1312.2080;1314.2040,,
53031010,False,Sem exposicao TSB direta,0.0,1314,1314.2040,,
53031090,False,Sem exposicao TSB direta,0.0,1314,1314.2040,,
53039010,False,Sem exposicao TSB direta,0.0,1312;1314,1312.2030;1314.2040,,
53050090,False,Sem exposicao TSB direta,0.0,1312;1314,1312.2010;1312.2070;1312.2080;1314.2040,,
53061000,False,Sem exposicao TSB direta,0.0,1312;1314,1312.2120;1314.2040,,
53062000,False,Sem exposicao TSB direta,0.0,1312;1314,1312.2120;1314.2040,,
53071010,False,Sem exposicao TSB direta,0.0,1312;1314,1312.2100;1314.2040,,
53071090,False,Sem exposicao TSB direta,0.0,1312;1314,1312.2100;1314.2040,,
53072010,False,Sem exposicao TSB direta,0.0,1312;1314,1312.2100;1314.2040,,
53072090,False,Sem exposicao TSB direta,0.0,1312;1314,1312.2100;1314.2040,,
53081000,False,Sem exposicao TSB direta,0.0,1312;1314,1312.2090;1314.2040,,
53082000,False,Sem exposicao TSB direta,0.0,1312;1314,1312.2090;1314.2040,,
53089000,False,Sem exposicao TSB direta,0.0,1312;1314,1312.2090;1314.2040,,
53091100,False,Sem exposicao TSB direta,0.0,1314;1322,1314.2040;1322.2090,,
53091900,False,Sem exposicao TSB direta,0.0,1314;1322,1314.2040;1322.2090,,
53092100,False,Sem exposicao TSB direta,0.0,1314;1322,1314.2040;1322.2090,,
53092900,False,Sem exposicao TSB direta,0.0,1314;1322,1314.2040;1322.2090,,
53101010,False,Sem exposicao TSB direta,0.0,1314;1322,1314.2040;1322.2120,,
53101090,False,Sem exposicao TSB direta,0.0,1314;1322,1314.2040;1322.2120,,
53109000,False,Sem exposicao TSB direta,0.0,1314;1322,1314.2040;1322.2120,,
53110000,False,Sem exposicao TSB direta,0.0,1314;1322,1314.2040;1322.2070,,
54011011,False,Sem exposicao TSB direta,0.0,1314,1314.2030,,
54011012,False,Sem exposicao TSB direta,0.0,1314,1314.2030,,
54011090,False,Sem exposicao TSB direta,0.0,1314,1314.2030,,
54012011,False,Sem exposicao TSB direta,0.0,1314,1314.2020,,
54012012,False,Sem exposicao TSB direta,0.0,1314,1314.2020,,
54012090,False,Sem exposicao TSB direta,0.0,1314,1314.2020,,
54021100,False,Sem exposicao TSB direta,0.0,2040,2040.2070,,
54021910,False,Sem exposicao TSB direta,0.0,2040,2040.2070,,
54021990,False,Sem exposicao TSB direta,0.0,2040,2040.2070,,
54022090,False,Sem exposicao TSB direta,0.0,2040,2040.2070,,
54023111,False,Sem exposicao TSB direta,0.0,2040,2040.2150,,
54023119,False,Sem exposicao TSB direta,0.0,2040,2040.2150,,
54023190,False,Sem exposicao TSB direta,0.0,2040,2040.2150,,
54023219,False,Sem exposicao TSB direta,0.0,2040,2040.2150,,
54023290,False,Sem exposicao TSB direta,0.0,2040,2040.2150,,
54023310,False,Sem exposicao TSB direta,0.0,2040,2040.2160,,
54023320,False,Sem exposicao TSB direta,0.0,2040,2040.2160,,
54023390,False,Sem exposicao TSB direta,0.0,2040,2040.2160,,
54023400,False,Sem exposicao TSB direta,0.0,2040,2040.2170,,
54023900,False,Sem exposicao TSB direta,0.0,2040,2040.2140,,
54024400,False,Sem exposicao TSB direta,0.0,2040,2040.2135,,
54024510,False,Sem exposicao TSB direta,0.0,2040,2040.2100,,
54024520,False,Sem exposicao TSB direta,0.0,2040,2040.2100,,
54024590,False,Sem exposicao TSB direta,0.0,2040,2040.2100,,
54024600,False,Sem exposicao TSB direta,0.0,2040,2040.2110,,
54024710,False,Sem exposicao TSB direta,0.0,2040,2040.2110,,
54024720,False,Sem exposicao TSB direta,0.0,2040,2040.2110,,
54024790,False,Sem exposicao TSB direta,0.0,2040,2040.2110,,
54024800,False,Sem exposicao TSB direta,0.0,2040,2040.2120,,
54024910,False,Sem exposicao TSB direta,0.0,2040,2040.2135,,
54024990,False,Sem exposicao TSB direta,0.0,2040,2040.2135,,
54025110,False,Sem exposicao TSB direta,0.0,2040,2040.2100,,
54025190,False,Sem exposicao TSB direta,0.0,2040,2040.2100,,
54025200,False,Sem exposicao TSB direta,0.0,2040,2040.2110,,
54025300,False,Sem exposicao TSB direta,0.0,2040,2040.2120,,
54025900,False,Sem exposicao TSB direta,0.0,2040,2040.2120;2040.2135,,
54026110,False,Sem exposicao TSB direta,0.0,1313,1313.2090,,
54026190,False,Sem exposicao TSB direta,0.0,1313,1313.2090,,
54026200,False,Sem exposicao TSB direta,0.0,1313,1313.2090,,
54026300,False,Sem exposicao TSB direta,0.0,1313,1313.2090,,
54026900,False,Sem exposicao TSB direta,0.0,1313,1313.2090,,
54031000,False,Sem exposicao TSB direta,0.0,2040,2040.2080,,
54033110,False,Sem exposicao TSB direta,0.0,2040,2040.2080,,
54033190,False,Sem exposicao TSB direta,0.0,2040,2040.2080,,
54033200,False,Sem exposicao TSB direta,0.0,2040,2040.2080,,
54033300,False,Sem exposicao TSB direta,0.0,2040,2040.2080,,
54034100,False,Sem exposicao TSB direta,0.0,1313,1313.2080,,
54034900,False,Sem exposicao TSB direta,0.0,1313,1313.2080,,
54041100,False,Sem exposicao TSB direta,0.0,2040,2040.2180,,
54041200,False,Sem exposicao TSB direta,0.0,2040,2040.2180,,
54041911,False,Sem exposicao TSB direta,0.0,2040,2040.2180,,
54041919,False,Sem exposicao TSB direta,0.0,2040,2040.2180,,
54041990,False,Sem exposicao TSB direta,0.0,2040,2040.2180,,
54049000,False,Sem exposicao TSB direta,0.0,2040,2040.2180,,
54050000,False,Sem exposicao TSB direta,0.0,2040,2040.2080,,
54060010,False,Sem exposicao TSB direta,0.0,1313,1313.2070,,
54060020,False,Sem exposicao TSB direta,0.0,1313,1313.2070,,
54071011,False,Sem exposicao TSB direta,0.0,1323,1323.2140,,
54071019,False,Sem exposicao TSB direta,0.0,1323,1323.2140,,
54071021,False,Sem exposicao TSB direta,0.0,1323,1323.2150,,
54071029,False,Sem exposicao TSB direta,0.0,1323,1323.2150,,
54072000,False,Sem exposicao TSB direta,0.0,1323,1323.2180,,
54073000,False,Sem exposicao TSB direta,0.0,1323,1323.2020,,
54074100,False,Sem exposicao TSB direta,0.0,1323,1323.2160,,
54074200,False,Sem exposicao TSB direta,0.0,1323,1323.2170,,
54074300,False,Sem exposicao TSB direta,0.0,1323,1323.2170,,
54074400,False,Sem exposicao TSB direta,0.0,1323,1323.2170,,
54075100,False,Sem exposicao TSB direta,0.0,1323,1323.2160,,
54075210,False,Sem exposicao TSB direta,0.0,1323,1323.2170,,
54075220,False,Sem exposicao TSB direta,0.0,1323,1323.2170,,
54075300,False,Sem exposicao TSB direta,0.0,1323,1323.2170,,
54075400,False,Sem exposicao TSB direta,0.0,1323,1323.2170,,
54076100,False,Sem exposicao TSB direta,0.0,1323,1323.2170,,
54076900,False,Sem exposicao TSB direta,0.0,1323,1323.2170,,
54077100,False,Sem exposicao TSB direta,0.0,1323,1323.2160,,
54077200,False,Sem exposicao TSB direta,0.0,1323,1323.2170,,
54077300,False,Sem exposicao TSB direta,0.0,1323,1323.2170,,
54077400,False,Sem exposicao TSB direta,0.0,1323,1323.2170,,
54078100,False,Sem exposicao TSB direta,0.0,1323,1323.2160,,
54078200,False,Sem exposicao TSB direta,0.0,1323,1323.2170,,
54078300,False,Sem exposicao TSB direta,0.0,1323,1323.2170,,
54078400,False,Sem exposicao TSB direta,0.0,1323,1323.2170,,
54079100,False,Sem exposicao TSB direta,0.0,1323,1323.2160,,
54079200,False,Sem exposicao TSB direta,0.0,1323,1323.2170,,
54079300,False,Sem exposicao TSB direta,0.0,1323,1323.2170,,
54079400,False,Sem exposicao TSB direta,0.0,1323,1323.2170,,
54081000,False,Sem exposicao TSB direta,0.0,1323,1323.2190,,
54082100,False,Sem exposicao TSB direta,0.0,1323,1323.2120,,
54082200,False,Sem exposicao TSB direta,0.0,1323,1323.2130,,
54082300,False,Sem exposicao TSB direta,0.0,1323,1323.2130,,
54082400,False,Sem exposicao TSB direta,0.0,1323,1323.2130,,
54083100,False,Sem exposicao TSB direta,0.0,1323,1323.2120,,
54083200,False,Sem exposicao TSB direta,0.0,1323,1323.2130,,
54083300,False,Sem exposicao TSB direta,0.0,1323,1323.2130,,
54083400,False,Sem exposicao TSB direta,0.0,1323,1323.2130,,
55011100,False,Sem exposicao TSB direta,0.0,2040,2040.2020,,
55011900,False,Sem exposicao TSB direta,0.0,2040,2040.2020,,
55012000,False,Sem exposicao TSB direta,0.0,2040,2040.2020,,
55013000,False,Sem exposicao TSB direta,0.0,2040,2040.2020,,
55014000,False,Sem exposicao TSB direta,0.0,2040,2040.2020,,
55019000,False,Sem exposicao TSB direta,0.0,2040,2040.2020,,
55021000,False,Sem exposicao TSB direta,0.0,2040,2040.2010,,
55029010,False,Sem exposicao TSB direta,0.0,2040,2040.2010,,
55031100,False,Sem exposicao TSB direta,0.0,2040,2040.2060,,
55031910,False,Sem exposicao TSB direta,0.0,2040,2040.2060,,
55031990,False,Sem exposicao TSB direta,0.0,2040,2040.2060,,
55032010,False,Sem exposicao TSB direta,0.0,2040,2040.2060,,
55032090,False,Sem exposicao TSB direta,0.0,2040,2040.2060,,
55033000,False,Sem exposicao TSB direta,0.0,2040,2040.2060,,
55034000,False,Sem exposicao TSB direta,0.0,2040,2040.2060,,
55039010,False,Sem exposicao TSB direta,0.0,2040,2040.2060,,
55039020,False,Sem exposicao TSB direta,0.0,2040,2040.2060,,
55039090,False,Sem exposicao TSB direta,0.0,2040,2040.2060,,
55041000,False,Sem exposicao TSB direta,0.0,2040,2040.2050,,
55049010,False,Sem exposicao TSB direta,0.0,2040,2040.2050,,
55049090,False,Sem exposicao TSB direta,0.0,2040,2040.2050,,
55051000,False,Sem exposicao TSB direta,0.0,1313;2040,1313.2010;2040.2045,,
55052000,False,Sem exposicao TSB direta,0.0,1313;2040,1313.2010;2040.2045,,
55061000,False,Sem exposicao TSB direta,0.0,1313,1313.2030,,
55062000,False,Sem exposicao TSB direta,0.0,1313,1313.2030,,
55063000,False,Sem exposicao TSB direta,0.0,1313,1313.2030,,
55069000,False,Sem exposicao TSB direta,0.0,1313,1313.2030,,
55070000,False,Sem exposicao TSB direta,0.0,1313,1313.2020,,
55081000,False,Sem exposicao TSB direta,0.0,1314,1314.2030,,
55082000,False,Sem exposicao TSB direta,0.0,1314,1314.2020,,
55091100,False,Sem exposicao TSB direta,0.0,1313,1313.2050,,
55091210,False,Sem exposicao TSB direta,0.0,1313,1313.2050,,
55091290,False,Sem exposicao TSB direta,0.0,1313,1313.2050,,
55092100,False,Sem exposicao TSB direta,0.0,1313,1313.2050,,
55092200,False,Sem exposicao TSB direta,0.0,1313,1313.2050,,
55093100,False,Sem exposicao TSB direta,0.0,1313,1313.2050,,
55093200,False,Sem exposicao TSB direta,0.0,1313,1313.2050,,
55094100,False,Sem exposicao TSB direta,0.0,1313,1313.2050,,
55094200,False,Sem exposicao TSB direta,0.0,1313,1313.2050,,
55095100,False,Sem exposicao TSB direta,0.0,1313,1313.2050,,
55095200,False,Sem exposicao TSB direta,0.0,1313,1313.2050,,
55095300,False,Sem exposicao TSB direta,0.0,1313,1313.2050,,
55095900,False,Sem exposicao TSB direta,0.0,1313,1313.2050,,
55096100,False,Sem exposicao TSB direta,0.0,1313,1313.2050,,
55096200,False,Sem exposicao TSB direta,0.0,1313,1313.2050,,
55096900,False,Sem exposicao TSB direta,0.0,1313,1313.2050,,
55099200,False,Sem exposicao TSB direta,0.0,1313,1313.2050,,
55099900,False,Sem exposicao TSB direta,0.0,1313,1313.2050,,
55101111,False,Sem exposicao TSB direta,0.0,1313,1313.2040,,
55101112,False,Sem exposicao TSB direta,0.0,1313,1313.2040,,
55101113,False,Sem exposicao TSB direta,0.0,1313,1313.2040,,
55101119,False,Sem exposicao TSB direta,0.0,1313,1313.2040,,
55101190,False,Sem exposicao TSB direta,0.0,1313,1313.2040,,
55101211,False,Sem exposicao TSB direta,0.0,1313,1313.2040,,
55102013,False,Sem exposicao TSB direta,0.0,1313,1313.2040,,
55103013,False,Sem exposicao TSB direta,0.0,1313,1313.2040,,
55103090,False,Sem exposicao TSB direta,0.0,1313,1313.2040,,
55109011,False,Sem exposicao TSB direta,0.0,1313,1313.2040,,
55109012,False,Sem exposicao TSB direta,0.0,1313,1313.2040,,
55109019,False,Sem exposicao TSB direta,0.0,1313,1313.2040,,
55109090,False,Sem exposicao TSB direta,0.0,1313,1313.2040,,
55111000,False,Sem exposicao TSB direta,0.0,1313,1313.2060,,
55112000,False,Sem exposicao TSB direta,0.0,1313,1313.2060,,
55113000,False,Sem exposicao TSB direta,0.0,1313,1313.2060,,
55121100,False,Sem exposicao TSB direta,0.0,1323,1323.2100,,
55121900,False,Sem exposicao TSB direta,0.0,1323,1323.2110,,
55122100,False,Sem exposicao TSB direta,0.0,1323,1323.2100,,
55122900,False,Sem exposicao TSB direta,0.0,1323,1323.2110,,
55129110,False,Sem exposicao TSB direta,0.0,1323,1323.2100,,
55129190,False,Sem exposicao TSB direta,0.0,1323,1323.2100,,
55129910,False,Sem exposicao TSB direta,0.0,1323,1323.2110,,
55129990,False,Sem exposicao TSB direta,0.0,1323,1323.2110,,
55131100,False,Sem exposicao TSB direta,0.0,1323,1323.2100,,
55131200,False,Sem exposicao TSB direta,0.0,1323,1323.2100,,
55131300,False,Sem exposicao TSB direta,0.0,1323,1323.2100,,
55131900,False,Sem exposicao TSB direta,0.0,1323,1323.2100,,
55132100,False,Sem exposicao TSB direta,0.0,1323,1323.2110,,
55132310,False,Sem exposicao TSB direta,0.0,1323,1323.2110,,
55132390,False,Sem exposicao TSB direta,0.0,1323,1323.2110,,
55132900,False,Sem exposicao TSB direta,0.0,1323,1323.2110,,
55133100,False,Sem exposicao TSB direta,0.0,1323,1323.2110,,
55133911,False,Sem exposicao TSB direta,0.0,1323,1323.2110,,
55133919,False,Sem exposicao TSB direta,0.0,1323,1323.2110,,
55133990,False,Sem exposicao TSB direta,0.0,1323,1323.2110,,
55134100,False,Sem exposicao TSB direta,0.0,1323,1323.2110,,
55134990,False,Sem exposicao TSB direta,0.0,1323,1323.2110,,
55141100,False,Sem exposicao TSB direta,0.0,1323,1323.2100,,
55141200,False,Sem exposicao TSB direta,0.0,1323,1323.2100,,
55141910,False,Sem exposicao TSB direta,0.0,1323,1323.2100,,
55141990,False,Sem exposicao TSB direta,0.0,1323,1323.2100,,
55142100,False,Sem exposicao TSB direta,0.0,1323,1323.2110,,
55142200,False,Sem exposicao TSB direta,0.0,1323,1323.2110,,
55142300,False,Sem exposicao TSB direta,0.0,1323,1323.2110,,
55142900,False,Sem exposicao TSB direta,0.0,1323,1323.2110,,
55143011,False,Sem exposicao TSB direta,0.0,1323,1323.2110,,
55143012,False,Sem exposicao TSB direta,0.0,1323,1323.2110,,
55143019,False,Sem exposicao TSB direta,0.0,1323,1323.2110,,
55143090,False,Sem exposicao TSB direta,0.0,1323,1323.2110,,
55144100,False,Sem exposicao TSB direta,0.0,1323,1323.2110,,
55144200,False,Sem exposicao TSB direta,0.0,1323,1323.2110,,
55144300,False,Sem exposicao TSB direta,0.0,1323,1323.2110,,
55144900,False,Sem exposicao TSB direta,0.0,1323,1323.2110,,
55151100,False,Sem exposicao TSB direta,0.0,1323,1323.2110,,
55151200,False,Sem exposicao TSB direta,0.0,1323,1323.2110,,
55151300,False,Sem exposicao TSB direta,0.0,1323,1323.2110,,
55151900,False,Sem exposicao TSB direta,0.0,1323,1323.2110,,
55152100,False,Sem exposicao TSB direta,0.0,1323,1323.2110,,
55152200,False,Sem exposicao TSB direta,0.0,1323,1323.2110,,
55152900,False,Sem exposicao TSB direta,0.0,1323,1323.2110,,
55159100,False,Sem exposicao TSB direta,0.0,1323,1323.2110,,
55159910,False,Sem exposicao TSB direta,0.0,1323,1323.2110,,
55159990,False,Sem exposicao TSB direta,0.0,1323,1323.2110,,
55161100,False,Sem exposicao TSB direta,0.0,1323,1323.2080,,
55161200,False,Sem exposicao TSB direta,0.0,1323,1323.2090,,
55161300,False,Sem exposicao TSB direta,0.0,1323,1323.2090,,
55161400,False,Sem exposicao TSB direta,0.0,1323,1323.2090,,
55162100,False,Sem exposicao TSB direta,0.0,1323,1323.2080,,
55162200,False,Sem exposicao TSB direta,0.0,1323,1323.2090,,
55162300,False,Sem exposicao TSB direta,0.0,1323,1323.2090,,
55162400,False,Sem exposicao TSB direta,0.0,1323,1323.2090,,
55163100,False,Sem exposicao TSB direta,0.0,1323,1323.2080,,
55163200,False,Sem exposicao TSB direta,0.0,1323,1323.2090,,
55163300,False,Sem exposicao TSB direta,0.0,1323,1323.2090,,
55164100,False,Sem exposicao TSB direta,0.0,1323,1323.2080,,
55164200,False,Sem exposicao TSB direta,0.0,1323,1323.2090,,
55164300,False,Sem exposicao TSB direta,0.0,1323,1323.2090,,
55164400,False,Sem exposicao TSB direta,0.0,1323,1323.2090,,
55169100,False,Sem exposicao TSB direta,0.0,1323,1323.2080,,
55169200,False,Sem exposicao TSB direta,0.0,1323,1323.2090,,
55169300,False,Sem exposicao TSB direta,0.0,1323,1323.2090,,
55169400,False,Sem exposicao TSB direta,0.0,1323,1323.2090,,
56012110,False,Sem exposicao TSB direta,0.0,1354,1354.2085,,
56012190,False,Sem exposicao TSB direta,0.0,1354,1354.2085,,
56012211,False,Sem exposicao TSB direta,0.0,1354,1354.2085,,
56012219,False,Sem exposicao TSB direta,0.0,1354,1354.2085,,
56012291,False,Sem exposicao TSB direta,0.0,1220;1354,1220.2030;1354.2085,,
56012299,False,Sem exposicao TSB direta,0.0,1354,1354.2085,,
56012900,False,Sem exposicao TSB direta,0.0,1354,1354.2085,,
56013010,False,Sem exposicao TSB direta,0.0,1354,1354.2085,,
56013090,False,Sem exposicao TSB direta,0.0,1354,1354.2085,,
56021000,False,Sem exposicao TSB direta,0.0,1354,1354.2030,,
56022100,False,Sem exposicao TSB direta,0.0,1354,1354.2030,,
56022900,False,Sem exposicao TSB direta,0.0,1354,1354.2030,,
56029000,False,Sem exposicao TSB direta,0.0,1354,1354.2030,,
56031110,False,Sem exposicao TSB direta,0.0,1354,1354.2090,,
56031120,False,Sem exposicao TSB direta,0.0,1354,1354.2090,,
56031130,False,Sem exposicao TSB direta,0.0,1354,1354.2090,,
56031140,False,Sem exposicao TSB direta,0.0,1354,1354.2090,,
56031190,False,Sem exposicao TSB direta,0.0,1354,1354.2090,,
56031210,False,Sem exposicao TSB direta,0.0,1354,1354.2090,,
56031220,False,Sem exposicao TSB direta,0.0,1354,1354.2090,,
56031230,False,Sem exposicao TSB direta,0.0,1354,1354.2090,,
56031240,False,Sem exposicao TSB direta,0.0,1354,1354.2090,,
56031250,False,Sem exposicao TSB direta,0.0,1354,1354.2090,,
56031290,False,Sem exposicao TSB direta,0.0,1354,1354.2090,,
56031310,False,Sem exposicao TSB direta,0.0,1354,1354.2090,,
56031320,False,Sem exposicao TSB direta,0.0,1354,1354.2090,,
56031330,False,Sem exposicao TSB direta,0.0,1354,1354.2090,,
56031340,False,Sem exposicao TSB direta,0.0,1354,1354.2090,,
56031350,False,Sem exposicao TSB direta,0.0,1354,1354.2090,,
56031390,False,Sem exposicao TSB direta,0.0,1354,1354.2090,,
56031410,False,Sem exposicao TSB direta,0.0,1354,1354.2090,,
56031420,False,Sem exposicao TSB direta,0.0,1354,1354.2090,,
56031430,False,Sem exposicao TSB direta,0.0,1354,1354.2090,,
56031440,False,Sem exposicao TSB direta,0.0,1354,1354.2090,,
56031490,False,Sem exposicao TSB direta,0.0,1354,1354.2090,,
56039110,False,Sem exposicao TSB direta,0.0,1354,1354.2090,,
56039120,False,Sem exposicao TSB direta,0.0,1354,1354.2090,,
56039190,False,Sem exposicao TSB direta,0.0,1354,1354.2090,,
56039210,False,Sem exposicao TSB direta,0.0,1354,1354.2090,,
56039220,False,Sem exposicao TSB direta,0.0,1354,1354.2090,,
56039230,False,Sem exposicao TSB direta,0.0,1354,1354.2090,,
56039240,False,Sem exposicao TSB direta,0.0,1354,1354.2090,,
56039290,False,Sem exposicao TSB direta,0.0,1354,1354.2090,,
56039310,False,Sem exposicao TSB direta,0.0,1354,1354.2090,,
56039320,False,Sem exposicao TSB direta,0.0,1354,1354.2090,,
56039330,False,Sem exposicao TSB direta,0.0,1354,1354.2090,,
56039340,False,Sem exposicao TSB direta,0.0,1354,1354.2090,,
56039390,False,Sem exposicao TSB direta,0.0,1354,1354.2090,,
56039410,False,Sem exposicao TSB direta,0.0,1354,1354.2090,,
56039420,False,Sem exposicao TSB direta,0.0,1354,1354.2090,,
56039430,False,Sem exposicao TSB direta,0.0,1354,1354.2090,,
56039490,False,Sem exposicao TSB direta,0.0,1354,1354.2090,,
56041000,False,Sem exposicao TSB direta,0.0,1359,1359.2060,,
56049010,False,Sem exposicao TSB direta,0.0,1359,1359.2060,,
56049021,False,Sem exposicao TSB direta,0.0,1359,1359.2060,,
56049022,False,Sem exposicao TSB direta,0.0,1359,1359.2060,,
56049090,False,Sem exposicao TSB direta,0.0,1359,1359.2060,,
56050010,False,Sem exposicao TSB direta,0.0,1359,1359.2080,,
56050020,False,Sem exposicao TSB direta,0.0,1359,1359.2080,,
56050090,False,Sem exposicao TSB direta,0.0,1359,1359.2080,,
56060000,False,Sem exposicao TSB direta,0.0,1359,1359.2070,,
56072100,False,Sem exposicao TSB direta,0.0,1353,1353.2040,,
56072900,False,Sem exposicao TSB direta,0.0,1353,1353.2040,,
56074100,False,Sem exposicao TSB direta,0.0,1353,1353.2030,,
56074900,False,Sem exposicao TSB direta,0.0,1353,1353.2030,,
56075011,False,Sem exposicao TSB direta,0.0,1353,1353.2020,,
56075019,False,Sem exposicao TSB direta,0.0,1353,1353.2020,,
56075090,False,Sem exposicao TSB direta,0.0,1353,1353.2020,,
56079010,False,Sem exposicao TSB direta,0.0,1353,1353.2010,,
56079020,False,Sem exposicao TSB direta,0.0,1353,1353.2010,,
56079090,False,Sem exposicao TSB direta,0.0,1353,1353.2010,,
56081100,False,Sem exposicao TSB direta,0.0,1353,1353.2050,,
56081900,False,Sem exposicao TSB direta,0.0,1353,1353.2050,,
56089000,False,Sem exposicao TSB direta,0.0,1353,1353.2050,,
56090010,False,Sem exposicao TSB direta,0.0,1353,1353.2050,,
56090090,False,Sem exposicao TSB direta,0.0,1353,1353.2050,,
57011011,False,Sem exposicao TSB direta,0.0,1352,1352.2050,,
57011012,False,Sem exposicao TSB direta,0.0,1352,1352.2050,,
57019000,False,Sem exposicao TSB direta,0.0,1352,1352.2050,,
57021000,False,Sem exposicao TSB direta,0.0,1352,1352.2060,,
57022000,False,Sem exposicao TSB direta,0.0,1352,1352.2030,,
57023100,False,Sem exposicao TSB direta,0.0,1352,1352.2030,,
57023200,False,Sem exposicao TSB direta,0.0,1352,1352.2030,,
57023900,False,Sem exposicao TSB direta,0.0,1352,1352.2030,,
57024100,False,Sem exposicao TSB direta,0.0,1352,1352.2030,,
57024200,False,Sem exposicao TSB direta,0.0,1352,1352.2030,,
57024900,False,Sem exposicao TSB direta,0.0,1352,1352.2030,,
57025010,False,Sem exposicao TSB direta,0.0,1352,1352.2030,,
57025020,False,Sem exposicao TSB direta,0.0,1352,1352.2030,,
57025090,False,Sem exposicao TSB direta,0.0,1352,1352.2030,,
57029100,False,Sem exposicao TSB direta,0.0,1352,1352.2030,,
57029200,False,Sem exposicao TSB direta,0.0,1352,1352.2030,,
57029900,False,Sem exposicao TSB direta,0.0,1352,1352.2030,,
57031000,False,Sem exposicao TSB direta,0.0,1352,1352.2040,,
57032100,False,Sem exposicao TSB direta,0.0,1352,1352.2040,,
57032900,False,Sem exposicao TSB direta,0.0,1352,1352.2040,,
57033100,False,Sem exposicao TSB direta,0.0,1352,1352.2040,,
57033900,False,Sem exposicao TSB direta,0.0,1352,1352.2040,,
57039000,False,Sem exposicao TSB direta,0.0,1352,1352.2040,,
57041000,False,Sem exposicao TSB direta,0.0,1352,1352.2020,,
57042000,False,Sem exposicao TSB direta,0.0,1352,1352.2020,,
57049000,False,Sem exposicao TSB direta,0.0,1352,1352.2020,,
57050000,False,Sem exposicao TSB direta,0.0,1352,1352.2020,,
58011000,False,Sem exposicao TSB direta,0.0,1322,1322.2130,,
58012200,False,Sem exposicao TSB direta,0.0,1321,1321.2130,,
58012300,False,Sem exposicao TSB direta,0.0,1321,1321.2130,,
58012600,False,Sem exposicao TSB direta,0.0,1321,1321.2130,,
58012700,False,Sem exposicao TSB direta,0.0,1321,1321.2130,,
58013100,False,Sem exposicao TSB direta,0.0,1323,1323.2200,,
58013200,False,Sem exposicao TSB direta,0.0,1323,1323.2200,,
58013300,False,Sem exposicao TSB direta,0.0,1323,1323.2200,,
58013600,False,Sem exposicao TSB direta,0.0,1323,1323.2200,,
58013700,False,Sem exposicao TSB direta,0.0,1323,1323.2200,,
58019000,False,Sem exposicao TSB direta,0.0,1322,1322.2130,,
58021000,False,Sem exposicao TSB direta,0.0,1321,1321.2060,,
58022000,False,Sem exposicao TSB direta,0.0,1322,1322.2060,,
58023000,False,Sem exposicao TSB direta,0.0,1321,1321.2060,,
58030010,False,Sem exposicao TSB direta,0.0,1321,1321.2120,,
58030090,False,Sem exposicao TSB direta,0.0,1322,1322.2110,,
58041010,False,Sem exposicao TSB direta,0.0,1359,1359.2150,,
58041090,False,Sem exposicao TSB direta,0.0,1359,1359.2150,,
58042100,False,Sem exposicao TSB direta,0.0,1359,1359.2100,,
58042910,False,Sem exposicao TSB direta,0.0,1359,1359.2100,,
58042990,False,Sem exposicao TSB direta,0.0,1359,1359.2100,,
58043010,False,Sem exposicao TSB direta,0.0,1359,1359.2110,,
58043090,False,Sem exposicao TSB direta,0.0,1359,1359.2110,,
58050010,False,Sem exposicao TSB direta,0.0,1352,1352.2010,,
58050020,False,Sem exposicao TSB direta,0.0,1352,1352.2010,,
58050090,False,Sem exposicao TSB direta,0.0,1352,1352.2010,,
58061000,False,Sem exposicao TSB direta,0.0,1359,1359.2090,,
58062000,False,Sem exposicao TSB direta,0.0,1359,1359.2090,,
58063100,False,Sem exposicao TSB direta,0.0,1359,1359.2090,,
58063200,False,Sem exposicao TSB direta,0.0,1359,1359.2090,,
58063900,False,Sem exposicao TSB direta,0.0,1359,1359.2090,,
58064000,False,Sem exposicao TSB direta,0.0,1359,1359.2090,,
58071000,False,Sem exposicao TSB direta,0.0,1359,1359.2030,,
58079000,False,Sem exposicao TSB direta,0.0,1359,1359.2030,,
58081000,False,Sem exposicao TSB direta,0.0,1359,1359.2030,,
58089000,False,Sem exposicao TSB direta,0.0,1359,1359.2030,,
58090000,False,Sem exposicao TSB direta,0.0,1354,1354.2110,,
58101000,False,Sem exposicao TSB direta,0.0,1359,1359.2040,,
58109100,False,Sem exposicao TSB direta,0.0,1359,1359.2040,,
58109200,False,Sem exposicao TSB direta,0.0,1359,1359.2040,,
58109900,False,Sem exposicao TSB direta,0.0,1359,1359.2040,,
58110000,False,Sem exposicao TSB direta,0.0,1359,1359.2020,,
59011000,False,Sem exposicao TSB direta,0.0,1354,1354.2130,,
59019000,False,Sem exposicao TSB direta,0.0,1354;3299,1354.2130;3299.2340,,
59021010,False,Sem exposicao TSB direta,0.0,1354,1354.2140,,
59021090,False,Sem exposicao TSB direta,0.0,1354,1354.2140,,
59022000,False,Sem exposicao TSB direta,0.0,1354,1354.2140,,
59029000,False,Sem exposicao TSB direta,0.0,1354,1354.2140,,
59031000,False,Sem exposicao TSB direta,0.0,1354,1354.2130,,
59032000,False,Sem exposicao TSB direta,0.0,1354,1354.2130,,
59039000,False,Sem exposicao TSB direta,0.0,1354,1354.2130,,
59041000,False,Sem exposicao TSB direta,0.0,2229,2229.2187,,
59049000,False,Sem exposicao TSB direta,0.0,2229,2229.2187,,
59050000,True,Alta exposicao TSB,0.9998999999999999,1749,1749.2110,17494,1700
59061000,False,Sem exposicao TSB direta,0.0,2219,2219.2205,,
59069100,False,Sem exposicao TSB direta,0.0,2219,2219.2205,,
59069900,False,Sem exposicao TSB direta,0.0,2219,2219.2205,,
59070000,False,Sem exposicao TSB direta,0.0,1354,1354.2130,,
59080000,False,Sem exposicao TSB direta,0.0,1354,1354.2060,,
59090000,False,Sem exposicao TSB direta,0.0,1354,1354.2050,,
59100000,False,Sem exposicao TSB direta,0.0,1354,1354.2050,,
59111000,False,Sem exposicao TSB direta,0.0,1354,1354.2120,,
59112010,False,Sem exposicao TSB direta,0.0,1354,1354.2120,,
59112090,False,Sem exposicao TSB direta,0.0,1354,1354.2120,,
59113100,False,Sem exposicao TSB direta,0.0,1354,1354.2120,,
59113200,False,Sem exposicao TSB direta,0.0,1354,1354.2120,,
59114000,False,Sem exposicao TSB direta,0.0,1354,1354.2120,,
59119000,False,Sem exposicao TSB direta,0.0,1354,1354.2120,,
60011010,False,Sem exposicao TSB direta,0.0,1330,1330.2010,,
60011020,False,Sem exposicao TSB direta,0.0,1330,1330.2030,,
60011090,False,Sem exposicao TSB direta,0.0,1330,1330.2050,,
60012100,False,Sem exposicao TSB direta,0.0,1330,1330.2010,,
60012200,False,Sem exposicao TSB direta,0.0,1330,1330.2030,,
60012900,False,Sem exposicao TSB direta,0.0,1330,1330.2050,,
60019100,False,Sem exposicao TSB direta,0.0,1330,1330.2010,,
60019200,False,Sem exposicao TSB direta,0.0,1330,1330.2030,,
60019900,False,Sem exposicao TSB direta,0.0,1330,1330.2050,,
60024010,False,Sem exposicao TSB direta,0.0,1330,1330.2020,,
60024020,False,Sem exposicao TSB direta,0.0,1330,1330.2040,,
60024090,False,Sem exposicao TSB direta,0.0,1330,1330.2060,,
60029010,False,Sem exposicao TSB direta,0.0,1330,1330.2020,,
60029020,False,Sem exposicao TSB direta,0.0,1330,1330.2040,,
60029090,False,Sem exposicao TSB direta,0.0,1330,1330.2060,,
60032000,False,Sem exposicao TSB direta,0.0,1330,1330.2020,,
60033000,False,Sem exposicao TSB direta,0.0,1330,1330.2040,,
60039000,False,Sem exposicao TSB direta,0.0,1330,1330.2060,,
60041011,False,Sem exposicao TSB direta,0.0,1330,1330.2020,,
60041012,False,Sem exposicao TSB direta,0.0,1330,1330.2020,,
60041013,False,Sem exposicao TSB direta,0.0,1330,1330.2020,,
60041014,False,Sem exposicao TSB direta,0.0,1330,1330.2020,,
60041031,False,Sem exposicao TSB direta,0.0,1330,1330.2040,,
60041032,False,Sem exposicao TSB direta,0.0,1330,1330.2040,,
60041033,False,Sem exposicao TSB direta,0.0,1330,1330.2040,,
60041034,False,Sem exposicao TSB direta,0.0,1330,1330.2040,,
60041041,False,Sem exposicao TSB direta,0.0,1330,1330.2040,,
60041042,False,Sem exposicao TSB direta,0.0,1330,1330.2040,,
60041043,False,Sem exposicao TSB direta,0.0,1330,1330.2040,,
60041044,False,Sem exposicao TSB direta,0.0,1330,1330.2040,,
60041092,False,Sem exposicao TSB direta,0.0,1330,1330.2060,,
60049010,False,Sem exposicao TSB direta,0.0,1330,1330.2020,,
60049030,False,Sem exposicao TSB direta,0.0,1330,1330.2040,,
60049090,False,Sem exposicao TSB direta,0.0,1330,1330.2060,,
60052100,False,Sem exposicao TSB direta,0.0,1330,1330.2020,,
60052200,False,Sem exposicao TSB direta,0.0,1330,1330.2020,,
60052300,False,Sem exposicao TSB direta,0.0,1330,1330.2020,,
60052400,False,Sem exposicao TSB direta,0.0,1330,1330.2020,,
60053500,False,Sem exposicao TSB direta,0.0,1330,1330.2040,,
60053600,False,Sem exposicao TSB direta,0.0,1330,1330.2040,,
60053700,False,Sem exposicao TSB direta,0.0,1330,1330.2040,,
60053800,False,Sem exposicao TSB direta,0.0,1330,1330.2040,,
60053900,False,Sem exposicao TSB direta,0.0,1330,1330.2040,,
60054100,False,Sem exposicao TSB direta,0.0,1330,1330.2040,,
60054400,False,Sem exposicao TSB direta,0.0,1330,1330.2040,,
60059090,False,Sem exposicao TSB direta,0.0,1330,1330.2060,,
60061000,False,Sem exposicao TSB direta,0.0,1330,1330.2060,,
60062100,False,Sem exposicao TSB direta,0.0,1330,1330.2020,,
60062200,False,Sem exposicao TSB direta,0.0,1330,1330.2020,,
60062300,False,Sem exposicao TSB direta,0.0,1330,1330.2020,,
60062400,False,Sem exposicao TSB direta,0.0,1330,1330.2020,,
60063110,False,Sem exposicao TSB direta,0.0,1330,1330.2040,,
60063120,False,Sem exposicao TSB direta,0.0,1330,1330.2040,,
60063130,False,Sem exposicao TSB direta,0.0,1330,1330.2040,,
60063190,False,Sem exposicao TSB direta,0.0,1330,1330.2040,,
60063210,False,Sem exposicao TSB direta,0.0,1330,1330.2040,,
60063220,False,Sem exposicao TSB direta,0.0,1330,1330.2040,,
60063230,False,Sem exposicao TSB direta,0.0,1330,1330.2040,,
60063290,False,Sem exposicao TSB direta,0.0,1330,1330.2040,,
60063310,False,Sem exposicao TSB direta,0.0,1330,1330.2040,,
60063320,False,Sem exposicao TSB direta,0.0,1330,1330.2040,,
60063330,False,Sem exposicao TSB direta,0.0,1330,1330.2040,,
60063390,False,Sem exposicao TSB direta,0.0,1330,1330.2040,,
60063410,False,Sem exposicao TSB direta,0.0,1330,1330.2040,,
60063420,False,Sem exposicao TSB direta,0.0,1330,1330.2040,,
60063430,False,Sem exposicao TSB direta,0.0,1330,1330.2040,,
60064100,False,Sem exposicao TSB direta,0.0,1330,1330.2040,,
60064200,False,Sem exposicao TSB direta,0.0,1330,1330.2040,,
60064300,False,Sem exposicao TSB direta,0.0,1330,1330.2040,,
60064400,False,Sem exposicao TSB direta,0.0,1330,1330.2040,,
60069000,False,Sem exposicao TSB direta,0.0,1330,1330.2060,,
61012000,False,Sem exposicao TSB direta,0.0,1412,1412.2385,,
61013000,False,Sem exposicao TSB direta,0.0,1412,1412.2385,,
61019010,False,Sem exposicao TSB direta,0.0,1412,1412.2385,,
61019090,False,Sem exposicao TSB direta,0.0,1412,1412.2385,,
61021000,False,Sem exposicao TSB direta,0.0,1412,1412.2055,,
61022000,False,Sem exposicao TSB direta,0.0,1412,1412.2055,,
61023000,False,Sem exposicao TSB direta,0.0,1412,1412.2055,,
61029000,False,Sem exposicao TSB direta,0.0,1412,1412.2055,,
61031010,False,Sem exposicao TSB direta,0.0,1412,1412.2385,,
61031020,False,Sem exposicao TSB direta,0.0,1412,1412.2385,,
61031090,False,Sem exposicao TSB direta,0.0,1412,1412.2385,,
61032200,False,Sem exposicao TSB direta,0.0,1412;1413,1412.2190;1413.2070,,
61032300,False,Sem exposicao TSB direta,0.0,1412;1413,1412.2190;1413.2070,,
61032910,False,Sem exposicao TSB direta,0.0,1412;1413,1412.2190;1413.2070,,
61032990,False,Sem exposicao TSB direta,0.0,1412;1413,1412.2190;1413.2070,,
61033100,False,Sem exposicao TSB direta,0.0,1412;1413,1412.2385;1413.2020,,
61033200,False,Sem exposicao TSB direta,0.0,1412;1413,1412.2385;1413.2020,,
61033300,False,Sem exposicao TSB direta,0.0,1412;1413,1412.2385;1413.2020,,
61033900,False,Sem exposicao TSB direta,0.0,1412;1413,1412.2385;1413.2020,,
61034100,False,Sem exposicao TSB direta,0.0,1412;1413,1412.2080;1413.2040,,
61034200,False,Sem exposicao TSB direta,0.0,1412;1413,1412.2080;1413.2040,,
61034300,False,Sem exposicao TSB direta,0.0,1412;1413,1412.2080;1413.2040,,
61034900,False,Sem exposicao TSB direta,0.0,1412;1413,1412.2080;1413.2040,,
61041300,False,Sem exposicao TSB direta,0.0,1412,1412.2200,,
61041910,False,Sem exposicao TSB direta,0.0,1412,1412.2200,,
61041920,False,Sem exposicao TSB direta,0.0,1412,1412.2200,,
61041990,False,Sem exposicao TSB direta,0.0,1412,1412.2200,,
61042200,False,Sem exposicao TSB direta,0.0,1412;1413,1412.2180;1413.2060,,
61042300,False,Sem exposicao TSB direta,0.0,1412;1413,1412.2180;1413.2060,,
61042910,False,Sem exposicao TSB direta,0.0,1412;1413,1412.2180;1413.2060,,
61042990,False,Sem exposicao TSB direta,0.0,1412;1413,1412.2180;1413.2060,,
61043100,False,Sem exposicao TSB direta,0.0,1412;1413,1412.2055;1413.2010,,
61043200,False,Sem exposicao TSB direta,0.0,1412;1413,1412.2055;1413.2010,,
61043300,False,Sem exposicao TSB direta,0.0,1412;1413,1412.2055;1413.2010,,
61043900,False,Sem exposicao TSB direta,0.0,1412;1413,1412.2055;1413.2010,,
61044100,False,Sem exposicao TSB direta,0.0,1412,1412.2390,,
61044200,False,Sem exposicao TSB direta,0.0,1412,1412.2390,,
61044300,False,Sem exposicao TSB direta,0.0,1412,1412.2390,,
61044400,False,Sem exposicao TSB direta,0.0,1412,1412.2390,,
61044900,False,Sem exposicao TSB direta,0.0,1412,1412.2390,,
61045100,False,Sem exposicao TSB direta,0.0,1412,1412.2330,,
61045200,False,Sem exposicao TSB direta,0.0,1412,1412.2330,,
61045300,False,Sem exposicao TSB direta,0.0,1412,1412.2330,,
61045900,False,Sem exposicao TSB direta,0.0,1412,1412.2330,,
61046100,False,Sem exposicao TSB direta,0.0,1412;1413,1412.2070;1413.2030,,
61046200,False,Sem exposicao TSB direta,0.0,1412;1413,1412.2070;1413.2030,,
61046300,False,Sem exposicao TSB direta,0.0,1412;1413,1412.2070;1413.2030,,
61046900,False,Sem exposicao TSB direta,0.0,1412;1413,1412.2070;1413.2030,,
61051000,False,Sem exposicao TSB direta,0.0,1412;1413,1412.2150;1413.2050,,
61052000,False,Sem exposicao TSB direta,0.0,1412;1413,1412.2150;1413.2050,,
61059000,False,Sem exposicao TSB direta,0.0,1412;1413,1412.2150;1413.2050,,
61061000,False,Sem exposicao TSB direta,0.0,1412;1413,1412.2130;1413.2050,,
61062000,False,Sem exposicao TSB direta,0.0,1412;1413,1412.2130;1413.2050,,
61069000,False,Sem exposicao TSB direta,0.0,1412;1413,1412.2130;1413.2050,,
61071100,False,Sem exposicao TSB direta,0.0,1411,1411.2050,,
61071200,False,Sem exposicao TSB direta,0.0,1411,1411.2050,,
61071900,False,Sem exposicao TSB direta,0.0,1411,1411.2050,,
61072100,False,Sem exposicao TSB direta,0.0,1411,1411.2100,,
61072200,False,Sem exposicao TSB direta,0.0,1411,1411.2100,,
61072900,False,Sem exposicao TSB direta,0.0,1411,1411.2100,,
61079100,False,Sem exposicao TSB direta,0.0,1411,1411.2100,,
61079910,False,Sem exposicao TSB direta,0.0,1411,1411.2100,,
61079990,False,Sem exposicao TSB direta,0.0,1411,1411.2100,,
61081100,False,Sem exposicao TSB direta,0.0,1411,1411.2120,,
61081900,False,Sem exposicao TSB direta,0.0,1411,1411.2120,,
61082100,False,Sem exposicao TSB direta,0.0,1411,1411.2010,,
61082200,False,Sem exposicao TSB direta,0.0,1411,1411.2010,,
61082900,False,Sem exposicao TSB direta,0.0,1411,1411.2010,,
61083100,False,Sem exposicao TSB direta,0.0,1411,1411.2080,,
61083200,False,Sem exposicao TSB direta,0.0,1411,1411.2080,,
61083900,False,Sem exposicao TSB direta,0.0,1411,1411.2080,,
61089100,False,Sem exposicao TSB direta,0.0,1411,1411.2080,,
61089200,False,Sem exposicao TSB direta,0.0,1411,1411.2080,,
61089900,False,Sem exposicao TSB direta,0.0,1411,1411.2080,,
61091000,False,Sem exposicao TSB direta,0.0,1412;1413,1412.2170;1413.2050,,
61099000,False,Sem exposicao TSB direta,0.0,1412;1413,1412.2170;1413.2050,,
61101100,False,Sem exposicao TSB direta,0.0,1422,1422.2010,,
61101200,False,Sem exposicao TSB direta,0.0,1422,1422.2010,,
61101900,False,Sem exposicao TSB direta,0.0,1422,1422.2010,,
61102000,False,Sem exposicao TSB direta,0.0,1422,1422.2020,,
61103000,False,Sem exposicao TSB direta,0.0,1422,1422.2020,,
61109000,False,Sem exposicao TSB direta,0.0,1422,1422.2020,,
61112000,False,Sem exposicao TSB direta,0.0,1412,1412.2450,,
61113000,False,Sem exposicao TSB direta,0.0,1412,1412.2450,,
61119010,False,Sem exposicao TSB direta,0.0,1412,1412.2450,,
61119090,False,Sem exposicao TSB direta,0.0,1412,1412.2450,,
61121100,False,Sem exposicao TSB direta,0.0,1412,1412.2240,,
61121200,False,Sem exposicao TSB direta,0.0,1412,1412.2240,,
61121900,False,Sem exposicao TSB direta,0.0,1412,1412.2240,,
61122000,False,Sem exposicao TSB direta,0.0,1412,1412.2240,,
61123100,False,Sem exposicao TSB direta,0.0,1412,1412.2110,,
61123900,False,Sem exposicao TSB direta,0.0,1412,1412.2110,,
61124100,False,Sem exposicao TSB direta,0.0,1412,1412.2260,,
61124900,False,Sem exposicao TSB direta,0.0,1412,1412.2260,,
61130000,False,Sem exposicao TSB direta,0.0,1412;1413,1412.2010;1413.2090,,
61142000,False,Sem exposicao TSB direta,0.0,1412;1413,1412.2425;1412.2443;1413.2080,,
61143000,False,Sem exposicao TSB direta,0.0,1412;1413,1412.2425;1412.2443;1413.2080,,
61149010,False,Sem exposicao TSB direta,0.0,1412;1413,1412.2425;1412.2443;1413.2080,,
61149090,False,Sem exposicao TSB direta,0.0,1412;1413,1412.2425;1412.2443;1413.2080,,
61151011,False,Sem exposicao TSB direta,0.0,1421,1421.2050,,
61151012,False,Sem exposicao TSB direta,0.0,1421,1421.2050,,
61151014,False,Sem exposicao TSB direta,0.0,1421,1421.2040,,
61151019,False,Sem exposicao TSB direta,0.0,1421,1421.2040;1421.2050,,
61151021,False,Sem exposicao TSB direta,0.0,1421,1421.2020,,
61151022,False,Sem exposicao TSB direta,0.0,1421,1421.2010,,
61151029,False,Sem exposicao TSB direta,0.0,1421,1421.2010,,
61151092,False,Sem exposicao TSB direta,0.0,1421,1421.2010,,
61151093,False,Sem exposicao TSB direta,0.0,1421,1421.2020,,
61151099,False,Sem exposicao TSB direta,0.0,1421,1421.2010,,
61152100,False,Sem exposicao TSB direta,0.0,1421,1421.2050,,
61152200,False,Sem exposicao TSB direta,0.0,1421,1421.2050,,
61152910,False,Sem exposicao TSB direta,0.0,1421,1421.2040,,
61152920,False,Sem exposicao TSB direta,0.0,1421,1421.2040,,
61152990,False,Sem exposicao TSB direta,0.0,1421,1421.2040;1421.2050,,
61153010,False,Sem exposicao TSB direta,0.0,1421,1421.2020,,
61153020,False,Sem exposicao TSB direta,0.0,1421,1421.2010,,
61153090,False,Sem exposicao TSB direta,0.0,1421,1421.2010,,
61159400,False,Sem exposicao TSB direta,0.0,1421,1421.2030,,
61159500,False,Sem exposicao TSB direta,0.0,1421,1421.2030,,
61159600,False,Sem exposicao TSB direta,0.0,1421,1421.2030,,
61159900,False,Sem exposicao TSB direta,0.0,1421,1421.2030,,
61161000,False,Sem exposicao TSB direta,0.0,3292,3292.2115,,
61169100,False,Sem exposicao TSB direta,0.0,1414;3292,1414.2090;3292.2115,,
61169200,False,Sem exposicao TSB direta,0.0,1414;3292,1414.2090;3292.2115,,
61169300,False,Sem exposicao TSB direta,0.0,1414;3292,1414.2090;3292.2115,,
61169900,False,Sem exposicao TSB direta,0.0,1414;3292,1414.2090;3292.2115,,
61171000,False,Sem exposicao TSB direta,0.0,1414,1414.2042,,
61178010,False,Sem exposicao TSB direta,0.0,1414,1414.2042,,
61178090,False,Sem exposicao TSB direta,0.0,1414,1414.2042,,
61179000,False,Sem exposicao TSB direta,0.0,1412;1414,1412.2320;1414.2042,,
62012000,False,Sem exposicao TSB direta,0.0,1412,1412.2315,,
62013000,False,Sem exposicao TSB direta,0.0,1412,1412.2315,,
62014000,False,Sem exposicao TSB direta,0.0,1412,1412.2315,,
62019000,False,Sem exposicao TSB direta,0.0,1412,1412.2315,,
62022000,False,Sem exposicao TSB direta,0.0,1412,1412.2065,,
62023000,False,Sem exposicao TSB direta,0.0,1412,1412.2065,,
62024000,False,Sem exposicao TSB direta,0.0,1412,1412.2065,,
62029000,False,Sem exposicao TSB direta,0.0,1412,1412.2065,,
62031100,False,Sem exposicao TSB direta,0.0,1412,1412.2380,,
62031200,False,Sem exposicao TSB direta,0.0,1412,1412.2380,,
62031900,False,Sem exposicao TSB direta,0.0,1412,1412.2380,,
62032200,False,Sem exposicao TSB direta,0.0,1412;1413,1412.2230;1413.2070,,
62032300,False,Sem exposicao TSB direta,0.0,1412;1413,1412.2230;1413.2070,,
62032910,False,Sem exposicao TSB direta,0.0,1412;1413,1412.2230;1413.2070,,
62032990,False,Sem exposicao TSB direta,0.0,1412;1413,1412.2230;1413.2070,,
62033100,False,Sem exposicao TSB direta,0.0,1412;1413,1412.2315;1413.2020,,
62033200,False,Sem exposicao TSB direta,0.0,1412;1413,1412.2315;1413.2020,,
62033300,False,Sem exposicao TSB direta,0.0,1412;1413,1412.2315;1413.2020,,
62033900,False,Sem exposicao TSB direta,0.0,1412;1413,1412.2315;1413.2020,,
62034100,False,Sem exposicao TSB direta,0.0,1412;1413,1412.2040;1412.2100;1413.2040,,
62034200,False,Sem exposicao TSB direta,0.0,1412;1413,1412.2040;1412.2100;1413.2040,,
62034300,False,Sem exposicao TSB direta,0.0,1412;1413,1412.2040;1412.2100;1413.2040,,
62034900,False,Sem exposicao TSB direta,0.0,1412;1413,1412.2040;1412.2100;1413.2040,,
62041100,False,Sem exposicao TSB direta,0.0,1412,1412.2210,,
62041200,False,Sem exposicao TSB direta,0.0,1412,1412.2210,,
62041300,False,Sem exposicao TSB direta,0.0,1412,1412.2210,,
62041900,False,Sem exposicao TSB direta,0.0,1412,1412.2210,,
62042100,False,Sem exposicao TSB direta,0.0,1412;1413,1412.2220;1413.2060,,
62042200,False,Sem exposicao TSB direta,0.0,1412;1413,1412.2220;1413.2060,,
62042300,False,Sem exposicao TSB direta,0.0,1412;1413,1412.2220;1413.2060,,
62042900,False,Sem exposicao TSB direta,0.0,1412;1413,1412.2220;1413.2060,,
62043100,False,Sem exposicao TSB direta,0.0,1412;1413,1412.2065;1413.2010,,
62043200,False,Sem exposicao TSB direta,0.0,1412;1413,1412.2065;1413.2010,,
62043300,False,Sem exposicao TSB direta,0.0,1412;1413,1412.2065;1413.2010,,
62043900,False,Sem exposicao TSB direta,0.0,1412;1413,1412.2065;1413.2010,,
62044100,False,Sem exposicao TSB direta,0.0,1412,1412.2420,,
62044200,False,Sem exposicao TSB direta,0.0,1412,1412.2420,,
62044300,False,Sem exposicao TSB direta,0.0,1412,1412.2420,,
62044400,False,Sem exposicao TSB direta,0.0,1412,1412.2420,,
62044900,False,Sem exposicao TSB direta,0.0,1412,1412.2420,,
62045100,False,Sem exposicao TSB direta,0.0,1412,1412.2340,,
62045200,False,Sem exposicao TSB direta,0.0,1412,1412.2340,,
62045300,False,Sem exposicao TSB direta,0.0,1412,1412.2340,,
62045900,False,Sem exposicao TSB direta,0.0,1412,1412.2340,,
62046100,False,Sem exposicao TSB direta,0.0,1412;1413,1412.2030;1412.2090;1413.2030,,
62046200,False,Sem exposicao TSB direta,0.0,1412;1413,1412.2030;1412.2090;1413.2030,,
62046300,False,Sem exposicao TSB direta,0.0,1412;1413,1412.2030;1412.2090;1413.2030,,
62046900,False,Sem exposicao TSB direta,0.0,1412;1413,1412.2030;1412.2090;1413.2030,,
62052000,False,Sem exposicao TSB direta,0.0,1412;1413,1412.2160;1413.2050,,
62053000,False,Sem exposicao TSB direta,0.0,1412;1413,1412.2160;1413.2050,,
62059010,False,Sem exposicao TSB direta,0.0,1412;1413,1412.2160;1413.2050,,
62059090,False,Sem exposicao TSB direta,0.0,1412;1413,1412.2160;1413.2050,,
62061000,False,Sem exposicao TSB direta,0.0,1412;1413,1412.2140;1413.2050,,
62062000,False,Sem exposicao TSB direta,0.0,1412;1413,1412.2140;1413.2050,,
62063000,False,Sem exposicao TSB direta,0.0,1412;1413,1412.2140;1413.2050,,
62064000,False,Sem exposicao TSB direta,0.0,1412;1413,1412.2140;1413.2050,,
62069000,False,Sem exposicao TSB direta,0.0,1412;1413,1412.2140;1413.2050,,
62071100,False,Sem exposicao TSB direta,0.0,1411,1411.2060,,
62071900,False,Sem exposicao TSB direta,0.0,1411,1411.2060,,
62072100,False,Sem exposicao TSB direta,0.0,1411,1411.2110,,
62072200,False,Sem exposicao TSB direta,0.0,1411,1411.2110,,
62072900,False,Sem exposicao TSB direta,0.0,1411,1411.2110,,
62079100,False,Sem exposicao TSB direta,0.0,1411,1411.2110,,
62079910,False,Sem exposicao TSB direta,0.0,1411,1411.2110,,
62079990,False,Sem exposicao TSB direta,0.0,1411,1411.2110,,
62081100,False,Sem exposicao TSB direta,0.0,1411,1411.2130,,
62081900,False,Sem exposicao TSB direta,0.0,1411,1411.2130,,
62082100,False,Sem exposicao TSB direta,0.0,1411,1411.2090,,
62082200,False,Sem exposicao TSB direta,0.0,1411,1411.2090,,
62082900,False,Sem exposicao TSB direta,0.0,1411,1411.2090,,
62089100,False,Sem exposicao TSB direta,0.0,1411,1411.2020;1411.2090,,
62089200,False,Sem exposicao TSB direta,0.0,1411,1411.2020;1411.2090,,
62089900,False,Sem exposicao TSB direta,0.0,1411,1411.2020;1411.2090,,
62092000,False,Sem exposicao TSB direta,0.0,1412,1412.2460,,
62093000,False,Sem exposicao TSB direta,0.0,1412,1412.2460,,
62099010,False,Sem exposicao TSB direta,0.0,1412,1412.2460,,
62099090,False,Sem exposicao TSB direta,0.0,1412,1412.2460,,
62101000,False,Sem exposicao TSB direta,0.0,1413,1413.2090,,
62102000,False,Sem exposicao TSB direta,0.0,1412;1413,1412.2020;1413.2090,,
62103000,False,Sem exposicao TSB direta,0.0,1412;1413,1412.2020;1413.2090,,
62104000,False,Sem exposicao TSB direta,0.0,1412;1413,1412.2020;1413.2090,,
62105000,False,Sem exposicao TSB direta,0.0,1412;1413,1412.2020;1413.2090,,
62111100,False,Sem exposicao TSB direta,0.0,1412,1412.2120,,
62111200,False,Sem exposicao TSB direta,0.0,1412,1412.2270,,
62112000,False,Sem exposicao TSB direta,0.0,1412,1412.2250,,
62113200,False,Sem exposicao TSB direta,0.0,1412,1412.2435;1412.2445,,
62113300,False,Sem exposicao TSB direta,0.0,1412;3292,1412.2435;1412.2445;3292.2030,,
62113910,False,Sem exposicao TSB direta,0.0,1412,1412.2435;1412.2445,,
62113990,False,Sem exposicao TSB direta,0.0,1412,1412.2435;1412.2445,,
62114200,False,Sem exposicao TSB direta,0.0,1412,1412.2435;1412.2445,,
62114300,False,Sem exposicao TSB direta,0.0,1412;3292,1412.2435;1412.2445;3292.2030,,
62114900,False,Sem exposicao TSB direta,0.0,1412,1412.2435;1412.2445,,
62121000,False,Sem exposicao TSB direta,0.0,1411,1411.2140;1411.2150,,
62122000,False,Sem exposicao TSB direta,0.0,1411,1411.2030,,
62123000,False,Sem exposicao TSB direta,0.0,1411,1411.2040,,
62129000,False,Sem exposicao TSB direta,0.0,1411,1411.2071,,
62132000,False,Sem exposicao TSB direta,0.0,1414,1414.2065,,
62139010,False,Sem exposicao TSB direta,0.0,1414,1414.2065,,
62139090,False,Sem exposicao TSB direta,0.0,1414,1414.2065,,
62141000,False,Sem exposicao TSB direta,0.0,1414,1414.2065,,
62142000,False,Sem exposicao TSB direta,0.0,1414,1414.2065,,
62143000,False,Sem exposicao TSB direta,0.0,1414,1414.2065,,
62144000,False,Sem exposicao TSB direta,0.0,1414,1414.2065,,
62149010,False,Sem exposicao TSB direta,0.0,1414,1414.2065,,
62149090,False,Sem exposicao TSB direta,0.0,1414,1414.2065,,
62151000,False,Sem exposicao TSB direta,0.0,1414,1414.2065,,
62152000,False,Sem exposicao TSB direta,0.0,1414,1414.2065,,
62159000,False,Sem exposicao TSB direta,0.0,1414,1414.2065,,
62160000,False,Sem exposicao TSB direta,0.0,1414;3292,1414.2090;3292.2125,,
62171000,False,Sem exposicao TSB direta,0.0,1414,1414.2065,,
62179000,False,Sem exposicao TSB direta,0.0,1412;1414,1412.2320;1414.2065,,
63011000,False,Sem exposicao TSB direta,0.0,2759,2759.2090,,
63012000,False,Sem exposicao TSB direta,0.0,1322,1322.2010,,
63013000,False,Sem exposicao TSB direta,0.0,1321,1321.2010,,
63014000,False,Sem exposicao TSB direta,0.0,1323,1323.2010,,
63019000,False,Sem exposicao TSB direta,0.0,1322;1351,1322.2010;1351.2050,,
63021000,False,Sem exposicao TSB direta,0.0,1321;1322;1323,1321.2035;1322.2035;1323.2045,,
63022100,False,Sem exposicao TSB direta,0.0,1321,1321.2035,,
63022200,False,Sem exposicao TSB direta,0.0,1323,1323.2045,,
63022900,False,Sem exposicao TSB direta,0.0,1322,1322.2035,,
63023100,False,Sem exposicao TSB direta,0.0,1321;1351,1321.2035;1351.2050,,
63023200,False,Sem exposicao TSB direta,0.0,1323;1351,1323.2045;1351.2050,,
63023900,False,Sem exposicao TSB direta,0.0,1322;1351,1322.2035;1351.2050,,
63024000,False,Sem exposicao TSB direta,0.0,1321;1322;1323;1351,1321.2040;1322.2040;1323.2050;1351.2060,,
63025100,False,Sem exposicao TSB direta,0.0,1321;1351,1321.2040;1351.2060,,
63025300,False,Sem exposicao TSB direta,0.0,1323;1351,1323.2050;1351.2060,,
63025910,False,Sem exposicao TSB direta,0.0,1322;1351,1322.2040;1351.2060,,
63025990,False,Sem exposicao TSB direta,0.0,1322;1351,1322.2040;1351.2060,,
63026000,False,Sem exposicao TSB direta,0.0,1321;1351,1321.2020;1321.2040;1351.2040;1351.2060,,
63029100,False,Sem exposicao TSB direta,0.0,1321;1351,1321.2020;1321.2040;1351.2040;1351.2060,,
63029300,False,Sem exposicao TSB direta,0.0,1323;1351,1323.2030;1323.2050;1351.2040;1351.2060,,
63029910,False,Sem exposicao TSB direta,0.0,1322;1351,1322.2020;1322.2040;1351.2040;1351.2060,,
63029990,False,Sem exposicao TSB direta,0.0,1322;1351,1322.2020;1322.2040;1351.2040;1351.2060,,
63031200,False,Sem exposicao TSB direta,0.0,1351,1351.2020;1351.2050,,
63031910,False,Sem exposicao TSB direta,0.0,1351,1351.2020;1351.2050,,
63031990,False,Sem exposicao TSB direta,0.0,1351,1351.2020;1351.2050,,
63039100,False,Sem exposicao TSB direta,0.0,1351,1351.2020;1351.2050,,
63039200,False,Sem exposicao TSB direta,0.0,1351,1351.2020;1351.2050,,
63039900,False,Sem exposicao TSB direta,0.0,1351,1351.2020;1351.2050,,
63041100,False,Sem exposicao TSB direta,0.0,1351,1351.2050,,
63041910,False,Sem exposicao TSB direta,0.0,1351,1351.2050,,
63041990,False,Sem exposicao TSB direta,0.0,1351,1351.2050,,
63042000,False,Sem exposicao TSB direta,0.0,1351,1351.2050,,
63049100,False,Sem exposicao TSB direta,0.0,1351,1351.2050,,
63049200,False,Sem exposicao TSB direta,0.0,1351,1351.2050,,
63049300,False,Sem exposicao TSB direta,0.0,1351,1351.2050,,
63049900,False,Sem exposicao TSB direta,0.0,1351,1351.2050,,
63051000,False,Sem exposicao TSB direta,0.0,1322;1359,1322.2050;1359.2120,,
63052000,False,Sem exposicao TSB direta,0.0,1321;1359,1321.2050;1359.2120,,
63053200,False,Sem exposicao TSB direta,0.0,1323;1359,1323.2060;1359.2130,,
63053310,False,Sem exposicao TSB direta,0.0,1323;1359,1323.2060;1359.2130,,
63053390,False,Sem exposicao TSB direta,0.0,1323;1359,1323.2060;1359.2130,,
63053900,False,Sem exposicao TSB direta,0.0,1323;1359,1323.2060;1359.2130,,
63059000,False,Sem exposicao TSB direta,0.0,1322;1323;1359,1322.2050;1323.2060;1359.2120;1359.2130,,
63061200,False,Sem exposicao TSB direta,0.0,1354,1354.2040,,
63061910,False,Sem exposicao TSB direta,0.0,1354,1354.2040,,
63061990,False,Sem exposicao TSB direta,0.0,1354,1354.2040,,
63062200,False,Sem exposicao TSB direta,0.0,1354,1354.2040,,
63062910,False,Sem exposicao TSB direta,0.0,1354,1354.2040,,
63062990,False,Sem exposicao TSB direta,0.0,1354,1354.2040,,
63063010,False,Sem exposicao TSB direta,0.0,1354,1354.2040,,
63064010,False,Sem exposicao TSB direta,0.0,1354,1354.2040,,
63064090,False,Sem exposicao TSB direta,0.0,1354,1354.2040,,
63069000,False,Sem exposicao TSB direta,0.0,1354,1354.2040,,
63071000,False,Sem exposicao TSB direta,0.0,1351,1351.2030,,
63072000,False,Sem exposicao TSB direta,0.0,3292,3292.2090,,
63079010,False,Sem exposicao TSB direta,0.0,1354;3292,1354.2010;3292.2040,,
63079020,False,Sem exposicao TSB direta,0.0,1354,1354.2020,,
63079090,False,Sem exposicao TSB direta,0.0,1354;1359,1354.2020;1359.2010,,
63080000,False,Sem exposicao TSB direta,0.0,1351,1351.2070,,
64011000,False,Sem exposicao TSB direta,0.0,1539,1539.2090,,
64019200,False,Sem exposicao TSB direta,0.0,1533;1539,1533.2060;1533.2070;1533.2080;1533.2090;1539.2010;1539.2020,,
64019910,False,Sem exposicao TSB direta,0.0,1533;1539,1533.2060;1533.2070;1533.2080;1533.2090;1539.2010;1539.2020,,
64019990,False,Sem exposicao TSB direta,0.0,1533;1539,1533.2060;1533.2070;1533.2080;1533.2090;1539.2010;1539.2020,,
64021200,False,Sem exposicao TSB direta,0.0,1533,1533.2050;1533.2100,,
64021900,False,Sem exposicao TSB direta,0.0,1533,1533.2050;1533.2100,,
64022000,False,Sem exposicao TSB direta,0.0,1533,1533.2140,,
64029110,False,Sem exposicao TSB direta,0.0,1533,1533.2040;1533.2110;1533.2120;1533.2130,,
64029190,False,Sem exposicao TSB direta,0.0,1533,1533.2040;1533.2110;1533.2120;1533.2130,,
64029910,False,Sem exposicao TSB direta,0.0,1533,1533.2040;1533.2110;1533.2120;1533.2130,,
64029990,False,Sem exposicao TSB direta,0.0,1533,1533.2040;1533.2110;1533.2120;1533.2130,,
64031200,False,Sem exposicao TSB direta,0.0,1531,1531.2060,,
64031900,False,Sem exposicao TSB direta,0.0,1531,1531.2060,,
64032000,False,Sem exposicao TSB direta,0.0,1531;1539,1531.2010;1531.2020;1531.2030;1539.2090,,
64034000,False,Sem exposicao TSB direta,0.0,1539,1539.2090,,
64035110,False,Sem exposicao TSB direta,0.0,1531,1531.2010;1531.2020;1531.2030,,
64035190,False,Sem exposicao TSB direta,0.0,1531,1531.2010;1531.2020;1531.2030,,
64035910,False,Sem exposicao TSB direta,0.0,1531,1531.2010;1531.2020;1531.2030,,
64035990,False,Sem exposicao TSB direta,0.0,1531,1531.2010;1531.2020;1531.2030,,
64039110,False,Sem exposicao TSB direta,0.0,1531,1531.2010;1531.2020;1531.2030;1531.2045,,
64039190,False,Sem exposicao TSB direta,0.0,1531,1531.2010;1531.2020;1531.2030;1531.2045,,
64039910,False,Sem exposicao TSB direta,0.0,1531,1531.2010;1531.2020;1531.2030;1531.2045,,
64039990,False,Sem exposicao TSB direta,0.0,1531,1531.2010;1531.2020;1531.2030;1531.2045,,
64041100,False,Sem exposicao TSB direta,0.0,1539,1539.2070,,
64041900,False,Sem exposicao TSB direta,0.0,1532;1539,1532.2055;1532.2060;1539.2030;1539.2040;1539.2050;1539.2060;1539.2070,,
64042000,False,Sem exposicao TSB direta,0.0,1532;1539,1532.2055;1532.2060;1539.2030;1539.2040;1539.2050;1539.2060,,
64051010,False,Sem exposicao TSB direta,0.0,1531,1531.2010;1531.2020;1531.2030;1531.2045,,
64051020,False,Sem exposicao TSB direta,0.0,1531,1531.2010;1531.2020;1531.2030;1531.2045,,
64051090,False,Sem exposicao TSB direta,0.0,1531,1531.2010;1531.2020;1531.2030;1531.2045,,
64052000,False,Sem exposicao TSB direta,0.0,1532;1539,1532.2055;1532.2060;1539.2030;1539.2040;1539.2050;1539.2060,,
64059000,False,Sem exposicao TSB direta,0.0,1539,1539.2090,,
64061000,False,Sem exposicao TSB direta,0.0,1540,1540.2040;1540.2050;1540.2060;1540.2070;1540.2080,,
64062000,False,Sem exposicao TSB direta,0.0,1540,1540.2085,,
64069010,False,Sem exposicao TSB direta,0.0,1540,1540.2100,,
64069020,False,Sem exposicao TSB direta,0.0,1540,1540.2020,,
64069090,False,Sem exposicao TSB direta,0.0,1540,1540.2010;1540.2030;1540.2060,,
65010000,False,Sem exposicao TSB direta,0.0,1414,1414.2050,,
65020010,False,Sem exposicao TSB direta,0.0,1414,1414.2050,,
65020090,False,Sem exposicao TSB direta,0.0,1414,1414.2050,,
65040010,False,Sem exposicao TSB direta,0.0,1414,1414.2050,,
65040090,False,Sem exposicao TSB direta,0.0,1414,1414.2050,,
65050011,False,Sem exposicao TSB direta,0.0,1414,1414.2050,,
65050012,False,Sem exposicao TSB direta,0.0,1414,1414.2050,,
65050019,False,Sem exposicao TSB direta,0.0,1414,1414.2050,,
65050021,False,Sem exposicao TSB direta,0.0,1414,1414.2050,,
65050022,False,Sem exposicao TSB direta,0.0,1414,1414.2050,,
65050029,False,Sem exposicao TSB direta,0.0,1414,1414.2050,,
65050031,False,Sem exposicao TSB direta,0.0,1414,1414.2050,,
65050032,False,Sem exposicao TSB direta,0.0,1414,1414.2050,,
65050039,False,Sem exposicao TSB direta,0.0,1414,1414.2050,,
65050090,False,Sem exposicao TSB direta,0.0,1414,1414.2050,,
65061000,False,Sem exposicao TSB direta,0.0,3292,3292.2055,,
65069100,False,Sem exposicao TSB direta,0.0,1414,1414.2050,,
65069900,False,Sem exposicao TSB direta,0.0,1414,1414.2050,,
65070000,False,Sem exposicao TSB direta,0.0,1414,1414.2050,,
66011000,False,Sem exposicao TSB direta,0.0,3299,3299.2190,,
66019110,False,Sem exposicao TSB direta,0.0,3299,3299.2190,,
66019190,False,Sem exposicao TSB direta,0.0,3299,3299.2190,,
66019900,False,Sem exposicao TSB direta,0.0,3299,3299.2190,,
66020000,False,Sem exposicao TSB direta,0.0,3299,3299.2050,,
66032000,False,Sem exposicao TSB direta,0.0,3299,3299.2280,,
66039000,False,Sem exposicao TSB direta,0.0,3299,3299.2280,,
67010000,False,Sem exposicao TSB direta,0.0,3299,3299.2030,,
67021000,False,Sem exposicao TSB direta,0.0,3299,3299.2030,,
67029000,False,Sem exposicao TSB direta,0.0,3299,3299.2030,,
67041100,False,Sem exposicao TSB direta,0.0,3299,3299.2030,,
67041900,False,Sem exposicao TSB direta,0.0,3299,3299.2030,,
67042000,False,Sem exposicao TSB direta,0.0,3299,3299.2030,,
67049000,False,Sem exposicao TSB direta,0.0,3299,3299.2030,,
68010000,False,Sem exposicao TSB direta,0.0,2391,2391.2060,,
68021000,False,Sem exposicao TSB direta,0.0,2391,2391.2030,,
68022100,False,Sem exposicao TSB direta,0.0,2391,2391.2040,,
68022300,False,Sem exposicao TSB direta,0.0,2391,2391.2020,,
68022900,False,Sem exposicao TSB direta,0.0,2391,2391.2050,,
68029100,False,Sem exposicao TSB direta,0.0,2391,2391.2040,,
68029200,False,Sem exposicao TSB direta,0.0,2391,2391.2050,,
68029310,False,Sem exposicao TSB direta,0.0,2391,2391.2020,,
68029390,False,Sem exposicao TSB direta,0.0,2391,2391.2020,,
68029910,False,Sem exposicao TSB direta,0.0,2391,2391.2050,,
68029990,False,Sem exposicao TSB direta,0.0,2391,2391.2050,,
68030000,False,Sem exposicao TSB direta,0.0,2391,2391.2010,,
68041000,False,Sem exposicao TSB direta,0.0,2399,2399.2190,,
68042111,False,Sem exposicao TSB direta,0.0,2399,2399.2190,,
68042119,False,Sem exposicao TSB direta,0.0,2399,2399.2190,,
68042190,False,Sem exposicao TSB direta,0.0,2399,2399.2190,,
68042211,False,Sem exposicao TSB direta,0.0,2399,2399.2190,,
68042219,False,Sem exposicao TSB direta,0.0,2399,2399.2190,,
68042290,False,Sem exposicao TSB direta,0.0,2399,2399.2190,,
68042300,False,Sem exposicao TSB direta,0.0,2399,2399.2190,,
68043000,False,Sem exposicao TSB direta,0.0,2399,2399.2190,,
68051000,False,Sem exposicao TSB direta,0.0,2399,2399.2010,,
68052000,False,Sem exposicao TSB direta,0.0,2399,2399.2010,,
68053010,False,Sem exposicao TSB direta,0.0,2399,2399.2010,,
68053020,False,Sem exposicao TSB direta,0.0,2399,2399.2010,,
68053090,False,Sem exposicao TSB direta,0.0,2399,2399.2010,,
68061000,False,Sem exposicao TSB direta,0.0,2399,2399.2160,,
68062000,False,Sem exposicao TSB direta,0.0,2399,2399.2220,,
68069010,False,Sem exposicao TSB direta,0.0,2399,2399.2050,,
68069090,False,Sem exposicao TSB direta,0.0,2399,2399.2180,,
68071000,False,Sem exposicao TSB direta,0.0,2399,2399.2030,,
68079000,False,Sem exposicao TSB direta,0.0,2399,2399.2030,,
68080000,False,Sem exposicao TSB direta,0.0,2330,2330.2110,,
68091100,False,Sem exposicao TSB direta,0.0,2330,2330.2070,,
68091900,False,Sem exposicao TSB direta,0.0,2330,2330.2070,,
68099000,False,Sem exposicao TSB direta,0.0,2330,2330.2030,,
68101100,False,Sem exposicao TSB direta,0.0,2330,2330.2040,,
68101900,False,Sem exposicao TSB direta,0.0,2330,2330.2130,,
68109100,False,Sem exposicao TSB direta,0.0,2330,2330.2090,,
68109900,False,Sem exposicao TSB direta,0.0,2330,2330.2053;2330.2115,,
68118100,False,Sem exposicao TSB direta,0.0,2330,2330.2059,,
68118200,False,Sem exposicao TSB direta,0.0,2330,2330.2059;2330.2128,,
68118900,False,Sem exposicao TSB direta,0.0,2330,2330.2128,,
68128000,False,Sem exposicao TSB direta,0.0,2399,2399.2020,,
68129100,False,Sem exposicao TSB direta,0.0,3292,3292.2130,,
68129910,False,Sem exposicao TSB direta,0.0,2399,2399.2020,,
68129920,False,Sem exposicao TSB direta,0.0,2399,2399.2020,,
68129990,False,Sem exposicao TSB direta,0.0,2399,2399.2020,,
68132000,False,Sem exposicao TSB direta,0.0,2399,2399.2125,,
68138110,False,Sem exposicao TSB direta,0.0,2399,2399.2125,,
68138190,False,Sem exposicao TSB direta,0.0,2399,2399.2125,,
68138910,False,Sem exposicao TSB direta,0.0,2399,2399.2125,,
68138990,False,Sem exposicao TSB direta,0.0,2399,2399.2125,,
68141000,False,Sem exposicao TSB direta,0.0,2399,2399.2200,,
68149000,False,Sem exposicao TSB direta,0.0,2399,2399.2200,,
68151100,False,Sem exposicao TSB direta,0.0,2399,2399.2040,,
68151200,False,Sem exposicao TSB direta,0.0,2399,2399.2040,,
68151300,False,Sem exposicao TSB direta,0.0,2399,2399.2040,,
68151900,False,Sem exposicao TSB direta,0.0,2399,2399.2040,,
68152000,False,Sem exposicao TSB direta,0.0,2399,2399.2050,,
68159110,False,Sem exposicao TSB direta,0.0,2341,2341.2035,,
68159190,False,Sem exposicao TSB direta,0.0,2341,2341.2035,,
68159911,False,Sem exposicao TSB direta,0.0,2399,2399.2050,,
68159914,False,Sem exposicao TSB direta,0.0,2399,2399.2050,,
68159919,False,Sem exposicao TSB direta,0.0,2399,2399.2050,,
68159990,False,Sem exposicao TSB direta,0.0,2399,2399.2050,,
69010000,False,Sem exposicao TSB direta,0.0,2341,2341.2025,,
69021011,False,Sem exposicao TSB direta,0.0,2341,2341.2040,,
69021018,False,Sem exposicao TSB direta,0.0,2341,2341.2040,,
69021019,False,Sem exposicao TSB direta,0.0,2341,2341.2040,,
69021090,False,Sem exposicao TSB direta,0.0,2341,2341.2040,,
69022010,False,Sem exposicao TSB direta,0.0,2341,2341.2040,,
69022091,False,Sem exposicao TSB direta,0.0,2341,2341.2040,,
69022092,False,Sem exposicao TSB direta,0.0,2341,2341.2040,,
69022093,False,Sem exposicao TSB direta,0.0,2341,2341.2040,,
69022099,False,Sem exposicao TSB direta,0.0,2341,2341.2040,,
69029010,False,Sem exposicao TSB direta,0.0,2341,2341.2040,,
69029020,False,Sem exposicao TSB direta,0.0,2341,2341.2040,,
69029040,False,Sem exposicao TSB direta,0.0,2341,2341.2040,,
69029090,False,Sem exposicao TSB direta,0.0,2341,2341.2040,,
69031011,False,Sem exposicao TSB direta,0.0,2341,2341.2035,,
69031012,False,Sem exposicao TSB direta,0.0,2341,2341.2035,,
69031019,False,Sem exposicao TSB direta,0.0,2341,2341.2035,,
69031030,False,Sem exposicao TSB direta,0.0,2341,2341.2035,,
69031040,False,Sem exposicao TSB direta,0.0,2341,2341.2035,,
69031090,False,Sem exposicao TSB direta,0.0,2341,2341.2035,,
69032010,False,Sem exposicao TSB direta,0.0,2341,2341.2035,,
69032020,False,Sem exposicao TSB direta,0.0,2341,2341.2035,,
69032030,False,Sem exposicao TSB direta,0.0,2341,2341.2035,,
69032090,False,Sem exposicao TSB direta,0.0,2341,2341.2035,,
69039011,False,Sem exposicao TSB direta,0.0,2341,2341.2035,,
69039012,False,Sem exposicao TSB direta,0.0,2341,2341.2035,,
69039019,False,Sem exposicao TSB direta,0.0,2341,2341.2035,,
69039091,False,Sem exposicao TSB direta,0.0,2341,2341.2035,,
69039092,False,Sem exposicao TSB direta,0.0,2341,2341.2035,,
69039099,False,Sem exposicao TSB direta,0.0,2341,2341.2035,,
69041000,False,Sem exposicao TSB direta,0.0,2342,2342.2065,,
69049000,False,Sem exposicao TSB direta,0.0,2342,2342.2065,,
69051000,False,Sem exposicao TSB direta,0.0,2342,2342.2050,,
69059000,False,Sem exposicao TSB direta,0.0,2342,2342.2010,,
69060000,False,Sem exposicao TSB direta,0.0,2342,2342.2080,,
69072100,False,Sem exposicao TSB direta,0.0,2342,2342.2030;2342.2040;2342.2045,,
69072200,False,Sem exposicao TSB direta,0.0,2342,2342.2030;2342.2040;2342.2045,,
69072300,False,Sem exposicao TSB direta,0.0,2342,2342.2030;2342.2040;2342.2045,,
69073000,False,Sem exposicao TSB direta,0.0,2342,2342.2030;2342.2040;2342.2045,,
69074000,False,Sem exposicao TSB direta,0.0,2342,2342.2030;2342.2040;2342.2045,,
69091100,False,Sem exposicao TSB direta,0.0,2349,2349.2010,,
69091210,False,Sem exposicao TSB direta,0.0,2349,2349.2010,,
69091230,False,Sem exposicao TSB direta,0.0,2349,2349.2010,,
69091290,False,Sem exposicao TSB direta,0.0,2349,2349.2010,,
69091910,False,Sem exposicao TSB direta,0.0,2349,2349.2010,,
69091930,False,Sem exposicao TSB direta,0.0,2349,2349.2010,,
69091990,False,Sem exposicao TSB direta,0.0,2349,2349.2010,,
69099000,False,Sem exposicao TSB direta,0.0,2349,2349.2010,,
69101000,False,Sem exposicao TSB direta,0.0,2349,2349.2110,,
69109000,False,Sem exposicao TSB direta,0.0,2349,2349.2110,,
69111010,False,Sem exposicao TSB direta,0.0,2349,2349.2050,,
69111090,False,Sem exposicao TSB direta,0.0,2349,2349.2050,,
69119000,False,Sem exposicao TSB direta,0.0,2349,2349.2047,,
69120000,False,Sem exposicao TSB direta,0.0,2349,2349.2015;2349.2030,,
69131000,False,Sem exposicao TSB direta,0.0,2349,2349.2080,,
69139000,False,Sem exposicao TSB direta,0.0,2349,2349.2080,,
69141000,False,Sem exposicao TSB direta,0.0,2349,2349.2045,,
69149000,False,Sem exposicao TSB direta,0.0,2349,2349.2045,,
70021000,True,Exposicao intermediaria TSB,0.2389,2319,2319.2245,23192,2300
70022000,True,Exposicao intermediaria TSB,0.2389,2319,2319.2245,23192,2300
70023100,True,Exposicao intermediaria TSB,0.2389,2319,2319.2245,23192,2300
70023200,True,Exposicao intermediaria TSB,0.2389,2319,2319.2245,23192,2300
70023900,True,Exposicao intermediaria TSB,0.2389,2319,2319.2245,23192,2300
70031200,True,Exposicao intermediaria TSB,0.2389,2311,2311.2025,23117,2300
70031900,True,Exposicao intermediaria TSB,0.2389,2311,2311.2025,23117,2300
70032000,True,Exposicao intermediaria TSB,0.2389,2311,2311.2025,23117,2300
70033000,True,Exposicao intermediaria TSB,0.2389,2311,2311.2025,23117,2300
70042000,True,Exposicao intermediaria TSB,0.2389,2311,2311.2005,23117,2300
70049000,True,Exposicao intermediaria TSB,0.2389,2311,2311.2005,23117,2300
70051000,True,Exposicao intermediaria TSB,0.2389,2311,2311.2010,23117,2300
70052100,True,Exposicao intermediaria TSB,0.2389,2311,2311.2010,23117,2300
70052900,True,Exposicao intermediaria TSB,0.2389,2311,2311.2010,23117,2300
70053000,True,Exposicao intermediaria TSB,0.2389,2311,2311.2010,23117,2300
70060000,True,Exposicao intermediaria TSB,0.2389,2319,2319.2235,23192,2300
70071100,True,Exposicao intermediaria TSB,0.2389,2311,2311.2030,23117,2300
70071900,True,Exposicao intermediaria TSB,0.2389,2311,2311.2040,23117,2300
70072100,True,Exposicao intermediaria TSB,0.2389,2311,2311.2030,23117,2300
70072900,True,Exposicao intermediaria TSB,0.2389,2311,2311.2040,23117,2300
70080000,True,Exposicao intermediaria TSB,0.2389,2319,2319.2250,23192,2300
70091000,True,Exposicao intermediaria TSB,0.2389,2319,2319.2130,23192,2300
70099100,True,Exposicao intermediaria TSB,0.2389,2319,2319.2120,23192,2300
70099200,True,Exposicao intermediaria TSB,0.2389,2319,2319.2120,23192,2300
70101000,True,Exposicao intermediaria TSB,0.2389,2312,2312.2010,23125,2300
70102000,True,Exposicao intermediaria TSB,0.2389,2312,2312.2040,23125,2300
70109011,True,Exposicao intermediaria TSB,0.2389,2312,2312.2030,23125,2300
70109012,True,Exposicao intermediaria TSB,0.2389,2312,2312.2020,23125,2300
70109021,True,Exposicao intermediaria TSB,0.2389,2312,2312.2030,23125,2300
70109022,True,Exposicao intermediaria TSB,0.2389,2312,2312.2020;2312.2030,23125,2300
70109090,True,Exposicao intermediaria TSB,0.2389,2312,2312.2020;2312.2030,23125,2300
70111010,True,Exposicao intermediaria TSB,0.2389,2319,2319.2045,23192,2300
70111029,True,Exposicao intermediaria TSB,0.2389,2319,2319.2045,23192,2300
70111090,True,Exposicao intermediaria TSB,0.2389,2319,2319.2045,23192,2300
70112000,True,Exposicao intermediaria TSB,0.2389,2319,2319.2045,23192,2300
70119000,True,Exposicao intermediaria TSB,0.2389,2319,2319.2045,23192,2300
70131000,True,Exposicao intermediaria TSB,0.2389,2319,2319.2160;2319.2170,23192,2300
70132200,True,Exposicao intermediaria TSB,0.2389,2319,2319.2100,23192,2300
70132800,True,Exposicao intermediaria TSB,0.2389,2319,2319.2110,23192,2300
70133300,True,Exposicao intermediaria TSB,0.2389,2319,2319.2100,23192,2300
70133700,True,Exposicao intermediaria TSB,0.2389,2319,2319.2110,23192,2300
70134100,True,Exposicao intermediaria TSB,0.2389,2319,2319.2160,23192,2300
70134210,True,Exposicao intermediaria TSB,0.2389,2319,2319.2160,23192,2300
70134290,True,Exposicao intermediaria TSB,0.2389,2319,2319.2160,23192,2300
70134900,True,Exposicao intermediaria TSB,0.2389,2319,2319.2160,23192,2300
70139110,True,Exposicao intermediaria TSB,0.2389,2319,2319.2170,23192,2300
70139190,True,Exposicao intermediaria TSB,0.2389,2319,2319.2170,23192,2300
70139900,True,Exposicao intermediaria TSB,0.2389,2319,2319.2170,23192,2300
70140000,True,Exposicao intermediaria TSB,0.2389,2319,2319.2040,23192,2300
70151091,True,Exposicao intermediaria TSB,0.2389,2319,2319.2280,23192,2300
70151092,True,Exposicao intermediaria TSB,0.2389,2319,2319.2280,23192,2300
70159010,True,Exposicao intermediaria TSB,0.2389,2319,2319.2280,23192,2300
70159020,True,Exposicao intermediaria TSB,0.2389,2319,2319.2280,23192,2300
70159030,True,Exposicao intermediaria TSB,0.2389,2319,2319.2280,23192,2300
70159090,True,Exposicao intermediaria TSB,0.2389,2319,2319.2280,23192,2300
70161000,True,Exposicao intermediaria TSB,0.2389,2319,2319.2080,23192,2300
70169000,True,Exposicao intermediaria TSB,0.2389,2319,2319.2080,23192,2300
70171000,True,Exposicao intermediaria TSB,0.2389,2319,2319.2030,23192,2300
70172000,True,Exposicao intermediaria TSB,0.2389,2319,2319.2030,23192,2300
70179000,True,Exposicao intermediaria TSB,0.2389,2319,2319.2030,23192,2300
70181010,True,Exposicao intermediaria TSB,0.2389,2319,2319.2090,23192,2300
70181020,True,Exposicao intermediaria TSB,0.2389,2319,2319.2090,23192,2300
70181090,True,Exposicao intermediaria TSB,0.2389,2319,2319.2090,23192,2300
70182000,True,Exposicao intermediaria TSB,0.2389,2319,2319.2090,23192,2300
70189000,True,Exposicao intermediaria TSB,0.2389,2319,2319.2090,23192,2300
70191100,True,Exposicao intermediaria TSB,0.2389,2319,2319.2150,23192,2300
70191210,True,Exposicao intermediaria TSB,0.2389,2319,2319.2150,23192,2300
70191290,True,Exposicao intermediaria TSB,0.2389,2319,2319.2150,23192,2300
70191300,True,Exposicao intermediaria TSB,0.2389,2319,2319.2150,23192,2300
70191400,True,Exposicao intermediaria TSB,0.2389,2319,2319.2150;2319.2195,23192,2300
70191500,True,Exposicao intermediaria TSB,0.2389,2319,2319.2150;2319.2195,23192,2300
70191900,True,Exposicao intermediaria TSB,0.2389,2319,2319.2150;2319.2195,23192,2300
70196100,False,Sem exposicao TSB direta,0.0,1323,1323.2070,,
70196200,True,Exposicao intermediaria TSB,0.2389,2319,2319.2195,23192,2300
70196300,False,Sem exposicao TSB direta,0.0,1323,1323.2070,,
70196400,False,Sem exposicao TSB direta,0.0,1323,1323.2070,,
70196500,False,Sem exposicao TSB direta,0.0,1323,1323.2070,,
70196600,False,Sem exposicao TSB direta,0.0,1323,1323.2070,,
70196900,True,Exposicao intermediaria TSB,0.2389,1323;2319,1323.2070;2319.2195,23192,2300
70197100,True,Exposicao intermediaria TSB,0.2389,2319,2319.2195,23192,2300
70197200,True,Exposicao intermediaria TSB,0.2389,2319,2319.2195,23192,2300
70197310,True,Exposicao intermediaria TSB,0.2389,2319,2319.2060,23192,2300
70197390,True,Exposicao intermediaria TSB,0.2389,2319,2319.2060;2319.2195,23192,2300
70198000,True,Exposicao intermediaria TSB,0.2389,2319,2319.2060;2319.2195,23192,2300
70199000,True,Exposicao intermediaria TSB,0.2389,1323;2319,1323.2070;2319.2060;2319.2195,23192,2300
70200010,True,Exposicao intermediaria TSB,0.2389,2319,2319.2010,23192,2300
70200090,True,Exposicao intermediaria TSB,0.2389,2319,2319.2045,23192,2300
71012200,False,Sem exposicao TSB direta,0.0,3211,3211.2120,,
71021000,False,Sem exposicao TSB direta,0.0,0893,0893.2015,,
71022100,False,Sem exposicao TSB direta,0.0,0893,0893.2015,,
71022900,False,Sem exposicao TSB direta,0.0,3211,3211.2070,,
71023100,False,Sem exposicao TSB direta,0.0,0893,0893.2015,,
71023900,False,Sem exposicao TSB direta,0.0,3211,3211.2095,,
71031000,False,Sem exposicao TSB direta,0.0,0893,0893.2030,,
71039100,False,Sem exposicao TSB direta,0.0,3211,3211.2095,,
71039900,False,Sem exposicao TSB direta,0.0,3211,3211.2095,,
71041000,True,Exposicao intermediaria TSB,0.6944,2019,2019.2580,20193,2091
71042100,True,Exposicao intermediaria TSB,0.6944,2019,2019.2580,20193,2091
71042900,True,Exposicao intermediaria TSB,0.6944,2019,2019.2580,20193,2091
71049100,False,Sem exposicao TSB direta,0.0,3211,3211.2110,,
71049900,False,Sem exposicao TSB direta,0.0,3211,3211.2110,,
71051000,False,Sem exposicao TSB direta,0.0,3211,3211.2130,,
71059000,False,Sem exposicao TSB direta,0.0,3211,3211.2130,,
71061000,False,Sem exposicao TSB direta,0.0,2442,2442.2090,,
71069100,False,Sem exposicao TSB direta,0.0,2442,2442.2090,,
71069210,False,Sem exposicao TSB direta,0.0,2442,2442.2090,,
71069220,False,Sem exposicao TSB direta,0.0,2442,2442.2090,,
71069290,False,Sem exposicao TSB direta,0.0,2442,2442.2090,,
71070000,False,Sem exposicao TSB direta,0.0,2442,2442.2020,,
71081100,False,Sem exposicao TSB direta,0.0,2442,2442.2075,,
71081210,False,Sem exposicao TSB direta,0.0,2442,2442.2075,,
71081290,False,Sem exposicao TSB direta,0.0,2442,2442.2075,,
71081310,False,Sem exposicao TSB direta,0.0,2442,2442.2075,,
71081390,False,Sem exposicao TSB direta,0.0,2442,2442.2075,,
71090000,False,Sem exposicao TSB direta,0.0,2442,2442.2030,,
71101100,False,Sem exposicao TSB direta,0.0,2442,2442.2050,,
71101910,False,Sem exposicao TSB direta,0.0,2442,2442.2050,,
71101990,False,Sem exposicao TSB direta,0.0,2442,2442.2050,,
71102100,False,Sem exposicao TSB direta,0.0,2442,2442.2050,,
71102900,False,Sem exposicao TSB direta,0.0,2442,2442.2050,,
71103100,False,Sem exposicao TSB direta,0.0,2442,2442.2050,,
71103900,False,Sem exposicao TSB direta,0.0,2442,2442.2050,,
71104100,False,Sem exposicao TSB direta,0.0,2442,2442.2050,,
71104900,False,Sem exposicao TSB direta,0.0,2442,2442.2050,,
71110000,False,Sem exposicao TSB direta,0.0,2442,2442.2040,,
71123010,False,Sem exposicao TSB direta,0.0,2442,2442.2010,,
71123020,False,Sem exposicao TSB direta,0.0,2442,2442.2010,,
71129100,False,Sem exposicao TSB direta,0.0,2442,2442.2010,,
71129200,False,Sem exposicao TSB direta,0.0,2442,2442.2010,,
71129900,False,Sem exposicao TSB direta,0.0,2442,2442.2010,,
71131100,False,Sem exposicao TSB direta,0.0,3211,3211.2010,,
71131900,False,Sem exposicao TSB direta,0.0,3211,3211.2010,,
71132000,False,Sem exposicao TSB direta,0.0,3211,3211.2020,,
71141100,False,Sem exposicao TSB direta,0.0,3211,3211.2060,,
71141900,False,Sem exposicao TSB direta,0.0,3211,3211.2060,,
71142000,False,Sem exposicao TSB direta,0.0,3211,3211.2030,,
71151000,False,Sem exposicao TSB direta,0.0,2442,2442.2050,,
71159000,False,Sem exposicao TSB direta,0.0,3211,3211.2055,,
71161000,False,Sem exposicao TSB direta,0.0,3211,3211.2040,,
71162010,False,Sem exposicao TSB direta,0.0,3211,3211.2040,,
71162090,False,Sem exposicao TSB direta,0.0,3211,3211.2040,,
71171100,False,Sem exposicao TSB direta,0.0,3212,3212.2020,,
71171900,False,Sem exposicao TSB direta,0.0,3212;3299,3212.2010;3299.2120,,
71179000,False,Sem exposicao TSB direta,0.0,3212;3299,3212.2020;3299.2120,,
71181090,False,Sem exposicao TSB direta,0.0,3211,3211.2100,,
71189000,False,Sem exposicao TSB direta,0.0,3211,3211.2100,,
72011000,True,Alta exposicao TSB,0.8140000000000001,2411,2411.2010,24113,2491
72015000,True,Alta exposicao TSB,0.8140000000000001,2411,2411.2010,24113,2491
72021100,False,Sem exposicao TSB direta,0.0,2412,2412.2030,,
72021900,False,Sem exposicao TSB direta,0.0,2412,2412.2030,,
72022100,False,Sem exposicao TSB direta,0.0,2412,2412.2070,,
72022900,False,Sem exposicao TSB direta,0.0,2412,2412.2070,,
72023000,False,Sem exposicao TSB direta,0.0,2412,2412.2050,,
72024100,False,Sem exposicao TSB direta,0.0,2412,2412.2020,,
72024900,False,Sem exposicao TSB direta,0.0,2412,2412.2020,,
72025000,False,Sem exposicao TSB direta,0.0,2412,2412.2010,,
72026000,False,Sem exposicao TSB direta,0.0,2412,2412.2060,,
72027000,False,Sem exposicao TSB direta,0.0,2412,2412.2010,,
72028000,False,Sem exposicao TSB direta,0.0,2412,2412.2010,,
72029100,False,Sem exposicao TSB direta,0.0,2412,2412.2010,,
72029200,False,Sem exposicao TSB direta,0.0,2412,2412.2010,,
72029300,False,Sem exposicao TSB direta,0.0,2412,2412.2040,,
72029910,False,Sem exposicao TSB direta,0.0,2412,2412.2010,,
72029990,False,Sem exposicao TSB direta,0.0,2412,2412.2010,,
72031000,True,Alta exposicao TSB,0.8140000000000001,2411,2411.2030,24113,2491
72039000,True,Alta exposicao TSB,0.8140000000000001,2411,2411.2030,24113,2491
72041000,True,Alta exposicao TSB,0.8140000000000001,2421,2421.2005,24211,2491
72042100,True,Alta exposicao TSB,0.8140000000000001,2421;2422;2423,2421.2005;2422.2120;2423.2040,24211;24229;24237,2491
72042900,True,Alta exposicao TSB,0.8140000000000001,2421;2422;2423,2421.2005;2422.2120;2423.2040,24211;24229;24237,2491
72043000,True,Alta exposicao TSB,0.8140000000000001,2421;2422;2423,2421.2005;2422.2120;2423.2040,24211;24229;24237,2491
72044100,True,Alta exposicao TSB,0.8140000000000001,2421,2421.2005,24211,2491
72044900,True,Alta exposicao TSB,0.8140000000000001,2421;2422;2423;2599,2421.2005;2422.2120;2423.2040;2599.2200,24211;24229;24237,2491
72051000,True,Alta exposicao TSB,0.8140000000000001,2421;2599,2421.2015;2599.2032,24211,2491
72052100,True,Alta exposicao TSB,0.8140000000000001,2421,2421.2015,24211,2491
72052910,True,Alta exposicao TSB,0.8140000000000001,2421,2421.2015,24211,2491
72052990,True,Alta exposicao TSB,0.8140000000000001,2421,2421.2015,24211,2491
72061000,True,Alta exposicao TSB,0.8140000000000001,2421,2421.2030,24211,2491
72069000,True,Alta exposicao TSB,0.8140000000000001,2421,2421.2030,24211,2491
72071110,True,Alta exposicao TSB,0.8140000000000001,2421,2421.2030,24211,2491
72071190,True,Alta exposicao TSB,0.8140000000000001,2421,2421.2030,24211,2491
72071200,True,Alta exposicao TSB,0.8140000000000001,2421,2421.2030,24211,2491
72071900,True,Alta exposicao TSB,0.8140000000000001,2421,2421.2030,24211,2491
72072000,True,Alta exposicao TSB,0.8140000000000001,2421,2421.2030,24211,2491
72081000,True,Alta exposicao TSB,0.8140000000000001,2422,2422.2020,24229,2491
72082500,True,Alta exposicao TSB,0.8140000000000001,2422,2422.2030,24229,2491
72082610,True,Alta exposicao TSB,0.8140000000000001,2422,2422.2020,24229,2491
72082690,True,Alta exposicao TSB,0.8140000000000001,2422,2422.2020,24229,2491
72082710,True,Alta exposicao TSB,0.8140000000000001,2422,2422.2020,24229,2491
72082790,True,Alta exposicao TSB,0.8140000000000001,2422,2422.2020,24229,2491
72083610,True,Alta exposicao TSB,0.8140000000000001,2422,2422.2030,24229,2491
72083690,True,Alta exposicao TSB,0.8140000000000001,2422,2422.2030,24229,2491
72083700,True,Alta exposicao TSB,0.8140000000000001,2422,2422.2030,24229,2491
72083810,True,Alta exposicao TSB,0.8140000000000001,2422,2422.2020,24229,2491
72083890,True,Alta exposicao TSB,0.8140000000000001,2422,2422.2020,24229,2491
72083910,True,Alta exposicao TSB,0.8140000000000001,2422,2422.2020,24229,2491
72083990,True,Alta exposicao TSB,0.8140000000000001,2422,2422.2020,24229,2491
72084000,True,Alta exposicao TSB,0.8140000000000001,2422,2422.2115,24229,2491
72085100,True,Alta exposicao TSB,0.8140000000000001,2422,2422.2115,24229,2491
72085200,True,Alta exposicao TSB,0.8140000000000001,2422,2422.2115,24229,2491
72085300,True,Alta exposicao TSB,0.8140000000000001,2422,2422.2115,24229,2491
72085400,True,Alta exposicao TSB,0.8140000000000001,2422,2422.2115,24229,2491
72089000,True,Alta exposicao TSB,0.8140000000000001,2422,2422.2170,24229,2491
72091500,True,Alta exposicao TSB,0.8140000000000001,2422,2422.2010,24229,2491
72091600,True,Alta exposicao TSB,0.8140000000000001,2422,2422.2010,24229,2491
72091700,True,Alta exposicao TSB,0.8140000000000001,2422,2422.2010,24229,2491
72091800,True,Alta exposicao TSB,0.8140000000000001,2422,2422.2010,24229,2491
72092500,True,Alta exposicao TSB,0.8140000000000001,2422,2422.2105,24229,2491
72092600,True,Alta exposicao TSB,0.8140000000000001,2422,2422.2105,24229,2491
72092700,True,Alta exposicao TSB,0.8140000000000001,2422,2422.2105,24229,2491
72092800,True,Alta exposicao TSB,0.8140000000000001,2422,2422.2105,24229,2491
72099000,True,Alta exposicao TSB,0.8140000000000001,2422,2422.2170,24229,2491
72101100,True,Alta exposicao TSB,0.8140000000000001,2422,2422.2140,24229,2491
72101200,True,Alta exposicao TSB,0.8140000000000001,2422,2422.2140,24229,2491
72102000,True,Alta exposicao TSB,0.8140000000000001,2422,2422.2160,24229,2491
72103010,True,Alta exposicao TSB,0.8140000000000001,2422,2422.2035,24229,2491
72103090,True,Alta exposicao TSB,0.8140000000000001,2422,2422.2035,24229,2491
72104110,True,Alta exposicao TSB,0.8140000000000001,2422,2422.2035,24229,2491
72104190,True,Alta exposicao TSB,0.8140000000000001,2422,2422.2035,24229,2491
72104910,True,Alta exposicao TSB,0.8140000000000001,2422,2422.2035,24229,2491
72104990,True,Alta exposicao TSB,0.8140000000000001,2422,2422.2035,24229,2491
72105000,True,Alta exposicao TSB,0.8140000000000001,2422,2422.2035,24229,2491
72106100,True,Alta exposicao TSB,0.8140000000000001,2422,2422.2160,24229,2491
72106911,True,Alta exposicao TSB,0.8140000000000001,2422,2422.2160,24229,2491
72106919,True,Alta exposicao TSB,0.8140000000000001,2422,2422.2160,24229,2491
72106990,True,Alta exposicao TSB,0.8140000000000001,2422,2422.2160,24229,2491
72107010,True,Alta exposicao TSB,0.8140000000000001,2422,2422.2160,24229,2491
72107020,True,Alta exposicao TSB,0.8140000000000001,2422,2422.2160,24229,2491
72109000,True,Alta exposicao TSB,0.8140000000000001,2422,2422.2160,24229,2491
72111300,True,Alta exposicao TSB,0.8140000000000001,2424;2599,2424.2070;2599.2065,24245,2491
72111400,True,Alta exposicao TSB,0.8140000000000001,2424;2599,2424.2070;2599.2065,24245,2491
72111900,True,Alta exposicao TSB,0.8140000000000001,2424;2599,2424.2070;2599.2065,24245,2491
72112300,True,Alta exposicao TSB,0.8140000000000001,2424;2599,2424.2070;2599.2065,24245,2491
72112910,True,Alta exposicao TSB,0.8140000000000001,2424;2599,2424.2070;2599.2065,24245,2491
72112920,True,Alta exposicao TSB,0.8140000000000001,2424;2599,2424.2070;2599.2065,24245,2491
72119010,True,Alta exposicao TSB,0.8140000000000001,2424;2599,2424.2070;2599.2065,24245,2491
72119090,True,Alta exposicao TSB,0.8140000000000001,2424;2599,2424.2070;2599.2065,24245,2491
72121000,True,Alta exposicao TSB,0.8140000000000001,2424;2599,2424.2070;2599.2065,24245,2491
72122010,True,Alta exposicao TSB,0.8140000000000001,2424;2599,2424.2070;2599.2065,24245,2491
72122090,True,Alta exposicao TSB,0.8140000000000001,2424;2599,2424.2070;2599.2065,24245,2491
72123000,True,Alta exposicao TSB,0.8140000000000001,2424;2599,2424.2070;2599.2065,24245,2491
72124010,True,Alta exposicao TSB,0.8140000000000001,2424;2599,2424.2070;2599.2065,24245,2491
72124021,True,Alta exposicao TSB,0.8140000000000001,2424;2599,2424.2070;2599.2065,24245,2491
72124029,True,Alta exposicao TSB,0.8140000000000001,2424;2599,2424.2070;2599.2065,24245,2491
72125090,True,Alta exposicao TSB,0.8140000000000001,2424;2599,2424.2070;2599.2065,24245,2491
72126000,True,Alta exposicao TSB,0.8140000000000001,2424;2599,2424.2070;2599.2065,24245,2491
72131000,True,Alta exposicao TSB,0.8140000000000001,2423;2424;2599,2423.2140;2424.2080;2599.2065,24237;24245,2491
72132000,True,Alta exposicao TSB,0.8140000000000001,2423;2424;2599,2423.2080;2424.2080;2599.2065,24237;24245,2491
72139110,True,Alta exposicao TSB,0.8140000000000001,2423;2424;2599,2423.2080;2424.2080;2599.2065,24237;24245,2491
72139190,True,Alta exposicao TSB,0.8140000000000001,2423;2424;2599,2423.2080;2424.2080;2599.2065,24237;24245,2491
72139910,True,Alta exposicao TSB,0.8140000000000001,2423;2424;2599,2423.2080;2424.2080;2599.2065,24237;24245,2491
72139990,True,Alta exposicao TSB,0.8140000000000001,2423;2424;2599,2423.2080;2424.2080;2599.2065,24237;24245,2491
72141010,True,Alta exposicao TSB,0.8140000000000001,2423;2424;2599,2423.2030;2424.2080;2599.2065,24237;24245,2491
72141090,True,Alta exposicao TSB,0.8140000000000001,2423;2424;2599,2423.2030;2424.2080;2599.2065,24237;24245,2491
72142000,True,Alta exposicao TSB,0.8140000000000001,2423;2424;2599,2423.2140;2424.2080;2599.2065,24237;24245,2491
72143000,True,Alta exposicao TSB,0.8140000000000001,2423;2424;2599,2423.2030;2424.2080;2599.2065,24237;24245,2491
72149100,True,Alta exposicao TSB,0.8140000000000001,2423;2424;2599,2423.2030;2424.2080;2599.2065,24237;24245,2491
72149910,True,Alta exposicao TSB,0.8140000000000001,2423;2424;2599,2423.2030;2424.2080;2599.2065,24237;24245,2491
72149990,True,Alta exposicao TSB,0.8140000000000001,2423;2424;2599,2423.2030;2424.2080;2599.2065,24237;24245,2491
72151000,True,Alta exposicao TSB,0.8140000000000001,2423;2424,2423.2030;2424.2080,24237;24245,2491
72155000,True,Alta exposicao TSB,0.8140000000000001,2423;2424,2423.2030;2424.2080,24237;24245,2491
72159010,True,Alta exposicao TSB,0.8140000000000001,2423;2424,2423.2030;2424.2080,24237;24245,2491
72159090,True,Alta exposicao TSB,0.8140000000000001,2423;2424,2423.2030;2424.2080,24237;24245,2491
72161000,True,Alta exposicao TSB,0.8140000000000001,2423,2423.2100,24237,2491
72162100,True,Alta exposicao TSB,0.8140000000000001,2423,2423.2100,24237,2491
72162200,True,Alta exposicao TSB,0.8140000000000001,2423,2423.2100,24237,2491
72163100,True,Alta exposicao TSB,0.8140000000000001,2423,2423.2110,24237,2491
72163200,True,Alta exposicao TSB,0.8140000000000001,2423,2423.2110,24237,2491
72163300,True,Alta exposicao TSB,0.8140000000000001,2423,2423.2110,24237,2491
72164010,True,Alta exposicao TSB,0.8140000000000001,2423,2423.2110,24237,2491
72164090,True,Alta exposicao TSB,0.8140000000000001,2423,2423.2110,24237,2491
72165000,True,Alta exposicao TSB,0.8140000000000001,2423,2423.2100,24237,2491
72166110,True,Alta exposicao TSB,0.8140000000000001,2424,2424.2050,24245,2491
72166190,True,Alta exposicao TSB,0.8140000000000001,2424,2424.2050,24245,2491
72166910,True,Alta exposicao TSB,0.8140000000000001,2424,2424.2050,24245,2491
72166990,True,Alta exposicao TSB,0.8140000000000001,2424,2424.2050,24245,2491
72169100,True,Alta exposicao TSB,0.8140000000000001,2424,2424.2050,24245,2491
72169900,True,Alta exposicao TSB,0.8140000000000001,2424,2424.2050,24245,2491
72171011,True,Alta exposicao TSB,0.8140000000000001,2424,2424.2030,24245,2491
72171019,True,Alta exposicao TSB,0.8140000000000001,2424,2424.2030,24245,2491
72171090,True,Alta exposicao TSB,0.8140000000000001,2424,2424.2030,24245,2491
72172010,True,Alta exposicao TSB,0.8140000000000001,2424,2424.2030,24245,2491
72172090,True,Alta exposicao TSB,0.8140000000000001,2424,2424.2030,24245,2491
72173010,True,Alta exposicao TSB,0.8140000000000001,2424,2424.2030,24245,2491
72173090,True,Alta exposicao TSB,0.8140000000000001,2424,2424.2030,24245,2491
72179000,True,Alta exposicao TSB,0.8140000000000001,2424,2424.2030,24245,2491
72181000,True,Alta exposicao TSB,0.8140000000000001,2421,2421.2020,24211,2491
72189100,True,Alta exposicao TSB,0.8140000000000001,2421,2421.2020,24211,2491
72189900,True,Alta exposicao TSB,0.8140000000000001,2421,2421.2020,24211,2491
72191100,True,Alta exposicao TSB,0.8140000000000001,2422,2422.2080,24229,2491
72191200,True,Alta exposicao TSB,0.8140000000000001,2422,2422.2080,24229,2491
72191300,True,Alta exposicao TSB,0.8140000000000001,2422,2422.2080,24229,2491
72191400,True,Alta exposicao TSB,0.8140000000000001,2422,2422.2080,24229,2491
72192100,True,Alta exposicao TSB,0.8140000000000001,2422,2422.2080,24229,2491
72192200,True,Alta exposicao TSB,0.8140000000000001,2422,2422.2080,24229,2491
72192300,True,Alta exposicao TSB,0.8140000000000001,2422,2422.2080,24229,2491
72192400,True,Alta exposicao TSB,0.8140000000000001,2422,2422.2080,24229,2491
72193100,True,Alta exposicao TSB,0.8140000000000001,2422,2422.2080,24229,2491
72193200,True,Alta exposicao TSB,0.8140000000000001,2422,2422.2080,24229,2491
72193300,True,Alta exposicao TSB,0.8140000000000001,2422,2422.2080,24229,2491
72193400,True,Alta exposicao TSB,0.8140000000000001,2422,2422.2080,24229,2491
72193500,True,Alta exposicao TSB,0.8140000000000001,2422,2422.2080,24229,2491
72199010,True,Alta exposicao TSB,0.8140000000000001,2422,2422.2080,24229,2491
72199090,True,Alta exposicao TSB,0.8140000000000001,2422,2422.2080,24229,2491
72201100,True,Alta exposicao TSB,0.8140000000000001,2422;2424;2599,2422.2080;2424.2070;2599.2065,24229;24245,2491
72201210,True,Alta exposicao TSB,0.8140000000000001,2422;2424;2599,2422.2080;2424.2070;2599.2065,24229;24245,2491
72201220,True,Alta exposicao TSB,0.8140000000000001,2422;2424;2599,2422.2080;2424.2070;2599.2065,24229;24245,2491
72201290,True,Alta exposicao TSB,0.8140000000000001,2422;2424;2599,2422.2080;2424.2070;2599.2065,24229;24245,2491
72202010,True,Alta exposicao TSB,0.8140000000000001,2422;2424;2599,2422.2080;2424.2070;2599.2065,24229;24245,2491
72202090,True,Alta exposicao TSB,0.8140000000000001,2422;2424;2599,2422.2080;2424.2070;2599.2065,24229;24245,2491
72209000,True,Alta exposicao TSB,0.8140000000000001,2422;2424;2599,2422.2080;2424.2070;2599.2065,24229;24245,2491
72210000,True,Alta exposicao TSB,0.8140000000000001,2423;2424,2423.2070;2424.2080,24237;24245,2491
72221100,True,Alta exposicao TSB,0.8140000000000001,2423;2424,2423.2010;2424.2080,24237;24245,2491
72221910,True,Alta exposicao TSB,0.8140000000000001,2423;2424,2423.2010;2424.2080,24237;24245,2491
72221990,True,Alta exposicao TSB,0.8140000000000001,2423;2424,2423.2010;2424.2080,24237;24245,2491
72222000,True,Alta exposicao TSB,0.8140000000000001,2423;2424,2423.2010;2424.2080,24237;24245,2491
72223000,True,Alta exposicao TSB,0.8140000000000001,2423;2424,2423.2010;2424.2080,24237;24245,2491
72224010,True,Alta exposicao TSB,0.8140000000000001,2423;2424,2423.2090;2424.2080,24237;24245,2491
72224090,True,Alta exposicao TSB,0.8140000000000001,2423;2424,2423.2090;2424.2080,24237;24245,2491
72230000,True,Alta exposicao TSB,0.8140000000000001,2424,2424.2020,24245,2491
72241000,True,Alta exposicao TSB,0.8140000000000001,2421,2421.2020,24211,2491
72249000,True,Alta exposicao TSB,0.8140000000000001,2421,2421.2020,24211,2491
72251100,True,Alta exposicao TSB,0.8140000000000001,2422,2422.2090,24229,2491
72251900,True,Alta exposicao TSB,0.8140000000000001,2422,2422.2090,24229,2491
72253000,True,Alta exposicao TSB,0.8140000000000001,2422,2422.2070;2422.2150,24229,2491
72254010,True,Alta exposicao TSB,0.8140000000000001,2422,2422.2070,24229,2491
72254020,True,Alta exposicao TSB,0.8140000000000001,2422,2422.2070;2422.2150,24229,2491
72254090,True,Alta exposicao TSB,0.8140000000000001,2422,2422.2070,24229,2491
72255090,True,Alta exposicao TSB,0.8140000000000001,2422,2422.2070,24229,2491
72259100,True,Alta exposicao TSB,0.8140000000000001,2422,2422.2070;2422.2150,24229,2491
72259200,True,Alta exposicao TSB,0.8140000000000001,2422,2422.2070;2422.2150,24229,2491
72259910,True,Alta exposicao TSB,0.8140000000000001,2422,2422.2070;2422.2150,24229,2491
72259990,True,Alta exposicao TSB,0.8140000000000001,2422,2422.2070,24229,2491
72261100,True,Alta exposicao TSB,0.8140000000000001,2422;2424,2422.2090;2424.2070,24229;24245,2491
72261900,True,Alta exposicao TSB,0.8140000000000001,2422;2424,2422.2090;2424.2070,24229;24245,2491
72262010,True,Alta exposicao TSB,0.8140000000000001,2422;2424,2422.2150;2424.2070,24229;24245,2491
72262090,True,Alta exposicao TSB,0.8140000000000001,2422;2424,2422.2150;2424.2070,24229;24245,2491
72269100,True,Alta exposicao TSB,0.8140000000000001,2422;2424,2422.2070;2424.2070,24229;24245,2491
72269200,True,Alta exposicao TSB,0.8140000000000001,2422;2424,2422.2070;2424.2070,24229;24245,2491
72269900,True,Alta exposicao TSB,0.8140000000000001,2422;2424,2422.2070;2424.2070,24229;24245,2491
72271000,True,Alta exposicao TSB,0.8140000000000001,2423;2424,2423.2070;2424.2080,24237;24245,2491
72272000,True,Alta exposicao TSB,0.8140000000000001,2423;2424,2423.2070;2424.2080,24237;24245,2491
72279000,True,Alta exposicao TSB,0.8140000000000001,2423;2424,2423.2070;2424.2080,24237;24245,2491
72281010,True,Alta exposicao TSB,0.8140000000000001,2423;2424,2423.2020;2424.2080,24237;24245,2491
72281090,True,Alta exposicao TSB,0.8140000000000001,2423;2424,2423.2020;2424.2080,24237;24245,2491
72282000,True,Alta exposicao TSB,0.8140000000000001,2423;2424,2423.2020;2424.2080,24237;24245,2491
72283000,True,Alta exposicao TSB,0.8140000000000001,2423;2424,2423.2020;2424.2080,24237;24245,2491
72284000,True,Alta exposicao TSB,0.8140000000000001,2423;2424,2423.2020;2424.2080,24237;24245,2491
72285000,True,Alta exposicao TSB,0.8140000000000001,2423;2424,2423.2020;2424.2080,24237;24245,2491
72286000,True,Alta exposicao TSB,0.8140000000000001,2423;2424,2423.2020;2424.2080,24237;24245,2491
72287000,True,Alta exposicao TSB,0.8140000000000001,2423;2424,2423.2090;2424.2080,24237;24245,2491
72288000,True,Alta exposicao TSB,0.8140000000000001,2423;2424,2423.2020;2424.2080,24237;24245,2491
72292000,True,Alta exposicao TSB,0.8140000000000001,2424,2424.2020,24245,2491
72299000,True,Alta exposicao TSB,0.8140000000000001,2424,2424.2020,24245,2491
73011000,True,Alta exposicao TSB,0.8140000000000001,2423,2423.2060,24237,2491
73012000,True,Alta exposicao TSB,0.8140000000000001,2424,2424.2060,24245,2491
73021010,True,Alta exposicao TSB,0.8140000000000001,2423,2423.2120,24237,2491
73021090,True,Alta exposicao TSB,0.8140000000000001,2423,2423.2120,24237,2491
73023000,True,Alta exposicao TSB,0.8140000000000001,2424,2424.2010,24245,2491
73024000,True,Alta exposicao TSB,0.8140000000000001,2424,2424.2010,24245,2491
73029000,True,Alta exposicao TSB,0.8140000000000001,2424,2424.2010,24245,2491
73030000,False,Sem exposicao TSB direta,0.0,2439,2439.2020,,
73041100,True,Alta exposicao TSB,0.8140000000000001,2423,2423.2130,24237,2491
73041900,True,Alta exposicao TSB,0.8140000000000001,2423,2423.2130,24237,2491
73042200,True,Alta exposicao TSB,0.8140000000000001,2423,2423.2130,24237,2491
73042310,True,Alta exposicao TSB,0.8140000000000001,2423,2423.2130,24237,2491
73042390,True,Alta exposicao TSB,0.8140000000000001,2423,2423.2130,24237,2491
73042400,True,Alta exposicao TSB,0.8140000000000001,2423,2423.2130,24237,2491
73042910,True,Alta exposicao TSB,0.8140000000000001,2423,2423.2130,24237,2491
73042931,True,Alta exposicao TSB,0.8140000000000001,2423,2423.2130,24237,2491
73042939,True,Alta exposicao TSB,0.8140000000000001,2423,2423.2130,24237,2491
73042990,True,Alta exposicao TSB,0.8140000000000001,2423,2423.2130,24237,2491
73043110,True,Alta exposicao TSB,0.8140000000000001,2423,2423.2130,24237,2491
73043190,True,Alta exposicao TSB,0.8140000000000001,2423,2423.2130,24237,2491
73043910,True,Alta exposicao TSB,0.8140000000000001,2423,2423.2130,24237,2491
73043920,True,Alta exposicao TSB,0.8140000000000001,2423,2423.2130,24237,2491
73043990,True,Alta exposicao TSB,0.8140000000000001,2423,2423.2130,24237,2491
73044110,True,Alta exposicao TSB,0.8140000000000001,2423,2423.2130,24237,2491
73044190,True,Alta exposicao TSB,0.8140000000000001,2423,2423.2130,24237,2491
73044900,True,Alta exposicao TSB,0.8140000000000001,2423,2423.2130,24237,2491
73045111,True,Alta exposicao TSB,0.8140000000000001,2423,2423.2130,24237,2491
73045119,True,Alta exposicao TSB,0.8140000000000001,2423,2423.2130,24237,2491
73045190,True,Alta exposicao TSB,0.8140000000000001,2423,2423.2130,24237,2491
73045910,True,Alta exposicao TSB,0.8140000000000001,2423,2423.2130,24237,2491
73045990,True,Alta exposicao TSB,0.8140000000000001,2423,2423.2130,24237,2491
73049011,True,Alta exposicao TSB,0.8140000000000001,2423,2423.2130,24237,2491
73049019,True,Alta exposicao TSB,0.8140000000000001,2423,2423.2130,24237,2491
73049090,True,Alta exposicao TSB,0.8140000000000001,2423,2423.2130,24237,2491
73051100,False,Sem exposicao TSB direta,0.0,2431,2431.2020,,
73051200,False,Sem exposicao TSB direta,0.0,2431,2431.2020,,
73051900,False,Sem exposicao TSB direta,0.0,2431,2431.2020,,
73052000,False,Sem exposicao TSB direta,0.0,2431,2431.2030,,
73053100,False,Sem exposicao TSB direta,0.0,2431,2431.2040,,
73053900,False,Sem exposicao TSB direta,0.0,2431,2431.2040,,
73059000,False,Sem exposicao TSB direta,0.0,2431,2431.2040,,
73061100,False,Sem exposicao TSB direta,0.0,2431,2431.2020,,
73061900,False,Sem exposicao TSB direta,0.0,2431,2431.2020,,
73062100,False,Sem exposicao TSB direta,0.0,2431,2431.2030,,
73062900,False,Sem exposicao TSB direta,0.0,2431,2431.2030,,
73063000,False,Sem exposicao TSB direta,0.0,2431,2431.2040,,
73064000,False,Sem exposicao TSB direta,0.0,2431,2431.2040,,
73065000,False,Sem exposicao TSB direta,0.0,2431,2431.2040,,
73066100,False,Sem exposicao TSB direta,0.0,2431,2431.2040,,
73066900,False,Sem exposicao TSB direta,0.0,2431,2431.2040,,
73069010,False,Sem exposicao TSB direta,0.0,2431;2439,2431.2040;2439.2040,,
73069020,False,Sem exposicao TSB direta,0.0,2431;2439,2431.2040;2439.2040,,
73069090,False,Sem exposicao TSB direta,0.0,2431;2439,2431.2040;2439.2040,,
73071100,False,Sem exposicao TSB direta,0.0,2439,2439.2010,,
73071910,False,Sem exposicao TSB direta,0.0,2439,2439.2010,,
73071920,False,Sem exposicao TSB direta,0.0,2431;2439,2431.2010;2439.2010,,
73071990,False,Sem exposicao TSB direta,0.0,2439,2439.2010,,
73072100,False,Sem exposicao TSB direta,0.0,2431;2439,2431.2010;2439.2010,,
73072200,False,Sem exposicao TSB direta,0.0,2431;2439,2431.2010;2439.2010,,
73072300,False,Sem exposicao TSB direta,0.0,2431;2439,2431.2010;2439.2010,,
73072900,False,Sem exposicao TSB direta,0.0,2431;2439,2431.2010;2439.2010,,
73079100,False,Sem exposicao TSB direta,0.0,2439,2439.2010,,
73079200,False,Sem exposicao TSB direta,0.0,2431;2439,2431.2010;2439.2010,,
73079300,False,Sem exposicao TSB direta,0.0,2431;2439,2431.2010;2439.2010,,
73079900,False,Sem exposicao TSB direta,0.0,2439,2439.2010,,
73081000,False,Sem exposicao TSB direta,0.0,2511,2511.2060,,
73082000,False,Sem exposicao TSB direta,0.0,2511,2511.2070,,
73083000,True,Exposicao intermediaria TSB,0.0886,2512,2512.2010;2512.2040,25128,2500
73084000,False,Sem exposicao TSB direta,0.0,2511,2511.2010,,
73089010,False,Sem exposicao TSB direta,0.0,2511;2513;2532,2511.2055;2513.2010;2513.2040;2532.2070,,
73089090,False,Sem exposicao TSB direta,0.0,2511;2513;2532,2511.2055;2511.2065;2513.2010;2513.2040;2532.2070,,
73090010,False,Sem exposicao TSB direta,0.0,2521,2521.2120,,
73090020,False,Sem exposicao TSB direta,0.0,2521,2521.2070,,
73090090,False,Sem exposicao TSB direta,0.0,2521,2521.2090;2521.2100,,
73101010,False,Sem exposicao TSB direta,0.0,2591,2591.2070;2591.2090,,
73101090,False,Sem exposicao TSB direta,0.0,2591,2591.2090,,
73102110,False,Sem exposicao TSB direta,0.0,2591,2591.2040,,
73102190,False,Sem exposicao TSB direta,0.0,2591,2591.2040,,
73102910,False,Sem exposicao TSB direta,0.0,2591,2591.2010,,
73102920,False,Sem exposicao TSB direta,0.0,2591,2591.2010;2591.2070,,
73102990,False,Sem exposicao TSB direta,0.0,2591,2591.2010,,
73110000,False,Sem exposicao TSB direta,0.0,2521,2521.2080,,
73121010,False,Sem exposicao TSB direta,0.0,2592,2592.2110,,
73121090,False,Sem exposicao TSB direta,0.0,2592,2592.2110,,
73129000,False,Sem exposicao TSB direta,0.0,2592,2592.2110,,
73130000,True,Alta exposicao TSB,0.8140000000000001,2424,2424.2040,24245,2491
73141200,False,Sem exposicao TSB direta,0.0,2592,2592.2280,,
73141400,False,Sem exposicao TSB direta,0.0,2592,2592.2280,,
73141900,False,Sem exposicao TSB direta,0.0,2592,2592.2280,,
73142000,False,Sem exposicao TSB direta,0.0,2592,2592.2170,,
73143100,False,Sem exposicao TSB direta,0.0,2592,2592.2170,,
73143900,False,Sem exposicao TSB direta,0.0,2592,2592.2170,,
73144100,False,Sem exposicao TSB direta,0.0,2592,2592.2170;2592.2280,,
73144200,False,Sem exposicao TSB direta,0.0,2592,2592.2170;2592.2280,,
73144900,False,Sem exposicao TSB direta,0.0,2592,2592.2170;2592.2280,,
73145000,False,Sem exposicao TSB direta,0.0,2592,2592.2070,,
73151110,False,Sem exposicao TSB direta,0.0,2815,2815.2020,,
73151190,False,Sem exposicao TSB direta,0.0,2815,2815.2020,,
73151210,False,Sem exposicao TSB direta,0.0,2815,2815.2020,,
73151290,False,Sem exposicao TSB direta,0.0,2815,2815.2020,,
73151900,False,Sem exposicao TSB direta,0.0,2815,2815.2050,,
73152000,False,Sem exposicao TSB direta,0.0,2592,2592.2120,,
73158100,False,Sem exposicao TSB direta,0.0,2592,2592.2140,,
73158200,False,Sem exposicao TSB direta,0.0,2592,2592.2140,,
73158900,False,Sem exposicao TSB direta,0.0,2592,2592.2140,,
73159000,False,Sem exposicao TSB direta,0.0,2592,2592.2120;2592.2140,,
73160000,False,Sem exposicao TSB direta,0.0,2599,2599.2010,,
73170010,False,Sem exposicao TSB direta,0.0,2592,2592.2180,,
73170020,False,Sem exposicao TSB direta,0.0,2592,2592.2180,,
73170090,False,Sem exposicao TSB direta,0.0,2592,2592.2180,,
73181100,False,Sem exposicao TSB direta,0.0,2592,2592.2220,,
73181200,False,Sem exposicao TSB direta,0.0,2592,2592.2220,,
73181300,False,Sem exposicao TSB direta,0.0,2592,2592.2220,,
73181400,False,Sem exposicao TSB direta,0.0,2592,2592.2220,,
73181500,False,Sem exposicao TSB direta,0.0,2592,2592.2220,,
73181600,False,Sem exposicao TSB direta,0.0,2592,2592.2220,,
73181900,False,Sem exposicao TSB direta,0.0,2592,2592.2220,,
73182100,False,Sem exposicao TSB direta,0.0,2592,2592.2010,,
73182200,False,Sem exposicao TSB direta,0.0,2592,2592.2010,,
73182300,False,Sem exposicao TSB direta,0.0,2592,2592.2010,,
73182400,False,Sem exposicao TSB direta,0.0,2592,2592.2010,,
73182900,False,Sem exposicao TSB direta,0.0,2592,2592.2010,,
73194000,False,Sem exposicao TSB direta,0.0,3299,3299.2015,,
73199000,False,Sem exposicao TSB direta,0.0,3299,3299.2015,,
73201000,False,Sem exposicao TSB direta,0.0,2592;2944,2592.2200;2944.2030,,
73202010,False,Sem exposicao TSB direta,0.0,2592;2944,2592.2200;2944.2030,,
73202090,False,Sem exposicao TSB direta,0.0,2592;2944,2592.2200;2944.2030,,
73209000,False,Sem exposicao TSB direta,0.0,2592;2944,2592.2200;2944.2030,,
73211100,False,Sem exposicao TSB direta,0.0,2751;2759,2751.2005;2759.2027,,
73211200,False,Sem exposicao TSB direta,0.0,2751;2759,2751.2005;2759.2027,,
73211900,False,Sem exposicao TSB direta,0.0,2751;2759,2751.2005;2759.2027,,
73218100,False,Sem exposicao TSB direta,0.0,2759,2759.2027,,
73218200,False,Sem exposicao TSB direta,0.0,2759,2759.2027,,
73218900,False,Sem exposicao TSB direta,0.0,2759,2759.2027,,
73219000,False,Sem exposicao TSB direta,0.0,2751;2759;2829,2751.2070;2759.2180;2829.2410,,
73221100,False,Sem exposicao TSB direta,0.0,2521,2521.2050,,
73221900,False,Sem exposicao TSB direta,0.0,2521,2521.2050,,
73229010,False,Sem exposicao TSB direta,0.0,2759,2759.2140,,
73229090,False,Sem exposicao TSB direta,0.0,2759,2759.2140,,
73231000,False,Sem exposicao TSB direta,0.0,2592,2592.2210,,
73239100,False,Sem exposicao TSB direta,0.0,2593,2593.2040;2593.2070,,
73239200,False,Sem exposicao TSB direta,0.0,2593,2593.2040;2593.2070,,
73239300,False,Sem exposicao TSB direta,0.0,2593,2593.2040;2593.2070,,
73239400,False,Sem exposicao TSB direta,0.0,2593,2593.2040;2593.2070,,
73239900,False,Sem exposicao TSB direta,0.0,2593,2593.2040;2593.2070,,
73241000,False,Sem exposicao TSB direta,0.0,2599,2599.2170,,
73242100,False,Sem exposicao TSB direta,0.0,2599,2599.2170,,
73242900,False,Sem exposicao TSB direta,0.0,2599,2599.2170,,
73249000,False,Sem exposicao TSB direta,0.0,2593,2593.2030,,
73251000,False,Sem exposicao TSB direta,0.0,2451,2451.2015,,
73259100,False,Sem exposicao TSB direta,0.0,2451,2451.2015,,
73259910,False,Sem exposicao TSB direta,0.0,2451,2451.2015,,
73259990,False,Sem exposicao TSB direta,0.0,2451,2451.2015,,
73261100,False,Sem exposicao TSB direta,0.0,2531;2532,2531.2010;2532.2020,,
73261900,False,Sem exposicao TSB direta,0.0,2531;2532,2531.2010;2532.2020;2532.2050,,
73262000,False,Sem exposicao TSB direta,0.0,2592,2592.2060,,
73269010,False,Sem exposicao TSB direta,0.0,2599,2599.2032,,
73269020,False,Sem exposicao TSB direta,0.0,2599,2599.2032,,
73269090,False,Sem exposicao TSB direta,0.0,2532;2599,2532.2040;2532.2060;2599.2032;2599.2080;2599.2110;2599.2160,,
74010000,False,Sem exposicao TSB direta,0.0,2443,2443.2100,,
74020000,False,Sem exposicao TSB direta,0.0,2443,2443.2040,,
74031100,False,Sem exposicao TSB direta,0.0,2443,2443.2055,,
74031200,False,Sem exposicao TSB direta,0.0,2443,2443.2055,,
74031300,False,Sem exposicao TSB direta,0.0,2443,2443.2055,,
74031900,False,Sem exposicao TSB direta,0.0,2443,2443.2055,,
74032100,False,Sem exposicao TSB direta,0.0,2443,2443.2055,,
74032200,False,Sem exposicao TSB direta,0.0,2443,2443.2055,,
74032900,False,Sem exposicao TSB direta,0.0,2443,2443.2055,,
74040000,False,Sem exposicao TSB direta,0.0,2443,2443.2025,,
74050000,False,Sem exposicao TSB direta,0.0,2443,2443.2055,,
74061000,False,Sem exposicao TSB direta,0.0,2443,2443.2110,,
74062000,False,Sem exposicao TSB direta,0.0,2443,2443.2110,,
74071010,False,Sem exposicao TSB direta,0.0,2443,2443.2010,,
74071021,False,Sem exposicao TSB direta,0.0,2443,2443.2010,,
74071029,False,Sem exposicao TSB direta,0.0,2443,2443.2010,,
74072110,False,Sem exposicao TSB direta,0.0,2443,2443.2010,,
74072120,False,Sem exposicao TSB direta,0.0,2443,2443.2010,,
74072910,False,Sem exposicao TSB direta,0.0,2443,2443.2010,,
74072921,False,Sem exposicao TSB direta,0.0,2443,2443.2010,,
74072929,False,Sem exposicao TSB direta,0.0,2443,2443.2010,,
74081100,False,Sem exposicao TSB direta,0.0,2443,2443.2080,,
74081900,False,Sem exposicao TSB direta,0.0,2443,2443.2080,,
74082100,False,Sem exposicao TSB direta,0.0,2443,2443.2080,,
74082200,False,Sem exposicao TSB direta,0.0,2443,2443.2080,,
74082912,False,Sem exposicao TSB direta,0.0,2443,2443.2080,,
74082913,False,Sem exposicao TSB direta,0.0,2443,2443.2080,,
74082919,False,Sem exposicao TSB direta,0.0,2443,2443.2080,,
74082990,False,Sem exposicao TSB direta,0.0,2443,2443.2080,,
74091100,False,Sem exposicao TSB direta,0.0,2443,2443.2020,,
74091900,False,Sem exposicao TSB direta,0.0,2443,2443.2020,,
74092100,False,Sem exposicao TSB direta,0.0,2443,2443.2020,,
74092900,False,Sem exposicao TSB direta,0.0,2443,2443.2020,,
74093111,False,Sem exposicao TSB direta,0.0,2443,2443.2020,,
74093190,False,Sem exposicao TSB direta,0.0,2443,2443.2020,,
74093900,False,Sem exposicao TSB direta,0.0,2443,2443.2020,,
74094011,False,Sem exposicao TSB direta,0.0,2443,2443.2020,,
74094019,False,Sem exposicao TSB direta,0.0,2443,2443.2020,,
74094090,False,Sem exposicao TSB direta,0.0,2443,2443.2020,,
74099000,False,Sem exposicao TSB direta,0.0,2443,2443.2020,,
74101112,False,Sem exposicao TSB direta,0.0,2443,2443.2020,,
74101113,False,Sem exposicao TSB direta,0.0,2443,2443.2020,,
74101119,False,Sem exposicao TSB direta,0.0,2443,2443.2020,,
74101190,False,Sem exposicao TSB direta,0.0,2443,2443.2020,,
74101200,False,Sem exposicao TSB direta,0.0,2443,2443.2020,,
74102110,False,Sem exposicao TSB direta,0.0,2443,2443.2020,,
74102120,False,Sem exposicao TSB direta,0.0,2443,2443.2020,,
74102130,False,Sem exposicao TSB direta,0.0,2443,2443.2020,,
74102190,False,Sem exposicao TSB direta,0.0,2443,2443.2020,,
74102200,False,Sem exposicao TSB direta,0.0,2443,2443.2020,,
74111010,False,Sem exposicao TSB direta,0.0,2443,2443.2120,,
74111090,False,Sem exposicao TSB direta,0.0,2443,2443.2120,,
74112110,False,Sem exposicao TSB direta,0.0,2443,2443.2120,,
74112190,False,Sem exposicao TSB direta,0.0,2443,2443.2120,,
74112210,False,Sem exposicao TSB direta,0.0,2443,2443.2120,,
74112290,False,Sem exposicao TSB direta,0.0,2443,2443.2120,,
74112910,False,Sem exposicao TSB direta,0.0,2443,2443.2120,,
74112990,False,Sem exposicao TSB direta,0.0,2443,2443.2120,,
74121000,False,Sem exposicao TSB direta,0.0,2443,2443.2120,,
74122000,False,Sem exposicao TSB direta,0.0,2443,2443.2120,,
74130000,False,Sem exposicao TSB direta,0.0,2592,2592.2100,,
74151000,False,Sem exposicao TSB direta,0.0,2592,2592.2230,,
74152100,False,Sem exposicao TSB direta,0.0,2592,2592.2020,,
74152900,False,Sem exposicao TSB direta,0.0,2592,2592.2020,,
74153300,False,Sem exposicao TSB direta,0.0,2592,2592.2230,,
74153900,False,Sem exposicao TSB direta,0.0,2592,2592.2230,,
74181000,False,Sem exposicao TSB direta,0.0,2592;2593,2592.2160;2593.2050,,
74182000,False,Sem exposicao TSB direta,0.0,2593,2593.2060,,
74192000,False,Sem exposicao TSB direta,0.0,2452;2531;2532;2592,2452.2020;2531.2020;2532.2010;2592.2130,,
74198010,False,Sem exposicao TSB direta,0.0,2592,2592.2250,,
74198020,False,Sem exposicao TSB direta,0.0,2592,2592.2250,,
74198030,False,Sem exposicao TSB direta,0.0,2592,2592.2190,,
74198040,False,Sem exposicao TSB direta,0.0,2532;2599,2532.2010;2599.2035,,
74198090,False,Sem exposicao TSB direta,0.0,2592;2599,2592.2040;2592.2130;2599.2035,,
75021010,False,Sem exposicao TSB direta,0.0,2449,2449.2180,,
75021090,False,Sem exposicao TSB direta,0.0,2449,2449.2170,,
75022000,False,Sem exposicao TSB direta,0.0,2449,2449.2170,,
75030000,False,Sem exposicao TSB direta,0.0,2449,2449.2110,,
75040010,False,Sem exposicao TSB direta,0.0,2449,2449.2070,,
75040090,False,Sem exposicao TSB direta,0.0,2449,2449.2070,,
75051110,False,Sem exposicao TSB direta,0.0,2449,2449.2070,,
75051129,False,Sem exposicao TSB direta,0.0,2449,2449.2070,,
75051210,False,Sem exposicao TSB direta,0.0,2449,2449.2070,,
75051229,False,Sem exposicao TSB direta,0.0,2449,2449.2070,,
75052100,False,Sem exposicao TSB direta,0.0,2449,2449.2070,,
75052210,False,Sem exposicao TSB direta,0.0,2449,2449.2070,,
75052290,False,Sem exposicao TSB direta,0.0,2449,2449.2070,,
75061000,False,Sem exposicao TSB direta,0.0,2449;2592,2449.2070;2592.2260,,
75062000,False,Sem exposicao TSB direta,0.0,2449;2592,2449.2070;2592.2260,,
75071100,False,Sem exposicao TSB direta,0.0,2449,2449.2070,,
75071200,False,Sem exposicao TSB direta,0.0,2449,2449.2070,,
75072000,False,Sem exposicao TSB direta,0.0,2449,2449.2070,,
75081000,False,Sem exposicao TSB direta,0.0,2592,2592.2260,,
75089010,False,Sem exposicao TSB direta,0.0,2531;2599,2531.2020;2599.2035,,
75089090,False,Sem exposicao TSB direta,0.0,2452;2531;2532;2592;2599,2452.2030;2531.2020;2532.2030;2592.2050;2599.2035,,
76011000,True,Exposicao intermediaria TSB,0.3014,2441,2441.2020,24415,2492
76012000,True,Exposicao intermediaria TSB,0.3014,2441,2441.2110,24415,2492
76020000,True,Exposicao intermediaria TSB,0.3014,2441,2441.2050,24415,2492
76031000,True,Exposicao intermediaria TSB,0.3014,2441,2441.2130,24415,2492
76032000,True,Exposicao intermediaria TSB,0.3014,2441,2441.2130,24415,2492
76041010,True,Exposicao intermediaria TSB,0.3014,2441,2441.2030,24415,2492
76041021,True,Exposicao intermediaria TSB,0.3014,2441,2441.2030,24415,2492
76041029,True,Exposicao intermediaria TSB,0.3014,2441,2441.2030,24415,2492
76042100,True,Exposicao intermediaria TSB,0.3014,2441,2441.2030,24415,2492
76042911,True,Exposicao intermediaria TSB,0.3014,2441,2441.2030,24415,2492
76042919,True,Exposicao intermediaria TSB,0.3014,2441,2441.2030,24415,2492
76042920,True,Exposicao intermediaria TSB,0.3014,2441,2441.2030,24415,2492
76051110,True,Exposicao intermediaria TSB,0.3014,2441,2441.2080,24415,2492
76051190,True,Exposicao intermediaria TSB,0.3014,2441,2441.2080,24415,2492
76051910,True,Exposicao intermediaria TSB,0.3014,2441,2441.2080,24415,2492
76051990,True,Exposicao intermediaria TSB,0.3014,2441,2441.2080,24415,2492
76052110,True,Exposicao intermediaria TSB,0.3014,2441,2441.2090,24415,2492
76052190,True,Exposicao intermediaria TSB,0.3014,2441,2441.2090,24415,2492
76052910,True,Exposicao intermediaria TSB,0.3014,2441,2441.2090,24415,2492
76052990,True,Exposicao intermediaria TSB,0.3014,2441,2441.2090,24415,2492
76061110,True,Exposicao intermediaria TSB,0.3014,2441,2441.2045,24415,2492
76061190,True,Exposicao intermediaria TSB,0.3014,2441,2441.2045,24415,2492
76061210,True,Exposicao intermediaria TSB,0.3014,2441,2441.2045,24415,2492
76061220,True,Exposicao intermediaria TSB,0.3014,2441,2441.2045,24415,2492
76061230,True,Exposicao intermediaria TSB,0.3014,2441,2441.2045,24415,2492
76061290,True,Exposicao intermediaria TSB,0.3014,2441,2441.2045,24415,2492
76069100,True,Exposicao intermediaria TSB,0.3014,2441,2441.2045,24415,2492
76069200,True,Exposicao intermediaria TSB,0.3014,2441,2441.2045,24415,2492
76071110,True,Exposicao intermediaria TSB,0.3014,2441,2441.2100,24415,2492
76071120,True,Exposicao intermediaria TSB,0.3014,2441,2441.2100,24415,2492
76071190,True,Exposicao intermediaria TSB,0.3014,2441,2441.2100,24415,2492
76071910,True,Exposicao intermediaria TSB,0.3014,2441,2441.2100,24415,2492
76071990,True,Exposicao intermediaria TSB,0.3014,2441,2441.2100,24415,2492
76072000,True,Exposicao intermediaria TSB,0.3014,2441,2441.2100,24415,2492
76081000,True,Exposicao intermediaria TSB,0.3014,2441,2441.2140,24415,2492
76082010,True,Exposicao intermediaria TSB,0.3014,2441,2441.2150,24415,2492
76082090,True,Exposicao intermediaria TSB,0.3014,2441,2441.2150,24415,2492
76090000,True,Exposicao intermediaria TSB,0.3014,2441,2441.2010,24415,2492
76101000,True,Exposicao intermediaria TSB,0.0886,2512,2512.2030,25128,2500
76109000,False,Sem exposicao TSB direta,0.0,2511;2532,2511.2040;2532.2070,,
76110000,False,Sem exposicao TSB direta,0.0,2521,2521.2110,,
76121000,False,Sem exposicao TSB direta,0.0,2591,2591.2050,,
76129011,False,Sem exposicao TSB direta,0.0,2591,2591.2030;2591.2060,,
76129012,False,Sem exposicao TSB direta,0.0,2591,2591.2030;2591.2070,,
76129019,False,Sem exposicao TSB direta,0.0,2591,2591.2030;2591.2080,,
76129020,False,Sem exposicao TSB direta,0.0,2591,2591.2030,,
76129090,False,Sem exposicao TSB direta,0.0,2591,2591.2020;2591.2030;2591.2080,,
76130000,False,Sem exposicao TSB direta,0.0,2521,2521.2060,,
76141010,False,Sem exposicao TSB direta,0.0,2592,2592.2080,,
76141090,False,Sem exposicao TSB direta,0.0,2592,2592.2080,,
76149010,False,Sem exposicao TSB direta,0.0,2592,2592.2090,,
76149090,False,Sem exposicao TSB direta,0.0,2592,2592.2090,,
76151000,False,Sem exposicao TSB direta,0.0,2592;2593,2592.2150;2593.2020,,
76152000,False,Sem exposicao TSB direta,0.0,2593,2593.2060,,
76161000,False,Sem exposicao TSB direta,0.0,2592,2592.2240,,
76169100,False,Sem exposicao TSB direta,0.0,2592,2592.2270,,
76169900,True,Exposicao intermediaria TSB,0.0886,2452;2512;2531;2532;2592;2599,2452.2010;2512.2020;2531.2020;2532.2030;2592.2030;2599.2020;2599.2090,25128,2500
78011011,False,Sem exposicao TSB direta,0.0,2449,2449.2080,,
78011019,False,Sem exposicao TSB direta,0.0,2449,2449.2080,,
78011090,False,Sem exposicao TSB direta,0.0,2449,2449.2080,,
78019100,False,Sem exposicao TSB direta,0.0,2449,2449.2080,,
78019900,False,Sem exposicao TSB direta,0.0,2449,2449.2080,,
78041100,False,Sem exposicao TSB direta,0.0,2449,2449.2040,,
78041900,False,Sem exposicao TSB direta,0.0,2449,2449.2040,,
78042000,False,Sem exposicao TSB direta,0.0,2449,2449.2040,,
78060010,False,Sem exposicao TSB direta,0.0,2449,2449.2040,,
78060020,False,Sem exposicao TSB direta,0.0,2449,2449.2040,,
78060090,False,Sem exposicao TSB direta,0.0,2452;2531;2532;2599,2452.2040;2531.2020;2532.2030;2599.2035,,
79011111,False,Sem exposicao TSB direta,0.0,2449,2449.2210,,
79011119,False,Sem exposicao TSB direta,0.0,2449,2449.2210,,
79011199,False,Sem exposicao TSB direta,0.0,2449,2449.2210,,
79011210,False,Sem exposicao TSB direta,0.0,2449,2449.2210,,
79011290,False,Sem exposicao TSB direta,0.0,2449,2449.2210,,
79012010,False,Sem exposicao TSB direta,0.0,2449,2449.2210,,
79012090,False,Sem exposicao TSB direta,0.0,2449,2449.2210,,
79020000,False,Sem exposicao TSB direta,0.0,2449,2449.2110,,
79031000,False,Sem exposicao TSB direta,0.0,2449,2449.2060,,
79039000,False,Sem exposicao TSB direta,0.0,2449,2449.2060,,
79040000,False,Sem exposicao TSB direta,0.0,2449,2449.2060,,
79050000,False,Sem exposicao TSB direta,0.0,2449,2449.2060,,
79070010,False,Sem exposicao TSB direta,0.0,2449,2449.2190,,
79070090,False,Sem exposicao TSB direta,0.0,2449;2452;2531;2532;2599,2449.2190;2452.2040;2531.2020;2532.2030;2599.2035;2599.2040,,
80011000,False,Sem exposicao TSB direta,0.0,2449,2449.2120,,
80012000,False,Sem exposicao TSB direta,0.0,2449,2449.2120,,
80020000,False,Sem exposicao TSB direta,0.0,2449,2449.2110,,
80030000,False,Sem exposicao TSB direta,0.0,2449,2449.2015,,
80070010,False,Sem exposicao TSB direta,0.0,2599,2599.2035,,
80070020,False,Sem exposicao TSB direta,0.0,2599,2599.2035,,
80070030,False,Sem exposicao TSB direta,0.0,2599,2599.2035,,
80070090,False,Sem exposicao TSB direta,0.0,2452;2531;2532;2593;2599,2452.2040;2531.2020;2532.2030;2593.2050;2599.2035,,
81011000,False,Sem exposicao TSB direta,0.0,2449,2449.2165,,
81019400,False,Sem exposicao TSB direta,0.0,2449,2449.2165,,
81019600,False,Sem exposicao TSB direta,0.0,2449,2449.2020,,
81019700,False,Sem exposicao TSB direta,0.0,2449,2449.2115,,
81019910,False,Sem exposicao TSB direta,0.0,2449,2449.2020,,
81019990,False,Sem exposicao TSB direta,0.0,2449,2449.2020,,
81021000,False,Sem exposicao TSB direta,0.0,2449,2449.2165,,
81029400,False,Sem exposicao TSB direta,0.0,2449,2449.2165,,
81029500,False,Sem exposicao TSB direta,0.0,2449,2449.2020,,
81029600,False,Sem exposicao TSB direta,0.0,2449,2449.2020,,
81029700,False,Sem exposicao TSB direta,0.0,2449,2449.2115,,
81029900,False,Sem exposicao TSB direta,0.0,2449,2449.2020,,
81032000,False,Sem exposicao TSB direta,0.0,2449,2449.2165,,
81039100,False,Sem exposicao TSB direta,0.0,2449,2449.2020,,
81039900,False,Sem exposicao TSB direta,0.0,2449,2449.2020,,
81041100,False,Sem exposicao TSB direta,0.0,2449,2449.2165,,
81041900,False,Sem exposicao TSB direta,0.0,2449,2449.2165,,
81042000,False,Sem exposicao TSB direta,0.0,2449,2449.2115,,
81043000,False,Sem exposicao TSB direta,0.0,2449,2449.2020,,
81049000,False,Sem exposicao TSB direta,0.0,2449,2449.2020,,
81052010,False,Sem exposicao TSB direta,0.0,2449,2449.2165,,
81052021,False,Sem exposicao TSB direta,0.0,2449,2449.2165,,
81052029,False,Sem exposicao TSB direta,0.0,2449,2449.2165,,
81052090,False,Sem exposicao TSB direta,0.0,2449,2449.2165,,
81053000,False,Sem exposicao TSB direta,0.0,2449,2449.2115,,
81059010,False,Sem exposicao TSB direta,0.0,2449,2449.2020,,
81059090,False,Sem exposicao TSB direta,0.0,2449,2449.2020,,
81061000,False,Sem exposicao TSB direta,0.0,2449,2449.2010,,
81069000,False,Sem exposicao TSB direta,0.0,2449,2449.2010,,
81082000,False,Sem exposicao TSB direta,0.0,2449,2449.2165,,
81083000,False,Sem exposicao TSB direta,0.0,2449,2449.2115,,
81089000,False,Sem exposicao TSB direta,0.0,2449,2449.2020,,
81093900,False,Sem exposicao TSB direta,0.0,2449,2449.2115,,
81099100,False,Sem exposicao TSB direta,0.0,2449,2449.2020,,
81099900,False,Sem exposicao TSB direta,0.0,2449,2449.2020,,
81101010,False,Sem exposicao TSB direta,0.0,2449,2449.2010,,
81110010,False,Sem exposicao TSB direta,0.0,2449,2449.2140,,
81110020,False,Sem exposicao TSB direta,0.0,2449,2449.2140,,
81110090,False,Sem exposicao TSB direta,0.0,2449,2449.2140,,
81121900,False,Sem exposicao TSB direta,0.0,2449,2449.2020,,
81122110,False,Sem exposicao TSB direta,0.0,2449,2449.2010,,
81122120,False,Sem exposicao TSB direta,0.0,2449,2449.2010,,
81122900,False,Sem exposicao TSB direta,0.0,2449,2449.2010,,
81123100,False,Sem exposicao TSB direta,0.0,2449,2449.2165,,
81124100,False,Sem exposicao TSB direta,0.0,2449,2449.2165,,
81126900,False,Sem exposicao TSB direta,0.0,2449,2449.2020;2449.2165,,
81129200,False,Sem exposicao TSB direta,0.0,2449,2449.2165,,
81129900,False,Sem exposicao TSB direta,0.0,2449;2452;2531;2532,2449.2020;2452.2040;2531.2020;2532.2030,,
81130010,False,Sem exposicao TSB direta,0.0,2449,2449.2030,,
81130090,False,Sem exposicao TSB direta,0.0,2449,2449.2030,,
82011000,False,Sem exposicao TSB direta,0.0,2543,2543.2320,,
82013000,False,Sem exposicao TSB direta,0.0,2543,2543.2020,,
82014000,False,Sem exposicao TSB direta,0.0,2543,2543.2230,,
82015000,False,Sem exposicao TSB direta,0.0,2543,2543.2370,,
82016000,False,Sem exposicao TSB direta,0.0,2543,2543.2370,,
82019000,False,Sem exposicao TSB direta,0.0,2543,2543.2190;2543.2210;2543.2300;2543.2370,,
82021000,False,Sem exposicao TSB direta,0.0,2543,2543.2360,,
82022000,False,Sem exposicao TSB direta,0.0,2543,2543.2200,,
82023100,False,Sem exposicao TSB direta,0.0,2543,2543.2200,,
82023900,False,Sem exposicao TSB direta,0.0,2543,2543.2200,,
82024000,False,Sem exposicao TSB direta,0.0,2543,2543.2060,,
82029100,False,Sem exposicao TSB direta,0.0,2543,2543.2200;2543.2310,,
82029910,False,Sem exposicao TSB direta,0.0,2543,2543.2200;2543.2310,,
82029990,False,Sem exposicao TSB direta,0.0,2543,2543.2200;2543.2310,,
82031010,False,Sem exposicao TSB direta,0.0,2543,2543.2220,,
82031090,False,Sem exposicao TSB direta,0.0,2543,2543.2220,,
82032010,False,Sem exposicao TSB direta,0.0,2543,2543.2010,,
82032090,False,Sem exposicao TSB direta,0.0,2543,2543.2010,,
82033000,False,Sem exposicao TSB direta,0.0,2543,2543.2070,,
82034000,False,Sem exposicao TSB direta,0.0,2543,2543.2070,,
82041100,False,Sem exposicao TSB direta,0.0,2543,2543.2050,,
82041200,False,Sem exposicao TSB direta,0.0,2543,2543.2050,,
82042000,False,Sem exposicao TSB direta,0.0,2543,2543.2050,,
82051000,False,Sem exposicao TSB direta,0.0,2543,2543.2160,,
82052000,False,Sem exposicao TSB direta,0.0,2543,2543.2240,,
82053000,False,Sem exposicao TSB direta,0.0,2543,2543.2340,,
82054000,False,Sem exposicao TSB direta,0.0,2543,2543.2040,,
82055100,False,Sem exposicao TSB direta,0.0,2593,2593.2010,,
82055900,False,Sem exposicao TSB direta,0.0,2543,2543.2160;2543.2170,,
82056000,False,Sem exposicao TSB direta,0.0,2543,2543.2160,,
82057000,False,Sem exposicao TSB direta,0.0,2543,2543.2390,,
82059000,False,Sem exposicao TSB direta,0.0,2543,2543.2160,,
82060000,False,Sem exposicao TSB direta,0.0,2543,2543.2160,,
82071300,False,Sem exposicao TSB direta,0.0,2543;2851,2543.2140;2851.2010,,
82071910,False,Sem exposicao TSB direta,0.0,2543;2851,2543.2140;2851.2010,,
82071990,False,Sem exposicao TSB direta,0.0,2543;2851,2543.2140;2851.2010,,
82072000,False,Sem exposicao TSB direta,0.0,2543,2543.2150,,
82073000,False,Sem exposicao TSB direta,0.0,2543,2543.2110,,
82074010,False,Sem exposicao TSB direta,0.0,2543,2543.2130,,
82074020,False,Sem exposicao TSB direta,0.0,2543,2543.2130,,
82075011,False,Sem exposicao TSB direta,0.0,2543,2543.2130,,
82075019,False,Sem exposicao TSB direta,0.0,2543,2543.2130,,
82075090,False,Sem exposicao TSB direta,0.0,2543,2543.2130,,
82076000,False,Sem exposicao TSB direta,0.0,2543,2543.2130,,
82077010,False,Sem exposicao TSB direta,0.0,2543,2543.2120,,
82077020,False,Sem exposicao TSB direta,0.0,2543,2543.2120,,
82077090,False,Sem exposicao TSB direta,0.0,2543,2543.2120,,
82078000,False,Sem exposicao TSB direta,0.0,2543,2543.2180,,
82079000,False,Sem exposicao TSB direta,0.0,2543,2543.2100;2543.2150,,
82081000,False,Sem exposicao TSB direta,0.0,2543,2543.2090,,
82082000,False,Sem exposicao TSB direta,0.0,2543,2543.2090,,
82083000,False,Sem exposicao TSB direta,0.0,2543,2543.2090,,
82084000,False,Sem exposicao TSB direta,0.0,2543,2543.2090,,
82089000,False,Sem exposicao TSB direta,0.0,2543,2543.2090,,
82090011,False,Sem exposicao TSB direta,0.0,2543,2543.2350,,
82090019,False,Sem exposicao TSB direta,0.0,2543,2543.2350,,
82090090,False,Sem exposicao TSB direta,0.0,2543,2543.2350,,
82100010,False,Sem exposicao TSB direta,0.0,2593,2593.2080,,
82100090,False,Sem exposicao TSB direta,0.0,2593,2593.2080,,
82111000,False,Sem exposicao TSB direta,0.0,2541,2541.2070,,
82119100,False,Sem exposicao TSB direta,0.0,2541,2541.2070,,
82119210,False,Sem exposicao TSB direta,0.0,2543,2543.2080,,
82119220,False,Sem exposicao TSB direta,0.0,2543,2543.2080,,
82119290,False,Sem exposicao TSB direta,0.0,2543,2543.2080,,
82119310,False,Sem exposicao TSB direta,0.0,2543,2543.2080,,
82119320,False,Sem exposicao TSB direta,0.0,2541,2541.2060,,
82119390,False,Sem exposicao TSB direta,0.0,2541,2541.2060,,
82119400,False,Sem exposicao TSB direta,0.0,2541,2541.2040,,
82119500,False,Sem exposicao TSB direta,0.0,2541,2541.2040,,
82121010,False,Sem exposicao TSB direta,0.0,2541,2541.2011,,
82121020,False,Sem exposicao TSB direta,0.0,2541,2541.2011,,
82122010,False,Sem exposicao TSB direta,0.0,2541,2541.2011,,
82122020,False,Sem exposicao TSB direta,0.0,2541,2541.2011,,
82129000,False,Sem exposicao TSB direta,0.0,2541,2541.2011,,
82130000,False,Sem exposicao TSB direta,0.0,2541;2543,2541.2120;2543.2380,,
82141000,False,Sem exposicao TSB direta,0.0,2541,2541.2020,,
82142000,False,Sem exposicao TSB direta,0.0,2541,2541.2030,,
82149010,False,Sem exposicao TSB direta,0.0,2541,2541.2030,,
82149090,False,Sem exposicao TSB direta,0.0,2541,2541.2030,,
82151000,False,Sem exposicao TSB direta,0.0,2541,2541.2050,,
82152000,False,Sem exposicao TSB direta,0.0,2541,2541.2050,,
82159100,False,Sem exposicao TSB direta,0.0,2541,2541.2050,,
82159910,False,Sem exposicao TSB direta,0.0,2541,2541.2050,,
82159990,False,Sem exposicao TSB direta,0.0,2541,2541.2050,,
83011000,False,Sem exposicao TSB direta,0.0,2542,2542.2020,,
83012000,False,Sem exposicao TSB direta,0.0,2542,2542.2070,,
83013000,False,Sem exposicao TSB direta,0.0,2542,2542.2060,,
83014000,False,Sem exposicao TSB direta,0.0,2542,2542.2050,,
83015000,False,Sem exposicao TSB direta,0.0,2542,2542.2050,,
83016000,False,Sem exposicao TSB direta,0.0,2542,2542.2130,,
83017000,False,Sem exposicao TSB direta,0.0,2542,2542.2030,,
83021000,False,Sem exposicao TSB direta,0.0,2542,2542.2040,,
83022000,False,Sem exposicao TSB direta,0.0,2542,2542.2140,,
83023000,False,Sem exposicao TSB direta,0.0,2542,2542.2120,,
83024100,False,Sem exposicao TSB direta,0.0,2542,2542.2090,,
83024200,False,Sem exposicao TSB direta,0.0,2542,2542.2100,,
83024900,False,Sem exposicao TSB direta,0.0,2542,2542.2010;2542.2110,,
83025000,False,Sem exposicao TSB direta,0.0,2599,2599.2210,,
83026000,False,Sem exposicao TSB direta,0.0,2542,2542.2080,,
83030000,False,Sem exposicao TSB direta,0.0,2599,2599.2070;2599.2180,,
83040000,False,Sem exposicao TSB direta,0.0,2599,2599.2060,,
83051000,False,Sem exposicao TSB direta,0.0,2599,2599.2120,,
83052000,False,Sem exposicao TSB direta,0.0,2599,2599.2120,,
83059000,False,Sem exposicao TSB direta,0.0,2599,2599.2120,,
83061000,False,Sem exposicao TSB direta,0.0,2599,2599.2190,,
83062100,False,Sem exposicao TSB direta,0.0,2599;3299,2599.2100;3299.2350,,
83062900,False,Sem exposicao TSB direta,0.0,2599;3299,2599.2100;3299.2350,,
83063000,False,Sem exposicao TSB direta,0.0,2599,2599.2150,,
83071010,False,Sem exposicao TSB direta,0.0,2439,2439.2040,,
83071090,False,Sem exposicao TSB direta,0.0,2439,2439.2040,,
83079000,False,Sem exposicao TSB direta,0.0,2439,2439.2040,,
83081000,False,Sem exposicao TSB direta,0.0,3299,3299.2160,,
83082000,False,Sem exposicao TSB direta,0.0,3299,3299.2160,,
83089010,False,Sem exposicao TSB direta,0.0,3299,3299.2160,,
83089020,False,Sem exposicao TSB direta,0.0,3299,3299.2160,,
83089090,False,Sem exposicao TSB direta,0.0,3299,3299.2160,,
83091000,False,Sem exposicao TSB direta,0.0,2591,2591.2100,,
83099000,False,Sem exposicao TSB direta,0.0,2591,2591.2100,,
83100000,False,Sem exposicao TSB direta,0.0,3299,3299.2320,,
83111000,False,Sem exposicao TSB direta,0.0,2599,2599.2125,,
83112000,False,Sem exposicao TSB direta,0.0,2599,2599.2125,,
83113000,False,Sem exposicao TSB direta,0.0,2599,2599.2125,,
83119000,False,Sem exposicao TSB direta,0.0,2599,2599.2125,,
84013000,True,Exposicao intermediaria TSB,0.6944,2019,2019.2300,20193,2091
84014000,False,Sem exposicao TSB direta,0.0,2522,2522.2060,,
84021100,False,Sem exposicao TSB direta,0.0,2522,2522.2020,,
84021200,False,Sem exposicao TSB direta,0.0,2522,2522.2020,,
84021900,False,Sem exposicao TSB direta,0.0,2522,2522.2020,,
84022000,False,Sem exposicao TSB direta,0.0,2522,2522.2020,,
84029000,False,Sem exposicao TSB direta,0.0,2522,2522.2040,,
84031010,False,Sem exposicao TSB direta,0.0,2521,2521.2020,,
84031090,False,Sem exposicao TSB direta,0.0,2521,2521.2020,,
84039000,False,Sem exposicao TSB direta,0.0,2521,2521.2040,,
84041010,False,Sem exposicao TSB direta,0.0,2522,2522.2010,,
84041020,False,Sem exposicao TSB direta,0.0,2521,2521.2010,,
84042000,False,Sem exposicao TSB direta,0.0,2522,2522.2030,,
84049010,False,Sem exposicao TSB direta,0.0,2522,2522.2050,,
84049090,False,Sem exposicao TSB direta,0.0,2521,2521.2030,,
84051000,False,Sem exposicao TSB direta,0.0,2829,2829.2180,,
84059000,False,Sem exposicao TSB direta,0.0,2829,2829.2350,,
84061000,False,Sem exposicao TSB direta,0.0,2811,2811.2130,,
84068100,False,Sem exposicao TSB direta,0.0,2811,2811.2130,,
84068200,False,Sem exposicao TSB direta,0.0,2811,2811.2130,,
84069011,False,Sem exposicao TSB direta,0.0,2811,2811.2090,,
84069019,False,Sem exposicao TSB direta,0.0,2811,2811.2090,,
84069021,False,Sem exposicao TSB direta,0.0,2811,2811.2090,,
84069029,False,Sem exposicao TSB direta,0.0,2811,2811.2090,,
84069090,False,Sem exposicao TSB direta,0.0,2811,2811.2090,,
84071000,False,Sem exposicao TSB direta,0.0,3042,3042.2040,,
84072110,False,Sem exposicao TSB direta,0.0,2811,2811.2030,,
84072190,False,Sem exposicao TSB direta,0.0,2811,2811.2030,,
84072910,False,Sem exposicao TSB direta,0.0,2811,2811.2030,,
84072990,False,Sem exposicao TSB direta,0.0,2811,2811.2030,,
84073110,False,Sem exposicao TSB direta,0.0,2910;3091,2910.2090;3091.2070,,
84073190,False,Sem exposicao TSB direta,0.0,2910;3091,2910.2090;3091.2070,,
84073200,False,Sem exposicao TSB direta,0.0,2910;3091,2910.2090;3091.2070,,
84073310,False,Sem exposicao TSB direta,0.0,2910;3091,2910.2090;3091.2070,,
84073390,False,Sem exposicao TSB direta,0.0,2910;3091,2910.2090;3091.2070,,
84073410,False,Sem exposicao TSB direta,0.0,2910;3091,2910.2090;3091.2070,,
84073490,False,Sem exposicao TSB direta,0.0,2910;3091,2910.2090;3091.2070,,
84079000,False,Sem exposicao TSB direta,0.0,2811,2811.2028,,
84081010,False,Sem exposicao TSB direta,0.0,2811,2811.2030,,
84081090,False,Sem exposicao TSB direta,0.0,2811,2811.2030,,
84082010,False,Sem exposicao TSB direta,0.0,2811;2910;2920,2811.2020;2910.2100;2920.2090,,
84082020,False,Sem exposicao TSB direta,0.0,2811;2910;2920,2811.2020;2910.2100;2920.2090,,
84082030,False,Sem exposicao TSB direta,0.0,2811;2910;2920,2811.2020;2910.2100;2920.2090,,
84082090,False,Sem exposicao TSB direta,0.0,2811;2910;2920,2811.2020;2910.2100;2920.2090,,
84089010,False,Sem exposicao TSB direta,0.0,2811,2811.2025,,
84089090,False,Sem exposicao TSB direta,0.0,2811,2811.2025,,
84091000,False,Sem exposicao TSB direta,0.0,3042,3042.2050,,
84099111,False,Sem exposicao TSB direta,0.0,2941,2941.2040,,
84099112,False,Sem exposicao TSB direta,0.0,2941,2941.2040,,
84099113,False,Sem exposicao TSB direta,0.0,2941,2941.2040,,
84099114,False,Sem exposicao TSB direta,0.0,2941,2941.2040,,
84099115,False,Sem exposicao TSB direta,0.0,2941,2941.2040,,
84099116,False,Sem exposicao TSB direta,0.0,2941,2941.2040,,
84099117,False,Sem exposicao TSB direta,0.0,2941,2941.2040,,
84099118,False,Sem exposicao TSB direta,0.0,2941,2941.2040,,
84099120,False,Sem exposicao TSB direta,0.0,2941,2941.2040,,
84099130,False,Sem exposicao TSB direta,0.0,2941,2941.2040,,
84099140,False,Sem exposicao TSB direta,0.0,2945,2945.2060,,
84099190,False,Sem exposicao TSB direta,0.0,2811;2941,2811.2080;2941.2040,,
84099912,False,Sem exposicao TSB direta,0.0,2941,2941.2040,,
84099914,False,Sem exposicao TSB direta,0.0,2941,2941.2040,,
84099915,False,Sem exposicao TSB direta,0.0,2941,2941.2040,,
84099917,False,Sem exposicao TSB direta,0.0,2941,2941.2040,,
84099921,False,Sem exposicao TSB direta,0.0,2941,2941.2040,,
84099929,False,Sem exposicao TSB direta,0.0,2941,2941.2040,,
84099930,False,Sem exposicao TSB direta,0.0,2941,2941.2040,,
84099941,False,Sem exposicao TSB direta,0.0,2941,2941.2040,,
84099949,False,Sem exposicao TSB direta,0.0,2941,2941.2040,,
84099951,False,Sem exposicao TSB direta,0.0,2941,2941.2040,,
84099959,False,Sem exposicao TSB direta,0.0,2941,2941.2040,,
84099961,False,Sem exposicao TSB direta,0.0,2941,2941.2040,,
84099969,False,Sem exposicao TSB direta,0.0,2941,2941.2040,,
84099971,False,Sem exposicao TSB direta,0.0,2941,2941.2040,,
84099979,False,Sem exposicao TSB direta,0.0,2941,2941.2040,,
84099991,False,Sem exposicao TSB direta,0.0,2811;2941,2811.2080;2941.2040,,
84099999,False,Sem exposicao TSB direta,0.0,2811;2941,2811.2080;2941.2040,,
84101100,False,Sem exposicao TSB direta,0.0,2811,2811.2140,,
84101200,False,Sem exposicao TSB direta,0.0,2811,2811.2140,,
84109000,False,Sem exposicao TSB direta,0.0,2811,2811.2110,,
84111100,False,Sem exposicao TSB direta,0.0,3042,3042.2090,,
84111200,False,Sem exposicao TSB direta,0.0,3042,3042.2090,,
84112100,False,Sem exposicao TSB direta,0.0,3042,3042.2090,,
84112200,False,Sem exposicao TSB direta,0.0,3042,3042.2090,,
84118100,False,Sem exposicao TSB direta,0.0,2811,2811.2120,,
84118200,False,Sem exposicao TSB direta,0.0,2811,2811.2120,,
84119100,False,Sem exposicao TSB direta,0.0,3042,3042.2060,,
84119900,False,Sem exposicao TSB direta,0.0,2811,2811.2100,,
84121000,False,Sem exposicao TSB direta,0.0,3042,3042.2080,,
84122110,False,Sem exposicao TSB direta,0.0,2812,2812.2070,,
84122190,False,Sem exposicao TSB direta,0.0,2812,2812.2070,,
84122900,False,Sem exposicao TSB direta,0.0,2812,2812.2070,,
84123110,False,Sem exposicao TSB direta,0.0,2812,2812.2080,,
84123190,False,Sem exposicao TSB direta,0.0,2812,2812.2080,,
84123900,False,Sem exposicao TSB direta,0.0,2812,2812.2080,,
84128000,False,Sem exposicao TSB direta,0.0,2811,2811.2015,,
84129010,False,Sem exposicao TSB direta,0.0,2811;2812,2811.2100;2812.2110,,
84129020,False,Sem exposicao TSB direta,0.0,2811;2812,2811.2100;2812.2110,,
84129080,False,Sem exposicao TSB direta,0.0,2811;2812,2811.2100;2812.2110,,
84129090,False,Sem exposicao TSB direta,0.0,2811;2812,2811.2100;2812.2110,,
84131100,False,Sem exposicao TSB direta,0.0,2812,2812.2030,,
84131900,False,Sem exposicao TSB direta,0.0,2812,2812.2030,,
84132000,False,Sem exposicao TSB direta,0.0,2812,2812.2030,,
84133010,False,Sem exposicao TSB direta,0.0,2941,2941.2010,,
84133020,False,Sem exposicao TSB direta,0.0,2941,2941.2010,,
84133030,False,Sem exposicao TSB direta,0.0,2941,2941.2010,,
84133090,False,Sem exposicao TSB direta,0.0,2941,2941.2010,,
84134000,False,Sem exposicao TSB direta,0.0,2812,2812.2030,,
84135010,False,Sem exposicao TSB direta,0.0,2812,2812.2040,,
84135090,False,Sem exposicao TSB direta,0.0,2812,2812.2040,,
84136011,False,Sem exposicao TSB direta,0.0,2812,2812.2050,,
84136019,False,Sem exposicao TSB direta,0.0,2812;2944,2812.2050;2944.2040,,
84136090,False,Sem exposicao TSB direta,0.0,2812,2812.2050,,
84137010,False,Sem exposicao TSB direta,0.0,2812,2812.2010,,
84137080,False,Sem exposicao TSB direta,0.0,2812,2812.2010,,
84137090,False,Sem exposicao TSB direta,0.0,2812,2812.2010,,
84138100,False,Sem exposicao TSB direta,0.0,2812,2812.2030;2812.2060,,
84138200,False,Sem exposicao TSB direta,0.0,2812,2812.2030,,
84139110,False,Sem exposicao TSB direta,0.0,2812,2812.2100,,
84139190,False,Sem exposicao TSB direta,0.0,2812;2941,2812.2100;2941.2010,,
84139200,False,Sem exposicao TSB direta,0.0,2812,2812.2100,,
84141000,False,Sem exposicao TSB direta,0.0,2812,2812.2020,,
84142000,False,Sem exposicao TSB direta,0.0,2812,2812.2020,,
84143011,False,Sem exposicao TSB direta,0.0,2814;2821,2814.2010;2821.2060,,
84143019,False,Sem exposicao TSB direta,0.0,2814;2821,2814.2010;2821.2060,,
84143091,False,Sem exposicao TSB direta,0.0,2814;2821,2814.2010;2821.2060,,
84143099,False,Sem exposicao TSB direta,0.0,2814;2821,2814.2010;2821.2060,,
84144010,False,Sem exposicao TSB direta,0.0,2814;2821,2814.2020;2821.2060,,
84144020,False,Sem exposicao TSB direta,0.0,2814;2821,2814.2020;2821.2060,,
84144090,False,Sem exposicao TSB direta,0.0,2814;2821,2814.2020;2821.2060,,
84145110,False,Sem exposicao TSB direta,0.0,2759,2759.2240,,
84145120,False,Sem exposicao TSB direta,0.0,2759,2759.2240,,
84145190,False,Sem exposicao TSB direta,0.0,2759,2759.2240,,
84145910,False,Sem exposicao TSB direta,0.0,2823,2823.2150,,
84145990,False,Sem exposicao TSB direta,0.0,2823,2823.2150,,
84146000,False,Sem exposicao TSB direta,0.0,2759,2759.2080,,
84147000,False,Sem exposicao TSB direta,0.0,2823;2829,2823.201X;2829.2081,,
84148011,False,Sem exposicao TSB direta,0.0,2814,2814.2030,,
84148012,False,Sem exposicao TSB direta,0.0,2814,2814.2030,,
84148013,False,Sem exposicao TSB direta,0.0,2814,2814.2030,,
84148019,False,Sem exposicao TSB direta,0.0,2814,2814.2030,,
84148021,False,Sem exposicao TSB direta,0.0,2814,2814.2060,,
84148022,False,Sem exposicao TSB direta,0.0,2814,2814.2020,,
84148029,False,Sem exposicao TSB direta,0.0,2814,2814.2030,,
84148031,False,Sem exposicao TSB direta,0.0,2814,2814.2040,,
84148032,False,Sem exposicao TSB direta,0.0,2814,2814.2040,,
84148033,False,Sem exposicao TSB direta,0.0,2814,2814.2040,,
84148038,False,Sem exposicao TSB direta,0.0,2814,2814.2040,,
84148039,False,Sem exposicao TSB direta,0.0,2814,2814.2040,,
84148090,False,Sem exposicao TSB direta,0.0,2814;2823,2814.2030;2823.2150,,
84149010,False,Sem exposicao TSB direta,0.0,2812,2812.2090,,
84149020,False,Sem exposicao TSB direta,0.0,2823,2823.2090,,
84149031,False,Sem exposicao TSB direta,0.0,2814,2814.2050,,
84149032,False,Sem exposicao TSB direta,0.0,2814,2814.2050,,
84149033,False,Sem exposicao TSB direta,0.0,2814,2814.2050,,
84149034,False,Sem exposicao TSB direta,0.0,2814,2814.2050,,
84149039,False,Sem exposicao TSB direta,0.0,2814,2814.2050,,
84149040,False,Sem exposicao TSB direta,0.0,2814,2814.2050,,
84151011,False,Sem exposicao TSB direta,0.0,2824,2824.2010,,
84151019,False,Sem exposicao TSB direta,0.0,2824,2824.2010,,
84151090,False,Sem exposicao TSB direta,0.0,2824,2824.2010,,
84152010,False,Sem exposicao TSB direta,0.0,2824,2824.2020,,
84152090,False,Sem exposicao TSB direta,0.0,2824,2824.2020,,
84158110,False,Sem exposicao TSB direta,0.0,2824,2824.2030,,
84158190,False,Sem exposicao TSB direta,0.0,2824,2824.2030,,
84158210,False,Sem exposicao TSB direta,0.0,2824,2824.2030,,
84158290,False,Sem exposicao TSB direta,0.0,2824,2824.2030,,
84158300,False,Sem exposicao TSB direta,0.0,2824,2824.2030,,
84159010,False,Sem exposicao TSB direta,0.0,2824,2824.2040,,
84159020,False,Sem exposicao TSB direta,0.0,2824,2824.2040,,
84159090,False,Sem exposicao TSB direta,0.0,2824,2824.2040,,
84161000,False,Sem exposicao TSB direta,0.0,2821,2821.2170,,
84162010,False,Sem exposicao TSB direta,0.0,2821,2821.2170,,
84162090,False,Sem exposicao TSB direta,0.0,2821,2821.2170,,
84163000,False,Sem exposicao TSB direta,0.0,2821,2821.2170,,
84169000,False,Sem exposicao TSB direta,0.0,2821,2821.2130,,
84171010,False,Sem exposicao TSB direta,0.0,2821,2821.2070,,
84171020,False,Sem exposicao TSB direta,0.0,2821,2821.2070,,
84171090,False,Sem exposicao TSB direta,0.0,2821,2821.2070,,
84172000,False,Sem exposicao TSB direta,0.0,2862,2862.2030,,
84178010,False,Sem exposicao TSB direta,0.0,2821,2821.2070,,
84178020,False,Sem exposicao TSB direta,0.0,2821,2821.2070,,
84178090,False,Sem exposicao TSB direta,0.0,2821;2862,2821.2070;2862.2040,,
84179000,False,Sem exposicao TSB direta,0.0,2821,2821.2120,,
84181000,False,Sem exposicao TSB direta,0.0,2751,2751.2100,,
84182100,False,Sem exposicao TSB direta,0.0,2751,2751.2100,,
84182900,False,Sem exposicao TSB direta,0.0,2751,2751.2100,,
84183000,False,Sem exposicao TSB direta,0.0,2751,2751.2100,,
84184000,False,Sem exposicao TSB direta,0.0,2751,2751.2100,,
84185010,False,Sem exposicao TSB direta,0.0,2823,2823.2020,,
84185090,False,Sem exposicao TSB direta,0.0,2823,2823.2065,,
84186100,False,Sem exposicao TSB direta,0.0,2823,2823.2060,,
84186910,False,Sem exposicao TSB direta,0.0,2823,2823.2050,,
84186920,False,Sem exposicao TSB direta,0.0,2823,2823.2120,,
84186931,False,Sem exposicao TSB direta,0.0,2823,2823.2130,,
84186932,False,Sem exposicao TSB direta,0.0,2823,2823.2140,,
84186940,False,Sem exposicao TSB direta,0.0,2823,2823.2030,,
84186991,False,Sem exposicao TSB direta,0.0,2823,2823.2060,,
84186999,False,Sem exposicao TSB direta,0.0,2823,2823.2060;2823.2070,,
84189100,False,Sem exposicao TSB direta,0.0,2823,2823.2040,,
84189900,False,Sem exposicao TSB direta,0.0,2751;2823,2751.2090;2823.2080,,
84191100,False,Sem exposicao TSB direta,0.0,2821,2821.2020,,
84191200,False,Sem exposicao TSB direta,0.0,2821,2821.2030,,
84191900,False,Sem exposicao TSB direta,0.0,2821,2821.2020,,
84192000,False,Sem exposicao TSB direta,0.0,3250,3250.2140,,
84193300,False,Sem exposicao TSB direta,0.0,2869,2869.2110,,
84193400,False,Sem exposicao TSB direta,0.0,2862,2862.2220,,
84193500,False,Sem exposicao TSB direta,0.0,2865,2865.2080,,
84193900,False,Sem exposicao TSB direta,0.0,2863;2869,2863.2120;2869.2110,,
84194010,False,Sem exposicao TSB direta,0.0,2829,2829.2020,,
84194020,False,Sem exposicao TSB direta,0.0,2829,2829.2020,,
84194090,False,Sem exposicao TSB direta,0.0,2829,2829.2020,,
84195010,False,Sem exposicao TSB direta,0.0,2829,2829.2510,,
84195021,False,Sem exposicao TSB direta,0.0,2829,2829.2510,,
84195022,False,Sem exposicao TSB direta,0.0,2829,2829.2510,,
84195029,False,Sem exposicao TSB direta,0.0,2829,2829.2510,,
84195090,False,Sem exposicao TSB direta,0.0,2829,2829.2510,,
84196000,False,Sem exposicao TSB direta,0.0,2823,2823.2010,,
84198110,False,Sem exposicao TSB direta,0.0,2862,2862.2010,,
84198190,False,Sem exposicao TSB direta,0.0,2829;2862,2829.2040;2862.2030,,
84198911,False,Sem exposicao TSB direta,0.0,2829,2829.2130,,
84198919,False,Sem exposicao TSB direta,0.0,2829,2829.2130,,
84198920,False,Sem exposicao TSB direta,0.0,2821,2821.2040,,
84198930,False,Sem exposicao TSB direta,0.0,2862,2862.2230,,
84198940,False,Sem exposicao TSB direta,0.0,2821,2821.2045,,
84198991,False,Sem exposicao TSB direta,0.0,2823,2823.2100,,
84198999,False,Sem exposicao TSB direta,0.0,2821,2821.2045,,
84199010,False,Sem exposicao TSB direta,0.0,2821,2821.2140,,
84199020,False,Sem exposicao TSB direta,0.0,2821,2821.2080,,
84199031,False,Sem exposicao TSB direta,0.0,2821,2821.2080,,
84199039,False,Sem exposicao TSB direta,0.0,2829,2829.2420,,
84199040,False,Sem exposicao TSB direta,0.0,2821;2829;2862,2821.2090;2829.2330;2862.2170,,
84199090,False,Sem exposicao TSB direta,0.0,2821,2821.2080,,
84201010,False,Sem exposicao TSB direta,0.0,2829,2829.2085,,
84201090,False,Sem exposicao TSB direta,0.0,2829,2829.2083;2829.2087,,
84209100,False,Sem exposicao TSB direta,0.0,2829,2829.2345,,
84209900,False,Sem exposicao TSB direta,0.0,2829,2829.2345,,
84211110,False,Sem exposicao TSB direta,0.0,2862,2862.2020,,
84211190,False,Sem exposicao TSB direta,0.0,2862,2862.2020,,
84211210,False,Sem exposicao TSB direta,0.0,2864,2864.2150,,
84211290,False,Sem exposicao TSB direta,0.0,2864,2864.2150,,
84211910,False,Sem exposicao TSB direta,0.0,2829,2829.2110,,
84211990,False,Sem exposicao TSB direta,0.0,2829,2829.2120,,
84212100,False,Sem exposicao TSB direta,0.0,2759;2829,2759.2120;2829.2030,,
84212200,False,Sem exposicao TSB direta,0.0,2829,2829.2030,,
84212300,False,Sem exposicao TSB direta,0.0,2829;2941,2829.2030;2941.2030,,
84212911,False,Sem exposicao TSB direta,0.0,2829,2829.2030;2829.2185,,
84212919,False,Sem exposicao TSB direta,0.0,2829,2829.2030;2829.2185,,
84212920,False,Sem exposicao TSB direta,0.0,2829,2829.2030,,
84212930,False,Sem exposicao TSB direta,0.0,2829,2829.2030,,
84212990,False,Sem exposicao TSB direta,0.0,2829,2829.2030,,
84213100,False,Sem exposicao TSB direta,0.0,2829;2941,2829.2150;2941.2030,,
84213200,False,Sem exposicao TSB direta,0.0,2949,2949.2050,,
84213910,False,Sem exposicao TSB direta,0.0,2829,2829.2160,,
84213930,False,Sem exposicao TSB direta,0.0,2829,2829.2160,,
84213990,False,Sem exposicao TSB direta,0.0,2829,2829.2160,,
84219110,False,Sem exposicao TSB direta,0.0,2864,2864.2130,,
84219191,False,Sem exposicao TSB direta,0.0,2829,2829.2470,,
84219199,False,Sem exposicao TSB direta,0.0,2829,2829.2340,,
84219910,False,Sem exposicao TSB direta,0.0,2829,2829.2340,,
84219920,False,Sem exposicao TSB direta,0.0,2829,2829.2425,,
84219991,False,Sem exposicao TSB direta,0.0,2829,2829.2340,,
84219999,False,Sem exposicao TSB direta,0.0,2829,2829.2340,,
84221100,False,Sem exposicao TSB direta,0.0,2751,2751.2040,,
84221900,False,Sem exposicao TSB direta,0.0,2829,2829.2240,,
84222000,False,Sem exposicao TSB direta,0.0,2829,2829.2320,,
84223010,False,Sem exposicao TSB direta,0.0,2829,2829.2290,,
84223021,False,Sem exposicao TSB direta,0.0,2829,2829.2290,,
84223022,False,Sem exposicao TSB direta,0.0,2829,2829.2290,,
84223023,False,Sem exposicao TSB direta,0.0,2829,2829.2290,,
84223029,False,Sem exposicao TSB direta,0.0,2829,2829.2290,,
84223030,False,Sem exposicao TSB direta,0.0,2829,2829.2290,,
84224010,False,Sem exposicao TSB direta,0.0,2829,2829.2290,,
84224020,False,Sem exposicao TSB direta,0.0,2829,2829.2290,,
84224030,False,Sem exposicao TSB direta,0.0,2829,2829.2290,,
84224090,False,Sem exposicao TSB direta,0.0,2829,2829.2290,,
84229010,False,Sem exposicao TSB direta,0.0,2751,2751.2050,,
84229090,False,Sem exposicao TSB direta,0.0,2829,2829.2370;2829.2380;2829.2390,,
84231000,False,Sem exposicao TSB direta,0.0,2829,2829.2070,,
84232000,False,Sem exposicao TSB direta,0.0,2829,2829.2070,,
84233011,False,Sem exposicao TSB direta,0.0,2829,2829.2070,,
84233019,False,Sem exposicao TSB direta,0.0,2829,2829.2070,,
84233090,False,Sem exposicao TSB direta,0.0,2829,2829.2070,,
84238110,False,Sem exposicao TSB direta,0.0,2829,2829.2070,,
84238190,False,Sem exposicao TSB direta,0.0,2829,2829.2070,,
84238200,False,Sem exposicao TSB direta,0.0,2829,2829.2070,,
84238900,False,Sem exposicao TSB direta,0.0,2829,2829.2070,,
84239010,False,Sem exposicao TSB direta,0.0,2829,2829.2450,,
84239021,False,Sem exposicao TSB direta,0.0,2829,2829.2450,,
84239029,False,Sem exposicao TSB direta,0.0,2829,2829.2450,,
84241000,False,Sem exposicao TSB direta,0.0,2829,2829.2140,,
84242000,False,Sem exposicao TSB direta,0.0,2829,2829.2460,,
84243010,False,Sem exposicao TSB direta,0.0,2829,2829.2270,,
84243020,False,Sem exposicao TSB direta,0.0,2829,2829.2250,,
84243030,False,Sem exposicao TSB direta,0.0,2829,2829.2250,,
84243090,False,Sem exposicao TSB direta,0.0,2829,2829.2250,,
84244100,False,Sem exposicao TSB direta,0.0,2833,2833.2060,,
84244900,False,Sem exposicao TSB direta,0.0,2833,2833.2060,,
84248221,False,Sem exposicao TSB direta,0.0,2832,2832.2010,,
84248229,False,Sem exposicao TSB direta,0.0,2832,2832.2010,,
84248290,False,Sem exposicao TSB direta,0.0,2833,2833.2060,,
84248910,False,Sem exposicao TSB direta,0.0,2829,2829.2050,,
84248920,False,Sem exposicao TSB direta,0.0,2829,2829.2050,,
84248990,False,Sem exposicao TSB direta,0.0,2829,2829.2050;2829.2280;2829.2310,,
84249010,False,Sem exposicao TSB direta,0.0,2832;2833,2832.2020;2833.2150,,
84249090,False,Sem exposicao TSB direta,0.0,2832;2833,2832.2020;2833.2150,,
84251100,False,Sem exposicao TSB direta,0.0,2822,2822.2200,,
84251910,False,Sem exposicao TSB direta,0.0,2822,2822.2200,,
84251990,False,Sem exposicao TSB direta,0.0,2822,2822.2200,,
84253110,False,Sem exposicao TSB direta,0.0,2822,2822.2200,,
84253190,False,Sem exposicao TSB direta,0.0,2822,2822.2200,,
84253910,False,Sem exposicao TSB direta,0.0,2822,2822.2200,,
84253990,False,Sem exposicao TSB direta,0.0,2822,2822.2200,,
84254100,False,Sem exposicao TSB direta,0.0,2822,2822.2055,,
84254200,False,Sem exposicao TSB direta,0.0,2822,2822.2104,,
84254910,False,Sem exposicao TSB direta,0.0,2822,2822.2104,,
84254990,False,Sem exposicao TSB direta,0.0,2822,2822.2104,,
84261100,False,Sem exposicao TSB direta,0.0,2822,2822.2040,,
84261200,False,Sem exposicao TSB direta,0.0,2822,2822.2040,,
84261900,False,Sem exposicao TSB direta,0.0,2822,2822.2040,,
84262000,False,Sem exposicao TSB direta,0.0,2822,2822.2040,,
84263000,False,Sem exposicao TSB direta,0.0,2822,2822.2040,,
84264190,False,Sem exposicao TSB direta,0.0,2822,2822.2130,,
84264910,False,Sem exposicao TSB direta,0.0,2822,2822.2130,,
84264990,False,Sem exposicao TSB direta,0.0,2822,2822.2130,,
84269100,False,Sem exposicao TSB direta,0.0,2822,2822.2130,,
84269900,False,Sem exposicao TSB direta,0.0,2822,2822.2130,,
84271011,False,Sem exposicao TSB direta,0.0,2822,2822.2070,,
84271019,False,Sem exposicao TSB direta,0.0,2822,2822.2070,,
84271090,False,Sem exposicao TSB direta,0.0,2822,2822.2070,,
84272010,False,Sem exposicao TSB direta,0.0,2822,2822.2070,,
84272090,False,Sem exposicao TSB direta,0.0,2822,2822.2070,,
84279000,False,Sem exposicao TSB direta,0.0,2822,2822.2070,,
84281000,False,Sem exposicao TSB direta,0.0,2822,2822.2050;2822.2060,,
84282010,False,Sem exposicao TSB direta,0.0,2822,2822.2010,,
84282090,False,Sem exposicao TSB direta,0.0,2822,2822.2010,,
84283100,False,Sem exposicao TSB direta,0.0,2852,2852.2010,,
84283200,False,Sem exposicao TSB direta,0.0,2822,2822.2010,,
84283300,False,Sem exposicao TSB direta,0.0,2822,2822.2010,,
84283910,False,Sem exposicao TSB direta,0.0,2822,2822.2010,,
84283920,False,Sem exposicao TSB direta,0.0,2822,2822.2010,,
84283930,False,Sem exposicao TSB direta,0.0,2822,2822.2010,,
84283990,False,Sem exposicao TSB direta,0.0,2822,2822.2010,,
84284000,False,Sem exposicao TSB direta,0.0,2822,2822.2080,,
84287000,False,Sem exposicao TSB direta,0.0,2822,2822.2195,,
84289010,False,Sem exposicao TSB direta,0.0,2822,2822.2020;2822.2115,,
84289020,False,Sem exposicao TSB direta,0.0,2822,2822.2020;2822.2115,,
84289090,False,Sem exposicao TSB direta,0.0,2822,2822.2020;2822.2090;2822.2115,,
84291110,False,Sem exposicao TSB direta,0.0,2854,2854.2030,,
84291190,False,Sem exposicao TSB direta,0.0,2854,2854.2030,,
84291910,False,Sem exposicao TSB direta,0.0,2854,2854.2030,,
84291990,False,Sem exposicao TSB direta,0.0,2854,2854.2030,,
84292010,False,Sem exposicao TSB direta,0.0,2854,2854.2110,,
84292090,False,Sem exposicao TSB direta,0.0,2854,2854.2110,,
84293000,False,Sem exposicao TSB direta,0.0,2854,2854.2155,,
84294000,False,Sem exposicao TSB direta,0.0,2854,2854.2050,,
84295111,False,Sem exposicao TSB direta,0.0,2854,2854.2040,,
84295119,False,Sem exposicao TSB direta,0.0,2854,2854.2040,,
84295129,False,Sem exposicao TSB direta,0.0,2854,2854.2040,,
84295191,False,Sem exposicao TSB direta,0.0,2854,2854.2040,,
84295192,False,Sem exposicao TSB direta,0.0,2854,2854.2040,,
84295199,False,Sem exposicao TSB direta,0.0,2854,2854.2040,,
84295211,False,Sem exposicao TSB direta,0.0,2854,2854.2070,,
84295212,False,Sem exposicao TSB direta,0.0,2854,2854.2070,,
84295219,False,Sem exposicao TSB direta,0.0,2854,2854.2070,,
84295220,False,Sem exposicao TSB direta,0.0,2854,2854.2070,,
84295290,False,Sem exposicao TSB direta,0.0,2854,2854.2070,,
84295900,False,Sem exposicao TSB direta,0.0,2854,2854.2155;2854.2170,,
84301000,False,Sem exposicao TSB direta,0.0,2854,2854.2010,,
84302000,False,Sem exposicao TSB direta,0.0,2854,2854.2080,,
84303110,False,Sem exposicao TSB direta,0.0,2852,2852.2040,,
84303190,False,Sem exposicao TSB direta,0.0,2852,2852.2040,,
84303910,False,Sem exposicao TSB direta,0.0,2852,2852.2040,,
84303990,False,Sem exposicao TSB direta,0.0,2852,2852.2040,,
84304110,False,Sem exposicao TSB direta,0.0,2852,2852.2040,,
84304120,False,Sem exposicao TSB direta,0.0,2852,2852.2040,,
84304130,False,Sem exposicao TSB direta,0.0,2852,2852.2040,,
84304190,False,Sem exposicao TSB direta,0.0,2852,2852.2040,,
84304910,False,Sem exposicao TSB direta,0.0,2851;2852,2851.2020;2852.2040,,
84304920,False,Sem exposicao TSB direta,0.0,2851;2852,2851.2020;2852.2040,,
84304990,False,Sem exposicao TSB direta,0.0,2851;2852,2851.2020;2852.2040,,
84305000,False,Sem exposicao TSB direta,0.0,2854,2854.2155,,
84306100,False,Sem exposicao TSB direta,0.0,2854,2854.2080,,
84306919,False,Sem exposicao TSB direta,0.0,2854,2854.2080,,
84306990,False,Sem exposicao TSB direta,0.0,2854,2854.2080,,
84311010,False,Sem exposicao TSB direta,0.0,2822,2822.2180,,
84311090,False,Sem exposicao TSB direta,0.0,2822,2822.2180,,
84312011,False,Sem exposicao TSB direta,0.0,2822,2822.2160,,
84312019,False,Sem exposicao TSB direta,0.0,2822,2822.2160,,
84312090,False,Sem exposicao TSB direta,0.0,2822,2822.2160,,
84313110,False,Sem exposicao TSB direta,0.0,2822,2822.2150,,
84313190,False,Sem exposicao TSB direta,0.0,2822,2822.2135,,
84313900,False,Sem exposicao TSB direta,0.0,2822;2852,2822.2135;2852.2070,,
84314100,False,Sem exposicao TSB direta,0.0,2822;2854,2822.2030;2854.2145,,
84314200,False,Sem exposicao TSB direta,0.0,2854,2854.2145,,
84314310,False,Sem exposicao TSB direta,0.0,2851;2852,2851.2030;2852.2090,,
84314390,False,Sem exposicao TSB direta,0.0,2851;2852,2851.2030;2852.2090,,
84314910,False,Sem exposicao TSB direta,0.0,2822,2822.2180,,
84314921,False,Sem exposicao TSB direta,0.0,2852,2852.2090,,
84314922,False,Sem exposicao TSB direta,0.0,2852,2852.2090,,
84314923,False,Sem exposicao TSB direta,0.0,2852,2852.2090,,
84314929,False,Sem exposicao TSB direta,0.0,2852,2852.2090,,
84321000,False,Sem exposicao TSB direta,0.0,2833,2833.2010,,
84322100,False,Sem exposicao TSB direta,0.0,2833,2833.2010,,
84322900,False,Sem exposicao TSB direta,0.0,2833,2833.2010,,
84323110,False,Sem exposicao TSB direta,0.0,2833,2833.2210,,
84323190,False,Sem exposicao TSB direta,0.0,2833,2833.2210,,
84323910,False,Sem exposicao TSB direta,0.0,2833,2833.2210,,
84323990,False,Sem exposicao TSB direta,0.0,2833,2833.2210,,
84324100,False,Sem exposicao TSB direta,0.0,2833,2833.2210,,
84324200,False,Sem exposicao TSB direta,0.0,2833,2833.2210,,
84328000,False,Sem exposicao TSB direta,0.0,2833,2833.2110,,
84329000,False,Sem exposicao TSB direta,0.0,2833,2833.2190,,
84331100,False,Sem exposicao TSB direta,0.0,2833,2833.2040,,
84331900,False,Sem exposicao TSB direta,0.0,2833,2833.2040,,
84332010,False,Sem exposicao TSB direta,0.0,2833,2833.2025,,
84332090,False,Sem exposicao TSB direta,0.0,2833,2833.2025,,
84333000,False,Sem exposicao TSB direta,0.0,2833,2833.2070,,
84334000,False,Sem exposicao TSB direta,0.0,2833,2833.2070,,
84335100,False,Sem exposicao TSB direta,0.0,2833,2833.2145,,
84335200,False,Sem exposicao TSB direta,0.0,2833,2833.2145,,
84335300,False,Sem exposicao TSB direta,0.0,2833,2833.2145,,
84335919,False,Sem exposicao TSB direta,0.0,2833,2833.2145,,
84335990,False,Sem exposicao TSB direta,0.0,2833,2833.2145,,
84336010,False,Sem exposicao TSB direta,0.0,2833,2833.2080,,
84336021,False,Sem exposicao TSB direta,0.0,2833,2833.2080,,
84336029,False,Sem exposicao TSB direta,0.0,2833,2833.2080,,
84336090,False,Sem exposicao TSB direta,0.0,2833,2833.2080,,
84339010,False,Sem exposicao TSB direta,0.0,2833,2833.2170,,
84339090,False,Sem exposicao TSB direta,0.0,2833,2833.2170,,
84341000,False,Sem exposicao TSB direta,0.0,2833,2833.2050,,
84342010,False,Sem exposicao TSB direta,0.0,2862,2862.2130,,
84342090,False,Sem exposicao TSB direta,0.0,2862,2862.2130,,
84349000,False,Sem exposicao TSB direta,0.0,2862,2862.2200,,
84351000,False,Sem exposicao TSB direta,0.0,2862,2862.2060,,
84359000,False,Sem exposicao TSB direta,0.0,2862,2862.2180,,
84361000,False,Sem exposicao TSB direta,0.0,2833,2833.2100,,
84362100,False,Sem exposicao TSB direta,0.0,2833,2833.2030,,
84362900,False,Sem exposicao TSB direta,0.0,2833,2833.2130,,
84368000,False,Sem exposicao TSB direta,0.0,2833,2833.2120,,
84369100,False,Sem exposicao TSB direta,0.0,2833,2833.2160,,
84369900,False,Sem exposicao TSB direta,0.0,2833,2833.2160,,
84371000,False,Sem exposicao TSB direta,0.0,2833,2833.2090,,
84378010,False,Sem exposicao TSB direta,0.0,2862,2862.2140,,
84378090,False,Sem exposicao TSB direta,0.0,2862,2862.2140,,
84379000,False,Sem exposicao TSB direta,0.0,2833,2833.2180,,
84381000,False,Sem exposicao TSB direta,0.0,2862,2862.2100,,
84382011,False,Sem exposicao TSB direta,0.0,2862,2862.2090,,
84382019,False,Sem exposicao TSB direta,0.0,2862,2862.2090,,
84382090,False,Sem exposicao TSB direta,0.0,2862,2862.2090,,
84383000,False,Sem exposicao TSB direta,0.0,2862,2862.2080,,
84384000,False,Sem exposicao TSB direta,0.0,2862,2862.2070,,
84385000,False,Sem exposicao TSB direta,0.0,2862,2862.2120,,
84386000,False,Sem exposicao TSB direta,0.0,2862,2862.2110,,
84388010,False,Sem exposicao TSB direta,0.0,2862,2862.2150,,
84388020,False,Sem exposicao TSB direta,0.0,2862,2862.2150,,
84388090,False,Sem exposicao TSB direta,0.0,2862,2862.2150,,
84389000,False,Sem exposicao TSB direta,0.0,2862,2862.2210,,
84391010,False,Sem exposicao TSB direta,0.0,2865,2865.2020,,
84391020,False,Sem exposicao TSB direta,0.0,2865,2865.2020,,
84391030,False,Sem exposicao TSB direta,0.0,2865,2865.2020,,
84391090,False,Sem exposicao TSB direta,0.0,2865,2865.2020,,
84392000,False,Sem exposicao TSB direta,0.0,2865,2865.2010,,
84393010,False,Sem exposicao TSB direta,0.0,2865,2865.2010,,
84393020,False,Sem exposicao TSB direta,0.0,2865,2865.2010,,
84393030,False,Sem exposicao TSB direta,0.0,2865,2865.2010,,
84393090,False,Sem exposicao TSB direta,0.0,2865,2865.2010,,
84399100,False,Sem exposicao TSB direta,0.0,2865,2865.2050,,
84399910,False,Sem exposicao TSB direta,0.0,2865,2865.2060,,
84399990,False,Sem exposicao TSB direta,0.0,2865,2865.2060,,
84401011,False,Sem exposicao TSB direta,0.0,2869,2869.2100,,
84401019,False,Sem exposicao TSB direta,0.0,2869,2869.2100,,
84401020,False,Sem exposicao TSB direta,0.0,2869,2869.2100,,
84401090,False,Sem exposicao TSB direta,0.0,2869,2869.2100,,
84409000,False,Sem exposicao TSB direta,0.0,2869,2869.2250,,
84411010,False,Sem exposicao TSB direta,0.0,2865,2865.2030,,
84411090,False,Sem exposicao TSB direta,0.0,2865,2865.2030,,
84412000,False,Sem exposicao TSB direta,0.0,2865,2865.2040,,
84413010,False,Sem exposicao TSB direta,0.0,2865,2865.2040,,
84413090,False,Sem exposicao TSB direta,0.0,2865,2865.2040,,
84414000,False,Sem exposicao TSB direta,0.0,2865,2865.2040,,
84418000,False,Sem exposicao TSB direta,0.0,2865,2865.2040,,
84419000,False,Sem exposicao TSB direta,0.0,2865,2865.2070,,
84423010,False,Sem exposicao TSB direta,0.0,2869,2869.2150,,
84423020,False,Sem exposicao TSB direta,0.0,2869,2869.2150,,
84423090,False,Sem exposicao TSB direta,0.0,2869,2869.2150,,
84424010,False,Sem exposicao TSB direta,0.0,2869,2869.2200,,
84424020,False,Sem exposicao TSB direta,0.0,2869,2869.2200,,
84424090,False,Sem exposicao TSB direta,0.0,2869,2869.2200,,
84425000,False,Sem exposicao TSB direta,0.0,1821,1821.2010;1821.2020;1821.2030;1821.2040,,
84431110,False,Sem exposicao TSB direta,0.0,2869,2869.2170,,
84431190,False,Sem exposicao TSB direta,0.0,2869,2869.2170,,
84431310,False,Sem exposicao TSB direta,0.0,2869,2869.2170,,
84431390,False,Sem exposicao TSB direta,0.0,2869,2869.2170,,
84431400,False,Sem exposicao TSB direta,0.0,2869,2869.2170,,
84431500,False,Sem exposicao TSB direta,0.0,2869,2869.2170,,
84431600,False,Sem exposicao TSB direta,0.0,2869,2869.2170,,
84431710,False,Sem exposicao TSB direta,0.0,2869,2869.2170,,
84431790,False,Sem exposicao TSB direta,0.0,2869,2869.2170,,
84431910,False,Sem exposicao TSB direta,0.0,2869,2869.2170,,
84431990,False,Sem exposicao TSB direta,0.0,2869,2869.2170,,
84433111,False,Sem exposicao TSB direta,0.0,2622,2622.2030,,
84433112,False,Sem exposicao TSB direta,0.0,2622,2622.2030,,
84433113,False,Sem exposicao TSB direta,0.0,2622,2622.2030,,
84433114,False,Sem exposicao TSB direta,0.0,2622,2622.2030,,
84433115,False,Sem exposicao TSB direta,0.0,2622,2622.2030,,
84433116,False,Sem exposicao TSB direta,0.0,2622,2622.2030,,
84433119,False,Sem exposicao TSB direta,0.0,2622,2622.2030,,
84433191,False,Sem exposicao TSB direta,0.0,2622,2622.2030,,
84433199,False,Sem exposicao TSB direta,0.0,2622,2622.2030,,
84433221,False,Sem exposicao TSB direta,0.0,2622,2622.2020,,
84433222,False,Sem exposicao TSB direta,0.0,2622,2622.2020,,
84433223,False,Sem exposicao TSB direta,0.0,2622,2622.2020,,
84433229,False,Sem exposicao TSB direta,0.0,2622,2622.2020,,
84433231,False,Sem exposicao TSB direta,0.0,2622,2622.2020,,
84433232,False,Sem exposicao TSB direta,0.0,2622,2622.2020,,
84433233,False,Sem exposicao TSB direta,0.0,2622,2622.2020,,
84433234,False,Sem exposicao TSB direta,0.0,2622,2622.2020,,
84433235,False,Sem exposicao TSB direta,0.0,2622,2622.2020,,
84433236,False,Sem exposicao TSB direta,0.0,2622,2622.2020,,
84433237,False,Sem exposicao TSB direta,0.0,2622,2622.2020,,
84433238,False,Sem exposicao TSB direta,0.0,2622,2622.2020,,
84433239,False,Sem exposicao TSB direta,0.0,2622,2622.2020,,
84433240,False,Sem exposicao TSB direta,0.0,2622,2622.2020,,
84433252,False,Sem exposicao TSB direta,0.0,2622,2622.2075,,
84433259,False,Sem exposicao TSB direta,0.0,2622,2622.2075,,
84433291,False,Sem exposicao TSB direta,0.0,2622,2622.2020,,
84433299,False,Sem exposicao TSB direta,0.0,2622,2622.2020,,
84433910,False,Sem exposicao TSB direta,0.0,2829;2869,2829.2015;2869.2170,,
84433929,False,Sem exposicao TSB direta,0.0,2829,2829.2015,,
84433930,False,Sem exposicao TSB direta,0.0,2829,2829.2015,,
84433990,False,Sem exposicao TSB direta,0.0,2829,2829.2015,,
84439110,False,Sem exposicao TSB direta,0.0,2829,2829.2415,,
84439191,False,Sem exposicao TSB direta,0.0,2869,2869.2070,,
84439192,False,Sem exposicao TSB direta,0.0,2869,2869.2070,,
84439199,False,Sem exposicao TSB direta,0.0,2869,2869.2070,,
84439911,False,Sem exposicao TSB direta,0.0,2829,2829.2415,,
84439912,False,Sem exposicao TSB direta,0.0,2829,2829.2415,,
84439919,False,Sem exposicao TSB direta,0.0,2829,2829.2415,,
84439921,False,Sem exposicao TSB direta,0.0,2829,2829.2415,,
84439922,False,Sem exposicao TSB direta,0.0,2829,2829.2415,,
84439923,False,Sem exposicao TSB direta,0.0,2622,2622.2010,,
84439929,False,Sem exposicao TSB direta,0.0,2829;2869,2829.2415;2869.2230,,
84439931,False,Sem exposicao TSB direta,0.0,2829,2829.2415,,
84439932,False,Sem exposicao TSB direta,0.0,2829,2829.2415,,
84439933,False,Sem exposicao TSB direta,0.0,2829,2829.2415,,
84439939,False,Sem exposicao TSB direta,0.0,2829,2829.2415,,
84439941,False,Sem exposicao TSB direta,0.0,2829,2829.2415,,
84439942,False,Sem exposicao TSB direta,0.0,2829,2829.2415,,
84439949,False,Sem exposicao TSB direta,0.0,2829,2829.2415,,
84439950,False,Sem exposicao TSB direta,0.0,2829,2829.2415,,
84439960,False,Sem exposicao TSB direta,0.0,2829,2829.2415,,
84439970,False,Sem exposicao TSB direta,0.0,2829,2829.2415,,
84439980,False,Sem exposicao TSB direta,0.0,2829,2829.2415,,
84439990,False,Sem exposicao TSB direta,0.0,2829,2829.2415,,
84440010,False,Sem exposicao TSB direta,0.0,2863,2863.2030,,
84440020,False,Sem exposicao TSB direta,0.0,2863,2863.2030,,
84440090,False,Sem exposicao TSB direta,0.0,2863,2863.2030,,
84451190,False,Sem exposicao TSB direta,0.0,2863,2863.2090,,
84451200,False,Sem exposicao TSB direta,0.0,2863,2863.2090,,
84451300,False,Sem exposicao TSB direta,0.0,2863,2863.2090,,
84451910,False,Sem exposicao TSB direta,0.0,2863,2863.2090,,
84451921,False,Sem exposicao TSB direta,0.0,2863,2863.2090,,
84451922,False,Sem exposicao TSB direta,0.0,2863,2863.2090,,
84451924,False,Sem exposicao TSB direta,0.0,2863,2863.2090,,
84451925,False,Sem exposicao TSB direta,0.0,2863,2863.2090,,
84451929,False,Sem exposicao TSB direta,0.0,2863,2863.2090,,
84452000,False,Sem exposicao TSB direta,0.0,2863,2863.2060,,
84453010,False,Sem exposicao TSB direta,0.0,2863,2863.2080,,
84453090,False,Sem exposicao TSB direta,0.0,2863,2863.2080,,
84454011,False,Sem exposicao TSB direta,0.0,2863,2863.2070,,
84454012,False,Sem exposicao TSB direta,0.0,2863,2863.2070,,
84454018,False,Sem exposicao TSB direta,0.0,2863,2863.2070,,
84454019,False,Sem exposicao TSB direta,0.0,2863,2863.2070,,
84454029,False,Sem exposicao TSB direta,0.0,2863,2863.2070,,
84454039,False,Sem exposicao TSB direta,0.0,2863,2863.2070,,
84454040,False,Sem exposicao TSB direta,0.0,2863,2863.2070,,
84454090,False,Sem exposicao TSB direta,0.0,2863,2863.2070,,
84459010,False,Sem exposicao TSB direta,0.0,2863,2863.2080,,
84459030,False,Sem exposicao TSB direta,0.0,2863,2863.2080,,
84459090,False,Sem exposicao TSB direta,0.0,2863,2863.2080,,
84461010,False,Sem exposicao TSB direta,0.0,2863,2863.2135,,
84461090,False,Sem exposicao TSB direta,0.0,2863,2863.2135,,
84462100,False,Sem exposicao TSB direta,0.0,2863,2863.2135,,
84463010,False,Sem exposicao TSB direta,0.0,2863,2863.2135,,
84463020,False,Sem exposicao TSB direta,0.0,2863,2863.2135,,
84463030,False,Sem exposicao TSB direta,0.0,2863,2863.2135,,
84463040,False,Sem exposicao TSB direta,0.0,2863,2863.2135,,
84463090,False,Sem exposicao TSB direta,0.0,2863,2863.2135,,
84471100,False,Sem exposicao TSB direta,0.0,2863,2863.2135,,
84471200,False,Sem exposicao TSB direta,0.0,2863,2863.2135,,
84472010,False,Sem exposicao TSB direta,0.0,2863,2863.2135,,
84472021,False,Sem exposicao TSB direta,0.0,2863,2863.2135,,
84472029,False,Sem exposicao TSB direta,0.0,2863,2863.2135,,
84472030,False,Sem exposicao TSB direta,0.0,2863,2863.2135,,
84479020,False,Sem exposicao TSB direta,0.0,2863,2863.2135,,
84479090,False,Sem exposicao TSB direta,0.0,2863,2863.2135,,
84481110,False,Sem exposicao TSB direta,0.0,2863,2863.2020,,
84481120,False,Sem exposicao TSB direta,0.0,2863,2863.2020,,
84481190,False,Sem exposicao TSB direta,0.0,2863,2863.2020,,
84481900,False,Sem exposicao TSB direta,0.0,2863,2863.2020,,
84482010,False,Sem exposicao TSB direta,0.0,2863,2863.2105,,
84482020,False,Sem exposicao TSB direta,0.0,2863,2863.2105,,
84482030,False,Sem exposicao TSB direta,0.0,2863,2863.2105,,
84482090,False,Sem exposicao TSB direta,0.0,2863,2863.2105,,
84483100,False,Sem exposicao TSB direta,0.0,2863,2863.2105,,
84483211,False,Sem exposicao TSB direta,0.0,2863,2863.2105,,
84483219,False,Sem exposicao TSB direta,0.0,2863,2863.2105,,
84483220,False,Sem exposicao TSB direta,0.0,2863,2863.2105,,
84483230,False,Sem exposicao TSB direta,0.0,2863,2863.2105,,
84483240,False,Sem exposicao TSB direta,0.0,2863,2863.2105,,
84483290,False,Sem exposicao TSB direta,0.0,2863,2863.2105,,
84483310,False,Sem exposicao TSB direta,0.0,2863,2863.2105,,
84483390,False,Sem exposicao TSB direta,0.0,2863,2863.2105,,
84483911,False,Sem exposicao TSB direta,0.0,2863,2863.2105,,
84483912,False,Sem exposicao TSB direta,0.0,2863,2863.2105,,
84483917,False,Sem exposicao TSB direta,0.0,2863,2863.2105,,
84483919,False,Sem exposicao TSB direta,0.0,2863,2863.2105,,
84483921,False,Sem exposicao TSB direta,0.0,2863,2863.2105,,
84483922,False,Sem exposicao TSB direta,0.0,2863,2863.2105,,
84483923,False,Sem exposicao TSB direta,0.0,2863,2863.2105,,
84483929,False,Sem exposicao TSB direta,0.0,2863,2863.2105,,
84483991,False,Sem exposicao TSB direta,0.0,2863,2863.2105,,
84483992,False,Sem exposicao TSB direta,0.0,2863,2863.2105,,
84483999,False,Sem exposicao TSB direta,0.0,2863,2863.2105,,
84484200,False,Sem exposicao TSB direta,0.0,2863,2863.2105,,
84484910,False,Sem exposicao TSB direta,0.0,2863,2863.2105,,
84484920,False,Sem exposicao TSB direta,0.0,2863,2863.2105,,
84484990,False,Sem exposicao TSB direta,0.0,2863,2863.2105,,
84485110,False,Sem exposicao TSB direta,0.0,2863,2863.2105,,
84485190,False,Sem exposicao TSB direta,0.0,2863,2863.2105,,
84485910,False,Sem exposicao TSB direta,0.0,2863,2863.2105,,
84485921,False,Sem exposicao TSB direta,0.0,2863,2863.2105,,
84485922,False,Sem exposicao TSB direta,0.0,2863,2863.2105,,
84485929,False,Sem exposicao TSB direta,0.0,2863,2863.2105,,
84485930,False,Sem exposicao TSB direta,0.0,2863,2863.2105,,
84485940,False,Sem exposicao TSB direta,0.0,2863,2863.2105,,
84485990,False,Sem exposicao TSB direta,0.0,2863,2863.2105,,
84490010,False,Sem exposicao TSB direta,0.0,2863,2863.2040,,
84490020,False,Sem exposicao TSB direta,0.0,2863,2863.2040,,
84490080,False,Sem exposicao TSB direta,0.0,2863,2863.2040,,
84490091,False,Sem exposicao TSB direta,0.0,2863,2863.2040;2863.2105,,
84490099,False,Sem exposicao TSB direta,0.0,2863,2863.2040;2863.2105,,
84501100,False,Sem exposicao TSB direta,0.0,2751,2751.2030,,
84501200,False,Sem exposicao TSB direta,0.0,2751,2751.2030,,
84501900,False,Sem exposicao TSB direta,0.0,2751,2751.2030;2751.2110,,
84502010,False,Sem exposicao TSB direta,0.0,2864,2864.2030,,
84502020,False,Sem exposicao TSB direta,0.0,2864,2864.2030,,
84502090,False,Sem exposicao TSB direta,0.0,2864,2864.2030,,
84509010,False,Sem exposicao TSB direta,0.0,2864,2864.2100,,
84509090,False,Sem exposicao TSB direta,0.0,2751,2751.2060,,
84512100,False,Sem exposicao TSB direta,0.0,2751;2863,2751.2030;2863.2010,,
84512990,False,Sem exposicao TSB direta,0.0,2863,2863.2010,,
84513010,False,Sem exposicao TSB direta,0.0,2864,2864.2040,,
84513091,False,Sem exposicao TSB direta,0.0,2864,2864.2040,,
84513099,False,Sem exposicao TSB direta,0.0,2864,2864.2040,,
84514010,False,Sem exposicao TSB direta,0.0,2863,2863.2010,,
84514021,False,Sem exposicao TSB direta,0.0,2863,2863.2010,,
84514029,False,Sem exposicao TSB direta,0.0,2863,2863.2010,,
84514090,False,Sem exposicao TSB direta,0.0,2864,2864.2080,,
84515010,False,Sem exposicao TSB direta,0.0,2863,2863.2050,,
84515020,False,Sem exposicao TSB direta,0.0,2864,2864.2080,,
84515090,False,Sem exposicao TSB direta,0.0,2864,2864.2080,,
84518000,False,Sem exposicao TSB direta,0.0,2864,2864.2080,,
84519010,False,Sem exposicao TSB direta,0.0,2864,2864.2120,,
84519090,False,Sem exposicao TSB direta,0.0,2864,2864.2120,,
84521000,False,Sem exposicao TSB direta,0.0,2864,2864.2010,,
84522110,False,Sem exposicao TSB direta,0.0,2864,2864.2020,,
84522120,False,Sem exposicao TSB direta,0.0,2864,2864.2020,,
84522190,False,Sem exposicao TSB direta,0.0,2864,2864.2020,,
84522910,False,Sem exposicao TSB direta,0.0,2864,2864.2020,,
84522921,False,Sem exposicao TSB direta,0.0,2864,2864.2020,,
84522922,False,Sem exposicao TSB direta,0.0,2864,2864.2020,,
84522923,False,Sem exposicao TSB direta,0.0,2864,2864.2020,,
84522924,False,Sem exposicao TSB direta,0.0,2864,2864.2020,,
84522925,False,Sem exposicao TSB direta,0.0,2864,2864.2020,,
84522929,False,Sem exposicao TSB direta,0.0,2864,2864.2020,,
84522990,False,Sem exposicao TSB direta,0.0,2864,2864.2020,,
84523000,False,Sem exposicao TSB direta,0.0,2864,2864.2140,,
84529020,False,Sem exposicao TSB direta,0.0,2864,2864.2060,,
84529081,False,Sem exposicao TSB direta,0.0,2864,2864.2090,,
84529089,False,Sem exposicao TSB direta,0.0,2864,2864.2090,,
84529091,False,Sem exposicao TSB direta,0.0,2864,2864.2140,,
84529092,False,Sem exposicao TSB direta,0.0,2864,2864.2140,,
84529093,False,Sem exposicao TSB direta,0.0,2864,2864.2140,,
84529094,False,Sem exposicao TSB direta,0.0,2864,2864.2140,,
84529099,False,Sem exposicao TSB direta,0.0,2864,2864.2140,,
84531090,False,Sem exposicao TSB direta,0.0,2864,2864.2070,,
84532000,False,Sem exposicao TSB direta,0.0,2864,2864.2050,,
84538000,False,Sem exposicao TSB direta,0.0,2864,2864.2050,,
84539000,False,Sem exposicao TSB direta,0.0,2864,2864.2110,,
84541000,False,Sem exposicao TSB direta,0.0,2861,2861.2030,,
84542010,False,Sem exposicao TSB direta,0.0,2861,2861.2030,,
84542090,False,Sem exposicao TSB direta,0.0,2861,2861.2030,,
84543010,False,Sem exposicao TSB direta,0.0,2861,2861.2040,,
84543020,False,Sem exposicao TSB direta,0.0,2861,2861.2040,,
84543090,False,Sem exposicao TSB direta,0.0,2861,2861.2040,,
84549010,False,Sem exposicao TSB direta,0.0,2861,2861.2060,,
84549090,False,Sem exposicao TSB direta,0.0,2861,2861.2060,,
84551000,False,Sem exposicao TSB direta,0.0,2861,2861.2020,,
84552110,False,Sem exposicao TSB direta,0.0,2861,2861.2020,,
84552190,False,Sem exposicao TSB direta,0.0,2861,2861.2020,,
84552210,False,Sem exposicao TSB direta,0.0,2861,2861.2020,,
84552290,False,Sem exposicao TSB direta,0.0,2861,2861.2020,,
84553010,False,Sem exposicao TSB direta,0.0,2861,2861.2010,,
84553020,False,Sem exposicao TSB direta,0.0,2861,2861.2010,,
84553090,False,Sem exposicao TSB direta,0.0,2861,2861.2010,,
84559000,False,Sem exposicao TSB direta,0.0,2861,2861.2050,,
84561111,False,Sem exposicao TSB direta,0.0,2840,2840.2060,,
84561119,False,Sem exposicao TSB direta,0.0,2840,2840.2060,,
84561190,False,Sem exposicao TSB direta,0.0,2840,2840.2060,,
84561211,False,Sem exposicao TSB direta,0.0,2840,2840.2215,,
84561219,False,Sem exposicao TSB direta,0.0,2840,2840.2215,,
84561290,False,Sem exposicao TSB direta,0.0,2840,2840.2215,,
84562010,False,Sem exposicao TSB direta,0.0,2840,2840.2215,,
84562090,False,Sem exposicao TSB direta,0.0,2840,2840.2215,,
84563011,False,Sem exposicao TSB direta,0.0,2840,2840.2215,,
84563019,False,Sem exposicao TSB direta,0.0,2840,2840.2215,,
84563090,False,Sem exposicao TSB direta,0.0,2840,2840.2215,,
84564000,False,Sem exposicao TSB direta,0.0,2840,2840.2215,,
84565000,False,Sem exposicao TSB direta,0.0,2840,2840.2215,,
84569000,False,Sem exposicao TSB direta,0.0,2840,2840.2215,,
84571000,False,Sem exposicao TSB direta,0.0,2840,2840.2010,,
84572010,False,Sem exposicao TSB direta,0.0,2840,2840.2220,,
84572090,False,Sem exposicao TSB direta,0.0,2840,2840.2220,,
84573010,False,Sem exposicao TSB direta,0.0,2840,2840.2220,,
84573090,False,Sem exposicao TSB direta,0.0,2840,2840.2220,,
84581110,False,Sem exposicao TSB direta,0.0,2840,2840.2370,,
84581191,False,Sem exposicao TSB direta,0.0,2840,2840.2370,,
84581199,False,Sem exposicao TSB direta,0.0,2840,2840.2370,,
84581990,False,Sem exposicao TSB direta,0.0,2840,2840.2370,,
84589100,False,Sem exposicao TSB direta,0.0,2840,2840.2370,,
84589900,False,Sem exposicao TSB direta,0.0,2840,2840.2370,,
84591000,False,Sem exposicao TSB direta,0.0,2840,2840.2140,,
84592110,False,Sem exposicao TSB direta,0.0,2840,2840.2140,,
84592191,False,Sem exposicao TSB direta,0.0,2840,2840.2140,,
84592199,False,Sem exposicao TSB direta,0.0,2840,2840.2140,,
84592900,False,Sem exposicao TSB direta,0.0,2840,2840.2140,,
84593100,False,Sem exposicao TSB direta,0.0,2840,2840.2050,,
84593900,False,Sem exposicao TSB direta,0.0,2840,2840.2050,,
84594100,False,Sem exposicao TSB direta,0.0,2840,2840.2050,,
84594900,False,Sem exposicao TSB direta,0.0,2840,2840.2050,,
84595100,False,Sem exposicao TSB direta,0.0,2840,2840.2050,,
84595900,False,Sem exposicao TSB direta,0.0,2840,2840.2050,,
84596100,False,Sem exposicao TSB direta,0.0,2840,2840.2050,,
84596900,False,Sem exposicao TSB direta,0.0,2840,2840.2050,,
84597000,False,Sem exposicao TSB direta,0.0,2840,2840.2100,,
84601200,False,Sem exposicao TSB direta,0.0,2840,2840.2180,,
84601900,False,Sem exposicao TSB direta,0.0,2840,2840.2180,,
84602200,False,Sem exposicao TSB direta,0.0,2840,2840.2180,,
84602300,False,Sem exposicao TSB direta,0.0,2840,2840.2180,,
84602400,False,Sem exposicao TSB direta,0.0,2840,2840.2180,,
84602900,False,Sem exposicao TSB direta,0.0,2840,2840.2180,,
84603100,False,Sem exposicao TSB direta,0.0,2840,2840.2110,,
84603900,False,Sem exposicao TSB direta,0.0,2840,2840.2110,,
84604011,False,Sem exposicao TSB direta,0.0,2840,2840.2110,,
84604019,False,Sem exposicao TSB direta,0.0,2840,2840.2110,,
84604091,False,Sem exposicao TSB direta,0.0,2840,2840.2110,,
84604099,False,Sem exposicao TSB direta,0.0,2840,2840.2110,,
84609011,False,Sem exposicao TSB direta,0.0,2840,2840.2110,,
84609012,False,Sem exposicao TSB direta,0.0,2840,2840.2110,,
84609019,False,Sem exposicao TSB direta,0.0,2840,2840.2110,,
84609090,False,Sem exposicao TSB direta,0.0,2840,2840.2110,,
84612010,False,Sem exposicao TSB direta,0.0,2840,2840.2130,,
84612090,False,Sem exposicao TSB direta,0.0,2840,2840.2130,,
84613010,False,Sem exposicao TSB direta,0.0,2840,2840.2130,,
84613090,False,Sem exposicao TSB direta,0.0,2840,2840.2130,,
84614010,False,Sem exposicao TSB direta,0.0,2840,2840.2130,,
84614099,False,Sem exposicao TSB direta,0.0,2840,2840.2130,,
84615010,False,Sem exposicao TSB direta,0.0,2840,2840.2130,,
84615020,False,Sem exposicao TSB direta,0.0,2840,2840.2130,,
84615090,False,Sem exposicao TSB direta,0.0,2840,2840.2130,,
84619010,False,Sem exposicao TSB direta,0.0,2840,2840.2130,,
84619090,False,Sem exposicao TSB direta,0.0,2840,2840.2130,,
84621100,False,Sem exposicao TSB direta,0.0,2840,2840.2120,,
84621900,False,Sem exposicao TSB direta,0.0,2840,2840.2120,,
84622200,False,Sem exposicao TSB direta,0.0,2840,2840.2170,,
84622300,False,Sem exposicao TSB direta,0.0,2840,2840.2170,,
84622400,False,Sem exposicao TSB direta,0.0,2840,2840.2170,,
84622500,False,Sem exposicao TSB direta,0.0,2840,2840.2170,,
84622600,False,Sem exposicao TSB direta,0.0,2840,2840.2170,,
84622900,False,Sem exposicao TSB direta,0.0,2840,2840.2170,,
84623200,False,Sem exposicao TSB direta,0.0,2840,2840.2170,,
84623300,False,Sem exposicao TSB direta,0.0,2840,2840.2170,,
84623900,False,Sem exposicao TSB direta,0.0,2840,2840.2170,,
84624200,False,Sem exposicao TSB direta,0.0,2840,2840.2170;2840.2360,,
84624900,False,Sem exposicao TSB direta,0.0,2840,2840.2170;2840.2360,,
84625100,False,Sem exposicao TSB direta,0.0,2840,2840.2120;2840.2170,,
84625900,False,Sem exposicao TSB direta,0.0,2840,2840.2120;2840.2170,,
84626100,False,Sem exposicao TSB direta,0.0,2840,2840.2120;2840.2170;2840.2350,,
84626200,False,Sem exposicao TSB direta,0.0,2840,2840.2120;2840.2170;2840.2360,,
84626300,False,Sem exposicao TSB direta,0.0,2840,2840.2120;2840.2170;2840.2360,,
84626900,False,Sem exposicao TSB direta,0.0,2840,2840.2120;2840.2170;2840.2360,,
84629000,False,Sem exposicao TSB direta,0.0,2840,2840.2120;2840.2170;2840.2350;2840.2360,,
84631010,False,Sem exposicao TSB direta,0.0,2840,2840.2210,,
84631090,False,Sem exposicao TSB direta,0.0,2840,2840.2210,,
84632010,False,Sem exposicao TSB direta,0.0,2840,2840.2210,,
84632091,False,Sem exposicao TSB direta,0.0,2840,2840.2210,,
84632099,False,Sem exposicao TSB direta,0.0,2840,2840.2210,,
84633000,False,Sem exposicao TSB direta,0.0,2840,2840.2210,,
84639010,False,Sem exposicao TSB direta,0.0,2840,2840.2210,,
84639090,False,Sem exposicao TSB direta,0.0,2840,2840.2210,,
84641000,False,Sem exposicao TSB direta,0.0,2840,2840.2190,,
84642010,False,Sem exposicao TSB direta,0.0,2840,2840.2190,,
84642029,False,Sem exposicao TSB direta,0.0,2840,2840.2190,,
84642090,False,Sem exposicao TSB direta,0.0,2840,2840.2190,,
84649011,False,Sem exposicao TSB direta,0.0,2840,2840.2190,,
84649019,False,Sem exposicao TSB direta,0.0,2840,2840.2190,,
84649090,False,Sem exposicao TSB direta,0.0,2840,2840.2190,,
84651000,False,Sem exposicao TSB direta,0.0,2840,2840.2160;2840.2200,,
84652000,False,Sem exposicao TSB direta,0.0,2840,2840.2160;2840.2200,,
84659110,False,Sem exposicao TSB direta,0.0,2840,2840.2160;2840.2200,,
84659120,False,Sem exposicao TSB direta,0.0,2840,2840.2160;2840.2200,,
84659190,False,Sem exposicao TSB direta,0.0,2840,2840.2160;2840.2200,,
84659211,False,Sem exposicao TSB direta,0.0,2840,2840.2160;2840.2200,,
84659219,False,Sem exposicao TSB direta,0.0,2840,2840.2160;2840.2200,,
84659290,False,Sem exposicao TSB direta,0.0,2840,2840.2160;2840.2200,,
84659310,False,Sem exposicao TSB direta,0.0,2840,2840.2160;2840.2200,,
84659390,False,Sem exposicao TSB direta,0.0,2840,2840.2160;2840.2200,,
84659400,False,Sem exposicao TSB direta,0.0,2840,2840.2160;2840.2200,,
84659511,False,Sem exposicao TSB direta,0.0,2840,2840.2160;2840.2200,,
84659512,False,Sem exposicao TSB direta,0.0,2840,2840.2160;2840.2200,,
84659591,False,Sem exposicao TSB direta,0.0,2840,2840.2160;2840.2200,,
84659592,False,Sem exposicao TSB direta,0.0,2840,2840.2160;2840.2200,,
84659600,False,Sem exposicao TSB direta,0.0,2840,2840.2160;2840.2200,,
84659900,False,Sem exposicao TSB direta,0.0,2840,2840.2160;2840.2200,,
84661000,False,Sem exposicao TSB direta,0.0,2840,2840.2340,,
84662010,False,Sem exposicao TSB direta,0.0,2840,2840.2340,,
84662090,False,Sem exposicao TSB direta,0.0,2840,2840.2340,,
84663000,False,Sem exposicao TSB direta,0.0,2840,2840.2020,,
84669100,False,Sem exposicao TSB direta,0.0,2840,2840.2330,,
84669200,False,Sem exposicao TSB direta,0.0,2840,2840.2330,,
84669311,False,Sem exposicao TSB direta,0.0,2840,2840.2320,,
84669319,False,Sem exposicao TSB direta,0.0,2840,2840.2320,,
84669320,False,Sem exposicao TSB direta,0.0,2840,2840.2320,,
84669330,False,Sem exposicao TSB direta,0.0,2840,2840.2320,,
84669340,False,Sem exposicao TSB direta,0.0,2840,2840.2320,,
84669350,False,Sem exposicao TSB direta,0.0,2840,2840.2320,,
84669360,False,Sem exposicao TSB direta,0.0,2840,2840.2320,,
84669410,False,Sem exposicao TSB direta,0.0,2840,2840.2320,,
84669420,False,Sem exposicao TSB direta,0.0,2840,2840.2320,,
84669490,False,Sem exposicao TSB direta,0.0,2840,2840.2320,,
84671110,False,Sem exposicao TSB direta,0.0,2840,2840.2030,,
84671190,False,Sem exposicao TSB direta,0.0,2840,2840.2030,,
84671900,False,Sem exposicao TSB direta,0.0,2840,2840.2030,,
84672100,False,Sem exposicao TSB direta,0.0,2840,2840.2270,,
84672200,False,Sem exposicao TSB direta,0.0,2840,2840.2270,,
84672910,False,Sem exposicao TSB direta,0.0,2840,2840.2270,,
84672991,False,Sem exposicao TSB direta,0.0,2840,2840.2270,,
84672992,False,Sem exposicao TSB direta,0.0,2840,2840.2270,,
84672993,False,Sem exposicao TSB direta,0.0,2840,2840.2270,,
84672999,False,Sem exposicao TSB direta,0.0,2840,2840.2270,,
84678100,False,Sem exposicao TSB direta,0.0,2840,2840.2030,,
84678900,False,Sem exposicao TSB direta,0.0,2840,2840.2030,,
84679100,False,Sem exposicao TSB direta,0.0,2840,2840.2300;2840.2310,,
84679200,False,Sem exposicao TSB direta,0.0,2840,2840.2280;2840.2300,,
84679900,False,Sem exposicao TSB direta,0.0,2840,2840.2280;2840.2300,,
84681000,False,Sem exposicao TSB direta,0.0,2840,2840.2260,,
84682000,False,Sem exposicao TSB direta,0.0,2840,2840.2260,,
84688010,False,Sem exposicao TSB direta,0.0,2840,2840.2260,,
84688090,False,Sem exposicao TSB direta,0.0,2840,2840.2260,,
84689010,False,Sem exposicao TSB direta,0.0,2840,2840.2290,,
84689020,False,Sem exposicao TSB direta,0.0,2840,2840.2290,,
84689090,False,Sem exposicao TSB direta,0.0,2840,2840.2290,,
84701000,False,Sem exposicao TSB direta,0.0,2829,2829.2215,,
84702100,False,Sem exposicao TSB direta,0.0,2829,2829.2215,,
84702900,False,Sem exposicao TSB direta,0.0,2829,2829.2215,,
84703000,False,Sem exposicao TSB direta,0.0,2829,2829.2225,,
84705010,False,Sem exposicao TSB direta,0.0,2829,2829.2225,,
84705090,False,Sem exposicao TSB direta,0.0,2829,2829.2225,,
84709090,False,Sem exposicao TSB direta,0.0,2829,2829.2225,,
84713011,False,Sem exposicao TSB direta,0.0,2621,2621.2025,,
84713012,False,Sem exposicao TSB direta,0.0,2621,2621.2025,,
84713019,False,Sem exposicao TSB direta,0.0,2621,2621.2025,,
84713090,False,Sem exposicao TSB direta,0.0,2621,2621.2025,,
84714100,False,Sem exposicao TSB direta,0.0,2621,2621.2005,,
84714900,False,Sem exposicao TSB direta,0.0,2621,2621.2005;2621.2030,,
84715010,False,Sem exposicao TSB direta,0.0,2621,2621.2030,,
84715020,False,Sem exposicao TSB direta,0.0,2621,2621.2030,,
84715030,False,Sem exposicao TSB direta,0.0,2621,2621.2030,,
84715040,False,Sem exposicao TSB direta,0.0,2621,2621.2030,,
84715090,False,Sem exposicao TSB direta,0.0,2621,2621.2030,,
84716052,False,Sem exposicao TSB direta,0.0,2622,2622.2090,,
84716053,False,Sem exposicao TSB direta,0.0,2622,2622.2075,,
84716054,False,Sem exposicao TSB direta,0.0,2622,2622.2075,,
84716059,False,Sem exposicao TSB direta,0.0,2622,2622.2075,,
84716061,False,Sem exposicao TSB direta,0.0,2622,2622.2075,,
84716062,False,Sem exposicao TSB direta,0.0,2622,2622.2075,,
84716080,False,Sem exposicao TSB direta,0.0,2622,2622.2105,,
84716090,False,Sem exposicao TSB direta,0.0,2622,2622.2075,,
84717010,False,Sem exposicao TSB direta,0.0,2622,2622.2120,,
84717020,False,Sem exposicao TSB direta,0.0,2622,2622.2120,,
84717030,False,Sem exposicao TSB direta,0.0,2622,2622.2120,,
84717040,False,Sem exposicao TSB direta,0.0,2622,2622.2120,,
84717090,False,Sem exposicao TSB direta,0.0,2622,2622.2120,,
84718000,False,Sem exposicao TSB direta,0.0,2622,2622.2085,,
84719011,False,Sem exposicao TSB direta,0.0,2622,2622.2040,,
84719012,False,Sem exposicao TSB direta,0.0,2622,2622.2040,,
84719013,False,Sem exposicao TSB direta,0.0,2622,2622.2040,,
84719014,False,Sem exposicao TSB direta,0.0,2622,2622.2040,,
84719019,False,Sem exposicao TSB direta,0.0,2622,2622.2040,,
84719090,False,Sem exposicao TSB direta,0.0,2622,2622.2085,,
84721000,False,Sem exposicao TSB direta,0.0,2829,2829.2276,,
84723030,False,Sem exposicao TSB direta,0.0,2829,2829.2276,,
84723090,False,Sem exposicao TSB direta,0.0,2829,2829.2276,,
84729010,False,Sem exposicao TSB direta,0.0,2622;2829,2622.2105;2829.2276,,
84729020,False,Sem exposicao TSB direta,0.0,2622;2829,2622.2110;2829.2276,,
84729030,False,Sem exposicao TSB direta,0.0,2829,2829.2276;2829.2335,,
84729040,False,Sem exposicao TSB direta,0.0,2829,2829.2276,,
84729059,False,Sem exposicao TSB direta,0.0,2829,2829.2276;2829.2335,,
84729091,False,Sem exposicao TSB direta,0.0,2829,2829.2276;2829.2335,,
84729099,False,Sem exposicao TSB direta,0.0,2829,2829.2276;2829.2335,,
84732100,False,Sem exposicao TSB direta,0.0,2829,2829.2445,,
84732910,False,Sem exposicao TSB direta,0.0,2829,2829.2445,,
84732920,False,Sem exposicao TSB direta,0.0,2829,2829.2445,,
84732990,False,Sem exposicao TSB direta,0.0,2829,2829.2445,,
84733011,False,Sem exposicao TSB direta,0.0,2622,2622.2065,,
84733019,False,Sem exposicao TSB direta,0.0,2622,2622.2065,,
84733031,False,Sem exposicao TSB direta,0.0,2622,2622.2065,,
84733032,False,Sem exposicao TSB direta,0.0,2622,2622.2065,,
84733033,False,Sem exposicao TSB direta,0.0,2622,2622.2065,,
84733039,False,Sem exposicao TSB direta,0.0,2622,2622.2065,,
84733041,False,Sem exposicao TSB direta,0.0,2622,2622.2065,,
84733042,False,Sem exposicao TSB direta,0.0,2622,2622.2065,,
84733049,False,Sem exposicao TSB direta,0.0,2622,2622.2065,,
84733090,False,Sem exposicao TSB direta,0.0,2622,2622.2065,,
84734010,False,Sem exposicao TSB direta,0.0,2829,2829.2435,,
84734070,False,Sem exposicao TSB direta,0.0,2829,2829.2435,,
84734090,False,Sem exposicao TSB direta,0.0,2829,2829.2435;2829.2445,,
84735010,False,Sem exposicao TSB direta,0.0,2610;2622,2610.2155;2622.2065,,
84735040,False,Sem exposicao TSB direta,0.0,2622,2622.2065,,
84735050,False,Sem exposicao TSB direta,0.0,2622,2622.2065,,
84735090,False,Sem exposicao TSB direta,0.0,2622,2622.2065,,
84741000,False,Sem exposicao TSB direta,0.0,2852,2852.2020,,
84742010,False,Sem exposicao TSB direta,0.0,2852,2852.2050,,
84742090,False,Sem exposicao TSB direta,0.0,2852,2852.2050,,
84743100,False,Sem exposicao TSB direta,0.0,2854,2854.2020,,
84743200,False,Sem exposicao TSB direta,0.0,2854,2854.2100,,
84743900,False,Sem exposicao TSB direta,0.0,2852,2852.2060,,
84748010,False,Sem exposicao TSB direta,0.0,2869,2869.2140,,
84748090,False,Sem exposicao TSB direta,0.0,2852,2852.2030,,
84749000,False,Sem exposicao TSB direta,0.0,2852,2852.2080,,
84751000,False,Sem exposicao TSB direta,0.0,2869,2869.2160,,
84752100,False,Sem exposicao TSB direta,0.0,2869,2869.2160,,
84752910,False,Sem exposicao TSB direta,0.0,2869,2869.2160,,
84752990,False,Sem exposicao TSB direta,0.0,2869,2869.2160,,
84759000,False,Sem exposicao TSB direta,0.0,2869,2869.2220,,
84762100,False,Sem exposicao TSB direta,0.0,2829,2829.2210,,
84768100,False,Sem exposicao TSB direta,0.0,2829,2829.2210,,
84768990,False,Sem exposicao TSB direta,0.0,2829,2829.2210,,
84769000,False,Sem exposicao TSB direta,0.0,2829,2829.2360,,
84771011,False,Sem exposicao TSB direta,0.0,2866,2866.2020,,
84771019,False,Sem exposicao TSB direta,0.0,2866;2869,2866.2020;2869.2130,,
84771021,False,Sem exposicao TSB direta,0.0,2866,2866.2020,,
84771029,False,Sem exposicao TSB direta,0.0,2866;2869,2866.2020;2869.2130,,
84771091,False,Sem exposicao TSB direta,0.0,2866;2869,2866.2020;2869.2130,,
84771099,False,Sem exposicao TSB direta,0.0,2866;2869,2866.2020;2869.2130,,
84772010,False,Sem exposicao TSB direta,0.0,2866,2866.2010,,
84772090,False,Sem exposicao TSB direta,0.0,2866;2869,2866.2010;2869.2060,,
84773010,False,Sem exposicao TSB direta,0.0,2866,2866.2030,,
84773090,False,Sem exposicao TSB direta,0.0,2866;2869,2866.2020;2869.2130,,
84774010,False,Sem exposicao TSB direta,0.0,2866;2869,2866.2020;2869.2130,,
84774090,False,Sem exposicao TSB direta,0.0,2866;2869,2866.2020;2869.2130,,
84775100,False,Sem exposicao TSB direta,0.0,2869,2869.2130,,
84775911,False,Sem exposicao TSB direta,0.0,2866;2869,2866.2020;2869.2130,,
84775919,False,Sem exposicao TSB direta,0.0,2866;2869,2866.2020;2869.2130,,
84775990,False,Sem exposicao TSB direta,0.0,2866;2869,2866.2020;2869.2130,,
84778010,False,Sem exposicao TSB direta,0.0,2869,2869.2130,,
84778090,False,Sem exposicao TSB direta,0.0,2866;2869,2866.2030;2869.2130,,
84779000,False,Sem exposicao TSB direta,0.0,2866;2869,2866.2040;2869.2240,,
84781010,False,Sem exposicao TSB direta,0.0,2862,2862.2160,,
84781090,False,Sem exposicao TSB direta,0.0,2862,2862.2160,,
84789000,False,Sem exposicao TSB direta,0.0,2862,2862.2190,,
84791010,False,Sem exposicao TSB direta,0.0,2854,2854.2090,,
84791090,False,Sem exposicao TSB direta,0.0,2854,2854.2140,,
84792000,False,Sem exposicao TSB direta,0.0,2862,2862.2050,,
84793000,False,Sem exposicao TSB direta,0.0,2840,2840.2200,,
84794000,False,Sem exposicao TSB direta,0.0,2869,2869.2110,,
84795000,False,Sem exposicao TSB direta,0.0,2869,2869.2260,,
84796000,False,Sem exposicao TSB direta,0.0,2869,2869.2040,,
84797100,False,Sem exposicao TSB direta,0.0,2829,2829.2200,,
84797900,False,Sem exposicao TSB direta,0.0,2829,2829.2200,,
84798110,False,Sem exposicao TSB direta,0.0,2869,2869.2080,,
84798190,False,Sem exposicao TSB direta,0.0,2869,2869.2080,,
84798210,False,Sem exposicao TSB direta,0.0,2869,2869.2090,,
84798290,False,Sem exposicao TSB direta,0.0,2869,2869.2090,,
84798300,False,Sem exposicao TSB direta,0.0,2869,2869.2180,,
84798911,False,Sem exposicao TSB direta,0.0,2869,2869.2180,,
84798912,False,Sem exposicao TSB direta,0.0,2869,2869.2050,,
84798922,False,Sem exposicao TSB direta,0.0,2869,2869.2110,,
84798931,False,Sem exposicao TSB direta,0.0,3042,3042.2030,,
84798932,False,Sem exposicao TSB direta,0.0,3042,3042.2030,,
84798940,False,Sem exposicao TSB direta,0.0,2869,2869.2270,,
84798991,False,Sem exposicao TSB direta,0.0,2869,2869.2110,,
84798992,False,Sem exposicao TSB direta,0.0,2869,2869.2110,,
84798999,False,Sem exposicao TSB direta,0.0,2825;2829;2869,2825.2010;2825.2020;2825.2030;2825.2040;2829.2200;2869.2110,,
84799010,False,Sem exposicao TSB direta,0.0,2869;3042,2869.2110;3042.2030,,
84799090,False,Sem exposicao TSB direta,0.0,2825;2854;2869,2825.2050;2854.2150;2869.2110;2869.2210,,
84801000,False,Sem exposicao TSB direta,0.0,2543,2543.2030,,
84802000,False,Sem exposicao TSB direta,0.0,2543,2543.2330,,
84803000,False,Sem exposicao TSB direta,0.0,2543,2543.2250,,
84804100,False,Sem exposicao TSB direta,0.0,2543,2543.2270,,
84804910,False,Sem exposicao TSB direta,0.0,2543,2543.2270,,
84804990,False,Sem exposicao TSB direta,0.0,2543,2543.2270,,
84805000,False,Sem exposicao TSB direta,0.0,2543,2543.2290,,
84806000,False,Sem exposicao TSB direta,0.0,2543,2543.2280,,
84807100,False,Sem exposicao TSB direta,0.0,2543,2543.2260,,
84807910,False,Sem exposicao TSB direta,0.0,2543,2543.2260,,
84807990,False,Sem exposicao TSB direta,0.0,2543,2543.2260,,
84811000,False,Sem exposicao TSB direta,0.0,2813,2813.2040,,
84812011,False,Sem exposicao TSB direta,0.0,2813,2813.2120,,
84812019,False,Sem exposicao TSB direta,0.0,2813,2813.2120,,
84812090,False,Sem exposicao TSB direta,0.0,2813,2813.2120,,
84813000,False,Sem exposicao TSB direta,0.0,2813,2813.2050,,
84814000,False,Sem exposicao TSB direta,0.0,2813,2813.2030,,
84818011,False,Sem exposicao TSB direta,0.0,2813,2813.2132,,
84818019,False,Sem exposicao TSB direta,0.0,2813,2813.2132,,
84818021,False,Sem exposicao TSB direta,0.0,2813,2813.2020,,
84818029,False,Sem exposicao TSB direta,0.0,2813,2813.2132,,
84818031,False,Sem exposicao TSB direta,0.0,2813,2813.2132,,
84818039,False,Sem exposicao TSB direta,0.0,2813,2813.2132,,
84818091,False,Sem exposicao TSB direta,0.0,2813,2813.2132,,
84818092,False,Sem exposicao TSB direta,0.0,2813,2813.2060,,
84818093,False,Sem exposicao TSB direta,0.0,2813,2813.2090,,
84818094,False,Sem exposicao TSB direta,0.0,2813,2813.2100,,
84818095,False,Sem exposicao TSB direta,0.0,2813,2813.2080,,
84818096,False,Sem exposicao TSB direta,0.0,2813,2813.2110,,
84818097,False,Sem exposicao TSB direta,0.0,2813,2813.2070,,
84818099,False,Sem exposicao TSB direta,0.0,2813;2851,2813.2132;2851.2008,,
84819010,False,Sem exposicao TSB direta,0.0,2813,2813.2010,,
84819090,False,Sem exposicao TSB direta,0.0,2813;2851,2813.2010;2851.2025,,
84821010,False,Sem exposicao TSB direta,0.0,2815,2815.2080,,
84821090,False,Sem exposicao TSB direta,0.0,2815,2815.2080,,
84822010,False,Sem exposicao TSB direta,0.0,2815,2815.2080,,
84822090,False,Sem exposicao TSB direta,0.0,2815,2815.2080,,
84823000,False,Sem exposicao TSB direta,0.0,2815,2815.2080,,
84824000,False,Sem exposicao TSB direta,0.0,2815,2815.2080,,
84825010,False,Sem exposicao TSB direta,0.0,2815,2815.2080,,
84825090,False,Sem exposicao TSB direta,0.0,2815,2815.2080,,
84828000,False,Sem exposicao TSB direta,0.0,2815,2815.2080,,
84829111,False,Sem exposicao TSB direta,0.0,2815,2815.2070,,
84829119,False,Sem exposicao TSB direta,0.0,2815,2815.2070,,
84829120,False,Sem exposicao TSB direta,0.0,2815,2815.2070,,
84829130,False,Sem exposicao TSB direta,0.0,2815,2815.2070,,
84829190,False,Sem exposicao TSB direta,0.0,2815,2815.2070,,
84829910,False,Sem exposicao TSB direta,0.0,2815,2815.2070,,
84829990,False,Sem exposicao TSB direta,0.0,2815,2815.2070,,
84831011,False,Sem exposicao TSB direta,0.0,2815,2815.2090,,
84831019,False,Sem exposicao TSB direta,0.0,2815,2815.2090,,
84831020,False,Sem exposicao TSB direta,0.0,2815,2815.2090,,
84831030,False,Sem exposicao TSB direta,0.0,2815,2815.2090,,
84831040,False,Sem exposicao TSB direta,0.0,2815,2815.2090,,
84831050,False,Sem exposicao TSB direta,0.0,2815,2815.2090,,
84831090,False,Sem exposicao TSB direta,0.0,2815,2815.2090,,
84832000,False,Sem exposicao TSB direta,0.0,2815,2815.2090,,
84833010,False,Sem exposicao TSB direta,0.0,2815,2815.2090,,
84833021,False,Sem exposicao TSB direta,0.0,2815,2815.2090,,
84833029,False,Sem exposicao TSB direta,0.0,2815,2815.2090,,
84833090,False,Sem exposicao TSB direta,0.0,2815,2815.2090,,
84834010,False,Sem exposicao TSB direta,0.0,2815,2815.2010,,
84834090,False,Sem exposicao TSB direta,0.0,2815,2815.2040,,
84835010,False,Sem exposicao TSB direta,0.0,2815,2815.2100,,
84835090,False,Sem exposicao TSB direta,0.0,2815,2815.2100,,
84836011,False,Sem exposicao TSB direta,0.0,2815,2815.2030,,
84836019,False,Sem exposicao TSB direta,0.0,2815,2815.2030,,
84836090,False,Sem exposicao TSB direta,0.0,2815,2815.2030,,
84839000,False,Sem exposicao TSB direta,0.0,2815,2815.2060,,
84841000,False,Sem exposicao TSB direta,0.0,2829,2829.2190,,
84842000,False,Sem exposicao TSB direta,0.0,2829,2829.2190,,
84849000,False,Sem exposicao TSB direta,0.0,2829,2829.2190,,
84851000,False,Sem exposicao TSB direta,0.0,2840,2840.2365,,
84852000,False,Sem exposicao TSB direta,0.0,2840,2840.2365,,
84853000,False,Sem exposicao TSB direta,0.0,2840,2840.2365,,
84858000,False,Sem exposicao TSB direta,0.0,2840,2840.2365,,
84859000,False,Sem exposicao TSB direta,0.0,2840,2840.2365,,
84861000,False,Sem exposicao TSB direta,0.0,2869,2869.2110,,
84862000,False,Sem exposicao TSB direta,0.0,2869,2869.2110,,
84863000,False,Sem exposicao TSB direta,0.0,2869,2869.2110,,
84864000,False,Sem exposicao TSB direta,0.0,2869,2869.2110,,
84869000,False,Sem exposicao TSB direta,0.0,2869,2869.2210,,
84871000,False,Sem exposicao TSB direta,0.0,2599,2599.2140,,
84879000,False,Sem exposicao TSB direta,0.0,2829,2829.2400,,
85011011,False,Sem exposicao TSB direta,0.0,2710,2710.2080,,
85011019,False,Sem exposicao TSB direta,0.0,2710,2710.2080,,
85011021,False,Sem exposicao TSB direta,0.0,2710,2710.2080,,
85011029,False,Sem exposicao TSB direta,0.0,2710,2710.2080,,
85011030,False,Sem exposicao TSB direta,0.0,2710,2710.2080,,
85012000,False,Sem exposicao TSB direta,0.0,2710,2710.2090,,
85013110,False,Sem exposicao TSB direta,0.0,2710,2710.2100,,
85013120,False,Sem exposicao TSB direta,0.0,2710,2710.2065,,
85013210,False,Sem exposicao TSB direta,0.0,2710,2710.2100,,
85013220,False,Sem exposicao TSB direta,0.0,2710,2710.2065,,
85013310,False,Sem exposicao TSB direta,0.0,2710,2710.2100,,
85013320,False,Sem exposicao TSB direta,0.0,2710,2710.2068,,
85013411,False,Sem exposicao TSB direta,0.0,2710,2710.2100,,
85013419,False,Sem exposicao TSB direta,0.0,2710,2710.2100,,
85013420,False,Sem exposicao TSB direta,0.0,2710,2710.2068,,
85014011,False,Sem exposicao TSB direta,0.0,2710,2710.2110,,
85014019,False,Sem exposicao TSB direta,0.0,2710,2710.2110,,
85014021,False,Sem exposicao TSB direta,0.0,2710,2710.2110,,
85014029,False,Sem exposicao TSB direta,0.0,2710,2710.2110,,
85015110,False,Sem exposicao TSB direta,0.0,2710,2710.2110,,
85015120,False,Sem exposicao TSB direta,0.0,2710,2710.2110,,
85015190,False,Sem exposicao TSB direta,0.0,2710,2710.2110,,
85015210,False,Sem exposicao TSB direta,0.0,2710,2710.2110,,
85015220,False,Sem exposicao TSB direta,0.0,2710,2710.2110,,
85015290,False,Sem exposicao TSB direta,0.0,2710,2710.2110,,
85015310,False,Sem exposicao TSB direta,0.0,2710,2710.2110,,
85015320,False,Sem exposicao TSB direta,0.0,2710,2710.2110,,
85015390,False,Sem exposicao TSB direta,0.0,2710,2710.2110,,
85016100,False,Sem exposicao TSB direta,0.0,2710,2710.2057,,
85016200,False,Sem exposicao TSB direta,0.0,2710,2710.2059,,
85016300,False,Sem exposicao TSB direta,0.0,2710,2710.2059,,
85016400,False,Sem exposicao TSB direta,0.0,2710,2710.2059,,
85017100,False,Sem exposicao TSB direta,0.0,2710,2710.2065,,
85017210,False,Sem exposicao TSB direta,0.0,2710,2710.2065,,
85017290,False,Sem exposicao TSB direta,0.0,2710,2710.2068,,
85018000,False,Sem exposicao TSB direta,0.0,2710,2710.2057;2710.2059,,
85021110,False,Sem exposicao TSB direta,0.0,2710,2710.2075;2710.2078,,
85021190,False,Sem exposicao TSB direta,0.0,2710,2710.2075;2710.2078,,
85021210,False,Sem exposicao TSB direta,0.0,2710,2710.2075;2710.2078,,
85021290,False,Sem exposicao TSB direta,0.0,2710,2710.2075;2710.2078,,
85021311,False,Sem exposicao TSB direta,0.0,2710,2710.2075;2710.2078,,
85021319,False,Sem exposicao TSB direta,0.0,2710,2710.2075;2710.2078,,
85022011,False,Sem exposicao TSB direta,0.0,2710,2710.2075;2710.2078,,
85022019,False,Sem exposicao TSB direta,0.0,2710,2710.2075;2710.2078,,
85022090,False,Sem exposicao TSB direta,0.0,2710,2710.2075;2710.2078,,
85023100,False,Sem exposicao TSB direta,0.0,2710,2710.2075;2710.2078,,
85023900,False,Sem exposicao TSB direta,0.0,2710,2710.2075;2710.2078,,
85024010,False,Sem exposicao TSB direta,0.0,2710,2710.2030,,
85024090,False,Sem exposicao TSB direta,0.0,2710,2710.2030,,
85030010,False,Sem exposicao TSB direta,0.0,2710,2710.2120;2710.2140,,
85030090,False,Sem exposicao TSB direta,0.0,2710,2710.2120;2710.2140,,
85041000,False,Sem exposicao TSB direta,0.0,2740,2740.2150,,
85042100,False,Sem exposicao TSB direta,0.0,2710,2710.2160,,
85042200,False,Sem exposicao TSB direta,0.0,2710,2710.2160,,
85042300,False,Sem exposicao TSB direta,0.0,2710,2710.2160,,
85043111,False,Sem exposicao TSB direta,0.0,2710,2710.2170,,
85043119,False,Sem exposicao TSB direta,0.0,2710,2710.2170,,
85043191,False,Sem exposicao TSB direta,0.0,2710,2710.2170,,
85043192,False,Sem exposicao TSB direta,0.0,2710,2710.2170,,
85043193,False,Sem exposicao TSB direta,0.0,2710,2710.2170,,
85043199,False,Sem exposicao TSB direta,0.0,2710,2710.2170,,
85043211,False,Sem exposicao TSB direta,0.0,2710,2710.2170,,
85043219,False,Sem exposicao TSB direta,0.0,2710,2710.2170,,
85043221,False,Sem exposicao TSB direta,0.0,2710,2710.2170,,
85043229,False,Sem exposicao TSB direta,0.0,2710,2710.2170,,
85043300,False,Sem exposicao TSB direta,0.0,2710,2710.2170,,
85043400,False,Sem exposicao TSB direta,0.0,2710,2710.2170,,
85044010,False,Sem exposicao TSB direta,0.0,2710,2710.2020,,
85044021,False,Sem exposicao TSB direta,0.0,2710,2710.2020,,
85044022,False,Sem exposicao TSB direta,0.0,2710,2710.2020,,
85044029,False,Sem exposicao TSB direta,0.0,2710,2710.2020,,
85044030,False,Sem exposicao TSB direta,0.0,2710,2710.2020,,
85044040,False,Sem exposicao TSB direta,0.0,2710,2710.2040,,
85044050,False,Sem exposicao TSB direta,0.0,2710,2710.2020,,
85044060,False,Sem exposicao TSB direta,0.0,2710,2710.2020,,
85044090,False,Sem exposicao TSB direta,0.0,2710,2710.2020,,
85045010,False,Sem exposicao TSB direta,0.0,2710,2710.2010,,
85045090,False,Sem exposicao TSB direta,0.0,2710,2710.2010,,
85049010,False,Sem exposicao TSB direta,0.0,2790,2790.2180,,
85049020,False,Sem exposicao TSB direta,0.0,2740,2740.2130,,
85049030,False,Sem exposicao TSB direta,0.0,2710,2710.2150,,
85049040,False,Sem exposicao TSB direta,0.0,2710,2710.2130,,
85049090,False,Sem exposicao TSB direta,0.0,2710,2710.2150,,
85051100,False,Sem exposicao TSB direta,0.0,2790,2790.2130,,
85051910,False,Sem exposicao TSB direta,0.0,2790,2790.2130,,
85051990,False,Sem exposicao TSB direta,0.0,2790,2790.2130,,
85052010,False,Sem exposicao TSB direta,0.0,2790,2790.2010,,
85052090,False,Sem exposicao TSB direta,0.0,2790,2790.2010,,
85059011,False,Sem exposicao TSB direta,0.0,2790,2790.2100,,
85059019,False,Sem exposicao TSB direta,0.0,2790,2790.2100,,
85059080,False,Sem exposicao TSB direta,0.0,2790,2790.2010,,
85059090,False,Sem exposicao TSB direta,0.0,2790,2790.2010,,
85061011,False,Sem exposicao TSB direta,0.0,2721,2721.2030,,
85061012,False,Sem exposicao TSB direta,0.0,2721,2721.2030,,
85061019,False,Sem exposicao TSB direta,0.0,2721,2721.2030,,
85061020,False,Sem exposicao TSB direta,0.0,2721,2721.2030,,
85061031,False,Sem exposicao TSB direta,0.0,2721,2721.2030,,
85061032,False,Sem exposicao TSB direta,0.0,2721,2721.2030,,
85061039,False,Sem exposicao TSB direta,0.0,2721,2721.2030,,
85063090,False,Sem exposicao TSB direta,0.0,2721,2721.2030,,
85064010,False,Sem exposicao TSB direta,0.0,2721,2721.2030,,
85064090,False,Sem exposicao TSB direta,0.0,2721,2721.2030,,
85065010,False,Sem exposicao TSB direta,0.0,2721,2721.2030,,
85065090,False,Sem exposicao TSB direta,0.0,2721,2721.2030,,
85066010,False,Sem exposicao TSB direta,0.0,2721,2721.2030,,
85066090,False,Sem exposicao TSB direta,0.0,2721,2721.2030,,
85068010,False,Sem exposicao TSB direta,0.0,2721,2721.2030,,
85068090,False,Sem exposicao TSB direta,0.0,2721,2721.2030,,
85069000,False,Sem exposicao TSB direta,0.0,2721,2721.2020,,
85071010,False,Sem exposicao TSB direta,0.0,2721;2722,2721.2010;2722.2010,,
85071090,False,Sem exposicao TSB direta,0.0,2721;2722,2721.2010;2722.2010,,
85072010,False,Sem exposicao TSB direta,0.0,2721;2722,2721.2010;2722.2010,,
85072090,False,Sem exposicao TSB direta,0.0,2721;2722,2721.2010;2722.2010,,
85073011,False,Sem exposicao TSB direta,0.0,2721;2722,2721.2010;2722.2010,,
85073019,False,Sem exposicao TSB direta,0.0,2721;2722,2721.2010;2722.2010,,
85073090,False,Sem exposicao TSB direta,0.0,2721;2722,2721.2010;2722.2010,,
85075010,False,Sem exposicao TSB direta,0.0,2721;2722,2721.2010;2722.2010,,
85075020,False,Sem exposicao TSB direta,0.0,2721;2722,2721.2010;2722.2010,,
85075090,False,Sem exposicao TSB direta,0.0,2721;2722,2721.2010;2722.2010,,
85076000,False,Sem exposicao TSB direta,0.0,2721;2722,2721.2010;2722.2010,,
85078000,False,Sem exposicao TSB direta,0.0,2721;2722,2721.2010;2722.2010,,
85079010,False,Sem exposicao TSB direta,0.0,2721;2722,2721.2020;2722.2020,,
85079020,False,Sem exposicao TSB direta,0.0,2721;2722,2721.2020;2722.2020,,
85079090,False,Sem exposicao TSB direta,0.0,2721;2722,2721.2020;2722.2020,,
85081100,False,Sem exposicao TSB direta,0.0,2759,2759.2040,,
85081900,False,Sem exposicao TSB direta,0.0,2829,2829.2200,,
85086000,False,Sem exposicao TSB direta,0.0,2829,2829.2200,,
85087000,False,Sem exposicao TSB direta,0.0,2759,2759.2170,,
85094010,False,Sem exposicao TSB direta,0.0,2759,2759.2230,,
85094020,False,Sem exposicao TSB direta,0.0,2759,2759.2230,,
85094030,False,Sem exposicao TSB direta,0.0,2759,2759.2230,,
85094040,False,Sem exposicao TSB direta,0.0,2759,2759.2230,,
85094050,False,Sem exposicao TSB direta,0.0,2759,2759.2230,,
85094090,False,Sem exposicao TSB direta,0.0,2759,2759.2230,,
85098010,False,Sem exposicao TSB direta,0.0,2759,2759.2100,,
85098090,False,Sem exposicao TSB direta,0.0,2759,2759.2100,,
85099000,False,Sem exposicao TSB direta,0.0,2759,2759.2170,,
85101000,False,Sem exposicao TSB direta,0.0,2759,2759.2050,,
85102000,False,Sem exposicao TSB direta,0.0,2759,2759.2050,,
85103000,False,Sem exposicao TSB direta,0.0,2759,2759.2050,,
85109011,False,Sem exposicao TSB direta,0.0,2759,2759.2190,,
85109019,False,Sem exposicao TSB direta,0.0,2759,2759.2190,,
85109020,False,Sem exposicao TSB direta,0.0,2759,2759.2190,,
85109090,False,Sem exposicao TSB direta,0.0,2759,2759.2190,,
85111000,False,Sem exposicao TSB direta,0.0,2945,2945.2030,,
85112010,False,Sem exposicao TSB direta,0.0,2945,2945.2030,,
85112090,False,Sem exposicao TSB direta,0.0,2945,2945.2030,,
85113010,False,Sem exposicao TSB direta,0.0,2945,2945.2030,,
85113020,False,Sem exposicao TSB direta,0.0,2945,2945.2030,,
85114000,False,Sem exposicao TSB direta,0.0,2945,2945.2100,,
85115010,False,Sem exposicao TSB direta,0.0,2945,2945.2030,,
85115090,False,Sem exposicao TSB direta,0.0,2945,2945.2030,,
85118010,False,Sem exposicao TSB direta,0.0,2945,2945.2030,,
85118020,False,Sem exposicao TSB direta,0.0,2945,2945.2030,,
85118030,False,Sem exposicao TSB direta,0.0,2945,2945.2030,,
85118090,False,Sem exposicao TSB direta,0.0,2945,2945.2030,,
85119000,False,Sem exposicao TSB direta,0.0,2945,2945.2130,,
85121000,False,Sem exposicao TSB direta,0.0,2740,2740.2005,,
85122011,False,Sem exposicao TSB direta,0.0,2945,2945.2050,,
85122019,False,Sem exposicao TSB direta,0.0,2945,2945.2050,,
85122021,False,Sem exposicao TSB direta,0.0,2945,2945.2050,,
85122022,False,Sem exposicao TSB direta,0.0,2945,2945.2050,,
85122023,False,Sem exposicao TSB direta,0.0,2945,2945.2050,,
85122029,False,Sem exposicao TSB direta,0.0,2945,2945.2050,,
85123000,False,Sem exposicao TSB direta,0.0,2945,2945.2010;2945.2050,,
85124010,False,Sem exposicao TSB direta,0.0,2945,2945.2090,,
85124020,False,Sem exposicao TSB direta,0.0,2945,2945.2090,,
85129000,False,Sem exposicao TSB direta,0.0,2945,2945.2090;2945.2130,,
85131010,False,Sem exposicao TSB direta,0.0,2740,2740.2100,,
85131090,False,Sem exposicao TSB direta,0.0,2740,2740.2100,,
85139000,False,Sem exposicao TSB direta,0.0,2740,2740.2120,,
85141100,False,Sem exposicao TSB direta,0.0,2821,2821.2060,,
85141900,False,Sem exposicao TSB direta,0.0,2821,2821.2060,,
85142011,False,Sem exposicao TSB direta,0.0,2821,2821.2050,,
85142019,False,Sem exposicao TSB direta,0.0,2821,2821.2060,,
85142020,False,Sem exposicao TSB direta,0.0,2821,2821.2060,,
85143100,False,Sem exposicao TSB direta,0.0,2821,2821.2060,,
85143200,False,Sem exposicao TSB direta,0.0,2821,2821.2060,,
85143900,False,Sem exposicao TSB direta,0.0,2821,2821.2060,,
85144000,False,Sem exposicao TSB direta,0.0,2821,2821.2060,,
85149000,False,Sem exposicao TSB direta,0.0,2821,2821.2110,,
85151100,False,Sem exposicao TSB direta,0.0,2840,2840.2040,,
85151900,False,Sem exposicao TSB direta,0.0,2840,2840.2040,,
85152100,False,Sem exposicao TSB direta,0.0,2840,2840.2230,,
85152900,False,Sem exposicao TSB direta,0.0,2840,2840.2230,,
85153110,False,Sem exposicao TSB direta,0.0,2840,2840.2240,,
85153190,False,Sem exposicao TSB direta,0.0,2840,2840.2240,,
85153900,False,Sem exposicao TSB direta,0.0,2840,2840.2240,,
85158010,False,Sem exposicao TSB direta,0.0,2840,2840.2240;2840.2250,,
85158090,False,Sem exposicao TSB direta,0.0,2840,2840.2240,,
85159000,False,Sem exposicao TSB direta,0.0,2840,2840.2290,,
85161000,False,Sem exposicao TSB direta,0.0,2759,2759.2030;2759.2070,,
85162100,False,Sem exposicao TSB direta,0.0,2759,2759.2010,,
85162900,False,Sem exposicao TSB direta,0.0,2759,2759.2010,,
85163100,False,Sem exposicao TSB direta,0.0,2759,2759.2210,,
85163200,False,Sem exposicao TSB direta,0.0,2759,2759.2210,,
85163300,False,Sem exposicao TSB direta,0.0,2759,2759.2210,,
85164000,False,Sem exposicao TSB direta,0.0,2759,2759.2110,,
85165000,False,Sem exposicao TSB direta,0.0,2751,2751.2020,,
85166000,False,Sem exposicao TSB direta,0.0,2751;2759,2751.2005;2759.2130,,
85167100,False,Sem exposicao TSB direta,0.0,2759,2759.2060,,
85167200,False,Sem exposicao TSB direta,0.0,2759,2759.2220,,
85167910,False,Sem exposicao TSB direta,0.0,2759,2759.2150,,
85167920,False,Sem exposicao TSB direta,0.0,2759,2759.2150,,
85167990,False,Sem exposicao TSB direta,0.0,2759,2759.2220,,
85168010,False,Sem exposicao TSB direta,0.0,2759,2759.2200,,
85168090,False,Sem exposicao TSB direta,0.0,2759,2759.2200,,
85169000,False,Sem exposicao TSB direta,0.0,2751;2759,2751.2070;2751.2080;2759.2160;2759.2170,,
85171100,False,Sem exposicao TSB direta,0.0,2632,2632.2074,,
85171300,False,Sem exposicao TSB direta,0.0,2632,2632.2063,,
85171410,False,Sem exposicao TSB direta,0.0,2632,2632.2074,,
85171431,False,Sem exposicao TSB direta,0.0,2632,2632.2085,,
85171432,False,Sem exposicao TSB direta,0.0,2632,2632.2074,,
85171439,False,Sem exposicao TSB direta,0.0,2632,2632.2074;2632.2085,,
85171441,False,Sem exposicao TSB direta,0.0,2632,2632.2085,,
85171449,False,Sem exposicao TSB direta,0.0,2631;2632,2631.2025;2632.2074,,
85171490,False,Sem exposicao TSB direta,0.0,2631;2632,2631.2160;2632.2074,,
85171830,False,Sem exposicao TSB direta,0.0,2632,2632.2074,,
85171890,False,Sem exposicao TSB direta,0.0,2632,2632.2074;2632.2080,,
85176130,False,Sem exposicao TSB direta,0.0,2631,2631.2180,,
85176141,False,Sem exposicao TSB direta,0.0,2631,2631.2025,,
85176142,False,Sem exposicao TSB direta,0.0,2631,2631.2025,,
85176143,False,Sem exposicao TSB direta,0.0,2631,2631.2025,,
85176149,False,Sem exposicao TSB direta,0.0,2631,2631.2025,,
85176191,False,Sem exposicao TSB direta,0.0,2631,2631.2160,,
85176199,False,Sem exposicao TSB direta,0.0,2631,2631.2160;2631.2170,,
85176214,False,Sem exposicao TSB direta,0.0,2631,2631.2025;2631.2110,,
85176215,False,Sem exposicao TSB direta,0.0,2631,2631.2025;2631.2110,,
85176221,False,Sem exposicao TSB direta,0.0,2631,2631.2020;2631.2025,,
85176229,False,Sem exposicao TSB direta,0.0,2631,2631.2020;2631.2025,,
85176234,False,Sem exposicao TSB direta,0.0,2631,2631.2020;2631.2025,,
85176239,False,Sem exposicao TSB direta,0.0,2631,2631.2020;2631.2025,,
85176241,False,Sem exposicao TSB direta,0.0,2631,2631.2020;2631.2025,,
85176249,False,Sem exposicao TSB direta,0.0,2631,2631.2020;2631.2025,,
85176251,False,Sem exposicao TSB direta,0.0,2631,2631.2025,,
85176252,False,Sem exposicao TSB direta,0.0,2631,2631.2025,,
85176253,False,Sem exposicao TSB direta,0.0,2631,2631.2025,,
85176254,False,Sem exposicao TSB direta,0.0,2631,2631.2025,,
85176255,False,Sem exposicao TSB direta,0.0,2631,2631.2025,,
85176256,False,Sem exposicao TSB direta,0.0,2631;2632,2631.2025;2632.2020,,
85176259,False,Sem exposicao TSB direta,0.0,2631,2631.2025,,
85176262,False,Sem exposicao TSB direta,0.0,2631,2631.2025;2631.2180,,
85176264,False,Sem exposicao TSB direta,0.0,2631,2631.2025,,
85176265,False,Sem exposicao TSB direta,0.0,2631,2631.2025,,
85176272,False,Sem exposicao TSB direta,0.0,2631,2631.2025;2631.2160;2631.2170,,
85176273,False,Sem exposicao TSB direta,0.0,2631;2632,2631.2025;2632.2020,,
85176277,False,Sem exposicao TSB direta,0.0,2631,2631.2025;2631.2160,,
85176278,False,Sem exposicao TSB direta,0.0,2631,2631.2025;2631.2160,,
85176279,False,Sem exposicao TSB direta,0.0,2631,2631.2025;2631.2160,,
85176291,False,Sem exposicao TSB direta,0.0,2631,2631.2025;2631.2140,,
85176294,False,Sem exposicao TSB direta,0.0,2631,2631.2025,,
85176296,False,Sem exposicao TSB direta,0.0,2631,2631.2025,,
85176299,False,Sem exposicao TSB direta,0.0,2631;2640,2631.2025;2631.2160;2640.2170,,
85176900,False,Sem exposicao TSB direta,0.0,2631,2631.2025;2631.2160,,
85177110,False,Sem exposicao TSB direta,0.0,2631,2631.2010;2631.2025,,
85177190,False,Sem exposicao TSB direta,0.0,2631,2631.2010;2631.2025,,
85177900,False,Sem exposicao TSB direta,0.0,2631;2632,2631.2025;2631.2090;2631.2125;2632.2030;2632.2040,,
85181010,False,Sem exposicao TSB direta,0.0,2640,2640.2080,,
85181090,False,Sem exposicao TSB direta,0.0,2640,2640.2080,,
85182100,False,Sem exposicao TSB direta,0.0,2640,2640.2080,,
85182200,False,Sem exposicao TSB direta,0.0,2640,2640.2080,,
85182910,False,Sem exposicao TSB direta,0.0,2640,2640.2080,,
85182990,False,Sem exposicao TSB direta,0.0,2640,2640.2080,,
85183000,False,Sem exposicao TSB direta,0.0,2640,2640.2080,,
85184000,False,Sem exposicao TSB direta,0.0,2640,2640.2080,,
85185000,False,Sem exposicao TSB direta,0.0,2640,2640.2080,,
85189010,False,Sem exposicao TSB direta,0.0,2640,2640.2110,,
85189090,False,Sem exposicao TSB direta,0.0,2640,2640.2110,,
85193000,False,Sem exposicao TSB direta,0.0,2640,2640.2030,,
85198110,False,Sem exposicao TSB direta,0.0,2640,2640.2030,,
85198120,False,Sem exposicao TSB direta,0.0,2640,2640.2030,,
85198190,False,Sem exposicao TSB direta,0.0,2640,2640.2030,,
85198900,False,Sem exposicao TSB direta,0.0,2640,2640.2030,,
85211010,False,Sem exposicao TSB direta,0.0,2640,2640.2060,,
85211089,False,Sem exposicao TSB direta,0.0,2640,2640.2060,,
85219000,False,Sem exposicao TSB direta,0.0,2632;2640,2632.2010;2640.2060,,
85221000,False,Sem exposicao TSB direta,0.0,2640,2640.2100,,
85229000,False,Sem exposicao TSB direta,0.0,2640,2640.2100,,
85232110,False,Sem exposicao TSB direta,0.0,2680,2680.2016,,
85232120,False,Sem exposicao TSB direta,0.0,1812,1812.2010,,
85232911,False,Sem exposicao TSB direta,0.0,2680,2680.2016,,
85232919,False,Sem exposicao TSB direta,0.0,1830;2680,1830.2020;2680.2016,,
85232990,False,Sem exposicao TSB direta,0.0,1830;2680,1830.2035;1830.2050;2680.2016,,
85234110,False,Sem exposicao TSB direta,0.0,2680,2680.2016,,
85234190,False,Sem exposicao TSB direta,0.0,2680,2680.2016,,
85234910,False,Sem exposicao TSB direta,0.0,1830,1830.2020,,
85234920,False,Sem exposicao TSB direta,0.0,1830,1830.2050,,
85234990,False,Sem exposicao TSB direta,0.0,1830,1830.2010,,
85235110,False,Sem exposicao TSB direta,0.0,2610,2610.2085,,
85235190,False,Sem exposicao TSB direta,0.0,2610,2610.2085,,
85235210,False,Sem exposicao TSB direta,0.0,2610,2610.2041,,
85235290,False,Sem exposicao TSB direta,0.0,2610,2610.2041,,
85235900,False,Sem exposicao TSB direta,0.0,1830,1830.2050,,
85238000,False,Sem exposicao TSB direta,0.0,1830,1830.2020,,
85241100,False,Sem exposicao TSB direta,0.0,2670,2670.2075,,
85241200,False,Sem exposicao TSB direta,0.0,2670,2670.2075,,
85241900,False,Sem exposicao TSB direta,0.0,2670,2670.2075,,
85249100,False,Sem exposicao TSB direta,0.0,2622,2622.2065,,
85249200,False,Sem exposicao TSB direta,0.0,2622,2622.2065,,
85249900,False,Sem exposicao TSB direta,0.0,2622,2622.2065,,
85255011,False,Sem exposicao TSB direta,0.0,2631,2631.2140,,
85255019,False,Sem exposicao TSB direta,0.0,2631,2631.2140,,
85255021,False,Sem exposicao TSB direta,0.0,2631,2631.2140,,
85255023,False,Sem exposicao TSB direta,0.0,2631,2631.2140,,
85255024,False,Sem exposicao TSB direta,0.0,2631,2631.2140,,
85255029,False,Sem exposicao TSB direta,0.0,2631,2631.2140,,
85256010,False,Sem exposicao TSB direta,0.0,2631,2631.2190,,
85256020,False,Sem exposicao TSB direta,0.0,2631,2631.2190,,
85256090,False,Sem exposicao TSB direta,0.0,2631,2631.2190,,
85258100,False,Sem exposicao TSB direta,0.0,2631;2640;2670,2631.2100;2640.2040;2670.2040,,
85258200,False,Sem exposicao TSB direta,0.0,2631;2670,2631.2100;2670.2040,,
85258300,False,Sem exposicao TSB direta,0.0,2631;2670,2631.2100;2670.2040,,
85258911,False,Sem exposicao TSB direta,0.0,2631,2631.2100,,
85258912,False,Sem exposicao TSB direta,0.0,2631,2631.2100,,
85258913,False,Sem exposicao TSB direta,0.0,2631,2631.2100,,
85258914,False,Sem exposicao TSB direta,0.0,2631,2631.2100,,
85258919,False,Sem exposicao TSB direta,0.0,2631,2631.2100,,
85258921,False,Sem exposicao TSB direta,0.0,2631;2640;2670,2631.2100;2640.2040;2670.2040,,
85258922,False,Sem exposicao TSB direta,0.0,2631;2640;2670,2631.2100;2640.2040;2670.2040,,
85258929,False,Sem exposicao TSB direta,0.0,2631;2640;2670,2631.2100;2640.2040;2670.2040,,
85261000,False,Sem exposicao TSB direta,0.0,2651,2651.2035,,
85269100,False,Sem exposicao TSB direta,0.0,2651,2651.2035,,
85269200,False,Sem exposicao TSB direta,0.0,2651;2790,2651.2035;2790.2075,,
85271200,False,Sem exposicao TSB direta,0.0,2640,2640.2160,,
85271300,False,Sem exposicao TSB direta,0.0,2640,2640.2160,,
85271900,False,Sem exposicao TSB direta,0.0,2640,2640.2160,,
85272100,False,Sem exposicao TSB direta,0.0,2640,2640.2150,,
85272900,False,Sem exposicao TSB direta,0.0,2640,2640.2150,,
85279100,False,Sem exposicao TSB direta,0.0,2640,2640.2160,,
85279200,False,Sem exposicao TSB direta,0.0,2640,2640.2160,,
85279910,False,Sem exposicao TSB direta,0.0,2640,2640.2010;2640.2170,,
85279990,False,Sem exposicao TSB direta,0.0,2640,2640.2170,,
85284200,False,Sem exposicao TSB direta,0.0,2622,2622.2050,,
85284930,False,Sem exposicao TSB direta,0.0,2640,2640.2090,,
85284990,False,Sem exposicao TSB direta,0.0,2640,2640.2090,,
85285200,False,Sem exposicao TSB direta,0.0,2622,2622.2050,,
85285900,False,Sem exposicao TSB direta,0.0,2640,2640.2090,,
85286200,False,Sem exposicao TSB direta,0.0,2622,2622.2050,,
85286910,False,Sem exposicao TSB direta,0.0,2640,2640.2130,,
85286990,False,Sem exposicao TSB direta,0.0,2640,2640.2130,,
85287111,False,Sem exposicao TSB direta,0.0,2640,2640.2140,,
85287119,False,Sem exposicao TSB direta,0.0,2640,2640.2140,,
85287190,False,Sem exposicao TSB direta,0.0,2640,2640.2180,,
85287200,False,Sem exposicao TSB direta,0.0,2640,2640.2180,,
85291020,False,Sem exposicao TSB direta,0.0,2640,2640.2020,,
85291090,False,Sem exposicao TSB direta,0.0,2640,2640.2020,,
85299011,False,Sem exposicao TSB direta,0.0,2631;2640,2631.2125;2640.2100,,
85299012,False,Sem exposicao TSB direta,0.0,2631;2640,2631.2125;2640.2100,,
85299019,False,Sem exposicao TSB direta,0.0,2631;2640,2631.2125;2640.2100,,
85299020,False,Sem exposicao TSB direta,0.0,2640,2640.2100,,
85299030,False,Sem exposicao TSB direta,0.0,2640;2651,2640.2100;2651.2405,,
85299040,False,Sem exposicao TSB direta,0.0,2640;2651,2640.2100;2651.2405,,
85299050,False,Sem exposicao TSB direta,0.0,2622;2640,2622.2065;2640.2100,,
85299090,False,Sem exposicao TSB direta,0.0,2640,2640.2100,,
85301010,False,Sem exposicao TSB direta,0.0,2790,2790.2050,,
85301090,False,Sem exposicao TSB direta,0.0,2790,2790.2050,,
85308010,False,Sem exposicao TSB direta,0.0,2790,2790.2050,,
85308090,False,Sem exposicao TSB direta,0.0,2790,2790.2050,,
85309000,False,Sem exposicao TSB direta,0.0,2790,2790.2200,,
85311010,False,Sem exposicao TSB direta,0.0,2790,2790.2030,,
85311090,False,Sem exposicao TSB direta,0.0,2790,2790.2030,,
85312000,False,Sem exposicao TSB direta,0.0,2790,2790.2190,,
85318000,False,Sem exposicao TSB direta,0.0,2790,2790.2040,,
85319000,False,Sem exposicao TSB direta,0.0,2790,2790.2200,,
85321000,False,Sem exposicao TSB direta,0.0,2790,2790.2063,,
85322111,False,Sem exposicao TSB direta,0.0,2790,2790.2063,,
85322119,False,Sem exposicao TSB direta,0.0,2790,2790.2063,,
85322120,False,Sem exposicao TSB direta,0.0,2790,2790.2063,,
85322190,False,Sem exposicao TSB direta,0.0,2790,2790.2063,,
85322200,False,Sem exposicao TSB direta,0.0,2790,2790.2063,,
85322310,False,Sem exposicao TSB direta,0.0,2790,2790.2063,,
85322390,False,Sem exposicao TSB direta,0.0,2790,2790.2063,,
85322410,False,Sem exposicao TSB direta,0.0,2790,2790.2063,,
85322420,False,Sem exposicao TSB direta,0.0,2790,2790.2063,,
85322490,False,Sem exposicao TSB direta,0.0,2790,2790.2063,,
85322510,False,Sem exposicao TSB direta,0.0,2790,2790.2063,,
85322590,False,Sem exposicao TSB direta,0.0,2790,2790.2063,,
85322910,False,Sem exposicao TSB direta,0.0,2790,2790.2063,,
85322990,False,Sem exposicao TSB direta,0.0,2790,2790.2063,,
85323010,False,Sem exposicao TSB direta,0.0,2790,2790.2065,,
85323090,False,Sem exposicao TSB direta,0.0,2790,2790.2065,,
85329000,False,Sem exposicao TSB direta,0.0,2790,2790.2206,,
85331000,False,Sem exposicao TSB direta,0.0,2790,2790.2218,,
85332110,False,Sem exposicao TSB direta,0.0,2790,2790.2218,,
85332120,False,Sem exposicao TSB direta,0.0,2790,2790.2218,,
85332190,False,Sem exposicao TSB direta,0.0,2790,2790.2218,,
85332900,False,Sem exposicao TSB direta,0.0,2790,2790.2218,,
85333110,False,Sem exposicao TSB direta,0.0,2790,2790.2218,,
85333190,False,Sem exposicao TSB direta,0.0,2790,2790.2218,,
85333910,False,Sem exposicao TSB direta,0.0,2790,2790.2218,,
85333990,False,Sem exposicao TSB direta,0.0,2790,2790.2218,,
85334011,False,Sem exposicao TSB direta,0.0,2790,2790.2218,,
85334012,False,Sem exposicao TSB direta,0.0,2790,2790.2218,,
85334013,False,Sem exposicao TSB direta,0.0,2790,2790.2218,,
85334019,False,Sem exposicao TSB direta,0.0,2790,2790.2218,,
85334091,False,Sem exposicao TSB direta,0.0,2790,2790.2218,,
85334092,False,Sem exposicao TSB direta,0.0,2790,2790.2218,,
85334099,False,Sem exposicao TSB direta,0.0,2790,2790.2218,,
85339000,False,Sem exposicao TSB direta,0.0,2790,2790.2206,,
85340011,False,Sem exposicao TSB direta,0.0,2610,2610.2170,,
85340012,False,Sem exposicao TSB direta,0.0,2610,2610.2170,,
85340013,False,Sem exposicao TSB direta,0.0,2610,2610.2170,,
85340019,False,Sem exposicao TSB direta,0.0,2610,2610.2170,,
85340020,False,Sem exposicao TSB direta,0.0,2610,2610.2170,,
85340031,False,Sem exposicao TSB direta,0.0,2610,2610.2170,,
85340032,False,Sem exposicao TSB direta,0.0,2610,2610.2170,,
85340033,False,Sem exposicao TSB direta,0.0,2610,2610.2170,,
85340039,False,Sem exposicao TSB direta,0.0,2610,2610.2170,,
85340040,False,Sem exposicao TSB direta,0.0,2610,2610.2170,,
85340051,False,Sem exposicao TSB direta,0.0,2610,2610.2170,,
85340059,False,Sem exposicao TSB direta,0.0,2610,2610.2170,,
85351000,False,Sem exposicao TSB direta,0.0,2731,2731.2020,,
85352100,False,Sem exposicao TSB direta,0.0,2731,2731.2020,,
85352900,False,Sem exposicao TSB direta,0.0,2731,2731.2020,,
85353013,False,Sem exposicao TSB direta,0.0,2731,2731.2080,,
85353017,False,Sem exposicao TSB direta,0.0,2731,2731.2080,,
85353018,False,Sem exposicao TSB direta,0.0,2731,2731.2080,,
85353019,False,Sem exposicao TSB direta,0.0,2731,2731.2080,,
85353023,False,Sem exposicao TSB direta,0.0,2731,2731.2080,,
85353027,False,Sem exposicao TSB direta,0.0,2731,2731.2080,,
85353028,False,Sem exposicao TSB direta,0.0,2731,2731.2080,,
85353029,False,Sem exposicao TSB direta,0.0,2731,2731.2080,,
85354010,False,Sem exposicao TSB direta,0.0,2731,2731.2030,,
85354090,False,Sem exposicao TSB direta,0.0,2731,2731.2030,,
85359010,False,Sem exposicao TSB direta,0.0,2731,2731.2010,,
85359090,False,Sem exposicao TSB direta,0.0,2731,2731.2010,,
85361000,False,Sem exposicao TSB direta,0.0,2732,2732.2060,,
85362000,False,Sem exposicao TSB direta,0.0,2732,2732.2050,,
85363010,False,Sem exposicao TSB direta,0.0,2732,2732.2010,,
85363090,False,Sem exposicao TSB direta,0.0,2732,2732.2010,,
85364100,False,Sem exposicao TSB direta,0.0,2732,2732.2100,,
85364900,False,Sem exposicao TSB direta,0.0,2732,2732.2090,,
85365010,False,Sem exposicao TSB direta,0.0,2631,2631.2200,,
85365020,False,Sem exposicao TSB direta,0.0,2631,2631.2200,,
85365030,False,Sem exposicao TSB direta,0.0,2732,2732.2070,,
85365090,False,Sem exposicao TSB direta,0.0,2732,2732.2070,,
85366100,False,Sem exposicao TSB direta,0.0,2732,2732.2110,,
85366910,False,Sem exposicao TSB direta,0.0,2732,2732.2120,,
85366990,False,Sem exposicao TSB direta,0.0,2732,2732.2120,,
85367000,False,Sem exposicao TSB direta,0.0,2732,2732.2040,,
85369010,False,Sem exposicao TSB direta,0.0,2732,2732.2030,,
85369020,False,Sem exposicao TSB direta,0.0,2732,2732.2020,,
85369030,False,Sem exposicao TSB direta,0.0,2610,2610.2190,,
85369040,False,Sem exposicao TSB direta,0.0,2610,2610.2070,,
85369050,False,Sem exposicao TSB direta,0.0,2732,2732.2070,,
85369060,False,Sem exposicao TSB direta,0.0,2732,2732.2030,,
85369090,False,Sem exposicao TSB direta,0.0,2732,2732.2020,,
85371011,False,Sem exposicao TSB direta,0.0,2731,2731.2050,,
85371019,False,Sem exposicao TSB direta,0.0,2731,2731.2050,,
85371020,False,Sem exposicao TSB direta,0.0,2731,2731.2050,,
85371030,False,Sem exposicao TSB direta,0.0,2731,2731.2050,,
85371090,False,Sem exposicao TSB direta,0.0,2731,2731.2050,,
85372010,False,Sem exposicao TSB direta,0.0,2731,2731.2060,,
85372090,False,Sem exposicao TSB direta,0.0,2731,2731.2060,,
85381000,False,Sem exposicao TSB direta,0.0,2731,2731.2040,,
85389010,False,Sem exposicao TSB direta,0.0,2731,2731.2040,,
85389020,False,Sem exposicao TSB direta,0.0,2731,2731.2040,,
85389090,False,Sem exposicao TSB direta,0.0,2731;2732,2731.2040;2732.2080,,
85391010,False,Sem exposicao TSB direta,0.0,2740,2740.2030,,
85391090,False,Sem exposicao TSB direta,0.0,2740,2740.2030,,
85392110,False,Sem exposicao TSB direta,0.0,2740,2740.2050,,
85392190,False,Sem exposicao TSB direta,0.0,2740,2740.2050,,
85392200,False,Sem exposicao TSB direta,0.0,2740,2740.2050,,
85392910,False,Sem exposicao TSB direta,0.0,2740,2740.2050,,
85392990,False,Sem exposicao TSB direta,0.0,2740,2740.2050,,
85393111,False,Sem exposicao TSB direta,0.0,2740,2740.2060,,
85393119,False,Sem exposicao TSB direta,0.0,2740,2740.2060,,
85393120,False,Sem exposicao TSB direta,0.0,2740,2740.2060,,
85393131,False,Sem exposicao TSB direta,0.0,2740,2740.2060,,
85393132,False,Sem exposicao TSB direta,0.0,2740,2740.2060,,
85393139,False,Sem exposicao TSB direta,0.0,2740,2740.2060,,
85393210,False,Sem exposicao TSB direta,0.0,2740,2740.2070,,
85393220,False,Sem exposicao TSB direta,0.0,2740,2740.2070,,
85393230,False,Sem exposicao TSB direta,0.0,2740,2740.2070,,
85393911,False,Sem exposicao TSB direta,0.0,2740,2740.2080,,
85393919,False,Sem exposicao TSB direta,0.0,2740,2740.2080,,
85393990,False,Sem exposicao TSB direta,0.0,2740,2740.2080,,
85394110,False,Sem exposicao TSB direta,0.0,2740,2740.2040,,
85394190,False,Sem exposicao TSB direta,0.0,2740,2740.2040,,
85394900,False,Sem exposicao TSB direta,0.0,2740,2740.2040,,
85395100,False,Sem exposicao TSB direta,0.0,2740,2740.2110,,
85395200,False,Sem exposicao TSB direta,0.0,2740,2740.2075,,
85399010,False,Sem exposicao TSB direta,0.0,2740,2740.2140,,
85399020,False,Sem exposicao TSB direta,0.0,2740,2740.2140,,
85399090,False,Sem exposicao TSB direta,0.0,2740,2740.2140,,
85402019,False,Sem exposicao TSB direta,0.0,2610,2610.2200,,
85402020,False,Sem exposicao TSB direta,0.0,2610,2610.2200,,
85402090,False,Sem exposicao TSB direta,0.0,2610,2610.2200,,
85406090,False,Sem exposicao TSB direta,0.0,2610,2610.2200,,
85407100,False,Sem exposicao TSB direta,0.0,2610,2610.2200,,
85407900,False,Sem exposicao TSB direta,0.0,2610,2610.2200,,
85408100,False,Sem exposicao TSB direta,0.0,2610,2610.2200,,
85408910,False,Sem exposicao TSB direta,0.0,2610,2610.2200,,
85408990,False,Sem exposicao TSB direta,0.0,2610,2610.2090,,
85409110,False,Sem exposicao TSB direta,0.0,2610,2610.2110,,
85409120,False,Sem exposicao TSB direta,0.0,2610,2610.2110,,
85409130,False,Sem exposicao TSB direta,0.0,2610,2610.2110,,
85409140,False,Sem exposicao TSB direta,0.0,2610,2610.2110,,
85409190,False,Sem exposicao TSB direta,0.0,2610,2610.2110,,
85409900,False,Sem exposicao TSB direta,0.0,2610,2610.2110,,
85411011,False,Sem exposicao TSB direta,0.0,2610,2610.2075,,
85411012,False,Sem exposicao TSB direta,0.0,2610,2610.2075,,
85411019,False,Sem exposicao TSB direta,0.0,2610,2610.2075,,
85411021,False,Sem exposicao TSB direta,0.0,2610,2610.2075,,
85411022,False,Sem exposicao TSB direta,0.0,2610,2610.2075,,
85411029,False,Sem exposicao TSB direta,0.0,2610,2610.2075,,
85411031,False,Sem exposicao TSB direta,0.0,2610,2610.2075,,
85411032,False,Sem exposicao TSB direta,0.0,2610,2610.2075,,
85411039,False,Sem exposicao TSB direta,0.0,2610,2610.2075,,
85411091,False,Sem exposicao TSB direta,0.0,2610,2610.2075,,
85411092,False,Sem exposicao TSB direta,0.0,2610,2610.2075,,
85411099,False,Sem exposicao TSB direta,0.0,2610,2610.2075,,
85412110,False,Sem exposicao TSB direta,0.0,2610,2610.2075,,
85412120,False,Sem exposicao TSB direta,0.0,2610,2610.2075,,
85412191,False,Sem exposicao TSB direta,0.0,2610,2610.2075,,
85412199,False,Sem exposicao TSB direta,0.0,2610,2610.2075,,
85412910,False,Sem exposicao TSB direta,0.0,2610,2610.2075,,
85412920,False,Sem exposicao TSB direta,0.0,2610,2610.2075,,
85413011,False,Sem exposicao TSB direta,0.0,2610,2610.2075,,
85413019,False,Sem exposicao TSB direta,0.0,2610,2610.2075,,
85413021,False,Sem exposicao TSB direta,0.0,2610,2610.2075,,
85413029,False,Sem exposicao TSB direta,0.0,2610,2610.2075,,
85414111,False,Sem exposicao TSB direta,0.0,2610,2610.2075,,
85414112,False,Sem exposicao TSB direta,0.0,2610,2610.2075,,
85414121,False,Sem exposicao TSB direta,0.0,2610,2610.2075,,
85414122,False,Sem exposicao TSB direta,0.0,2610,2610.2075,,
85414123,False,Sem exposicao TSB direta,0.0,2610,2610.2075,,
85414124,False,Sem exposicao TSB direta,0.0,2610,2610.2075,,
85414220,False,Sem exposicao TSB direta,0.0,2610,2610.2075,,
85414290,False,Sem exposicao TSB direta,0.0,2610,2610.2075,,
85414300,False,Sem exposicao TSB direta,0.0,2610,2610.2045,,
85414900,False,Sem exposicao TSB direta,0.0,2610,2610.2075,,
85415100,False,Sem exposicao TSB direta,0.0,2610,2610.2075,,
85415900,False,Sem exposicao TSB direta,0.0,2610,2610.2075,,
85416010,False,Sem exposicao TSB direta,0.0,2610,2610.2075,,
85416090,False,Sem exposicao TSB direta,0.0,2610,2610.2075,,
85419010,False,Sem exposicao TSB direta,0.0,2610,2610.2130,,
85419020,False,Sem exposicao TSB direta,0.0,2610,2610.2130,,
85419090,False,Sem exposicao TSB direta,0.0,2610,2610.2130,,
85423110,False,Sem exposicao TSB direta,0.0,2610;2622,2610.2050;2622.2065,,
85423120,False,Sem exposicao TSB direta,0.0,2610;2622,2610.2050;2622.2065,,
85423190,False,Sem exposicao TSB direta,0.0,2610;2622,2610.2050;2622.2065,,
85423210,False,Sem exposicao TSB direta,0.0,2610,2610.2050,,
85423221,False,Sem exposicao TSB direta,0.0,2610,2610.2050,,
85423229,False,Sem exposicao TSB direta,0.0,2610,2610.2050,,
85423291,False,Sem exposicao TSB direta,0.0,2610,2610.2050,,
85423299,False,Sem exposicao TSB direta,0.0,2610,2610.2050,,
85423311,False,Sem exposicao TSB direta,0.0,2610,2610.2050,,
85423319,False,Sem exposicao TSB direta,0.0,2610,2610.2050,,
85423320,False,Sem exposicao TSB direta,0.0,2610,2610.2050,,
85423390,False,Sem exposicao TSB direta,0.0,2610,2610.2050,,
85423911,False,Sem exposicao TSB direta,0.0,2610,2610.2050,,
85423919,False,Sem exposicao TSB direta,0.0,2610,2610.2050,,
85423920,False,Sem exposicao TSB direta,0.0,2610,2610.2050,,
85423931,False,Sem exposicao TSB direta,0.0,2610,2610.2050,,
85423939,False,Sem exposicao TSB direta,0.0,2610,2610.2050,,
85423991,False,Sem exposicao TSB direta,0.0,2610,2610.2050,,
85423999,False,Sem exposicao TSB direta,0.0,2610,2610.2050,,
85429000,False,Sem exposicao TSB direta,0.0,2610,2610.2120,,
85431000,False,Sem exposicao TSB direta,0.0,2790,2790.2174,,
85432000,False,Sem exposicao TSB direta,0.0,2790,2790.2120,,
85433010,False,Sem exposicao TSB direta,0.0,2790,2790.2060,,
85433090,False,Sem exposicao TSB direta,0.0,2790,2790.2060,,
85437011,False,Sem exposicao TSB direta,0.0,2790,2790.2020,,
85437012,False,Sem exposicao TSB direta,0.0,2790,2790.2020,,
85437013,False,Sem exposicao TSB direta,0.0,2790,2790.2020,,
85437014,False,Sem exposicao TSB direta,0.0,2790,2790.2020,,
85437015,False,Sem exposicao TSB direta,0.0,2790,2790.2020,,
85437019,False,Sem exposicao TSB direta,0.0,2790,2790.2020,,
85437020,False,Sem exposicao TSB direta,0.0,2790,2790.2174,,
85437031,False,Sem exposicao TSB direta,0.0,2790,2790.2150,,
85437032,False,Sem exposicao TSB direta,0.0,2790,2790.2150,,
85437033,False,Sem exposicao TSB direta,0.0,2790,2790.2150,,
85437034,False,Sem exposicao TSB direta,0.0,2790,2790.2150,,
85437035,False,Sem exposicao TSB direta,0.0,2790,2790.2150,,
85437036,False,Sem exposicao TSB direta,0.0,2790,2790.2150,,
85437039,False,Sem exposicao TSB direta,0.0,2790,2790.2150,,
85437040,False,Sem exposicao TSB direta,0.0,2790,2790.2174,,
85437050,False,Sem exposicao TSB direta,0.0,2790,2790.2174,,
85437091,False,Sem exposicao TSB direta,0.0,2790,2790.2174,,
85437092,False,Sem exposicao TSB direta,0.0,2790,2790.2174,,
85437099,False,Sem exposicao TSB direta,0.0,2790;2945,2790.2160;2790.2174;2945.2020,,
85439010,False,Sem exposicao TSB direta,0.0,2790,2790.2210,,
85439090,False,Sem exposicao TSB direta,0.0,2790,2790.2210,,
85441100,False,Sem exposicao TSB direta,0.0,2733,2733.2080,,
85441911,False,Sem exposicao TSB direta,0.0,2733,2733.2090,,
85441919,False,Sem exposicao TSB direta,0.0,2733,2733.2090,,
85441990,False,Sem exposicao TSB direta,0.0,2733,2733.2090,,
85442000,False,Sem exposicao TSB direta,0.0,2733,2733.2010,,
85443000,False,Sem exposicao TSB direta,0.0,2945,2945.2080,,
85444200,False,Sem exposicao TSB direta,0.0,2610;2733,2610.2010;2733.2070,,
85444900,False,Sem exposicao TSB direta,0.0,2733,2733.2030;2733.2050,,
85446000,False,Sem exposicao TSB direta,0.0,2733,2733.2060,,
85447010,False,Sem exposicao TSB direta,0.0,2733,2733.2020,,
85447020,False,Sem exposicao TSB direta,0.0,2733,2733.2020,,
85447030,False,Sem exposicao TSB direta,0.0,2733,2733.2020,,
85447090,False,Sem exposicao TSB direta,0.0,2733,2733.2020,,
85451100,False,Sem exposicao TSB direta,0.0,2790,2790.2090,,
85451910,False,Sem exposicao TSB direta,0.0,2790,2790.2090,,
85451920,False,Sem exposicao TSB direta,0.0,2790,2790.2090,,
85451990,False,Sem exposicao TSB direta,0.0,2790,2790.2090,,
85452000,False,Sem exposicao TSB direta,0.0,2790,2790.2090,,
85459010,False,Sem exposicao TSB direta,0.0,2790,2790.2090,,
85459020,False,Sem exposicao TSB direta,0.0,2790,2790.2090,,
85459030,False,Sem exposicao TSB direta,0.0,2790,2790.2090,,
85459090,False,Sem exposicao TSB direta,0.0,2790,2790.2090,,
85461000,True,Exposicao intermediaria TSB,0.2389,2319,2319.2140,23192,2300
85462000,False,Sem exposicao TSB direta,0.0,2349,2349.2090,,
85469000,False,Sem exposicao TSB direta,0.0,2790,2790.2140,,
85471000,False,Sem exposicao TSB direta,0.0,2349,2349.2100,,
85472010,False,Sem exposicao TSB direta,0.0,2229,2229.2310,,
85472090,False,Sem exposicao TSB direta,0.0,2229,2229.2310,,
85479000,False,Sem exposicao TSB direta,0.0,2790,2790.2230,,
85480010,False,Sem exposicao TSB direta,0.0,2790,2790.2210,,
85480090,False,Sem exposicao TSB direta,0.0,2790,2790.2210,,
85491200,False,Sem exposicao TSB direta,0.0,2790,2790.2080,,
85491300,False,Sem exposicao TSB direta,0.0,2790,2790.2080,,
85492900,False,Sem exposicao TSB direta,0.0,2790,2790.2085,,
85493900,False,Sem exposicao TSB direta,0.0,2790,2790.2085,,
86012000,False,Sem exposicao TSB direta,0.0,3031,3031.2020,,
86021000,False,Sem exposicao TSB direta,0.0,3031,3031.2020,,
86029000,False,Sem exposicao TSB direta,0.0,3031,3031.2020,,
86031000,False,Sem exposicao TSB direta,0.0,3031,3031.2010,,
86040010,False,Sem exposicao TSB direta,0.0,3031,3031.2050,,
86040090,False,Sem exposicao TSB direta,0.0,3031,3031.2050,,
86069100,False,Sem exposicao TSB direta,0.0,3031,3031.2030,,
86069200,False,Sem exposicao TSB direta,0.0,3031,3031.2030,,
86069900,False,Sem exposicao TSB direta,0.0,3031,3031.2030,,
86071110,False,Sem exposicao TSB direta,0.0,3032,3032.2040,,
86071911,False,Sem exposicao TSB direta,0.0,3032,3032.2040,,
86071919,False,Sem exposicao TSB direta,0.0,3032,3032.2040,,
86071990,False,Sem exposicao TSB direta,0.0,3032,3032.2040,,
86072100,False,Sem exposicao TSB direta,0.0,3032,3032.2020,,
86072900,False,Sem exposicao TSB direta,0.0,3032,3032.2020,,
86073000,False,Sem exposicao TSB direta,0.0,3032,3032.2040,,
86079100,False,Sem exposicao TSB direta,0.0,3032,3032.2040,,
86079900,False,Sem exposicao TSB direta,0.0,3032,3032.2040,,
86080011,False,Sem exposicao TSB direta,0.0,3032,3032.2010,,
86080012,False,Sem exposicao TSB direta,0.0,3032,3032.2010,,
86080090,False,Sem exposicao TSB direta,0.0,3032,3032.2030,,
86090000,False,Sem exposicao TSB direta,0.0,2930,2930.2070,,
87011000,False,Sem exposicao TSB direta,0.0,2831,2831.2030,,
87012100,False,Sem exposicao TSB direta,0.0,2920,2920.2015,,
87012400,False,Sem exposicao TSB direta,0.0,2920,2920.2015,,
87012900,False,Sem exposicao TSB direta,0.0,2920,2920.2015,,
87013000,False,Sem exposicao TSB direta,0.0,2853,2853.2020,,
87019100,False,Sem exposicao TSB direta,0.0,2831;2853,2831.2030;2853.2020,,
87019200,False,Sem exposicao TSB direta,0.0,2831;2853,2831.2030;2853.2020,,
87019300,False,Sem exposicao TSB direta,0.0,2831;2853,2831.2030;2853.2020,,
87019410,False,Sem exposicao TSB direta,0.0,2853,2853.2020,,
87019490,False,Sem exposicao TSB direta,0.0,2831;2853,2831.2030;2853.2020,,
87019510,False,Sem exposicao TSB direta,0.0,2853,2853.2020,,
87019590,False,Sem exposicao TSB direta,0.0,2831;2853,2831.2030;2853.2020,,
87021000,False,Sem exposicao TSB direta,0.0,2920,2920.2101,,
87024090,False,Sem exposicao TSB direta,0.0,2920,2920.2104;2920.2120,,
87029000,False,Sem exposicao TSB direta,0.0,2920,2920.2101;2920.2120,,
87031000,False,Sem exposicao TSB direta,0.0,2910,2910.2110,,
87032100,False,Sem exposicao TSB direta,0.0,2910,2910.2040,,
87032210,False,Sem exposicao TSB direta,0.0,2910,2910.2020,,
87032290,False,Sem exposicao TSB direta,0.0,2910,2910.2020,,
87032310,False,Sem exposicao TSB direta,0.0,2910,2910.2010,,
87032390,False,Sem exposicao TSB direta,0.0,2910,2910.2010,,
87032410,False,Sem exposicao TSB direta,0.0,2910,2910.2030,,
87032490,False,Sem exposicao TSB direta,0.0,2910,2910.2030,,
87033110,False,Sem exposicao TSB direta,0.0,2910,2910.2050,,
87033210,False,Sem exposicao TSB direta,0.0,2910,2910.2060,,
87033290,False,Sem exposicao TSB direta,0.0,2910,2910.2060,,
87033310,False,Sem exposicao TSB direta,0.0,2910,2910.2070,,
87033390,False,Sem exposicao TSB direta,0.0,2910,2910.2070,,
87034000,False,Sem exposicao TSB direta,0.0,2910,2910.2074,,
87035000,False,Sem exposicao TSB direta,0.0,2910,2910.2074,,
87036000,False,Sem exposicao TSB direta,0.0,2910,2910.2074,,
87038000,False,Sem exposicao TSB direta,0.0,2910,2910.2075,,
87039000,False,Sem exposicao TSB direta,0.0,2910,2910.2120,,
87041010,False,Sem exposicao TSB direta,0.0,2854,2854.2065,,
87041090,False,Sem exposicao TSB direta,0.0,2854,2854.2065,,
87042110,False,Sem exposicao TSB direta,0.0,2910;2920,2910.2141;2920.2030,,
87042190,False,Sem exposicao TSB direta,0.0,2910;2920,2910.2141;2920.2030,,
87042210,False,Sem exposicao TSB direta,0.0,2910;2920,2910.2141;2920.2050,,
87042220,False,Sem exposicao TSB direta,0.0,2910;2920,2910.2141;2920.2050,,
87042230,False,Sem exposicao TSB direta,0.0,2910;2920,2910.2141;2920.2050,,
87042290,False,Sem exposicao TSB direta,0.0,2910;2920,2910.2141;2920.2050,,
87042310,False,Sem exposicao TSB direta,0.0,2910;2920,2910.2141;2920.2050,,
87042320,False,Sem exposicao TSB direta,0.0,2910;2920,2910.2141;2920.2050,,
87042330,False,Sem exposicao TSB direta,0.0,2910;2920,2910.2141;2920.2050,,
87042390,False,Sem exposicao TSB direta,0.0,2910;2920,2910.2141;2920.2050,,
87043110,False,Sem exposicao TSB direta,0.0,2910;2920,2910.2131;2920.2020,,
87043120,False,Sem exposicao TSB direta,0.0,2910;2920,2910.2131;2920.2020,,
87043190,False,Sem exposicao TSB direta,0.0,2910;2920,2910.2131;2920.2020,,
87043210,False,Sem exposicao TSB direta,0.0,2910;2920,2910.2131;2920.2040,,
87044100,False,Sem exposicao TSB direta,0.0,2920,2920.2035,,
87045100,False,Sem exposicao TSB direta,0.0,2920,2920.2042,,
87046000,False,Sem exposicao TSB direta,0.0,2920,2920.2055,,
87049000,False,Sem exposicao TSB direta,0.0,2854,2854.2065,,
87051020,False,Sem exposicao TSB direta,0.0,2920,2920.2110,,
87051030,False,Sem exposicao TSB direta,0.0,2920,2920.2110,,
87051090,False,Sem exposicao TSB direta,0.0,2920,2920.2110,,
87052000,False,Sem exposicao TSB direta,0.0,2920,2920.2110,,
87053000,False,Sem exposicao TSB direta,0.0,2920,2920.2110,,
87054000,False,Sem exposicao TSB direta,0.0,2920,2920.2110,,
87059090,False,Sem exposicao TSB direta,0.0,2920,2920.2110,,
87060010,False,Sem exposicao TSB direta,0.0,2920,2920.2080,,
87060020,False,Sem exposicao TSB direta,0.0,2920,2920.2075,,
87060090,False,Sem exposicao TSB direta,0.0,2910;2920,2910.2080;2920.2075,,
87071000,False,Sem exposicao TSB direta,0.0,2930,2930.2030,,
87079010,False,Sem exposicao TSB direta,0.0,2831;2854,2831.2010;2854.2045,,
87079090,False,Sem exposicao TSB direta,0.0,2930,2930.2040;2930.2050,,
87081000,False,Sem exposicao TSB direta,0.0,2949,2949.2100,,
87082100,False,Sem exposicao TSB direta,0.0,2949,2949.2060,,
87082200,True,Exposicao intermediaria TSB,0.2389,2311,2311.2030,23117,2300
87082911,False,Sem exposicao TSB direta,0.0,2831;2853;2949,2831.2020;2853.2010;2949.2110,,
87082912,False,Sem exposicao TSB direta,0.0,2831;2853,2831.2020;2853.2010,,
87082913,False,Sem exposicao TSB direta,0.0,2831;2853,2831.2020;2853.2010,,
87082914,False,Sem exposicao TSB direta,0.0,2831;2853;2949,2831.2020;2853.2010;2949.2090,,
87082919,False,Sem exposicao TSB direta,0.0,2831;2853,2831.2020;2853.2010,,
87082991,False,Sem exposicao TSB direta,0.0,2949,2949.2110,,
87082992,False,Sem exposicao TSB direta,0.0,2949,2949.2130,,
87082993,False,Sem exposicao TSB direta,0.0,2949,2949.2140,,
87082994,False,Sem exposicao TSB direta,0.0,2949,2949.2090,,
87082995,False,Sem exposicao TSB direta,0.0,2949,2949.2130,,
87082999,False,Sem exposicao TSB direta,0.0,2831;2930;2949,2831.2020;2930.2010;2949.2130,,
87083011,False,Sem exposicao TSB direta,0.0,2831;2853;2943,2831.2020;2853.2010;2943.2010,,
87083019,False,Sem exposicao TSB direta,0.0,2943,2943.2010,,
87083090,False,Sem exposicao TSB direta,0.0,2943,2943.2010,,
87084011,False,Sem exposicao TSB direta,0.0,2831;2853;2942,2831.2020;2853.2010;2942.2010,,
87084019,False,Sem exposicao TSB direta,0.0,2831;2853;2942,2831.2020;2853.2010;2942.2010,,
87084080,False,Sem exposicao TSB direta,0.0,2942,2942.2010,,
87084090,False,Sem exposicao TSB direta,0.0,2942,2942.2010,,
87085011,False,Sem exposicao TSB direta,0.0,2831;2853,2831.2020;2853.2010,,
87085012,False,Sem exposicao TSB direta,0.0,2831;2853,2831.2020;2853.2010,,
87085019,False,Sem exposicao TSB direta,0.0,2831;2853,2831.2020;2853.2010,,
87085080,False,Sem exposicao TSB direta,0.0,2942,2942.2020,,
87085091,False,Sem exposicao TSB direta,0.0,2831;2853,2831.2020;2853.2010,,
87085099,False,Sem exposicao TSB direta,0.0,2831;2853;2942,2831.2020;2853.2010;2942.2050,,
87087010,False,Sem exposicao TSB direta,0.0,2831;2853,2831.2020;2853.2010,,
87087090,False,Sem exposicao TSB direta,0.0,2949,2949.2150,,
87088000,False,Sem exposicao TSB direta,0.0,2831;2853;2944,2831.2020;2853.2010;2944.2015;2944.2045,,
87089100,False,Sem exposicao TSB direta,0.0,2831;2853;2941,2831.2020;2853.2010;2941.2050,,
87089200,False,Sem exposicao TSB direta,0.0,2831;2853;2949,2831.2020;2853.2010;2949.2160,,
87089300,False,Sem exposicao TSB direta,0.0,2831;2853;2941,2831.2020;2853.2010;2941.2020,,
87089411,False,Sem exposicao TSB direta,0.0,2831;2853,2831.2020;2853.2010,,
87089412,False,Sem exposicao TSB direta,0.0,2831;2853,2831.2020;2853.2010,,
87089413,False,Sem exposicao TSB direta,0.0,2831;2853,2831.2020;2853.2010,,
87089481,False,Sem exposicao TSB direta,0.0,2944,2944.2050,,
87089482,False,Sem exposicao TSB direta,0.0,2944,2944.2050,,
87089483,False,Sem exposicao TSB direta,0.0,2944,2944.2050,,
87089490,False,Sem exposicao TSB direta,0.0,2944,2944.2040,,
87089510,False,Sem exposicao TSB direta,0.0,2949,2949.2015,,
87089521,False,Sem exposicao TSB direta,0.0,2949,2949.2015,,
87089522,False,Sem exposicao TSB direta,0.0,2949,2949.2015,,
87089529,False,Sem exposicao TSB direta,0.0,2949,2949.2015,,
87089910,False,Sem exposicao TSB direta,0.0,2949,2949.2040,,
87089990,False,Sem exposicao TSB direta,0.0,2831;2853;2942;2943;2944;2949,2831.2020;2853.2010;2942.2050;2943.2020;2944.2020;2944.2040;2949.2070;2949.2130,,
87091100,False,Sem exposicao TSB direta,0.0,2822,2822.2220,,
87091900,False,Sem exposicao TSB direta,0.0,2822,2822.2220,,
87099000,False,Sem exposicao TSB direta,0.0,2822,2822.2190,,
87100000,False,Sem exposicao TSB direta,0.0,3050,3050.2010,,
87111000,False,Sem exposicao TSB direta,0.0,3091,3091.2053,,
87112010,False,Sem exposicao TSB direta,0.0,3091,3091.2020,,
87112020,False,Sem exposicao TSB direta,0.0,3091,3091.2020,,
87113000,False,Sem exposicao TSB direta,0.0,3091,3091.2010,,
87114000,False,Sem exposicao TSB direta,0.0,3091,3091.2030,,
87115000,False,Sem exposicao TSB direta,0.0,3091,3091.2030,,
87116000,False,Sem exposicao TSB direta,0.0,3091,3091.2005,,
87119000,False,Sem exposicao TSB direta,0.0,3091,3091.2053,,
87120010,False,Sem exposicao TSB direta,0.0,3092,3092.2020,,
87120090,False,Sem exposicao TSB direta,0.0,3092,3092.2020,,
87131000,False,Sem exposicao TSB direta,0.0,3092,3092.2030,,
87139000,False,Sem exposicao TSB direta,0.0,3092,3092.2030,,
87141000,False,Sem exposicao TSB direta,0.0,3091,3091.2060,,
87142000,False,Sem exposicao TSB direta,0.0,3092,3092.2070,,
87149100,False,Sem exposicao TSB direta,0.0,3092,3092.2085,,
87149200,False,Sem exposicao TSB direta,0.0,3092,3092.2010,,
87149311,False,Sem exposicao TSB direta,0.0,3092,3092.2050,,
87149319,False,Sem exposicao TSB direta,0.0,3092,3092.2050,,
87149320,False,Sem exposicao TSB direta,0.0,3092,3092.2050,,
87149410,False,Sem exposicao TSB direta,0.0,3092,3092.2050,,
87149490,False,Sem exposicao TSB direta,0.0,3092,3092.2050,,
87149500,False,Sem exposicao TSB direta,0.0,3092,3092.2085,,
87149611,False,Sem exposicao TSB direta,0.0,3092,3092.2085,,
87149612,False,Sem exposicao TSB direta,0.0,3092,3092.2085,,
87149619,False,Sem exposicao TSB direta,0.0,3092,3092.2085,,
87149690,False,Sem exposicao TSB direta,0.0,3092,3092.2085,,
87149910,False,Sem exposicao TSB direta,0.0,3092,3092.2085,,
87149920,False,Sem exposicao TSB direta,0.0,3092,3092.2085,,
87149990,False,Sem exposicao TSB direta,0.0,3092,3092.2085,,
87150000,False,Sem exposicao TSB direta,0.0,3092,3092.2040;3092.2060,,
87161000,False,Sem exposicao TSB direta,0.0,2930,2930.2110,,
87162000,False,Sem exposicao TSB direta,0.0,2833,2833.2200,,
87163100,False,Sem exposicao TSB direta,0.0,2930,2930.2090,,
87163900,False,Sem exposicao TSB direta,0.0,2930,2930.2100,,
87164000,False,Sem exposicao TSB direta,0.0,2930,2930.2020;2930.2120,,
87168000,False,Sem exposicao TSB direta,0.0,3099,3099.2010;3099.2020,,
87169010,False,Sem exposicao TSB direta,0.0,2930,2930.2080,,
87169090,False,Sem exposicao TSB direta,0.0,2930;3099,2930.2080;3099.2030,,
88010000,False,Sem exposicao TSB direta,0.0,3041,3041.2050,,
88021100,False,Sem exposicao TSB direta,0.0,3041,3041.2060,,
88021210,False,Sem exposicao TSB direta,0.0,3041,3041.2060,,
88021290,False,Sem exposicao TSB direta,0.0,3041,3041.2060,,
88022010,False,Sem exposicao TSB direta,0.0,3041,3041.2040,,
88022021,False,Sem exposicao TSB direta,0.0,3041,3041.2040,,
88022022,False,Sem exposicao TSB direta,0.0,3041,3041.2040,,
88022090,False,Sem exposicao TSB direta,0.0,3041,3041.2040,,
88023021,False,Sem exposicao TSB direta,0.0,3041,3041.2030,,
88023029,False,Sem exposicao TSB direta,0.0,3041,3041.2030,,
88023031,False,Sem exposicao TSB direta,0.0,3041,3041.2030,,
88023039,False,Sem exposicao TSB direta,0.0,3041,3041.2030,,
88023090,False,Sem exposicao TSB direta,0.0,3041,3041.2030,,
88024090,False,Sem exposicao TSB direta,0.0,3041,3041.2020,,
88040000,False,Sem exposicao TSB direta,0.0,1354,1354.2075,,
88051000,False,Sem exposicao TSB direta,0.0,2869,2869.2025,,
88052100,False,Sem exposicao TSB direta,0.0,2869,2869.2280,,
88052900,False,Sem exposicao TSB direta,0.0,2869,2869.2280,,
88062100,False,Sem exposicao TSB direta,0.0,2631;2670;3041,2631.2100;2670.2040;3041.2065,,
88062200,False,Sem exposicao TSB direta,0.0,2631;2670;3041,2631.2100;2670.2040;3041.2065,,
88062300,False,Sem exposicao TSB direta,0.0,2631;2670;3041,2631.2100;2670.2040;3041.2065,,
88062400,False,Sem exposicao TSB direta,0.0,2631;2670;3041,2631.2100;2670.2040;3041.2065,,
88062900,False,Sem exposicao TSB direta,0.0,2631;2670;3041,2631.2100;2670.2040;3041.2065,,
88069200,False,Sem exposicao TSB direta,0.0,2631;2670;3041,2631.2100;2670.2040;3041.2065,,
88069300,False,Sem exposicao TSB direta,0.0,2631;2670;3041,2631.2100;2670.2040;3041.2065,,
88069400,False,Sem exposicao TSB direta,0.0,2631;2670;3041,2631.2100;2670.2040;3041.2065,,
88069900,False,Sem exposicao TSB direta,0.0,2631;2670;3041,2631.2100;2670.2040;3041.2020;3041.2030;3041.2040;3041.2065,,
88071000,False,Sem exposicao TSB direta,0.0,3042,3042.2020,,
88072000,False,Sem exposicao TSB direta,0.0,3042,3042.2070,,
88073000,False,Sem exposicao TSB direta,0.0,3042,3042.2070,,
88079000,False,Sem exposicao TSB direta,0.0,3042,3042.2070,,
89011000,False,Sem exposicao TSB direta,0.0,3011,3011.2080,,
89019000,False,Sem exposicao TSB direta,0.0,3011,3011.2040;3011.2070;3011.2080;3011.2110,,
89020090,False,Sem exposicao TSB direta,0.0,3011,3011.2025,,
89031100,False,Sem exposicao TSB direta,0.0,3012,3012.2010,,
89031200,False,Sem exposicao TSB direta,0.0,3012,3012.2010,,
89031900,False,Sem exposicao TSB direta,0.0,3012,3012.2010,,
89032100,False,Sem exposicao TSB direta,0.0,3012,3012.2035,,
89032200,False,Sem exposicao TSB direta,0.0,3012,3012.2035,,
89033100,False,Sem exposicao TSB direta,0.0,3012,3012.2035,,
89033200,False,Sem exposicao TSB direta,0.0,3012,3012.2035,,
89033300,False,Sem exposicao TSB direta,0.0,3012,3012.2035,,
89039300,False,Sem exposicao TSB direta,0.0,3012,3012.2035,,
89039900,False,Sem exposicao TSB direta,0.0,3012,3012.2025;3012.2035,,
89040000,False,Sem exposicao TSB direta,0.0,3011,3011.2140,,
89051000,False,Sem exposicao TSB direta,0.0,3011,3011.2015,,
89052000,False,Sem exposicao TSB direta,0.0,3011,3011.2130,,
89059000,False,Sem exposicao TSB direta,0.0,3011,3011.2015;3011.2090;3011.2110,,
89069000,False,Sem exposicao TSB direta,0.0,3011,3011.2100,,
89071000,False,Sem exposicao TSB direta,0.0,3011,3011.2050,,
89079000,False,Sem exposicao TSB direta,0.0,3011,3011.2050,,
90011011,False,Sem exposicao TSB direta,0.0,2733,2733.2040,,
90011019,False,Sem exposicao TSB direta,0.0,2733,2733.2040,,
90011020,False,Sem exposicao TSB direta,0.0,2733,2733.2040,,
90012000,False,Sem exposicao TSB direta,0.0,2670,2670.2090,,
90013000,False,Sem exposicao TSB direta,0.0,3250,3250.2210,,
90014000,False,Sem exposicao TSB direta,0.0,3250,3250.2220,,
90015000,False,Sem exposicao TSB direta,0.0,3250,3250.2220,,
90019010,False,Sem exposicao TSB direta,0.0,2670,2670.2090,,
90019090,False,Sem exposicao TSB direta,0.0,2670,2670.2090,,
90021111,False,Sem exposicao TSB direta,0.0,2670,2670.2105,,
90021119,False,Sem exposicao TSB direta,0.0,2670,2670.2105,,
90021120,False,Sem exposicao TSB direta,0.0,2670,2670.2105,,
90021190,False,Sem exposicao TSB direta,0.0,2670,2670.2105,,
90021900,False,Sem exposicao TSB direta,0.0,2670,2670.2105,,
90022010,False,Sem exposicao TSB direta,0.0,2670,2670.2105,,
90022090,False,Sem exposicao TSB direta,0.0,2670,2670.2105,,
90029010,False,Sem exposicao TSB direta,0.0,2670,2670.2105,,
90029090,False,Sem exposicao TSB direta,0.0,2670,2670.2105,,
90031100,False,Sem exposicao TSB direta,0.0,3250,3250.2070,,
90031910,False,Sem exposicao TSB direta,0.0,3250,3250.2070,,
90031990,False,Sem exposicao TSB direta,0.0,3250,3250.2070,,
90039010,False,Sem exposicao TSB direta,0.0,3250,3250.2070,,
90039090,False,Sem exposicao TSB direta,0.0,3250,3250.2070,,
90041000,False,Sem exposicao TSB direta,0.0,3250,3250.2260,,
90049010,False,Sem exposicao TSB direta,0.0,3250,3250.2260,,
90049020,False,Sem exposicao TSB direta,0.0,3250,3250.2250;3250.2260,,
90049090,False,Sem exposicao TSB direta,0.0,3250,3250.2260,,
90051000,False,Sem exposicao TSB direta,0.0,2670,2670.2050,,
90058000,False,Sem exposicao TSB direta,0.0,2670,2670.2050,,
90059010,False,Sem exposicao TSB direta,0.0,2670,2670.2140,,
90059090,False,Sem exposicao TSB direta,0.0,2670,2670.2140,,
90063000,False,Sem exposicao TSB direta,0.0,2670,2670.2040,,
90064000,False,Sem exposicao TSB direta,0.0,2670,2670.2040,,
90065310,False,Sem exposicao TSB direta,0.0,2670,2670.2040,,
90065320,False,Sem exposicao TSB direta,0.0,2670,2670.2040,,
90065940,False,Sem exposicao TSB direta,0.0,2670,2670.2040,,
90065959,False,Sem exposicao TSB direta,0.0,2670,2670.2040,,
90066100,False,Sem exposicao TSB direta,0.0,2670,2670.2020,,
90066900,False,Sem exposicao TSB direta,0.0,2670,2670.2085,,
90069110,False,Sem exposicao TSB direta,0.0,2670,2670.2130,,
90069190,False,Sem exposicao TSB direta,0.0,2670,2670.2130,,
90069900,False,Sem exposicao TSB direta,0.0,2670,2670.2130,,
90071000,False,Sem exposicao TSB direta,0.0,2670,2670.2060,,
90072090,False,Sem exposicao TSB direta,0.0,2670,2670.2060,,
90079100,False,Sem exposicao TSB direta,0.0,2670,2670.2130,,
90079200,False,Sem exposicao TSB direta,0.0,2670,2670.2130,,
90085000,False,Sem exposicao TSB direta,0.0,2670,2670.2010,,
90089000,False,Sem exposicao TSB direta,0.0,2670,2670.2120,,
90101010,False,Sem exposicao TSB direta,0.0,2670,2670.2030,,
90101090,False,Sem exposicao TSB direta,0.0,2670,2670.2030,,
90105010,False,Sem exposicao TSB direta,0.0,2670,2670.2030,,
90105020,False,Sem exposicao TSB direta,0.0,2670,2670.2030,,
90105090,False,Sem exposicao TSB direta,0.0,2670,2670.2030,,
90106000,False,Sem exposicao TSB direta,0.0,2670,2670.2150,,
90109010,False,Sem exposicao TSB direta,0.0,2670,2670.2130,,
90109090,False,Sem exposicao TSB direta,0.0,2670,2670.2130,,
90111000,False,Sem exposicao TSB direta,0.0,2670,2670.2105,,
90112010,False,Sem exposicao TSB direta,0.0,2670,2670.2105,,
90112020,False,Sem exposicao TSB direta,0.0,2670,2670.2105,,
90112030,False,Sem exposicao TSB direta,0.0,2670,2670.2105,,
90118010,False,Sem exposicao TSB direta,0.0,2670,2670.2105,,
90118090,False,Sem exposicao TSB direta,0.0,2670,2670.2105,,
90119010,False,Sem exposicao TSB direta,0.0,2670,2670.2140,,
90119090,False,Sem exposicao TSB direta,0.0,2670,2670.2140,,
90121010,False,Sem exposicao TSB direta,0.0,2651,2651.2355,,
90121090,False,Sem exposicao TSB direta,0.0,2651,2651.2355,,
90129010,False,Sem exposicao TSB direta,0.0,2651,2651.2455,,
90129090,False,Sem exposicao TSB direta,0.0,2651,2651.2455,,
90131010,False,Sem exposicao TSB direta,0.0,2670,2670.2075,,
90131090,False,Sem exposicao TSB direta,0.0,2670,2670.2075,,
90132000,False,Sem exposicao TSB direta,0.0,2670,2670.2075,,
90138000,False,Sem exposicao TSB direta,0.0,2670,2670.2075,,
90139000,False,Sem exposicao TSB direta,0.0,2670,2670.2140,,
90141000,False,Sem exposicao TSB direta,0.0,2651,2651.2065,,
90142010,False,Sem exposicao TSB direta,0.0,2651,2651.2065,,
90142020,False,Sem exposicao TSB direta,0.0,2651,2651.2065,,
90142030,False,Sem exposicao TSB direta,0.0,2651,2651.2065,,
90142090,False,Sem exposicao TSB direta,0.0,2651,2651.2065,,
90148010,False,Sem exposicao TSB direta,0.0,2651,2651.2065,,
90148090,False,Sem exposicao TSB direta,0.0,2651,2651.2065,,
90149000,False,Sem exposicao TSB direta,0.0,2651,2651.2455,,
90151000,False,Sem exposicao TSB direta,0.0,2651,2651.2230,,
90152010,False,Sem exposicao TSB direta,0.0,2651,2651.2230,,
90152090,False,Sem exposicao TSB direta,0.0,2651,2651.2230,,
90153000,False,Sem exposicao TSB direta,0.0,2651,2651.2230,,
90154000,False,Sem exposicao TSB direta,0.0,2651,2651.2230,,
90158010,False,Sem exposicao TSB direta,0.0,2651,2651.2230,,
90158090,False,Sem exposicao TSB direta,0.0,2651,2651.2230,,
90159010,False,Sem exposicao TSB direta,0.0,2651,2651.2455,,
90159090,False,Sem exposicao TSB direta,0.0,2651,2651.2455,,
90160010,False,Sem exposicao TSB direta,0.0,2651,2651.2040,,
90160090,False,Sem exposicao TSB direta,0.0,2651,2651.2040,,
90171010,False,Sem exposicao TSB direta,0.0,2651,2651.2160,,
90171090,False,Sem exposicao TSB direta,0.0,2651,2651.2160,,
90172000,False,Sem exposicao TSB direta,0.0,2651,2651.2160,,
90173010,False,Sem exposicao TSB direta,0.0,2651,2651.2160,,
90173020,False,Sem exposicao TSB direta,0.0,2651,2651.2160,,
90173090,False,Sem exposicao TSB direta,0.0,2651,2651.2160,,
90178010,False,Sem exposicao TSB direta,0.0,2651,2651.2160,,
90178090,False,Sem exposicao TSB direta,0.0,2651,2651.2160,,
90179090,False,Sem exposicao TSB direta,0.0,2651,2651.2420,,
90181100,False,Sem exposicao TSB direta,0.0,2660,2660.2010,,
90181210,False,Sem exposicao TSB direta,0.0,2660,2660.2010,,
90181290,False,Sem exposicao TSB direta,0.0,2660,2660.2010,,
90181300,False,Sem exposicao TSB direta,0.0,2660,2660.2010,,
90181410,False,Sem exposicao TSB direta,0.0,2660,2660.2010,,
90181420,False,Sem exposicao TSB direta,0.0,2660,2660.2010,,
90181490,False,Sem exposicao TSB direta,0.0,2660,2660.2010,,
90181910,False,Sem exposicao TSB direta,0.0,2660,2660.2010,,
90181920,False,Sem exposicao TSB direta,0.0,2660,2660.2010,,
90181980,False,Sem exposicao TSB direta,0.0,2660,2660.2010,,
90181990,False,Sem exposicao TSB direta,0.0,2660,2660.2120,,
90182010,False,Sem exposicao TSB direta,0.0,2660,2660.2045,,
90182020,False,Sem exposicao TSB direta,0.0,2660,2660.2045,,
90182090,False,Sem exposicao TSB direta,0.0,2660,2660.2045,,
90183111,False,Sem exposicao TSB direta,0.0,3250,3250.2310,,
90183119,False,Sem exposicao TSB direta,0.0,3250,3250.2310,,
90183190,False,Sem exposicao TSB direta,0.0,3250,3250.2310,,
90183211,False,Sem exposicao TSB direta,0.0,3250,3250.2310,,
90183212,False,Sem exposicao TSB direta,0.0,3250,3250.2310,,
90183213,False,Sem exposicao TSB direta,0.0,3250,3250.2310,,
90183219,False,Sem exposicao TSB direta,0.0,3250,3250.2310,,
90183220,False,Sem exposicao TSB direta,0.0,3250,3250.2310,,
90183910,False,Sem exposicao TSB direta,0.0,3250,3250.2310,,
90183921,False,Sem exposicao TSB direta,0.0,3250,3250.2310,,
90183922,False,Sem exposicao TSB direta,0.0,3250,3250.2310,,
90183923,False,Sem exposicao TSB direta,0.0,3250,3250.2310,,
90183925,False,Sem exposicao TSB direta,0.0,3250,3250.2310,,
90183926,False,Sem exposicao TSB direta,0.0,3250,3250.2310,,
90183929,False,Sem exposicao TSB direta,0.0,3250,3250.2310,,
90183930,False,Sem exposicao TSB direta,0.0,3250,3250.2310,,
90183991,False,Sem exposicao TSB direta,0.0,3250,3250.2310,,
90183999,False,Sem exposicao TSB direta,0.0,3250,3250.2310,,
90184100,False,Sem exposicao TSB direta,0.0,3250,3250.2205,,
90184911,False,Sem exposicao TSB direta,0.0,3250,3250.2205,,
90184912,False,Sem exposicao TSB direta,0.0,3250,3250.2205,,
90184919,False,Sem exposicao TSB direta,0.0,3250,3250.2205,,
90184920,False,Sem exposicao TSB direta,0.0,3250,3250.2205,,
90184940,False,Sem exposicao TSB direta,0.0,3250,3250.2205,,
90184991,False,Sem exposicao TSB direta,0.0,3250,3250.2205,,
90184999,False,Sem exposicao TSB direta,0.0,3250,3250.2205,,
90185010,False,Sem exposicao TSB direta,0.0,3250,3250.2060,,
90185090,False,Sem exposicao TSB direta,0.0,3250,3250.2060,,
90189010,False,Sem exposicao TSB direta,0.0,3250,3250.2180,,
90189021,False,Sem exposicao TSB direta,0.0,3250,3250.2100,,
90189029,False,Sem exposicao TSB direta,0.0,3250,3250.2100,,
90189031,False,Sem exposicao TSB direta,0.0,3250,3250.2195,,
90189039,False,Sem exposicao TSB direta,0.0,3250,3250.2195,,
90189040,False,Sem exposicao TSB direta,0.0,3250,3250.2040,,
90189050,False,Sem exposicao TSB direta,0.0,3250,3250.2195,,
90189069,False,Sem exposicao TSB direta,0.0,3250,3250.2050,,
90189091,False,Sem exposicao TSB direta,0.0,3250,3250.2195,,
90189093,False,Sem exposicao TSB direta,0.0,2660,2660.2010,,
90189094,False,Sem exposicao TSB direta,0.0,2660,2660.2010,,
90189095,False,Sem exposicao TSB direta,0.0,3250,3250.2150,,
90189096,False,Sem exposicao TSB direta,0.0,3250,3250.2195,,
90189097,False,Sem exposicao TSB direta,0.0,3250,3250.2195,,
90189099,False,Sem exposicao TSB direta,0.0,3250,3250.2195,,
90191000,False,Sem exposicao TSB direta,0.0,3250,3250.2020,,
90192010,False,Sem exposicao TSB direta,0.0,3250,3250.2035,,
90192020,False,Sem exposicao TSB direta,0.0,3250,3250.2035,,
90192030,False,Sem exposicao TSB direta,0.0,3250,3250.2035,,
90192040,False,Sem exposicao TSB direta,0.0,3250,3250.2035,,
90192090,False,Sem exposicao TSB direta,0.0,3250,3250.2035,,
90200010,False,Sem exposicao TSB direta,0.0,3250,3250.2230,,
90200090,False,Sem exposicao TSB direta,0.0,3250,3250.2230,,
90211010,False,Sem exposicao TSB direta,0.0,3250,3250.2290,,
90211020,False,Sem exposicao TSB direta,0.0,3250,3250.2290,,
90211091,False,Sem exposicao TSB direta,0.0,3250,3250.2290,,
90211099,False,Sem exposicao TSB direta,0.0,3250,3250.2290,,
90212110,False,Sem exposicao TSB direta,0.0,3250,3250.2080,,
90212190,False,Sem exposicao TSB direta,0.0,3250,3250.2080,,
90212900,False,Sem exposicao TSB direta,0.0,3250,3250.2080,,
90213110,False,Sem exposicao TSB direta,0.0,3250,3250.2290,,
90213120,False,Sem exposicao TSB direta,0.0,3250,3250.2290,,
90213190,False,Sem exposicao TSB direta,0.0,3250,3250.2290,,
90213911,False,Sem exposicao TSB direta,0.0,3250,3250.2090,,
90213919,False,Sem exposicao TSB direta,0.0,3250,3250.2090,,
90213920,False,Sem exposicao TSB direta,0.0,3250,3250.2090,,
90213930,False,Sem exposicao TSB direta,0.0,3250,3250.2090,,
90213940,False,Sem exposicao TSB direta,0.0,3250,3250.2300,,
90213980,False,Sem exposicao TSB direta,0.0,3250,3250.2090;3250.2300,,
90213991,False,Sem exposicao TSB direta,0.0,3250,3250.2280,,
90213999,False,Sem exposicao TSB direta,0.0,3250,3250.2280,,
90214000,False,Sem exposicao TSB direta,0.0,2660,2660.2020,,
90215000,False,Sem exposicao TSB direta,0.0,2660,2660.2100,,
90219011,False,Sem exposicao TSB direta,0.0,2660,2660.2070,,
90219012,False,Sem exposicao TSB direta,0.0,3250,3250.2030;3250.2170,,
90219013,False,Sem exposicao TSB direta,0.0,3250,3250.2030,,
90219019,False,Sem exposicao TSB direta,0.0,3250,3250.2030,,
90219080,False,Sem exposicao TSB direta,0.0,3250,3250.2030,,
90219091,False,Sem exposicao TSB direta,0.0,2660,2660.2110,,
90219092,False,Sem exposicao TSB direta,0.0,2660,2660.2110,,
90219099,False,Sem exposicao TSB direta,0.0,2660;3250,2660.2110;3250.2270,,
90221200,False,Sem exposicao TSB direta,0.0,2660,2660.2050,,
90221311,False,Sem exposicao TSB direta,0.0,2660,2660.2050,,
90221319,False,Sem exposicao TSB direta,0.0,2660,2660.2050,,
90221390,False,Sem exposicao TSB direta,0.0,2660,2660.2050,,
90221411,False,Sem exposicao TSB direta,0.0,2660,2660.2050,,
90221412,False,Sem exposicao TSB direta,0.0,2660,2660.2050,,
90221413,False,Sem exposicao TSB direta,0.0,2660,2660.2050,,
90221419,False,Sem exposicao TSB direta,0.0,2660,2660.2050,,
90221490,False,Sem exposicao TSB direta,0.0,2660,2660.2050,,
90221910,False,Sem exposicao TSB direta,0.0,2651,2651.2325,,
90221991,False,Sem exposicao TSB direta,0.0,2651,2651.2325,,
90221999,False,Sem exposicao TSB direta,0.0,2660,2660.2050,,
90222190,False,Sem exposicao TSB direta,0.0,2660,2660.2050,,
90222990,False,Sem exposicao TSB direta,0.0,2651,2651.2325,,
90223000,False,Sem exposicao TSB direta,0.0,2660,2660.2050,,
90229010,False,Sem exposicao TSB direta,0.0,2660,2660.2050,,
90229020,False,Sem exposicao TSB direta,0.0,2660,2660.2050,,
90229080,False,Sem exposicao TSB direta,0.0,2660,2660.2050,,
90229091,False,Sem exposicao TSB direta,0.0,2660,2660.2130,,
90229099,False,Sem exposicao TSB direta,0.0,2660,2660.2050,,
90230000,False,Sem exposicao TSB direta,0.0,3299,3299.2200,,
90241010,False,Sem exposicao TSB direta,0.0,2651,2651.2330,,
90241020,False,Sem exposicao TSB direta,0.0,2651,2651.2330,,
90241090,False,Sem exposicao TSB direta,0.0,2651,2651.2330,,
90248011,False,Sem exposicao TSB direta,0.0,2651,2651.2330,,
90248019,False,Sem exposicao TSB direta,0.0,2651,2651.2330,,
90248021,False,Sem exposicao TSB direta,0.0,2651,2651.2330,,
90248029,False,Sem exposicao TSB direta,0.0,2651,2651.2330,,
90248090,False,Sem exposicao TSB direta,0.0,2651,2651.2330,,
90249000,False,Sem exposicao TSB direta,0.0,2651,2651.2455,,
90251119,False,Sem exposicao TSB direta,0.0,3250,3250.2320,,
90251191,False,Sem exposicao TSB direta,0.0,2651,2651.2120,,
90251199,False,Sem exposicao TSB direta,0.0,2651,2651.2120,,
90251910,False,Sem exposicao TSB direta,0.0,2651,2651.2120,,
90251990,False,Sem exposicao TSB direta,0.0,2651,2651.2120,,
90258000,False,Sem exposicao TSB direta,0.0,2651,2651.2120,,
90259010,False,Sem exposicao TSB direta,0.0,2651;3250,2651.2410;3250.2320,,
90259090,False,Sem exposicao TSB direta,0.0,2651,2651.2410,,
90261011,False,Sem exposicao TSB direta,0.0,2651,2651.2280,,
90261019,False,Sem exposicao TSB direta,0.0,2651,2651.2280,,
90261021,False,Sem exposicao TSB direta,0.0,2651,2651.2290,,
90261029,False,Sem exposicao TSB direta,0.0,2651,2651.2290,,
90262010,False,Sem exposicao TSB direta,0.0,2651,2651.2310,,
90262090,False,Sem exposicao TSB direta,0.0,2651,2651.2260,,
90268000,False,Sem exposicao TSB direta,0.0,2651,2651.2270,,
90269010,False,Sem exposicao TSB direta,0.0,2651,2651.2455,,
90269020,False,Sem exposicao TSB direta,0.0,2651,2651.2455,,
90269090,False,Sem exposicao TSB direta,0.0,2651,2651.2455,,
90271000,False,Sem exposicao TSB direta,0.0,2651,2651.2010,,
90272011,False,Sem exposicao TSB direta,0.0,2651,2651.2240,,
90272012,False,Sem exposicao TSB direta,0.0,2651,2651.2240,,
90272019,False,Sem exposicao TSB direta,0.0,2651,2651.2240,,
90272021,False,Sem exposicao TSB direta,0.0,2651,2651.2240,,
90272029,False,Sem exposicao TSB direta,0.0,2651,2651.2240,,
90273011,False,Sem exposicao TSB direta,0.0,2651,2651.2240,,
90273019,False,Sem exposicao TSB direta,0.0,2651,2651.2240,,
90273020,False,Sem exposicao TSB direta,0.0,2651,2651.2240,,
90275010,False,Sem exposicao TSB direta,0.0,2651,2651.2240,,
90275020,False,Sem exposicao TSB direta,0.0,2651,2651.2240,,
90275030,False,Sem exposicao TSB direta,0.0,2651,2651.2240,,
90275040,False,Sem exposicao TSB direta,0.0,2651,2651.2240,,
90275050,False,Sem exposicao TSB direta,0.0,2651,2651.2240,,
90275090,False,Sem exposicao TSB direta,0.0,2651,2651.2240,,
90278100,False,Sem exposicao TSB direta,0.0,2651,2651.2240,,
90278911,False,Sem exposicao TSB direta,0.0,2651,2651.2240,,
90278912,False,Sem exposicao TSB direta,0.0,2651,2651.2240,,
90278913,False,Sem exposicao TSB direta,0.0,2651,2651.2240,,
90278914,False,Sem exposicao TSB direta,0.0,2651,2651.2240,,
90278920,False,Sem exposicao TSB direta,0.0,2651,2651.2240,,
90278991,False,Sem exposicao TSB direta,0.0,2651,2651.2240,,
90278999,False,Sem exposicao TSB direta,0.0,2651,2651.2240,,
90279010,False,Sem exposicao TSB direta,0.0,2651,2651.2365,,
90279091,False,Sem exposicao TSB direta,0.0,2651,2651.2365,,
90279093,False,Sem exposicao TSB direta,0.0,2651,2651.2365,,
90279099,False,Sem exposicao TSB direta,0.0,2651,2651.2365,,
90281011,False,Sem exposicao TSB direta,0.0,2651,2651.2080,,
90281019,False,Sem exposicao TSB direta,0.0,2651,2651.2080,,
90281090,False,Sem exposicao TSB direta,0.0,2651,2651.2080,,
90282010,False,Sem exposicao TSB direta,0.0,2651,2651.2090,,
90282020,False,Sem exposicao TSB direta,0.0,2651,2651.2090,,
90283011,False,Sem exposicao TSB direta,0.0,2651,2651.2350,,
90283019,False,Sem exposicao TSB direta,0.0,2651,2651.2350,,
90283021,False,Sem exposicao TSB direta,0.0,2651,2651.2350,,
90283029,False,Sem exposicao TSB direta,0.0,2651,2651.2350,,
90283031,False,Sem exposicao TSB direta,0.0,2651,2651.2350,,
90283039,False,Sem exposicao TSB direta,0.0,2651,2651.2350,,
90283090,False,Sem exposicao TSB direta,0.0,2651,2651.2350,,
90289010,False,Sem exposicao TSB direta,0.0,2651,2651.2440,,
90289090,False,Sem exposicao TSB direta,0.0,2651,2651.2490,,
90291010,False,Sem exposicao TSB direta,0.0,2651,2651.2100,,
90291090,False,Sem exposicao TSB direta,0.0,2651,2651.2100,,
90292010,False,Sem exposicao TSB direta,0.0,2651,2651.2150,,
90292020,False,Sem exposicao TSB direta,0.0,2651,2651.2150,,
90299010,False,Sem exposicao TSB direta,0.0,2651,2651.2470,,
90299090,False,Sem exposicao TSB direta,0.0,2651,2651.2470,,
90301010,False,Sem exposicao TSB direta,0.0,2651,2651.2390,,
90301090,False,Sem exposicao TSB direta,0.0,2651,2651.2390,,
90302010,False,Sem exposicao TSB direta,0.0,2651,2651.2380,,
90302021,False,Sem exposicao TSB direta,0.0,2651,2651.2380,,
90302022,False,Sem exposicao TSB direta,0.0,2651,2651.2380,,
90302029,False,Sem exposicao TSB direta,0.0,2651,2651.2380,,
90302030,False,Sem exposicao TSB direta,0.0,2651,2651.2380,,
90303100,False,Sem exposicao TSB direta,0.0,2651,2651.2370,,
90303200,False,Sem exposicao TSB direta,0.0,2651,2651.2370,,
90303311,False,Sem exposicao TSB direta,0.0,2651,2651.2370,,
90303319,False,Sem exposicao TSB direta,0.0,2651,2651.2370,,
90303321,False,Sem exposicao TSB direta,0.0,2651,2651.2370,,
90303329,False,Sem exposicao TSB direta,0.0,2651,2651.2370,,
90303390,False,Sem exposicao TSB direta,0.0,2651,2651.2370,,
90303910,False,Sem exposicao TSB direta,0.0,2651,2651.2370,,
90303990,False,Sem exposicao TSB direta,0.0,2651,2651.2370,,
90304010,False,Sem exposicao TSB direta,0.0,2651,2651.2020,,
90304020,False,Sem exposicao TSB direta,0.0,2651,2651.2020,,
90304030,False,Sem exposicao TSB direta,0.0,2651,2651.2020,,
90304090,False,Sem exposicao TSB direta,0.0,2651,2651.2020,,
90308210,False,Sem exposicao TSB direta,0.0,2651,2651.2390,,
90308290,False,Sem exposicao TSB direta,0.0,2651,2651.2390,,
90308410,False,Sem exposicao TSB direta,0.0,2651,2651.2390,,
90308420,False,Sem exposicao TSB direta,0.0,2651,2651.2390,,
90308490,False,Sem exposicao TSB direta,0.0,2651,2651.2390,,
90308910,False,Sem exposicao TSB direta,0.0,2651,2651.2390,,
90308920,False,Sem exposicao TSB direta,0.0,2651,2651.2390,,
90308930,False,Sem exposicao TSB direta,0.0,2651,2651.2390,,
90308940,False,Sem exposicao TSB direta,0.0,2651,2651.2390,,
90308990,False,Sem exposicao TSB direta,0.0,2651,2651.2390,,
90309010,False,Sem exposicao TSB direta,0.0,2651,2651.2480,,
90309090,False,Sem exposicao TSB direta,0.0,2651,2651.2480,,
90311000,False,Sem exposicao TSB direta,0.0,2651,2651.2320,,
90312010,False,Sem exposicao TSB direta,0.0,2651,2651.2050,,
90312090,False,Sem exposicao TSB direta,0.0,2651,2651.2050,,
90314100,False,Sem exposicao TSB direta,0.0,2651,2651.2250,,
90314910,False,Sem exposicao TSB direta,0.0,2651,2651.2250,,
90314920,False,Sem exposicao TSB direta,0.0,2651,2651.2250,,
90314990,False,Sem exposicao TSB direta,0.0,2651,2651.2250;2651.2530,,
90318011,False,Sem exposicao TSB direta,0.0,2651,2651.2155,,
90318012,False,Sem exposicao TSB direta,0.0,2651,2651.2155,,
90318020,False,Sem exposicao TSB direta,0.0,2651,2651.2155,,
90318030,False,Sem exposicao TSB direta,0.0,2651,2651.2155,,
90318040,False,Sem exposicao TSB direta,0.0,2651,2651.2070,,
90318050,False,Sem exposicao TSB direta,0.0,2651,2651.2155,,
90318060,False,Sem exposicao TSB direta,0.0,2651,2651.2155,,
90318091,False,Sem exposicao TSB direta,0.0,2651,2651.2155,,
90318099,False,Sem exposicao TSB direta,0.0,2651,2651.2110;2651.2155;2651.2540,,
90319010,False,Sem exposicao TSB direta,0.0,2651,2651.2455,,
90319090,False,Sem exposicao TSB direta,0.0,2651,2651.2455,,
90321010,False,Sem exposicao TSB direta,0.0,2651,2651.2550,,
90321090,False,Sem exposicao TSB direta,0.0,2651,2651.2550,,
90322000,False,Sem exposicao TSB direta,0.0,2651,2651.2520,,
90328100,False,Sem exposicao TSB direta,0.0,2651,2651.2300,,
90328911,False,Sem exposicao TSB direta,0.0,2731,2731.2070,,
90328919,False,Sem exposicao TSB direta,0.0,2731,2731.2070,,
90328921,False,Sem exposicao TSB direta,0.0,2945,2945.2040;2945.2110,,
90328922,False,Sem exposicao TSB direta,0.0,2945,2945.2040;2945.2110,,
90328923,False,Sem exposicao TSB direta,0.0,2945,2945.2040;2945.2110,,
90328924,False,Sem exposicao TSB direta,0.0,2945,2945.2040;2945.2110,,
90328925,False,Sem exposicao TSB direta,0.0,2945,2945.2040;2945.2110,,
90328929,False,Sem exposicao TSB direta,0.0,2945,2945.2040;2945.2110,,
90328930,False,Sem exposicao TSB direta,0.0,2651,2651.2140,,
90328981,False,Sem exposicao TSB direta,0.0,2651,2651.2185,,
90328982,False,Sem exposicao TSB direta,0.0,2651,2651.2200,,
90328983,False,Sem exposicao TSB direta,0.0,2651,2651.2185,,
90328984,False,Sem exposicao TSB direta,0.0,2651,2651.2185,,
90328989,False,Sem exposicao TSB direta,0.0,2651,2651.2170,,
90328990,False,Sem exposicao TSB direta,0.0,2651,2651.2185;2651.2560,,
90329010,False,Sem exposicao TSB direta,0.0,2651,2651.2455,,
90329091,False,Sem exposicao TSB direta,0.0,2651,2651.2455,,
90329099,False,Sem exposicao TSB direta,0.0,2651,2651.2400,,
90330000,False,Sem exposicao TSB direta,0.0,2651,2651.2460,,
91011100,False,Sem exposicao TSB direta,0.0,2652,2652.2060,,
91011900,False,Sem exposicao TSB direta,0.0,2652,2652.2060,,
91012100,False,Sem exposicao TSB direta,0.0,2652,2652.2060,,
91012900,False,Sem exposicao TSB direta,0.0,2652,2652.2060,,
91019100,False,Sem exposicao TSB direta,0.0,2652,2652.2060,,
91019900,False,Sem exposicao TSB direta,0.0,2652,2652.2060,,
91021110,False,Sem exposicao TSB direta,0.0,2652,2652.2060,,
91021190,False,Sem exposicao TSB direta,0.0,2652,2652.2060,,
91021210,False,Sem exposicao TSB direta,0.0,2652,2652.2060,,
91021220,False,Sem exposicao TSB direta,0.0,2652,2652.2060,,
91021290,False,Sem exposicao TSB direta,0.0,2652,2652.2060,,
91021900,False,Sem exposicao TSB direta,0.0,2652,2652.2060,,
91022100,False,Sem exposicao TSB direta,0.0,2652,2652.2060,,
91022900,False,Sem exposicao TSB direta,0.0,2652,2652.2060,,
91029100,False,Sem exposicao TSB direta,0.0,2652,2652.2060,,
91029900,False,Sem exposicao TSB direta,0.0,2652,2652.2060,,
91031000,False,Sem exposicao TSB direta,0.0,2652,2652.2020,,
91039000,False,Sem exposicao TSB direta,0.0,2652,2652.2020,,
91040000,False,Sem exposicao TSB direta,0.0,2652,2652.2070,,
91051100,False,Sem exposicao TSB direta,0.0,2652,2652.2020,,
91051900,False,Sem exposicao TSB direta,0.0,2652,2652.2020,,
91052100,False,Sem exposicao TSB direta,0.0,2652,2652.2020,,
91052900,False,Sem exposicao TSB direta,0.0,2652,2652.2020,,
91059100,False,Sem exposicao TSB direta,0.0,2652,2652.2020,,
91059900,False,Sem exposicao TSB direta,0.0,2652,2652.2020,,
91061000,False,Sem exposicao TSB direta,0.0,2652,2652.2050,,
91069000,False,Sem exposicao TSB direta,0.0,2652,2652.2050,,
91070010,False,Sem exposicao TSB direta,0.0,2652,2652.2010,,
91070090,False,Sem exposicao TSB direta,0.0,2652,2652.2010,,
91081110,False,Sem exposicao TSB direta,0.0,2652,2652.2030,,
91081190,False,Sem exposicao TSB direta,0.0,2652,2652.2030,,
91081200,False,Sem exposicao TSB direta,0.0,2652,2652.2030,,
91081900,False,Sem exposicao TSB direta,0.0,2652,2652.2030,,
91082000,False,Sem exposicao TSB direta,0.0,2652,2652.2030,,
91089000,False,Sem exposicao TSB direta,0.0,2652,2652.2030,,
91091000,False,Sem exposicao TSB direta,0.0,2652,2652.2030,,
91099000,False,Sem exposicao TSB direta,0.0,2652,2652.2030,,
91101110,False,Sem exposicao TSB direta,0.0,2652,2652.2030,,
91101190,False,Sem exposicao TSB direta,0.0,2652,2652.2030,,
91101200,False,Sem exposicao TSB direta,0.0,2652,2652.2030,,
91109000,False,Sem exposicao TSB direta,0.0,2652,2652.2030,,
91111000,False,Sem exposicao TSB direta,0.0,2652,2652.2045,,
91112010,False,Sem exposicao TSB direta,0.0,2652,2652.2045,,
91112090,False,Sem exposicao TSB direta,0.0,2652,2652.2045,,
91118000,False,Sem exposicao TSB direta,0.0,2652,2652.2045,,
91119010,False,Sem exposicao TSB direta,0.0,2652,2652.2045,,
91119090,False,Sem exposicao TSB direta,0.0,2652,2652.2045,,
91122000,False,Sem exposicao TSB direta,0.0,2652,2652.2045,,
91129000,False,Sem exposicao TSB direta,0.0,2652,2652.2045,,
91131000,False,Sem exposicao TSB direta,0.0,2652,2652.2045,,
91132000,False,Sem exposicao TSB direta,0.0,2652,2652.2045,,
91139000,False,Sem exposicao TSB direta,0.0,2652,2652.2045,,
91143000,False,Sem exposicao TSB direta,0.0,2652,2652.2045,,
91144000,False,Sem exposicao TSB direta,0.0,2652,2652.2045,,
91149000,False,Sem exposicao TSB direta,0.0,2652,2652.2045,,
92011000,False,Sem exposicao TSB direta,0.0,3220,3220.2070,,
92012000,False,Sem exposicao TSB direta,0.0,3220,3220.2070,,
92019000,False,Sem exposicao TSB direta,0.0,3220,3220.2070,,
92021000,False,Sem exposicao TSB direta,0.0,3220,3220.2020,,
92029000,False,Sem exposicao TSB direta,0.0,3220,3220.2020,,
92051000,False,Sem exposicao TSB direta,0.0,3220,3220.2040,,
92059000,False,Sem exposicao TSB direta,0.0,3220,3220.2040,,
92060000,False,Sem exposicao TSB direta,0.0,3220,3220.2030,,
92071010,False,Sem exposicao TSB direta,0.0,3220,3220.2050,,
92071090,False,Sem exposicao TSB direta,0.0,3220,3220.2050,,
92079010,False,Sem exposicao TSB direta,0.0,3220,3220.2050,,
92079090,False,Sem exposicao TSB direta,0.0,3220,3220.2050,,
92081000,False,Sem exposicao TSB direta,0.0,3220,3220.2010,,
92089000,False,Sem exposicao TSB direta,0.0,3220,3220.2010,,
92093000,False,Sem exposicao TSB direta,0.0,3220,3220.2060,,
92099100,False,Sem exposicao TSB direta,0.0,3220,3220.2060,,
92099200,False,Sem exposicao TSB direta,0.0,3220,3220.2060,,
92099400,False,Sem exposicao TSB direta,0.0,3220,3220.2060,,
92099900,False,Sem exposicao TSB direta,0.0,3220,3220.2060,,
93012000,False,Sem exposicao TSB direta,0.0,2550,2550.2020,,
93019000,False,Sem exposicao TSB direta,0.0,2550,2550.2020,,
93020000,False,Sem exposicao TSB direta,0.0,2550,2550.2080,,
93032000,False,Sem exposicao TSB direta,0.0,2550,2550.2050,,
93033000,False,Sem exposicao TSB direta,0.0,2550,2550.2050,,
93039010,False,Sem exposicao TSB direta,0.0,2550,2550.2055,,
93039090,False,Sem exposicao TSB direta,0.0,2550,2550.2055,,
93040010,False,Sem exposicao TSB direta,0.0,2550,2550.2055,,
93040090,False,Sem exposicao TSB direta,0.0,2550,2550.2055,,
93051000,False,Sem exposicao TSB direta,0.0,2550,2550.2070,,
93052000,False,Sem exposicao TSB direta,0.0,2550,2550.2070,,
93059100,False,Sem exposicao TSB direta,0.0,2550,2550.2060,,
93059900,False,Sem exposicao TSB direta,0.0,2550,2550.2070,,
93062110,False,Sem exposicao TSB direta,0.0,2550,2550.2040,,
93062120,False,Sem exposicao TSB direta,0.0,2550,2550.2040,,
93062130,False,Sem exposicao TSB direta,0.0,2550,2550.2040,,
93062900,False,Sem exposicao TSB direta,0.0,2550,2550.2040,,
93063000,False,Sem exposicao TSB direta,0.0,2550,2550.2040,,
93069010,False,Sem exposicao TSB direta,0.0,2550,2550.2030,,
93069020,False,Sem exposicao TSB direta,0.0,2550,2550.2030,,
93069090,False,Sem exposicao TSB direta,0.0,2550,2550.2030,,
93070000,False,Sem exposicao TSB direta,0.0,2541,2541.2110,,
94011010,False,Sem exposicao TSB direta,0.0,3042,3042.2010,,
94011090,False,Sem exposicao TSB direta,0.0,3042,3042.2010,,
94012000,False,Sem exposicao TSB direta,0.0,2949,2949.2025,,
94013100,False,Sem exposicao TSB direta,0.0,3101,3101.2075,,
94013900,False,Sem exposicao TSB direta,0.0,3102,3102.2040,,
94014100,False,Sem exposicao TSB direta,0.0,3101,3101.2075;3101.2080,,
94014900,False,Sem exposicao TSB direta,0.0,3103,3103.2070,,
94015200,False,Sem exposicao TSB direta,0.0,3103,3103.2070,,
94015300,False,Sem exposicao TSB direta,0.0,3103,3103.2070,,
94015900,False,Sem exposicao TSB direta,0.0,3103,3103.2070,,
94016100,False,Sem exposicao TSB direta,0.0,3101,3101.2075;3101.2080;3101.2310,,
94016900,False,Sem exposicao TSB direta,0.0,3101,3101.2075;3101.2080,,
94017100,False,Sem exposicao TSB direta,0.0,3102,3102.2040;3102.2055,,
94017900,False,Sem exposicao TSB direta,0.0,3101;3102,3101.2310;3102.2040;3102.2055,,
94018000,False,Sem exposicao TSB direta,0.0,3102;3103,3102.2055;3103.2025;3103.2055,,
94019100,False,Sem exposicao TSB direta,0.0,2949;3101,2949.2125;3101.2300,,
94019900,False,Sem exposicao TSB direta,0.0,2949;3102;3103,2949.2125;3102.2225;3103.2120;3103.2130;3103.2140,,
94021000,False,Sem exposicao TSB direta,0.0,3102;3250,3102.2090;3102.2225;3250.2240,,
94029010,False,Sem exposicao TSB direta,0.0,3250,3250.2240,,
94029020,False,Sem exposicao TSB direta,0.0,3250,3250.2240,,
94029090,False,Sem exposicao TSB direta,0.0,3250,3250.2240,,
94031000,False,Sem exposicao TSB direta,0.0,3102,3102.2185,,
94032010,False,Sem exposicao TSB direta,0.0,3102,3102.2020;3102.2065;3102.2165,,
94032090,False,Sem exposicao TSB direta,0.0,3102,3102.2020;3102.2065;3102.2165,,
94033000,False,Sem exposicao TSB direta,0.0,3101,3101.2035;3101.2257;3101.2260,,
94034000,False,Sem exposicao TSB direta,0.0,3101,3101.2035;3101.2247,,
94035000,False,Sem exposicao TSB direta,0.0,3101,3101.2025;3101.2040;3101.2120;3101.2247,,
94036000,False,Sem exposicao TSB direta,0.0,3101,3101.2025;3101.2035;3101.2160;3101.2208;3101.2247;3101.2275;3101.2310,,
94037000,False,Sem exposicao TSB direta,0.0,3103,3103.2080;3103.2115,,
94038200,False,Sem exposicao TSB direta,0.0,3103,3103.2113,,
94038300,False,Sem exposicao TSB direta,0.0,3103,3103.2113,,
94038900,False,Sem exposicao TSB direta,0.0,3103,3103.2113,,
94039100,False,Sem exposicao TSB direta,0.0,3101,3101.2155,,
94039900,False,Sem exposicao TSB direta,0.0,3102;3103,3102.2210;3103.2120;3103.2140,,
94041000,False,Sem exposicao TSB direta,0.0,3104,3104.2040,,
94042100,False,Sem exposicao TSB direta,0.0,3104,3104.2010,,
94042900,False,Sem exposicao TSB direta,0.0,3104,3104.2020;3104.2030,,
94043000,False,Sem exposicao TSB direta,0.0,1359,1359.2050,,
94044000,False,Sem exposicao TSB direta,0.0,1351,1351.2050,,
94049000,False,Sem exposicao TSB direta,0.0,1351;1359,1351.2010;1351.2050;1359.2050,,
94051110,False,Sem exposicao TSB direta,0.0,2740,2740.2110,,
94051190,False,Sem exposicao TSB direta,0.0,2740,2740.2110,,
94051910,False,Sem exposicao TSB direta,0.0,2740,2740.2110,,
94051990,False,Sem exposicao TSB direta,0.0,2740,2740.2110,,
94052100,False,Sem exposicao TSB direta,0.0,2740,2740.2110,,
94052900,False,Sem exposicao TSB direta,0.0,2740,2740.2110,,
94053100,False,Sem exposicao TSB direta,0.0,2740,2740.2010,,
94053900,False,Sem exposicao TSB direta,0.0,2740,2740.2010,,
94054100,False,Sem exposicao TSB direta,0.0,2740,2740.2010,,
94054200,False,Sem exposicao TSB direta,0.0,2740,2740.2010,,
94054900,False,Sem exposicao TSB direta,0.0,2740,2740.2010,,
94055000,False,Sem exposicao TSB direta,0.0,2740,2740.2020,,
94056100,False,Sem exposicao TSB direta,0.0,3299,3299.2020,,
94056900,False,Sem exposicao TSB direta,0.0,3299,3299.2020,,
94059100,True,Exposicao intermediaria TSB,0.2389,2319,2319.2180,23192,2300
94059200,False,Sem exposicao TSB direta,0.0,2229,2229.2230,,
94059900,False,Sem exposicao TSB direta,0.0,2740,2740.2120,,
94061010,False,Sem exposicao TSB direta,0.0,1622,1622.2050,,
94061090,False,Sem exposicao TSB direta,0.0,1622,1622.2050,,
94062000,False,Sem exposicao TSB direta,0.0,2511,2511.2025,,
94069010,False,Sem exposicao TSB direta,0.0,2511,2511.2025,,
94069020,False,Sem exposicao TSB direta,0.0,2511,2511.2025,,
94069090,False,Sem exposicao TSB direta,0.0,2229;2330;2511,2229.2150;2330.2080;2511.2025,,
95030010,False,Sem exposicao TSB direta,0.0,3240,3240.2060;3240.2130;3240.2140,,
95030021,False,Sem exposicao TSB direta,0.0,3240,3240.2010,,
95030022,False,Sem exposicao TSB direta,0.0,3240,3240.2010,,
95030029,False,Sem exposicao TSB direta,0.0,3240,3240.2110,,
95030031,False,Sem exposicao TSB direta,0.0,3240,3240.2050,,
95030039,False,Sem exposicao TSB direta,0.0,3240,3240.2050,,
95030040,False,Sem exposicao TSB direta,0.0,3240,3240.2020,,
95030050,False,Sem exposicao TSB direta,0.0,3240,3240.2040,,
95030060,False,Sem exposicao TSB direta,0.0,3240,3240.2040,,
95030070,False,Sem exposicao TSB direta,0.0,3240,3240.2120,,
95030080,False,Sem exposicao TSB direta,0.0,3240,3240.2030,,
95030091,False,Sem exposicao TSB direta,0.0,3240,3240.2080,,
95030097,False,Sem exposicao TSB direta,0.0,3240,3240.2020,,
95030098,False,Sem exposicao TSB direta,0.0,3240,3240.2020,,
95030099,False,Sem exposicao TSB direta,0.0,3240,3240.2020;3240.2030,,
95042000,False,Sem exposicao TSB direta,0.0,3240,3240.2105,,
95043000,False,Sem exposicao TSB direta,0.0,3240,3240.2105,,
95044000,False,Sem exposicao TSB direta,0.0,3240,3240.2070,,
95045000,False,Sem exposicao TSB direta,0.0,2640,2640.2072,,
95049010,False,Sem exposicao TSB direta,0.0,3240,3240.2105,,
95049090,False,Sem exposicao TSB direta,0.0,3240,3240.2105,,
95051000,False,Sem exposicao TSB direta,0.0,3299,3299.2040,,
95059000,False,Sem exposicao TSB direta,0.0,3299,3299.2040,,
95061100,False,Sem exposicao TSB direta,0.0,3230,3230.2047,,
95061200,False,Sem exposicao TSB direta,0.0,3230,3230.2047,,
95061900,False,Sem exposicao TSB direta,0.0,3230,3230.2047,,
95062100,False,Sem exposicao TSB direta,0.0,3230,3230.2030,,
95062900,False,Sem exposicao TSB direta,0.0,3230,3230.2030,,
95063100,False,Sem exposicao TSB direta,0.0,3230,3230.2047,,
95063200,False,Sem exposicao TSB direta,0.0,3230,3230.2047,,
95063900,False,Sem exposicao TSB direta,0.0,3230,3230.2047,,
95064000,False,Sem exposicao TSB direta,0.0,3230,3230.2047,,
95065100,False,Sem exposicao TSB direta,0.0,3230,3230.2140,,
95065900,False,Sem exposicao TSB direta,0.0,3230,3230.2140,,
95066100,False,Sem exposicao TSB direta,0.0,3230,3230.2100,,
95066200,False,Sem exposicao TSB direta,0.0,3230,3230.2100,,
95066900,False,Sem exposicao TSB direta,0.0,3230,3230.2090;3230.2100,,
95067000,False,Sem exposicao TSB direta,0.0,3230,3230.2110;3230.2120,,
95069100,False,Sem exposicao TSB direta,0.0,3230,3230.2020;3230.2080,,
95069900,False,Sem exposicao TSB direta,0.0,3230,3230.2010;3230.2047;3230.2130,,
95071000,False,Sem exposicao TSB direta,0.0,3230,3230.2060,,
95072000,False,Sem exposicao TSB direta,0.0,3230,3230.2060,,
95073000,False,Sem exposicao TSB direta,0.0,3230,3230.2060,,
95079000,False,Sem exposicao TSB direta,0.0,3230,3230.2060,,
95082110,False,Sem exposicao TSB direta,0.0,2829,2829.2100,,
95082190,False,Sem exposicao TSB direta,0.0,2829,2829.2100,,
95082210,False,Sem exposicao TSB direta,0.0,2829,2829.2100,,
95082290,False,Sem exposicao TSB direta,0.0,2829,2829.2100,,
95082300,False,Sem exposicao TSB direta,0.0,2829,2829.2100,,
95082400,False,Sem exposicao TSB direta,0.0,2829,2829.2100,,
95082600,False,Sem exposicao TSB direta,0.0,2829,2829.2100,,
95082900,False,Sem exposicao TSB direta,0.0,2829,2829.2100,,
95083000,False,Sem exposicao TSB direta,0.0,2829,2829.2100,,
95084000,False,Sem exposicao TSB direta,0.0,2829,2829.2100,,
96019000,False,Sem exposicao TSB direta,0.0,3299,3299.2250,,
96020010,False,Sem exposicao TSB direta,0.0,3299,3299.2260,,
96020090,False,Sem exposicao TSB direta,0.0,3299,3299.2260,,
96031000,False,Sem exposicao TSB direta,0.0,3291,3291.2040;3291.2105,,
96032100,False,Sem exposicao TSB direta,0.0,3291,3291.2020,,
96032900,False,Sem exposicao TSB direta,0.0,3291,3291.2030;3291.2040,,
96033000,False,Sem exposicao TSB direta,0.0,3291,3291.2070,,
96034010,False,Sem exposicao TSB direta,0.0,3291,3291.2080,,
96034090,False,Sem exposicao TSB direta,0.0,3291,3291.2080,,
96035000,False,Sem exposicao TSB direta,0.0,3291,3291.2050,,
96039000,False,Sem exposicao TSB direta,0.0,3291,3291.2010;3291.2040;3291.2090;3291.2105;3291.2110,,
96040000,False,Sem exposicao TSB direta,0.0,3299,3299.2290,,
96050000,False,Sem exposicao TSB direta,0.0,1521,1521.2030,,
96061000,False,Sem exposicao TSB direta,0.0,3299,3299.2070,,
96062100,False,Sem exposicao TSB direta,0.0,3299,3299.2070,,
96062200,False,Sem exposicao TSB direta,0.0,3299,3299.2070,,
96062900,False,Sem exposicao TSB direta,0.0,3299,3299.2070,,
96063000,False,Sem exposicao TSB direta,0.0,3299,3299.2170,,
96071100,False,Sem exposicao TSB direta,0.0,3299,3299.2130,,
96071900,False,Sem exposicao TSB direta,0.0,3299,3299.2130,,
96072000,False,Sem exposicao TSB direta,0.0,3299,3299.2130,,
96081000,False,Sem exposicao TSB direta,0.0,3299,3299.2100,,
96082000,False,Sem exposicao TSB direta,0.0,3299,3299.2100,,
96083000,False,Sem exposicao TSB direta,0.0,3299,3299.2100,,
96084000,False,Sem exposicao TSB direta,0.0,3299,3299.2100,,
96085000,False,Sem exposicao TSB direta,0.0,3299,3299.2100,,
96086000,False,Sem exposicao TSB direta,0.0,3299,3299.2100,,
96089100,False,Sem exposicao TSB direta,0.0,3299,3299.2100,,
96089981,False,Sem exposicao TSB direta,0.0,3299,3299.2100,,
96089989,False,Sem exposicao TSB direta,0.0,3299,3299.2100,,
96089990,False,Sem exposicao TSB direta,0.0,3299,3299.2100,,
96091000,False,Sem exposicao TSB direta,0.0,3299,3299.2220,,
96092000,False,Sem exposicao TSB direta,0.0,3299,3299.2220,,
96099000,False,Sem exposicao TSB direta,0.0,3299,3299.2220,,
96100000,False,Sem exposicao TSB direta,0.0,3299,3299.2330,,
96110000,False,Sem exposicao TSB direta,0.0,3299,3299.2110,,
96121000,False,Sem exposicao TSB direta,0.0,3299,3299.2150,,
96122000,False,Sem exposicao TSB direta,0.0,3299,3299.2150,,
96131000,False,Sem exposicao TSB direta,0.0,3299,3299.2210,,
96132000,False,Sem exposicao TSB direta,0.0,3299,3299.2210,,
96138000,False,Sem exposicao TSB direta,0.0,2945;3299,2945.2130;3299.2210,,
96139000,False,Sem exposicao TSB direta,0.0,3299,3299.2210,,
96140000,False,Sem exposicao TSB direta,0.0,3299,3299.2080,,
96151100,False,Sem exposicao TSB direta,0.0,3299,3299.2300,,
96151900,False,Sem exposicao TSB direta,0.0,3299,3299.2300,,
96159000,False,Sem exposicao TSB direta,0.0,3299,3299.2300,,
96161000,False,Sem exposicao TSB direta,0.0,3299,3299.2360,,
96162000,False,Sem exposicao TSB direta,0.0,3299,3299.2360,,
96170010,False,Sem exposicao TSB direta,0.0,3299,3299.2180,,
96170020,False,Sem exposicao TSB direta,0.0,3299,3299.2180,,
96180000,False,Sem exposicao TSB direta,0.0,3299,3299.2240,,
96190000,True,Alta exposicao TSB,0.9998999999999999,1354;1742,1354.2085;1742.2010;1742.2040,17427,1700
96200000,False,Sem exposicao TSB direta,0.0,2670,2670.2140,,
