year,uf,municipality_code,tsb_associated,tsb_grupo_exposicao,formal_jobs,wage_mass,cnae_count
2024,SP,355030,True,Alta exposicao TSB,18774,187620818.18,19
2024,RJ,330455,True,Alta exposicao TSB,17876,137950870.36,16
2024,MG,310620,True,Alta exposicao TSB,17030,151519772.67000002,14
2024,SP,355030,True,Exposicao intermediaria TSB,14097,130490135.53999999,18
2024,RJ,330630,True,Alta exposicao TSB,13373,46500370.89,5
2024,RJ,330630,True,Exposicao intermediaria TSB,11437,37307407.13,5
2024,PR,410690,True,Alta exposicao TSB,11164,94340790.75999999,14
2024,AM,130260,True,Alta exposicao TSB,7108,28890564.63,13
2024,GO,520870,True,Alta exposicao TSB,6648,72738533.22999999,13
2024,MG,313130,True,Alta exposicao TSB,6481,41217646.79,7
2024,ES,320500,True,Alta exposicao TSB,6353,57090841.2,9
2024,SP,351740,True,Alta exposicao TSB,6182,26172822.020000003,2
2024,PR,412710,True,Alta exposicao TSB,6179,33549947.72,5
2024,PE,261160,True,Alta exposicao TSB,6034,50810281.78,13
2024,RJ,330455,True,Exposicao intermediaria TSB,5692,25214303.96,16
2024,SP,351880,True,Exposicao intermediaria TSB,5473,23999859.830000002,14
2024,BA,292740,True,Alta exposicao TSB,5372,49085073.78,12
2024,MG,314590,True,Alta exposicao TSB,5329,35407373.6,3
2024,SP,350115,True,Exposicao intermediaria TSB,5129,27577713.37,2
2024,MG,316720,True,Alta exposicao TSB,4537,17457612.36,6
2024,PE,261640,True,Alta exposicao TSB,4512,11346822.52,5
2024,MS,500830,True,Alta exposicao TSB,4145,34774577.410000004,7
2024,PA,150130,True,Exposicao intermediaria TSB,3959,27693427.639999997,5
2024,PB,251370,True,Alta exposicao TSB,3958,10629288.620000001,5
2024,SP,355250,True,Alta exposicao TSB,3800,26769006.73,6
2024,MG,317010,True,Alta exposicao TSB,3716,19746994.35,8
2024,SP,351880,True,Alta exposicao TSB,3654,15841727.440000001,12
2024,BA,290570,True,Exposicao intermediaria TSB,3607,45750599.269999996,12
2024,MG,313630,True,Alta exposicao TSB,3602,13834836.979999999,2
2024,MA,211130,True,Exposicao intermediaria TSB,3415,25908924.28,6
2024,SP,352680,True,Alta exposicao TSB,3297,27850903.709999997,4
2024,MT,510623,True,Alta exposicao TSB,3264,16610908.43,1
2024,SP,355250,True,Exposicao intermediaria TSB,3161,19851964.73,11
2024,RS,431490,True,Alta exposicao TSB,3138,23799769.240000002,12
2024,PA,150420,True,Alta exposicao TSB,3113,14570636.19,4
2024,SP,354870,True,Exposicao intermediaria TSB,3087,16428753.450000001,10
2024,CE,231240,True,Alta exposicao TSB,3046,22023167.12,3
2024,SP,353870,True,Alta exposicao TSB,3044,19799473.849999998,13
2024,MG,316870,True,Alta exposicao TSB,2986,16565314.27,4
2024,BA,291080,True,Alta exposicao TSB,2903,10459060.4,10
2024,DF,530010,True,Alta exposicao TSB,2897,56263349.03,12
2024,PR,410690,True,Exposicao intermediaria TSB,2887,14327404.09,14
2024,MG,313670,True,Alta exposicao TSB,2886,14799952.91,10
2024,SP,352710,True,Alta exposicao TSB,2866,14991039.209999999,4
2024,SP,352590,True,Alta exposicao TSB,2836,20133107.259999998,11
2024,MS,500270,True,Alta exposicao TSB,2821,15225177.48,10
2024,DF,530010,True,Exposicao intermediaria TSB,2803,12201062.31,9
2024,GO,521850,True,Alta exposicao TSB,2692,14191144.09,2
2024,AM,130260,True,Exposicao intermediaria TSB,2640,8527250.49,12
2024,SP,352940,True,Exposicao intermediaria TSB,2611,22291519.82,13
2024,SP,352690,True,Alta exposicao TSB,2534,20198878.7,12
2024,MG,310670,True,Alta exposicao TSB,2524,9416011.57,11
2024,SP,353800,True,Alta exposicao TSB,2503,16910175.57,10
2024,MG,312230,True,Alta exposicao TSB,2489,11140614.57,10
2024,PI,221110,True,Alta exposicao TSB,2392,5951944.12,2
2024,SP,354780,True,Exposicao intermediaria TSB,2360,21079700.7,10
2024,SC,421830,True,Alta exposicao TSB,2300,13105792.18,3
2024,SP,350570,True,Alta exposicao TSB,2299,13599987.400000002,11
2024,PI,221100,True,Alta exposicao TSB,2289,13896359.07,9
2024,MA,210005,True,Alta exposicao TSB,2255,10198841.87,5
2024,PR,411730,True,Alta exposicao TSB,2229,15575835.55,1
2024,MG,311860,True,Alta exposicao TSB,2210,10906878.73,10
2024,SP,352690,True,Exposicao intermediaria TSB,2156,12034443.579999998,6
2024,GO,520547,True,Alta exposicao TSB,2131,11285270.520000001,3
2024,SP,355220,True,Exposicao intermediaria TSB,2125,9316559.64,11
2024,PE,261160,True,Exposicao intermediaria TSB,2120,9852161.76,11
2024,MG,313540,True,Alta exposicao TSB,2119,19530428.51,1
2024,SP,350600,True,Alta exposicao TSB,2112,12715511.51,9
2024,RS,432200,True,Exposicao intermediaria TSB,2099,31467192.55,7
2024,CE,230440,True,Alta exposicao TSB,2043,22440175.21,10
2024,SP,353800,True,Exposicao intermediaria TSB,2033,16505074.020000001,8
2024,SP,351350,True,Exposicao intermediaria TSB,2031,21839201.76,9
2024,SP,350900,True,Alta exposicao TSB,2028,13505470.360000001,9
2024,AL,270430,True,Alta exposicao TSB,2022,9401455.52,10
2024,SP,352440,True,Alta exposicao TSB,1956,22551202.720000003,9
2024,SP,355240,True,Alta exposicao TSB,1938,18842666.11,7
2024,SP,350210,True,Alta exposicao TSB,1936,8299465.3,4
2024,MT,510340,True,Alta exposicao TSB,1921,7950054.88,12
2024,RN,240140,True,Alta exposicao TSB,1905,4830942.48,2
2024,RJ,330010,True,Alta exposicao TSB,1894,39293500.089999996,2
2024,SC,420540,True,Alta exposicao TSB,1888,24351676.45,7
2024,BA,292200,True,Alta exposicao TSB,1874,16058716.809999999,2
2024,PB,250300,True,Alta exposicao TSB,1871,4877621.69,1
2024,SC,420300,True,Alta exposicao TSB,1869,9469976.799999999,5
2024,MG,311800,True,Exposicao intermediaria TSB,1857,5046804.0,3
2024,PB,251120,True,Alta exposicao TSB,1839,5842253.66,3
2024,SP,355220,True,Alta exposicao TSB,1827,13287769.79,9
2024,SP,354870,True,Alta exposicao TSB,1818,7387390.09,9
2024,SP,352440,True,Exposicao intermediaria TSB,1816,13379518.84,7
2024,RO,110020,True,Alta exposicao TSB,1795,14790932.09,9
2024,SC,420240,True,Alta exposicao TSB,1792,9910586.190000001,9
2024,SP,355630,True,Alta exposicao TSB,1787,7517251.2299999995,2
2024,MG,316720,True,Exposicao intermediaria TSB,1783,7373965.38,8
2024,GO,520110,True,Alta exposicao TSB,1760,5094187.61,8
2024,SP,353740,True,Alta exposicao TSB,1753,7103221.4,1
2024,SP,352600,True,Alta exposicao TSB,1743,8178420.78,1
2024,SP,353060,True,Alta exposicao TSB,1732,11914800.93,7
2024,BA,290570,True,Alta exposicao TSB,1699,13914309.46,12
2024,SP,355130,True,Alta exposicao TSB,1682,8880347.14,2
2024,PR,411300,True,Alta exposicao TSB,1675,6281127.26,2
2024,SP,351350,True,Alta exposicao TSB,1661,11272982.92,4
2024,MG,310420,True,Exposicao intermediaria TSB,1643,6418097.199999999,4
2024,SP,352400,True,Exposicao intermediaria TSB,1638,12489633.96,9
2024,SP,350950,True,Exposicao intermediaria TSB,1632,11643464.95,9
2024,SP,352430,True,Alta exposicao TSB,1628,8286014.53,4
2024,SP,355670,True,Alta exposicao TSB,1624,10722083.52,7
2024,RS,430930,True,Alta exposicao TSB,1619,17587938.08,6
2024,MS,500600,True,Alta exposicao TSB,1607,7254724.82,1
2024,SP,353930,True,Alta exposicao TSB,1596,7000413.9399999995,3
2024,PA,150140,True,Alta exposicao TSB,1591,10476145.870000001,10
2024,MG,315980,True,Alta exposicao TSB,1587,6924169.32,2
2024,SP,352050,True,Alta exposicao TSB,1587,8229049.399999999,6
2024,PA,150812,True,Alta exposicao TSB,1576,5748050.0200000005,2
2024,RJ,330400,True,Alta exposicao TSB,1559,6626363.35,4
2024,SP,353070,True,Alta exposicao TSB,1553,9756895.86,7
2024,GO,522045,True,Alta exposicao TSB,1552,6446661.83,4
2024,SP,352260,True,Alta exposicao TSB,1546,7984104.329999999,6
2024,GO,521380,True,Alta exposicao TSB,1542,6793343.38,2
2024,SP,354730,True,Alta exposicao TSB,1536,6137088.91,6
2024,RJ,330170,True,Exposicao intermediaria TSB,1532,14038087.59,12
2024,SP,353650,True,Exposicao intermediaria TSB,1531,15683539.64,11
2024,SP,353060,True,Exposicao intermediaria TSB,1528,7797277.28,10
2024,SP,353050,True,Alta exposicao TSB,1522,6251588.76,6
2024,SP,352960,True,Alta exposicao TSB,1503,6952593.029999999,2
2024,MG,317020,True,Exposicao intermediaria TSB,1489,5134413.3,9
2024,SP,353180,True,Alta exposicao TSB,1489,16500156.63,4
2024,MG,310620,True,Exposicao intermediaria TSB,1487,6114677.07,11
2024,RS,432000,True,Alta exposicao TSB,1486,10349683.92,5
2024,SP,351550,True,Alta exposicao TSB,1478,5293716.26,4
2024,SC,421175,True,Alta exposicao TSB,1475,9385761.45,3
2024,MA,211130,True,Alta exposicao TSB,1473,11685886.89,7
2024,TO,172100,True,Alta exposicao TSB,1455,5755979.05,4
2024,SP,351380,True,Alta exposicao TSB,1449,9489129.75,9
2024,SP,352885,True,Alta exposicao TSB,1427,4786156.87,1
2024,RS,430510,True,Alta exposicao TSB,1425,8470622.36,11
2024,SP,355340,True,Alta exposicao TSB,1420,7268133.41,1
2024,MS,500720,True,Alta exposicao TSB,1418,6780101.510000001,2
2024,SP,353020,True,Alta exposicao TSB,1416,7287179.17,2
2024,SP,354550,True,Alta exposicao TSB,1407,5803058.74,3
2024,PR,410180,True,Alta exposicao TSB,1406,6639615.109999999,9
2024,SP,354390,True,Exposicao intermediaria TSB,1406,9675227.97,8
2024,SP,350570,True,Exposicao intermediaria TSB,1403,8510155.459999999,10
2024,MG,313620,True,Alta exposicao TSB,1395,8302829.85,3
2024,SP,350850,True,Exposicao intermediaria TSB,1392,11616634.97,4
2024,ES,320060,True,Alta exposicao TSB,1378,13837012.82,3
2024,RR,140010,True,Alta exposicao TSB,1374,7880052.51,5
2024,PR,412550,True,Exposicao intermediaria TSB,1372,5381409.45,10
2024,CE,230440,True,Exposicao intermediaria TSB,1366,3010366.84,12
2024,GO,520870,True,Exposicao intermediaria TSB,1363,3884258.25,9
2024,GO,520860,True,Alta exposicao TSB,1355,5309250.41,4
2024,ES,320500,True,Exposicao intermediaria TSB,1349,5126066.54,7
2024,SC,420930,True,Alta exposicao TSB,1328,5517157.59,5
2024,BA,292110,True,Alta exposicao TSB,1327,6388575.66,2
2024,ES,320320,True,Alta exposicao TSB,1321,8728093.95,8
2024,MT,510790,True,Alta exposicao TSB,1320,8422694.39,6
2024,PB,250750,True,Alta exposicao TSB,1318,12741713.88,10
2024,SP,351380,True,Exposicao intermediaria TSB,1309,6118731.76,13
2024,RS,430390,True,Alta exposicao TSB,1307,5182207.58,7
2024,PR,410830,True,Alta exposicao TSB,1301,28955912.96,3
2024,MG,312710,True,Alta exposicao TSB,1299,5987678.040000001,3
2024,MG,310670,True,Exposicao intermediaria TSB,1297,4131829.96,10
2024,SP,350760,True,Alta exposicao TSB,1297,8318284.720000001,5
2024,SP,352310,True,Alta exposicao TSB,1288,5270499.83,9
2024,SC,421870,True,Exposicao intermediaria TSB,1287,4220853.4799999995,9
2024,SP,352530,True,Alta exposicao TSB,1287,5118740.6,7
2024,SP,352050,True,Exposicao intermediaria TSB,1286,5120887.1,10
2024,MS,500620,True,Alta exposicao TSB,1268,4685661.01,1
2024,SP,350280,True,Alta exposicao TSB,1259,5846583.23,5
2024,SP,351910,True,Alta exposicao TSB,1257,4604919.869999999,2
2024,SP,354980,True,Alta exposicao TSB,1248,8037814.15,10
2024,MS,500325,True,Alta exposicao TSB,1240,6180478.19,2
2024,SC,421917,True,Alta exposicao TSB,1234,5791112.0,3
2024,SP,352310,True,Exposicao intermediaria TSB,1223,4825803.81,10
2024,GO,520430,True,Alta exposicao TSB,1218,6056247.03,2
2024,GO,521310,True,Alta exposicao TSB,1207,6409209.23,2
2024,RS,430535,True,Alta exposicao TSB,1200,7571879.2,3
2024,RJ,330470,True,Alta exposicao TSB,1198,3327262.62,7
2024,SP,354980,True,Exposicao intermediaria TSB,1195,3950156.71,8
2024,SC,420910,True,Exposicao intermediaria TSB,1193,4634284.88,11
2024,SP,354990,True,Exposicao intermediaria TSB,1190,5165042.48,11
2024,SP,351690,True,Alta exposicao TSB,1171,8279697.3100000005,2
2024,RN,240810,True,Alta exposicao TSB,1162,11158037.63,8
2024,PR,411710,True,Alta exposicao TSB,1154,3623159.87,1
2024,MG,317010,True,Exposicao intermediaria TSB,1151,6875055.43,7
2024,MG,311860,True,Exposicao intermediaria TSB,1146,4256251.19,10
2024,SP,353870,True,Exposicao intermediaria TSB,1141,6162079.86,10
2024,MA,210530,True,Alta exposicao TSB,1127,10285061.42,6
2024,MG,310630,True,Alta exposicao TSB,1123,12410679.45,1
2024,SP,351370,True,Alta exposicao TSB,1122,4107328.66,2
2024,PR,412550,True,Alta exposicao TSB,1108,5521394.5200000005,9
2024,SP,350920,True,Alta exposicao TSB,1106,5456495.92,6
2024,MT,510060,True,Alta exposicao TSB,1105,5212580.22,2
2024,PE,260620,True,Alta exposicao TSB,1098,4913178.7,2
2024,SP,353440,True,Alta exposicao TSB,1095,6017968.37,8
2024,GO,520140,True,Exposicao intermediaria TSB,1074,3356870.94,11
2024,GO,521170,True,Alta exposicao TSB,1066,4938187.61,1
2024,SC,421900,True,Exposicao intermediaria TSB,1064,3730627.72,3
2024,SP,351840,True,Exposicao intermediaria TSB,1062,6883741.53,6
2024,GO,520130,True,Alta exposicao TSB,1059,3854844.38,1
2024,SP,352730,True,Alta exposicao TSB,1053,11361401.209999999,7
2024,SC,420750,True,Alta exposicao TSB,1052,4375346.22,6
2024,GO,521190,True,Alta exposicao TSB,1043,5085274.86,2
2024,SP,354060,True,Alta exposicao TSB,1043,5448937.67,5
2024,SP,353430,True,Alta exposicao TSB,1040,6851897.279999999,2
2024,CE,230765,True,Alta exposicao TSB,1039,3892972.1799999997,7
2024,MG,313380,True,Alta exposicao TSB,1037,3947513.8600000003,6
2024,SP,354340,True,Exposicao intermediaria TSB,1035,3207020.59,11
2024,SP,350925,True,Exposicao intermediaria TSB,1034,6458089.06,2
2024,SC,421190,True,Exposicao intermediaria TSB,1033,4009522.77,6
2024,MG,315770,True,Alta exposicao TSB,1029,5286432.42,1
2024,SP,354990,True,Alta exposicao TSB,1023,7646975.4,10
2024,MT,510170,True,Alta exposicao TSB,1018,4554233.92,1
2024,SP,353950,True,Alta exposicao TSB,1018,4298140.64,2
2024,PR,411390,True,Alta exposicao TSB,1017,5269029.149999999,3
2024,SP,354780,True,Alta exposicao TSB,1013,6484502.21,10
2024,GO,522155,True,Alta exposicao TSB,1009,5179289.08,2
2024,SC,420530,True,Alta exposicao TSB,1008,3381257.3800000004,4
2024,SC,421790,True,Alta exposicao TSB,1005,4146485.56,5
2024,RJ,330420,True,Alta exposicao TSB,999,4878578.640000001,3
2024,MG,314700,True,Alta exposicao TSB,998,3855492.65,3
2024,SE,280030,True,Alta exposicao TSB,998,8765159.04,8
2024,PR,410180,True,Exposicao intermediaria TSB,994,6901772.74,9
2024,SP,352590,True,Exposicao intermediaria TSB,994,8692955.48,9
2024,MG,315180,True,Exposicao intermediaria TSB,993,6914879.68,7
2024,PR,410430,True,Alta exposicao TSB,993,4465268.53,6
2024,SP,350275,True,Alta exposicao TSB,990,6452431.51,6
2024,MG,315200,True,Alta exposicao TSB,986,3114863.97,2
2024,PE,260680,True,Alta exposicao TSB,981,3271802.88,5
2024,GO,520740,True,Alta exposicao TSB,980,4798507.71,1
2024,GO,521090,True,Alta exposicao TSB,971,3563850.71,1
2024,SP,354070,True,Exposicao intermediaria TSB,971,5325861.760000001,4
2024,SC,420420,True,Exposicao intermediaria TSB,966,3295008.6799999997,8
2024,MG,313862,True,Alta exposicao TSB,962,4021503.88,1
2024,SE,280460,True,Alta exposicao TSB,962,2214589.31,2
2024,SP,353640,True,Alta exposicao TSB,962,3690056.0,1
2024,BA,291072,True,Alta exposicao TSB,961,7791737.37,6
2024,BA,292740,True,Exposicao intermediaria TSB,955,2837801.96,11
2024,SP,353030,True,Exposicao intermediaria TSB,955,2620543.2100000004,4
2024,SP,355410,True,Exposicao intermediaria TSB,949,4608708.91,9
2024,MS,500710,True,Alta exposicao TSB,943,12933843.18,2
2024,SP,350750,True,Exposicao intermediaria TSB,935,3624034.53,3
2024,SC,421620,True,Alta exposicao TSB,930,8166388.58,2
2024,SP,350030,True,Alta exposicao TSB,921,4161025.72,4
2024,PB,250400,True,Alta exposicao TSB,920,6607334.53,10
2024,SP,350160,True,Exposicao intermediaria TSB,916,6444915.58,8
2024,MG,315110,True,Alta exposicao TSB,912,2970820.51,3
2024,SP,354520,True,Exposicao intermediaria TSB,907,4146985.46,7
2024,GO,521150,True,Alta exposicao TSB,905,4778103.33,3
2024,SP,353980,True,Alta exposicao TSB,904,4299466.9399999995,7
2024,TO,171650,True,Alta exposicao TSB,904,3778355.58,1
2024,MG,310510,True,Alta exposicao TSB,901,3625761.31,2
2024,PR,410940,True,Alta exposicao TSB,900,3642765.24,6
2024,RJ,330040,True,Alta exposicao TSB,900,3666534.2,7
2024,GO,522050,True,Alta exposicao TSB,898,3678140.13,1
2024,SP,355670,True,Exposicao intermediaria TSB,890,7616735.95,7
2024,PR,411990,True,Exposicao intermediaria TSB,889,2450720.04,4
2024,SP,352250,True,Alta exposicao TSB,888,4316170.81,5
2024,SP,354890,True,Alta exposicao TSB,888,5547469.95,5
2024,GO,521645,True,Alta exposicao TSB,876,4551996.69,2
2024,MG,312510,True,Alta exposicao TSB,876,2721470.5,4
2024,RS,430510,True,Exposicao intermediaria TSB,874,3227221.15,12
2024,SP,351300,True,Exposicao intermediaria TSB,874,6211845.930000001,7
2024,SP,354580,True,Alta exposicao TSB,874,4527430.25,6
2024,SC,420820,True,Alta exposicao TSB,872,4486576.57,9
2024,SC,420890,True,Alta exposicao TSB,870,4736923.3100000005,7
2024,SC,420910,True,Alta exposicao TSB,864,5192617.97,9
2024,SP,355620,True,Exposicao intermediaria TSB,863,6911010.050000001,5
2024,PR,411370,True,Alta exposicao TSB,860,3073353.31,10
2024,SP,350520,True,Alta exposicao TSB,859,3243940.33,2
2024,SP,355535,True,Alta exposicao TSB,857,3600473.93,1
2024,SP,350330,True,Alta exposicao TSB,856,5013203.96,7
2024,MS,500380,True,Alta exposicao TSB,852,3441519.36,1
2024,PR,411520,True,Exposicao intermediaria TSB,848,3128936.64,7
2024,SP,352760,True,Alta exposicao TSB,842,6589047.12,1
2024,SP,355170,True,Exposicao intermediaria TSB,840,3821681.49,6
2024,GO,521930,True,Alta exposicao TSB,838,3988840.04,2
2024,SP,354330,True,Exposicao intermediaria TSB,838,2668592.7300000004,4
2024,GO,521880,True,Exposicao intermediaria TSB,834,2352582.12,6
2024,MT,510263,True,Alta exposicao TSB,834,5223658.25,4
2024,SP,350950,True,Alta exposicao TSB,833,7816200.63,9
2024,SP,353070,True,Exposicao intermediaria TSB,828,1387738.26,9
2024,MG,313505,True,Alta exposicao TSB,825,3819687.1599999997,2
2024,SP,350190,True,Alta exposicao TSB,822,3256700.0199999996,5
2024,PR,411180,True,Alta exposicao TSB,817,3389267.51,1
2024,SP,352940,True,Alta exposicao TSB,816,3566137.54,8
2024,ES,320130,True,Alta exposicao TSB,813,4334688.6,4
2024,SP,354520,True,Alta exposicao TSB,813,4657039.78,6
2024,SP,352340,True,Alta exposicao TSB,811,4520846.15,7
2024,PE,260790,True,Exposicao intermediaria TSB,806,2832236.19,10
2024,MS,500200,True,Alta exposicao TSB,803,3116906.05,1
2024,MS,500100,True,Alta exposicao TSB,801,2814208.23,2
2024,PR,410420,True,Alta exposicao TSB,800,3992779.8600000003,3
2024,MG,316670,True,Alta exposicao TSB,790,2064790.33,1
2024,SC,421500,True,Alta exposicao TSB,787,2939380.77,9
2024,RS,430790,True,Alta exposicao TSB,782,3320881.24,8
2024,BA,293070,True,Exposicao intermediaria TSB,781,3359706.11,9
2024,GO,520910,True,Alta exposicao TSB,776,3678440.56,1
2024,SC,420550,True,Alta exposicao TSB,772,3890732.6999999997,6
2024,GO,520150,True,Alta exposicao TSB,769,3795062.83,2
2024,SP,354880,True,Exposicao intermediaria TSB,759,3171307.58,8
2024,SC,420380,True,Alta exposicao TSB,757,4291961.33,4
2024,MG,314330,True,Exposicao intermediaria TSB,754,2244624.9699999997,6
2024,MG,314710,True,Alta exposicao TSB,754,3449026.73,3
2024,SP,350320,True,Alta exposicao TSB,753,3501163.2600000002,6
2024,BA,292860,True,Alta exposicao TSB,751,2766261.3,3
2024,MS,500570,True,Alta exposicao TSB,751,3475856.29,3
2024,MS,500080,True,Alta exposicao TSB,735,3060749.94,1
2024,MS,500370,True,Alta exposicao TSB,735,4995526.55,3
2024,SC,420240,True,Exposicao intermediaria TSB,732,2822647.85,8
2024,RS,431340,True,Alta exposicao TSB,731,3460565.34,11
2024,MS,500780,True,Alta exposicao TSB,730,3864854.05,2
2024,SP,354760,True,Alta exposicao TSB,729,3455846.46,6
2024,MG,312770,True,Alta exposicao TSB,728,2824326.91,4
2024,RS,431490,True,Exposicao intermediaria TSB,726,2351313.61,11
2024,SP,351570,True,Exposicao intermediaria TSB,725,2469770.92,6
2024,RS,431870,True,Alta exposicao TSB,724,4868432.35,11
2024,PR,410840,True,Exposicao intermediaria TSB,722,2990488.93,4
2024,RJ,330420,True,Exposicao intermediaria TSB,722,10849808.5,5
2024,AL,270690,True,Alta exposicao TSB,717,6418696.12,2
2024,ES,320120,True,Exposicao intermediaria TSB,715,2668120.0100000002,8
2024,SP,352340,True,Exposicao intermediaria TSB,707,5780102.11,8
2024,PR,412220,True,Exposicao intermediaria TSB,705,3972698.65,3
2024,AP,160030,True,Alta exposicao TSB,704,3762122.92,5
2024,PR,410480,True,Exposicao intermediaria TSB,704,2345360.93,6
2024,MG,311530,True,Alta exposicao TSB,699,4172042.04,3
2024,RS,430310,True,Alta exposicao TSB,693,3375479.89,7
2024,AL,270430,True,Exposicao intermediaria TSB,692,5547656.44,8
2024,SP,351040,True,Exposicao intermediaria TSB,692,3701908.38,5
2024,SP,351040,True,Alta exposicao TSB,684,3451786.93,4
2024,SP,352470,True,Alta exposicao TSB,681,3788794.4499999997,3
2024,RJ,330190,True,Alta exposicao TSB,678,11022992.360000001,3
2024,SC,420130,True,Exposicao intermediaria TSB,677,2548579.4299999997,10
2024,SP,351300,True,Alta exposicao TSB,676,3530357.3200000003,9
2024,CE,230428,True,Exposicao intermediaria TSB,669,3085377.38,4
2024,MA,210030,True,Alta exposicao TSB,668,1784669.48,1
2024,RS,431410,True,Alta exposicao TSB,665,5236103.09,6
2024,PE,260720,True,Exposicao intermediaria TSB,655,6800641.36,6
2024,RJ,330070,True,Alta exposicao TSB,655,1318258.3299999998,3
2024,RS,430390,True,Exposicao intermediaria TSB,654,3933333.12,5
2024,PA,150050,True,Alta exposicao TSB,653,3817544.23,1
2024,SP,353350,True,Alta exposicao TSB,652,3512079.74,4
2024,PR,411940,True,Alta exposicao TSB,646,2969490.23,1
2024,RS,430210,True,Alta exposicao TSB,646,3624202.83,5
2024,SC,421780,True,Alta exposicao TSB,645,2900657.63,5
2024,RJ,330110,True,Exposicao intermediaria TSB,643,3350682.6,3
2024,PE,260775,True,Exposicao intermediaria TSB,642,3634183.33,2
2024,SC,421630,True,Alta exposicao TSB,640,2218184.23,7
2024,SP,351620,True,Alta exposicao TSB,638,4527339.3,8
2024,PR,411370,True,Exposicao intermediaria TSB,637,1982337.19,9
2024,SP,355620,True,Alta exposicao TSB,637,2729692.9699999997,7
2024,CE,231290,True,Alta exposicao TSB,636,2415293.52,3
2024,MT,510340,True,Exposicao intermediaria TSB,635,2677165.44,8
2024,MG,313190,True,Alta exposicao TSB,634,2441487.4000000004,3
2024,MG,315180,True,Alta exposicao TSB,634,3878115.2800000003,6
2024,GO,521370,True,Alta exposicao TSB,633,2668468.07,1
2024,MA,211160,True,Alta exposicao TSB,630,2212735.25,1
2024,RJ,330540,True,Alta exposicao TSB,623,1825795.8199999998,2
2024,PR,411520,True,Alta exposicao TSB,619,2156332.31,12
2024,MG,317120,True,Exposicao intermediaria TSB,615,3265553.8000000003,5
2024,SP,350270,True,Exposicao intermediaria TSB,610,2875941.55,3
2024,AC,120040,True,Alta exposicao TSB,604,2780940.8400000003,4
2024,SC,420455,True,Alta exposicao TSB,604,3780965.28,3
2024,PR,411915,True,Alta exposicao TSB,599,2577465.43,5
2024,BA,290650,True,Exposicao intermediaria TSB,598,8285506.0200000005,8
2024,RN,240260,True,Alta exposicao TSB,593,1524665.68,2
2024,BA,292870,True,Exposicao intermediaria TSB,587,1191169.77,4
2024,MG,311050,True,Alta exposicao TSB,584,2511158.42,6
2024,BA,293330,True,Exposicao intermediaria TSB,583,1104981.58,7
2024,SP,350390,True,Exposicao intermediaria TSB,582,1958560.7000000002,6
2024,SP,350880,True,Alta exposicao TSB,579,2555756.09,1
2024,PE,260620,True,Exposicao intermediaria TSB,571,2957847.69,5
2024,SP,352390,True,Alta exposicao TSB,570,2895705.54,4
2024,SP,352500,True,Exposicao intermediaria TSB,570,2835059.57,6
2024,RJ,330330,True,Alta exposicao TSB,566,2194354.08,5
2024,SP,353282,True,Alta exposicao TSB,564,3561607.29,2
2024,SP,354340,True,Alta exposicao TSB,564,3277930.24,13
2024,GO,521000,True,Alta exposicao TSB,562,2139562.7800000003,3
2024,PE,261530,True,Alta exposicao TSB,562,1881459.29,2
2024,SP,350330,True,Exposicao intermediaria TSB,562,2521905.08,7
2024,SP,351240,True,Alta exposicao TSB,557,3199136.22,7
2024,MG,314520,True,Alta exposicao TSB,554,1520828.38,4
2024,SP,352570,True,Exposicao intermediaria TSB,554,1609998.2,2
2024,SP,355700,True,Exposicao intermediaria TSB,554,2779716.3499999996,5
2024,RJ,330100,True,Alta exposicao TSB,553,1879795.52,4
2024,SP,352270,True,Alta exposicao TSB,548,1864641.48,2
2024,SC,421360,True,Alta exposicao TSB,547,2189892.12,5
2024,MG,313670,True,Exposicao intermediaria TSB,545,1509136.73,8
2024,MS,500270,True,Exposicao intermediaria TSB,545,1785315.08,7
2024,RS,430310,True,Exposicao intermediaria TSB,543,1787525.96,8
2024,RS,432280,True,Alta exposicao TSB,542,2982059.84,6
2024,SP,355650,True,Exposicao intermediaria TSB,540,3726557.54,5
2024,MT,510622,True,Alta exposicao TSB,533,2958282.5300000003,2
2024,SP,352640,True,Exposicao intermediaria TSB,533,3147654.3099999996,3
2024,AL,270670,True,Alta exposicao TSB,531,1281827.39,2
2024,RS,430460,True,Alta exposicao TSB,531,3718839.08,6
2024,MG,314930,True,Exposicao intermediaria TSB,530,2517036.9,3
2024,SP,350410,True,Alta exposicao TSB,530,3055876.05,8
2024,MG,316860,True,Alta exposicao TSB,527,1141759.51,2
2024,CE,230100,True,Alta exposicao TSB,526,1509933.3800000001,3
2024,SP,350275,True,Exposicao intermediaria TSB,517,3165890.58,5
2024,SP,352230,True,Alta exposicao TSB,513,2377103.45,3
2024,PR,410304,True,Alta exposicao TSB,511,1534919.1400000001,3
2024,RS,430080,True,Exposicao intermediaria TSB,511,1699525.78,1
2024,MG,314260,True,Exposicao intermediaria TSB,510,1110527.87,1
2024,MS,500660,True,Alta exposicao TSB,510,2442235.7800000003,3
2024,SC,420360,True,Alta exposicao TSB,508,2105499.7800000003,8
2024,SP,352390,True,Exposicao intermediaria TSB,506,3900168.5,3
2024,PR,411910,True,Exposicao intermediaria TSB,505,1685743.23,2
2024,PI,221100,True,Exposicao intermediaria TSB,501,872725.75,10
2024,MS,500790,True,Alta exposicao TSB,499,2985190.74,2
2024,GO,520110,True,Exposicao intermediaria TSB,498,1312366.48,6
2024,RJ,330185,True,Alta exposicao TSB,496,1939874.1,2
2024,MG,311320,True,Exposicao intermediaria TSB,495,1744469.9,4
2024,MG,315670,True,Alta exposicao TSB,492,2115790.45,3
2024,MS,500830,True,Exposicao intermediaria TSB,492,2101006.5300000003,6
2024,MT,510792,True,Alta exposicao TSB,491,3390405.83,4
2024,ES,320530,True,Alta exposicao TSB,490,6097606.09,6
2024,PB,250400,True,Exposicao intermediaria TSB,490,979665.87,5
2024,BA,292770,True,Alta exposicao TSB,489,1398025.15,1
2024,MG,314610,True,Exposicao intermediaria TSB,487,1520828.5999999999,5
2024,SP,355170,True,Alta exposicao TSB,487,2472923.75,2
2024,PR,411200,True,Alta exposicao TSB,483,2718243.02,3
2024,PR,410370,True,Exposicao intermediaria TSB,481,1684712.44,7
2024,PR,411990,True,Alta exposicao TSB,479,3038260.62,8
2024,ES,320510,True,Exposicao intermediaria TSB,475,1712268.87,4
2024,PR,412630,True,Alta exposicao TSB,475,1765581.57,2
2024,SP,350760,True,Exposicao intermediaria TSB,475,1713013.36,6
2024,ES,320160,True,Alta exposicao TSB,470,1509591.3099999998,2
2024,SC,420290,True,Alta exposicao TSB,470,2747631.95,6
2024,SP,354530,True,Exposicao intermediaria TSB,469,2929949.74,2
2024,RS,432040,True,Alta exposicao TSB,468,1379386.48,2
2024,PB,251290,True,Alta exposicao TSB,464,1147886.66,2
2024,PE,260290,True,Exposicao intermediaria TSB,464,1564809.7,5
2024,PR,412240,True,Exposicao intermediaria TSB,464,1628814.63,5
2024,MG,313375,True,Exposicao intermediaria TSB,463,2469487.52,3
2024,RS,431990,True,Alta exposicao TSB,460,1419361.8,5
2024,SP,354160,True,Alta exposicao TSB,458,2811240.81,2
2024,MG,314390,True,Alta exposicao TSB,457,2451235.3299999996,4
2024,SC,421690,True,Exposicao intermediaria TSB,457,1993542.29,2
2024,TO,171820,True,Alta exposicao TSB,456,2010075.44,1
2024,RJ,330170,True,Alta exposicao TSB,455,2121978.7199999997,11
2024,PR,412460,True,Alta exposicao TSB,454,2417446.02,1
2024,ES,320313,True,Alta exposicao TSB,449,1780245.99,3
2024,SP,350550,True,Alta exposicao TSB,447,2250765.4,2
2024,MG,313170,True,Alta exposicao TSB,446,2432970.83,2
2024,BA,291955,True,Exposicao intermediaria TSB,445,1002750.53,5
2024,SP,350160,True,Alta exposicao TSB,445,2400328.8200000003,7
2024,SP,354880,True,Alta exposicao TSB,444,2133438.08,8
2024,GO,521880,True,Alta exposicao TSB,441,1883257.01,5
2024,PR,412240,True,Alta exposicao TSB,441,1468036.8499999999,3
2024,SP,350650,True,Alta exposicao TSB,441,1282253.34,7
2024,MS,500190,True,Alta exposicao TSB,438,783099.8,1
2024,PA,150220,True,Exposicao intermediaria TSB,437,1736002.8900000001,2
2024,MG,314110,True,Alta exposicao TSB,436,1582560.66,3
2024,BA,291920,True,Alta exposicao TSB,435,1204970.86,7
2024,ES,320530,True,Exposicao intermediaria TSB,434,1326422.87,5
2024,PE,260820,True,Alta exposicao TSB,433,980073.6,1
2024,PR,412796,True,Alta exposicao TSB,432,1517601.06,3
2024,PE,261640,True,Exposicao intermediaria TSB,431,1396071.28,9
2024,MS,500020,True,Alta exposicao TSB,429,1563309.76,3
2024,PR,412230,True,Exposicao intermediaria TSB,429,1406358.0899999999,5
2024,MS,500793,True,Alta exposicao TSB,427,2041775.64,2
2024,SC,421320,True,Exposicao intermediaria TSB,427,2369164.5799999996,5
2024,SC,421580,True,Alta exposicao TSB,427,1705847.2000000002,5
2024,PA,150080,True,Exposicao intermediaria TSB,423,1213149.64,8
2024,SC,420220,True,Alta exposicao TSB,423,2275051.87,4
2024,RN,240800,True,Exposicao intermediaria TSB,422,1532391.02,8
2024,MG,310590,True,Exposicao intermediaria TSB,420,2140406.85,2
2024,RJ,330490,True,Exposicao intermediaria TSB,420,1760164.77,7
2024,MS,500440,True,Alta exposicao TSB,416,1425362.46,1
2024,BA,291840,True,Alta exposicao TSB,415,1685239.3299999998,6
2024,ES,320120,True,Alta exposicao TSB,415,1686933.1099999999,5
2024,AL,270470,True,Exposicao intermediaria TSB,411,4166912.1100000003,6
2024,BA,293070,True,Alta exposicao TSB,411,1522997.13,8
2024,MA,210140,True,Alta exposicao TSB,411,2701037.38,4
2024,SP,355280,True,Alta exposicao TSB,411,1960990.92,5
2024,MG,313490,True,Exposicao intermediaria TSB,410,2481330.87,4
2024,SP,350960,True,Exposicao intermediaria TSB,406,1412869.04,4
2024,PB,250680,True,Exposicao intermediaria TSB,404,839824.38,1
2024,RO,110020,True,Exposicao intermediaria TSB,404,1358895.3900000001,6
2024,RS,430435,True,Alta exposicao TSB,404,4405223.05,1
2024,PR,410580,True,Exposicao intermediaria TSB,403,1209865.78,8
2024,SC,420320,True,Exposicao intermediaria TSB,403,1780130.96,3
2024,RS,430920,True,Alta exposicao TSB,402,1470520.62,9
2024,SE,280130,True,Alta exposicao TSB,401,1297473.67,2
2024,PR,411760,True,Alta exposicao TSB,400,1397731.0599999998,4
2024,PE,260790,True,Alta exposicao TSB,399,1059317.04,10
2024,ES,320520,True,Exposicao intermediaria TSB,397,1001808.2199999999,5
2024,MT,510840,True,Alta exposicao TSB,397,1530895.23,8
2024,RJ,330390,True,Alta exposicao TSB,397,1270725.69,5
2024,PR,411915,True,Exposicao intermediaria TSB,396,1199640.98,7
2024,SP,351050,True,Alta exposicao TSB,396,7056673.62,2
2024,SP,354850,True,Alta exposicao TSB,396,5407551.43,5
2024,BA,291080,True,Exposicao intermediaria TSB,394,809180.2000000001,9
2024,SP,353140,True,Exposicao intermediaria TSB,392,1891038.04,1
2024,SP,354140,True,Alta exposicao TSB,392,3387758.1100000003,5
2024,CE,230370,True,Alta exposicao TSB,391,2504274.83,8
2024,PR,412820,True,Alta exposicao TSB,391,1669252.17,4
2024,CE,230765,True,Exposicao intermediaria TSB,390,1350130.65,6
2024,MS,500627,True,Alta exposicao TSB,388,2012212.94,3
2024,PR,410160,True,Alta exposicao TSB,387,2516033.26,1
2024,PE,261180,True,Alta exposicao TSB,386,979353.06,3
2024,PR,411950,True,Alta exposicao TSB,385,1118457.44,4
2024,SC,421690,True,Alta exposicao TSB,383,1319346.98,6
2024,MT,510790,True,Exposicao intermediaria TSB,381,1326053.21,4
2024,BA,291480,True,Alta exposicao TSB,380,1456198.22,4
2024,RJ,330520,True,Alta exposicao TSB,378,1420557.46,2
2024,RJ,330550,True,Alta exposicao TSB,378,983254.87,6
2024,SC,421730,True,Alta exposicao TSB,377,2017903.33,1
2024,SC,420460,True,Alta exposicao TSB,376,2231560.71,7
2024,SC,421660,True,Exposicao intermediaria TSB,376,1358258.28,6
2024,BA,291440,True,Alta exposicao TSB,375,1453528.69,1
2024,PR,411200,True,Exposicao intermediaria TSB,375,402719.98000000004,2
2024,SP,354390,True,Alta exposicao TSB,374,1396656.05,7
2024,SC,420880,True,Alta exposicao TSB,368,942333.42,2
2024,SC,420395,True,Alta exposicao TSB,365,4164961.18,1
2024,MG,313070,True,Alta exposicao TSB,364,3424571.75,1
2024,BA,291640,True,Alta exposicao TSB,362,1151331.08,2
2024,RJ,330045,True,Exposicao intermediaria TSB,362,2428563.72,6
2024,RJ,330340,True,Alta exposicao TSB,362,1047981.36,6
2024,SC,421870,True,Alta exposicao TSB,360,849557.14,6
2024,SP,353030,True,Alta exposicao TSB,360,1203399.29,5
2024,PB,250460,True,Alta exposicao TSB,359,1130696.66,1
2024,AL,270915,True,Alta exposicao TSB,358,1683322.8399999999,2
2024,GO,521890,True,Alta exposicao TSB,358,1812023.59,1
2024,MA,211120,True,Alta exposicao TSB,358,844628.14,1
2024,MS,500370,True,Exposicao intermediaria TSB,358,1186179.93,4
2024,SP,355240,True,Exposicao intermediaria TSB,358,1462448.99,7
2024,CE,230370,True,Exposicao intermediaria TSB,357,1170419.96,8
2024,MG,316990,True,Exposicao intermediaria TSB,357,806977.22,4
2024,SP,355400,True,Exposicao intermediaria TSB,354,1780860.68,5
2024,MG,310350,True,Exposicao intermediaria TSB,352,1319126.74,3
2024,MT,510562,True,Alta exposicao TSB,352,1321656.92,3
2024,PR,411140,True,Alta exposicao TSB,352,1023286.35,1
2024,AL,270930,True,Alta exposicao TSB,351,1187597.69,1
2024,RJ,330020,True,Alta exposicao TSB,351,1248908.86,4
2024,MG,317070,True,Exposicao intermediaria TSB,350,1390276.1199999999,4
2024,PR,410940,True,Exposicao intermediaria TSB,349,1109344.6300000001,5
2024,SP,355710,True,Alta exposicao TSB,349,1662190.29,4
2024,SP,351840,True,Alta exposicao TSB,348,1442634.82,4
2024,RS,430210,True,Exposicao intermediaria TSB,347,1348572.52,5
2024,RS,431680,True,Alta exposicao TSB,347,978302.26,5
2024,SP,353080,True,Exposicao intermediaria TSB,347,1360656.6099999999,7
2024,RS,431480,True,Exposicao intermediaria TSB,346,1788548.92,8
2024,SC,420210,True,Exposicao intermediaria TSB,346,2206910.0100000002,4
2024,MS,500110,True,Alta exposicao TSB,345,1124960.23,2
2024,SC,420420,True,Alta exposicao TSB,344,2216857.76,6
2024,SP,352850,True,Alta exposicao TSB,344,1989261.8,7
2024,MG,315210,True,Alta exposicao TSB,343,1425178.55,5
2024,RS,431340,True,Exposicao intermediaria TSB,343,1087991.41,9
2024,MT,510760,True,Exposicao intermediaria TSB,342,964941.08,4
2024,PR,410140,True,Exposicao intermediaria TSB,341,1065719.2,8
2024,MT,510590,True,Exposicao intermediaria TSB,340,1805368.03,3
2024,RJ,330240,True,Exposicao intermediaria TSB,340,822282.78,3
2024,RS,431020,True,Alta exposicao TSB,339,2054956.02,3
2024,CE,231290,True,Exposicao intermediaria TSB,337,1580632.08,5
2024,PR,410230,True,Exposicao intermediaria TSB,337,2149481.2,3
2024,SP,350390,True,Alta exposicao TSB,336,1262710.1199999999,6
2024,PE,260410,True,Alta exposicao TSB,335,782542.22,5
2024,SP,351500,True,Alta exposicao TSB,335,2063923.0,5
2024,BA,291920,True,Exposicao intermediaria TSB,333,698186.34,5
2024,CE,231150,True,Exposicao intermediaria TSB,333,2315606.48,2
2024,PB,250300,True,Exposicao intermediaria TSB,333,1290426.44,2
2024,MT,510525,True,Alta exposicao TSB,332,3443786.5,5
2024,ES,320520,True,Alta exposicao TSB,331,2085094.9,9
2024,MT,510268,True,Alta exposicao TSB,331,1700912.9000000001,2
2024,SC,420480,True,Alta exposicao TSB,331,1502083.87,6
2024,SE,280360,True,Exposicao intermediaria TSB,331,2153301.3,3
2024,SP,353650,True,Alta exposicao TSB,328,2088197.19,5
2024,PB,250060,True,Exposicao intermediaria TSB,327,1497716.26,3
2024,PR,412230,True,Alta exposicao TSB,326,1071810.18,2
2024,PB,250320,True,Exposicao intermediaria TSB,325,639934.4900000001,4
2024,MT,510704,True,Alta exposicao TSB,324,2418928.1100000003,3
2024,TO,172100,True,Exposicao intermediaria TSB,323,945563.3,5
2024,SP,350700,True,Alta exposicao TSB,322,1084492.83,6
2024,RS,430860,True,Exposicao intermediaria TSB,321,1465624.0699999998,4
2024,MG,313940,True,Alta exposicao TSB,319,770147.53,2
2024,MS,500320,True,Alta exposicao TSB,319,1298507.8,1
2024,RS,430700,True,Exposicao intermediaria TSB,317,932879.55,5
2024,CE,230420,True,Alta exposicao TSB,316,682816.8300000001,3
2024,PR,410210,True,Alta exposicao TSB,316,853812.37,2
2024,RS,430820,True,Exposicao intermediaria TSB,316,1188857.47,5
2024,RS,430790,True,Exposicao intermediaria TSB,315,1293903.7,4
2024,SP,352900,True,Exposicao intermediaria TSB,315,883626.24,6
2024,MG,314480,True,Exposicao intermediaria TSB,314,1172085.82,7
2024,GO,520510,True,Exposicao intermediaria TSB,313,1536681.16,4
2024,SP,350530,True,Exposicao intermediaria TSB,313,1948037.04,5
2024,RJ,330452,True,Alta exposicao TSB,312,1040524.18,1
2024,SC,420820,True,Exposicao intermediaria TSB,312,1021988.87,9
2024,PR,412710,True,Exposicao intermediaria TSB,311,1386472.02,4
2024,SP,351340,True,Alta exposicao TSB,310,1403108.92,3
2024,PR,412770,True,Exposicao intermediaria TSB,309,969317.27,6
2024,RS,430700,True,Alta exposicao TSB,307,1395523.2,7
2024,SC,421580,True,Exposicao intermediaria TSB,307,1034332.6,4
2024,SC,421780,True,Exposicao intermediaria TSB,305,1208979.98,2
2024,MG,316250,True,Exposicao intermediaria TSB,304,1697042.8199999998,3
2024,CE,230960,True,Alta exposicao TSB,303,1367179.9100000001,4
2024,MA,210255,True,Alta exposicao TSB,303,1080378.71,2
2024,PR,410480,True,Alta exposicao TSB,303,949322.83,8
2024,PR,412680,True,Exposicao intermediaria TSB,303,1134021.52,2
2024,RS,431240,True,Exposicao intermediaria TSB,303,1545246.99,6
2024,PA,150140,True,Exposicao intermediaria TSB,302,1001235.49,7
2024,SP,355700,True,Alta exposicao TSB,298,1871712.42,4
2024,MG,313760,True,Alta exposicao TSB,297,767893.17,4
2024,CE,230420,True,Exposicao intermediaria TSB,296,554482.21,5
2024,RS,431180,True,Exposicao intermediaria TSB,296,1067604.99,3
2024,SP,353340,True,Alta exposicao TSB,296,1385692.1099999999,6
2024,SP,350450,True,Alta exposicao TSB,295,1185238.26,6
2024,PR,411320,True,Alta exposicao TSB,292,1563660.16,2
2024,SP,355480,True,Exposicao intermediaria TSB,292,1664268.94,4
2024,PB,250750,True,Exposicao intermediaria TSB,291,598683.4299999999,7
2024,PE,260410,True,Exposicao intermediaria TSB,290,569303.1799999999,4
2024,RJ,330395,True,Alta exposicao TSB,290,997002.96,3
2024,RS,431301,True,Alta exposicao TSB,289,1082497.48,1
2024,SP,350320,True,Exposicao intermediaria TSB,289,1198827.58,6
2024,PR,410420,True,Exposicao intermediaria TSB,288,1255104.94,5
2024,SP,353050,True,Exposicao intermediaria TSB,288,837078.7899999999,3
2024,MG,316040,True,Alta exposicao TSB,287,539814.8,3
2024,MT,510523,True,Alta exposicao TSB,287,896184.77,1
2024,SP,351907,True,Exposicao intermediaria TSB,287,1753601.67,6
2024,MG,314110,True,Exposicao intermediaria TSB,286,1491360.6600000001,3
2024,MT,510885,True,Alta exposicao TSB,286,1559677.38,3
2024,RJ,330200,True,Alta exposicao TSB,286,976091.83,3
2024,RS,430760,True,Exposicao intermediaria TSB,286,1514121.98,6
2024,SP,350220,True,Alta exposicao TSB,285,1932116.97,2
2024,SP,351500,True,Exposicao intermediaria TSB,284,842553.23,6
2024,MG,315250,True,Alta exposicao TSB,283,1076432.8,8
2024,MT,510840,True,Exposicao intermediaria TSB,283,663768.86,7
2024,PR,411850,True,Exposicao intermediaria TSB,283,975339.06,5
2024,SC,420970,True,Alta exposicao TSB,282,1260538.97,3
2024,SC,421160,True,Alta exposicao TSB,282,1218118.8,4
2024,BA,293290,True,Alta exposicao TSB,281,1494225.0699999998,2
2024,SP,353670,True,Alta exposicao TSB,281,984535.6399999999,3
2024,CE,230523,True,Alta exposicao TSB,279,742821.7399999999,4
2024,PE,260680,True,Exposicao intermediaria TSB,279,1686070.0499999998,6
2024,PR,411180,True,Exposicao intermediaria TSB,279,1482463.2,3
2024,RS,431413,True,Alta exposicao TSB,279,955074.38,2
2024,RJ,330411,True,Exposicao intermediaria TSB,277,1434830.34,3
2024,SC,421480,True,Alta exposicao TSB,277,1620446.35,7
2024,SP,351060,True,Exposicao intermediaria TSB,277,1119295.6800000002,5
2024,SP,353440,True,Exposicao intermediaria TSB,277,819412.28,7
2024,GO,522040,True,Alta exposicao TSB,276,1239017.01,3
2024,SP,351060,True,Alta exposicao TSB,276,1733736.4000000001,3
2024,MG,310400,True,Exposicao intermediaria TSB,275,853580.1100000001,2
2024,RS,430820,True,Alta exposicao TSB,274,1098649.53,8
2024,SP,350700,True,Exposicao intermediaria TSB,274,917058.15,6
2024,SP,352520,True,Alta exposicao TSB,274,1806809.5,3
2024,ES,320150,True,Exposicao intermediaria TSB,272,808018.0800000001,5
2024,ES,320313,True,Exposicao intermediaria TSB,271,732836.2000000001,2
2024,RS,430920,True,Exposicao intermediaria TSB,270,697606.66,7
2024,MG,316990,True,Alta exposicao TSB,269,943372.8899999999,6
2024,SP,354070,True,Alta exposicao TSB,269,1273038.18,3
2024,GO,521010,True,Alta exposicao TSB,268,1138255.72,3
2024,CE,230730,True,Exposicao intermediaria TSB,267,425251.94,8
2024,GO,521640,True,Alta exposicao TSB,267,1109140.9500000002,2
2024,SE,280210,True,Exposicao intermediaria TSB,267,953767.91,3
2024,SP,353980,True,Exposicao intermediaria TSB,266,890793.02,5
2024,RJ,330414,True,Exposicao intermediaria TSB,265,468420.43,4
2024,RN,240810,True,Exposicao intermediaria TSB,265,501871.97,6
2024,RS,431140,True,Exposicao intermediaria TSB,265,842026.6799999999,3
2024,RS,431560,True,Alta exposicao TSB,264,1789841.3499999999,2
2024,RS,432000,True,Exposicao intermediaria TSB,264,1265316.66,4
2024,PE,261130,True,Alta exposicao TSB,263,740604.02,1
2024,SP,355280,True,Exposicao intermediaria TSB,261,1681737.01,7
2024,GO,520545,True,Exposicao intermediaria TSB,259,1289553.78,3
2024,MT,510850,True,Alta exposicao TSB,259,1217700.0,3
2024,SP,355645,True,Alta exposicao TSB,259,871290.93,5
2024,MG,314760,True,Alta exposicao TSB,258,622335.0800000001,3
2024,PE,260960,True,Alta exposicao TSB,258,696458.96,5
2024,SP,352730,True,Exposicao intermediaria TSB,258,890049.79,7
2024,SP,354100,True,Exposicao intermediaria TSB,258,611535.86,3
2024,MG,315895,True,Alta exposicao TSB,255,1022402.4600000001,3
2024,SP,352520,True,Exposicao intermediaria TSB,255,860914.81,3
2024,SP,353970,True,Alta exposicao TSB,255,932916.25,2
2024,GO,520140,True,Alta exposicao TSB,254,716765.2000000001,9
2024,MG,317020,True,Alta exposicao TSB,254,685072.39,7
2024,RS,430680,True,Exposicao intermediaria TSB,254,991362.53,3
2024,SP,353250,True,Exposicao intermediaria TSB,252,726991.29,1
2024,SP,353180,True,Exposicao intermediaria TSB,251,1119085.88,4
2024,RN,240800,True,Alta exposicao TSB,250,1694425.15,7
2024,SP,350170,True,Exposicao intermediaria TSB,250,830121.96,2
2024,GO,520510,True,Alta exposicao TSB,248,1090147.32,4
2024,SP,353500,True,Alta exposicao TSB,248,1039393.82,2
2024,MG,312360,True,Alta exposicao TSB,247,611621.3,3
2024,PB,251080,True,Alta exposicao TSB,247,1792853.24,2
2024,RS,430930,True,Exposicao intermediaria TSB,247,1333221.25,6
2024,PR,411770,True,Alta exposicao TSB,244,970683.25,5
2024,SC,420430,True,Exposicao intermediaria TSB,244,879956.4,4
2024,MG,312235,True,Exposicao intermediaria TSB,243,828154.71,1
2024,SP,352100,True,Exposicao intermediaria TSB,242,545206.21,5
2024,SP,352180,True,Alta exposicao TSB,242,965020.88,3
2024,BA,292400,True,Alta exposicao TSB,241,3847889.8899999997,2
2024,ES,320150,True,Alta exposicao TSB,241,860165.01,2
2024,PR,411960,True,Alta exposicao TSB,241,680477.7000000001,7
2024,RS,430100,True,Exposicao intermediaria TSB,241,1346314.94,5
2024,MA,210300,True,Alta exposicao TSB,240,564793.1799999999,2
2024,SP,350600,True,Exposicao intermediaria TSB,240,935718.92,6
2024,MG,312090,True,Alta exposicao TSB,239,884136.05,1
2024,MS,500320,True,Exposicao intermediaria TSB,238,736730.4299999999,3
2024,MT,510730,True,Alta exposicao TSB,238,1003506.0,3
2024,RS,431690,True,Alta exposicao TSB,238,1477545.71,3
2024,BA,291280,True,Alta exposicao TSB,236,900950.59,1
2024,ES,320060,True,Exposicao intermediaria TSB,236,2022924.71,3
2024,ES,320130,True,Exposicao intermediaria TSB,236,689970.72,5
2024,MG,317070,True,Alta exposicao TSB,236,594298.96,7
2024,PA,150553,True,Alta exposicao TSB,236,2531277.61,2
2024,PR,411480,True,Alta exposicao TSB,236,1146660.05,5
2024,PR,410040,True,Exposicao intermediaria TSB,235,669596.81,6
2024,SP,354580,True,Exposicao intermediaria TSB,235,846481.81,6
2024,SC,420700,True,Alta exposicao TSB,234,923386.85,6
2024,SP,350610,True,Exposicao intermediaria TSB,234,702872.63,4
2024,SC,420430,True,Alta exposicao TSB,233,996293.74,5
2024,SP,350840,True,Exposicao intermediaria TSB,233,1164198.62,6
2024,SP,351570,True,Alta exposicao TSB,232,820194.6299999999,4
2024,CE,230428,True,Alta exposicao TSB,231,449471.24,4
2024,MT,510860,True,Exposicao intermediaria TSB,230,658009.58,2
2024,CE,230770,True,Alta exposicao TSB,229,756956.35,3
2024,MG,314000,True,Alta exposicao TSB,229,905705.18,1
2024,RN,240310,True,Exposicao intermediaria TSB,229,682412.75,3
2024,SP,352400,True,Alta exposicao TSB,229,956188.4299999999,6
2024,SP,353240,True,Exposicao intermediaria TSB,229,1197812.79,2
2024,PR,412270,True,Alta exposicao TSB,228,596410.37,2
2024,RS,431870,True,Exposicao intermediaria TSB,228,1298811.6400000001,6
2024,MG,312230,True,Exposicao intermediaria TSB,227,763852.0199999999,5
2024,MS,500540,True,Alta exposicao TSB,226,1559330.55,3
2024,MT,510795,True,Alta exposicao TSB,226,1288825.51,3
2024,PA,150080,True,Alta exposicao TSB,226,552836.0599999999,4
2024,PA,150680,True,Exposicao intermediaria TSB,226,644408.59,4
2024,SP,351160,True,Exposicao intermediaria TSB,226,990258.07,4
2024,SP,355430,True,Alta exposicao TSB,225,624467.3700000001,2
2024,RS,431405,True,Alta exposicao TSB,224,847732.68,4
2024,RS,430770,True,Exposicao intermediaria TSB,223,689252.82,4
2024,SC,420590,True,Exposicao intermediaria TSB,223,1088587.8,8
2024,SP,350010,True,Alta exposicao TSB,223,995248.76,2
2024,GO,521971,True,Alta exposicao TSB,222,1079952.95,1
2024,MA,210330,True,Exposicao intermediaria TSB,222,714453.99,4
2024,RJ,330250,True,Alta exposicao TSB,222,672676.71,7
2024,SP,354490,True,Exposicao intermediaria TSB,222,831404.41,1
2024,SP,355730,True,Alta exposicao TSB,222,805905.5900000001,2
2024,PB,251190,True,Exposicao intermediaria TSB,221,1251395.54,1
2024,MT,510792,True,Exposicao intermediaria TSB,220,733125.29,4
2024,SC,421300,True,Alta exposicao TSB,220,907752.32,4
2024,SE,280030,True,Exposicao intermediaria TSB,220,436743.82999999996,4
2024,SP,354730,True,Exposicao intermediaria TSB,220,1009770.09,7
2024,MG,315780,True,Alta exposicao TSB,219,888541.54,3
2024,SP,350010,True,Exposicao intermediaria TSB,219,735131.65,3
2024,RS,431410,True,Exposicao intermediaria TSB,218,770652.0,6
2024,MG,313170,True,Exposicao intermediaria TSB,217,557081.39,4
2024,PR,410650,True,Alta exposicao TSB,217,889217.49,2
2024,MA,210750,True,Alta exposicao TSB,216,662562.23,1
2024,RS,431680,True,Exposicao intermediaria TSB,216,614585.01,3
2024,RJ,330100,True,Exposicao intermediaria TSB,215,1752476.49,3
2024,RJ,330240,True,Alta exposicao TSB,215,3801795.92,2
2024,PA,150810,True,Alta exposicao TSB,214,3741527.8000000003,2
2024,PR,411820,True,Alta exposicao TSB,214,879568.94,1
2024,SP,351280,True,Exposicao intermediaria TSB,214,882425.83,2
2024,MG,313040,True,Exposicao intermediaria TSB,213,1347142.98,2
2024,SP,350680,True,Alta exposicao TSB,213,34735.5,3
2024,SP,351515,True,Alta exposicao TSB,213,843276.38,2
2024,PR,410020,True,Exposicao intermediaria TSB,211,1489848.75,1
2024,RJ,330390,True,Exposicao intermediaria TSB,210,459022.48,4
2024,PA,150060,True,Alta exposicao TSB,209,2257664.77,2
2024,RJ,330555,True,Alta exposicao TSB,209,2038730.63,3
2024,SC,420620,True,Exposicao intermediaria TSB,209,636162.28,3
2024,SP,353470,True,Exposicao intermediaria TSB,209,557418.16,4
2024,SP,354890,True,Exposicao intermediaria TSB,209,720042.91,5
2024,SP,355130,True,Exposicao intermediaria TSB,209,555474.52,1
2024,RS,430460,True,Exposicao intermediaria TSB,208,987936.6499999999,4
2024,SP,355060,True,Exposicao intermediaria TSB,208,685411.56,5
2024,BA,290600,True,Exposicao intermediaria TSB,206,1143821.1099999999,3
2024,MA,211030,True,Alta exposicao TSB,206,2609973.5399999996,2
2024,RJ,330600,True,Alta exposicao TSB,205,609738.7500000001,7
2024,RJ,330580,True,Alta exposicao TSB,204,608710.07,4
2024,SC,420300,True,Exposicao intermediaria TSB,203,747282.67,2
2024,SC,421190,True,Alta exposicao TSB,203,599500.96,4
2024,SE,280320,True,Alta exposicao TSB,203,550731.21,3
2024,SP,354850,True,Exposicao intermediaria TSB,203,769079.26,3
2024,SP,355450,True,Alta exposicao TSB,203,741498.09,3
2024,SC,421480,True,Exposicao intermediaria TSB,202,724078.2,5
2024,GO,521120,True,Alta exposicao TSB,201,659551.59,1
2024,SC,421825,True,Alta exposicao TSB,201,913802.87,3
2024,SP,352720,True,Alta exposicao TSB,200,698889.39,3
2024,MG,310160,True,Exposicao intermediaria TSB,199,483868.32,3
2024,MG,316940,True,Alta exposicao TSB,199,594016.41,2
2024,SP,350750,True,Alta exposicao TSB,199,2637290.75,1
2024,SP,352510,True,Exposicao intermediaria TSB,199,746039.1499999999,4
2024,SP,350920,True,Exposicao intermediaria TSB,198,681255.54,6
2024,RS,432130,True,Exposicao intermediaria TSB,197,582337.11,2
2024,RJ,330030,True,Alta exposicao TSB,196,589703.63,6
2024,MG,316250,True,Alta exposicao TSB,195,863035.91,1
2024,SP,354940,True,Alta exposicao TSB,195,994566.96,3
2024,SP,355640,True,Alta exposicao TSB,195,657067.8700000001,2
2024,ES,320510,True,Alta exposicao TSB,193,1114305.47,6
2024,MG,317210,True,Alta exposicao TSB,192,448073.28,1
2024,RJ,330300,True,Exposicao intermediaria TSB,192,400561.89,1
2024,PR,410395,True,Alta exposicao TSB,191,527247.01,1
2024,SP,350530,True,Alta exposicao TSB,191,903984.13,4
2024,GO,521150,True,Exposicao intermediaria TSB,190,629486.81,4
2024,PR,411580,True,Exposicao intermediaria TSB,190,630758.27,4
2024,SC,420890,True,Exposicao intermediaria TSB,190,610735.69,4
2024,SP,351410,True,Alta exposicao TSB,190,770973.53,3
2024,PA,150610,True,Exposicao intermediaria TSB,188,971044.52,1
2024,PE,261110,True,Exposicao intermediaria TSB,188,378696.49,4
2024,SP,354140,True,Exposicao intermediaria TSB,188,517817.24,4
2024,PA,150835,True,Alta exposicao TSB,187,2616953.47,1
2024,PR,410550,True,Exposicao intermediaria TSB,187,587124.11,3
2024,BA,290500,True,Exposicao intermediaria TSB,186,330685.12,2
2024,TO,172210,True,Exposicao intermediaria TSB,186,987084.77,2
2024,CE,230100,True,Exposicao intermediaria TSB,185,364479.48000000004,3
2024,MG,311830,True,Alta exposicao TSB,185,532752.3099999999,3
2024,RS,430440,True,Alta exposicao TSB,185,1130892.65,3
2024,SC,420290,True,Exposicao intermediaria TSB,185,655293.34,4
2024,SP,352900,True,Alta exposicao TSB,185,719221.08,4
2024,SP,355410,True,Alta exposicao TSB,185,1118670.78,6
2024,PA,150553,True,Exposicao intermediaria TSB,184,896616.74,4
2024,PR,412090,True,Alta exposicao TSB,184,730738.84,1
2024,RO,110004,True,Alta exposicao TSB,184,852780.0499999999,3
2024,SC,420930,True,Exposicao intermediaria TSB,184,634230.09,4
2024,MG,315780,True,Exposicao intermediaria TSB,183,563722.27,6
2024,PA,150130,True,Alta exposicao TSB,183,1292370.04,4
2024,RS,432260,True,Exposicao intermediaria TSB,183,504578.74,3
2024,SC,420200,True,Alta exposicao TSB,183,1454175.17,5
2024,MG,313720,True,Alta exposicao TSB,182,767317.16,4
2024,RS,432240,True,Alta exposicao TSB,182,940690.71,4
2024,SE,280480,True,Alta exposicao TSB,182,1235820.28,6
2024,BA,290070,True,Alta exposicao TSB,181,1686316.16,4
2024,PR,410830,True,Exposicao intermediaria TSB,181,549765.41,4
2024,SC,421920,True,Exposicao intermediaria TSB,181,899788.49,2
2024,SP,352840,True,Alta exposicao TSB,181,429398.8,5
2024,MS,500230,True,Alta exposicao TSB,180,528149.53,1
2024,SP,355645,True,Exposicao intermediaria TSB,180,531903.78,5
2024,SC,421450,True,Alta exposicao TSB,179,662725.0,4
2024,SP,354515,True,Exposicao intermediaria TSB,179,1885538.3,4
2024,MG,314610,True,Alta exposicao TSB,178,710662.43,2
2024,PA,150420,True,Exposicao intermediaria TSB,178,517119.35000000003,5
2024,PB,250630,True,Alta exposicao TSB,178,1364996.93,1
2024,RN,240325,True,Alta exposicao TSB,178,564703.0,6
2024,SC,420140,True,Alta exposicao TSB,178,727024.9099999999,4
2024,SC,421950,True,Exposicao intermediaria TSB,178,712802.76,5
2024,BA,290460,True,Exposicao intermediaria TSB,177,714778.3200000001,3
2024,MG,316440,True,Alta exposicao TSB,177,741608.39,1
2024,RS,431140,True,Alta exposicao TSB,177,674529.19,4
2024,ES,320320,True,Exposicao intermediaria TSB,176,390390.88,5
2024,GO,522045,True,Exposicao intermediaria TSB,176,478441.36,5
2024,MT,510525,True,Exposicao intermediaria TSB,176,554935.75,6
2024,SP,350250,True,Alta exposicao TSB,176,734281.9700000001,3
2024,SP,353080,True,Alta exposicao TSB,176,691687.42,2
2024,MG,314560,True,Alta exposicao TSB,175,846986.23,3
2024,RS,430040,True,Alta exposicao TSB,175,1064044.3900000001,2
2024,MG,313420,True,Alta exposicao TSB,174,993458.42,3
2024,PE,260600,True,Alta exposicao TSB,174,818673.8,3
2024,RJ,330330,True,Exposicao intermediaria TSB,174,389610.11,2
2024,SP,351830,True,Exposicao intermediaria TSB,174,537566.61,3
2024,SP,354530,True,Alta exposicao TSB,174,708929.14,2
2024,SP,351870,True,Exposicao intermediaria TSB,173,2024320.02,4
2024,PR,411460,True,Exposicao intermediaria TSB,171,780028.52,3
2024,SP,350380,True,Alta exposicao TSB,171,522378.56999999995,2
2024,RS,430780,True,Alta exposicao TSB,170,772006.7100000001,6
2024,SC,420830,True,Exposicao intermediaria TSB,170,460669.13,4
2024,SP,350710,True,Alta exposicao TSB,170,525506.9299999999,2
2024,PR,412625,True,Alta exposicao TSB,169,979073.6799999999,2
2024,RS,431390,True,Exposicao intermediaria TSB,169,681889.98,3
2024,MG,315250,True,Exposicao intermediaria TSB,167,510427.30000000005,6
2024,MG,317040,True,Alta exposicao TSB,167,1006102.13,2
2024,PE,261070,True,Exposicao intermediaria TSB,167,513399.1,5
2024,PR,411420,True,Exposicao intermediaria TSB,167,487892.92000000004,4
2024,SC,420400,True,Alta exposicao TSB,167,592276.44,2
2024,SP,350280,True,Exposicao intermediaria TSB,167,448860.1,6
2024,MA,210140,True,Exposicao intermediaria TSB,166,306338.42000000004,3
2024,MG,314330,True,Alta exposicao TSB,166,1154396.1,9
2024,MT,510795,True,Exposicao intermediaria TSB,166,474194.94,3
2024,RO,110012,True,Exposicao intermediaria TSB,166,519416.68999999994,3
2024,SC,421660,True,Alta exposicao TSB,166,1179309.5,7
2024,SP,350410,True,Exposicao intermediaria TSB,165,467898.33,5
2024,GO,520800,True,Alta exposicao TSB,164,677741.57,3
2024,SC,421800,True,Exposicao intermediaria TSB,164,615606.73,2
2024,SP,351620,True,Exposicao intermediaria TSB,164,529043.24,7
2024,SP,353340,True,Exposicao intermediaria TSB,164,1154122.8599999999,6
2024,SP,353710,True,Alta exposicao TSB,164,490190.83999999997,5
2024,GO,520735,True,Exposicao intermediaria TSB,163,958796.2,1
2024,GO,522160,True,Alta exposicao TSB,163,749727.03,2
2024,MG,316270,True,Exposicao intermediaria TSB,163,239711.83,1
2024,PR,411690,True,Exposicao intermediaria TSB,163,408057.03,3
2024,RJ,330200,True,Exposicao intermediaria TSB,163,292125.6,2
2024,GO,521800,True,Alta exposicao TSB,162,767714.19,3
2024,SP,351110,True,Alta exposicao TSB,162,1254640.01,4
2024,SC,420460,True,Exposicao intermediaria TSB,161,429677.96,7
2024,SC,420850,True,Alta exposicao TSB,161,733430.32,5
2024,PR,410720,True,Exposicao intermediaria TSB,160,633606.8200000001,2
2024,MG,317130,True,Alta exposicao TSB,159,861034.87,1
2024,RO,110030,True,Alta exposicao TSB,159,661497.01,4
2024,SC,420730,True,Exposicao intermediaria TSB,159,666489.23,6
2024,MG,316180,True,Alta exposicao TSB,158,479865.96,1
2024,PA,150650,True,Alta exposicao TSB,158,317531.85,2
2024,PR,410110,True,Alta exposicao TSB,158,532650.5900000001,3
2024,RJ,330490,True,Alta exposicao TSB,158,324248.97,7
2024,AM,130400,True,Alta exposicao TSB,157,1990682.08,1
2024,RS,430760,True,Alta exposicao TSB,157,462305.56,5
2024,PB,251620,True,Alta exposicao TSB,156,989773.91,3
2024,SC,421820,True,Alta exposicao TSB,156,544923.51,5
2024,SP,351490,True,Alta exposicao TSB,156,453075.64,3
2024,MG,311530,True,Exposicao intermediaria TSB,155,777930.3099999999,3
2024,MG,315140,True,Alta exposicao TSB,155,550833.14,1
2024,PE,260290,True,Alta exposicao TSB,155,599629.73,5
2024,PR,412270,True,Exposicao intermediaria TSB,155,433305.16,1
2024,MA,210530,True,Exposicao intermediaria TSB,153,885455.99,5
2024,RS,431820,True,Alta exposicao TSB,153,673237.98,4
2024,SP,350790,True,Exposicao intermediaria TSB,153,1113202.51,3
2024,SP,353120,True,Alta exposicao TSB,153,408991.52,2
2024,CE,230730,True,Alta exposicao TSB,151,904407.5900000001,4
2024,ES,320240,True,Exposicao intermediaria TSB,151,227331.86,4
2024,MG,312980,True,Exposicao intermediaria TSB,150,459311.38,5
2024,MS,500630,True,Exposicao intermediaria TSB,150,331559.39,2
2024,RJ,330452,True,Exposicao intermediaria TSB,150,562999.2999999999,4
2024,PE,261110,True,Alta exposicao TSB,149,587674.51,4
2024,PE,261390,True,Exposicao intermediaria TSB,149,252641.83000000002,4
2024,RJ,330620,True,Alta exposicao TSB,148,423263.54000000004,2
2024,MG,310740,True,Alta exposicao TSB,147,503745.64,4
2024,PA,150700,True,Alta exposicao TSB,147,488687.85000000003,2
2024,RJ,330040,True,Exposicao intermediaria TSB,147,435678.83999999997,4
2024,SC,420540,True,Exposicao intermediaria TSB,147,605738.27,4
2024,SP,351440,True,Alta exposicao TSB,147,605305.34,4
2024,PA,150800,True,Alta exposicao TSB,146,491312.64,1
2024,PR,412810,True,Exposicao intermediaria TSB,146,325430.54,4
2024,SC,420650,True,Exposicao intermediaria TSB,145,510237.2,3
2024,SC,420900,True,Alta exposicao TSB,145,742068.21,3
2024,BA,293135,True,Exposicao intermediaria TSB,144,444002.01,3
2024,MT,510704,True,Exposicao intermediaria TSB,144,369375.08,4
2024,PE,260230,True,Alta exposicao TSB,144,388544.99,1
2024,RS,431440,True,Exposicao intermediaria TSB,144,346520.67,4
2024,SC,421930,True,Alta exposicao TSB,144,607004.05,6
2024,MT,510263,True,Exposicao intermediaria TSB,142,326511.67,3
2024,PR,411620,True,Alta exposicao TSB,142,505562.49,1
2024,RS,431690,True,Exposicao intermediaria TSB,142,358675.41,3
2024,RS,431750,True,Alta exposicao TSB,142,1040682.78,1
2024,ES,320490,True,Alta exposicao TSB,141,722787.97,3
2024,RS,432160,True,Alta exposicao TSB,141,470790.35,2
2024,SC,420545,True,Exposicao intermediaria TSB,141,624303.86,4
2024,SP,350170,True,Alta exposicao TSB,141,233687.27000000002,2
2024,MA,211220,True,Alta exposicao TSB,140,439157.79,2
2024,MG,312980,True,Alta exposicao TSB,140,1725652.3100000003,4
2024,MT,510267,True,Alta exposicao TSB,140,652165.99,4
2024,RS,432200,True,Alta exposicao TSB,140,1366362.3800000001,2
2024,SC,420665,True,Alta exposicao TSB,140,445242.17000000004,2
2024,SP,354970,True,Alta exposicao TSB,140,466321.82,3
2024,PB,250370,True,Alta exposicao TSB,139,967421.17,2
2024,PR,410140,True,Alta exposicao TSB,139,347296.65,7
2024,SP,351310,True,Exposicao intermediaria TSB,139,653037.58,3
2024,SP,352670,True,Exposicao intermediaria TSB,139,466727.87,5
2024,SP,351150,True,Exposicao intermediaria TSB,138,468257.1,3
2024,MG,312410,True,Exposicao intermediaria TSB,136,389796.35,2
2024,MG,314790,True,Alta exposicao TSB,136,1037759.18,1
2024,MG,314930,True,Alta exposicao TSB,136,522341.24,1
2024,MG,316960,True,Alta exposicao TSB,136,643518.26,4
2024,RN,240710,True,Exposicao intermediaria TSB,135,315558.31,5
2024,SP,351670,True,Alta exposicao TSB,135,579974.7,3
2024,SP,354060,True,Exposicao intermediaria TSB,135,450296.3,5
2024,PR,410345,True,Exposicao intermediaria TSB,134,384151.0,2
2024,RJ,330022,True,Alta exposicao TSB,134,641606.67,1
2024,SP,352230,True,Exposicao intermediaria TSB,134,396067.08,5
2024,MG,311940,True,Exposicao intermediaria TSB,133,185021.02999999997,2
2024,RS,430060,True,Exposicao intermediaria TSB,133,382933.49,9
2024,RS,430435,True,Exposicao intermediaria TSB,133,1005637.68,1
2024,AL,270860,True,Exposicao intermediaria TSB,132,1018224.59,2
2024,MG,313220,True,Alta exposicao TSB,132,347992.74,3
2024,PR,410465,True,Exposicao intermediaria TSB,132,383095.67000000004,3
2024,RJ,330150,True,Exposicao intermediaria TSB,132,372293.54,2
2024,SC,421320,True,Alta exposicao TSB,132,572917.4500000001,2
2024,PR,412630,True,Exposicao intermediaria TSB,131,408815.16,3
2024,AL,270030,True,Alta exposicao TSB,130,405667.23,2
2024,SC,420750,True,Exposicao intermediaria TSB,130,471935.25,6
2024,SP,353820,True,Alta exposicao TSB,130,367019.13,4
2024,SP,355610,True,Alta exposicao TSB,130,380900.07,3
2024,PA,150240,True,Exposicao intermediaria TSB,129,268186.98,3
2024,RJ,330350,True,Alta exposicao TSB,129,368132.44999999995,5
2024,SC,420590,True,Alta exposicao TSB,129,696301.21,3
2024,SC,421030,True,Alta exposicao TSB,129,357633.65,2
2024,SP,353470,True,Alta exposicao TSB,129,491325.91000000003,5
2024,MA,210005,True,Exposicao intermediaria TSB,128,368400.38999999996,4
2024,MS,500840,True,Alta exposicao TSB,128,542783.26,1
2024,PI,220390,True,Alta exposicao TSB,128,775191.79,3
2024,RS,431130,True,Exposicao intermediaria TSB,127,409658.25,2
2024,SC,421500,True,Exposicao intermediaria TSB,127,332029.25999999995,4
2024,SP,352044,True,Exposicao intermediaria TSB,127,760168.4600000001,2
2024,SC,420320,True,Alta exposicao TSB,126,530412.25,2
2024,SP,351340,True,Exposicao intermediaria TSB,126,490463.38,2
2024,AL,270210,True,Alta exposicao TSB,125,42273.73,1
2024,CE,230760,True,Alta exposicao TSB,125,536716.58,1
2024,PA,150360,True,Exposicao intermediaria TSB,125,275276.35,4
2024,PR,410980,True,Alta exposicao TSB,125,817418.0800000001,3
2024,PR,411750,True,Alta exposicao TSB,125,326929.43,1
2024,RS,431580,True,Alta exposicao TSB,125,345257.67000000004,3
2024,SC,421010,True,Alta exposicao TSB,125,761078.29,3
2024,SP,352930,True,Exposicao intermediaria TSB,125,473995.81000000006,4
2024,SP,355450,True,Exposicao intermediaria TSB,125,492493.75,3
2024,MG,316294,True,Alta exposicao TSB,124,1833097.68,1
2024,MG,311120,True,Exposicao intermediaria TSB,122,281699.82,2
2024,MS,500215,True,Exposicao intermediaria TSB,122,743245.87,2
2024,PR,410040,True,Alta exposicao TSB,122,266285.64,2
2024,SP,353860,True,Exposicao intermediaria TSB,122,634297.48,4
2024,AL,270860,True,Alta exposicao TSB,121,485824.01,3
2024,SE,280480,True,Exposicao intermediaria TSB,121,173475.62,5
2024,SP,350400,True,Alta exposicao TSB,121,688716.71,3
2024,SP,352860,True,Alta exposicao TSB,121,382982.43,2
2024,SP,355100,True,Exposicao intermediaria TSB,121,482194.63,2
2024,BA,292930,True,Alta exposicao TSB,120,383773.09,3
2024,CE,230970,True,Exposicao intermediaria TSB,120,374321.78,5
2024,MG,311180,True,Alta exposicao TSB,120,239073.79,1
2024,PE,261070,True,Alta exposicao TSB,120,238870.1,8
2024,PE,261390,True,Alta exposicao TSB,120,516441.78,2
2024,SC,421900,True,Alta exposicao TSB,120,492361.11,4
2024,SE,280350,True,Exposicao intermediaria TSB,120,207731.24000000002,3
2024,SP,351250,True,Alta exposicao TSB,120,360626.19,4
2024,AM,130340,True,Alta exposicao TSB,119,497408.42000000004,2
2024,MT,510452,True,Alta exposicao TSB,119,613098.8200000001,3
2024,PR,411840,True,Exposicao intermediaria TSB,119,362141.26,5
2024,SC,420200,True,Exposicao intermediaria TSB,119,384955.98,3
2024,SC,421350,True,Exposicao intermediaria TSB,119,386046.71,1
2024,MG,314390,True,Exposicao intermediaria TSB,118,238860.53,3
2024,RJ,330095,True,Alta exposicao TSB,118,280196.55,3
2024,SC,420230,True,Alta exposicao TSB,118,563125.19,4
2024,SC,420425,True,Exposicao intermediaria TSB,118,474905.29000000004,5
2024,CE,230550,True,Alta exposicao TSB,117,556005.22,3
2024,CE,230550,True,Exposicao intermediaria TSB,117,163099.59,3
2024,CE,230930,True,Alta exposicao TSB,117,229978.7,1
2024,PR,410150,True,Exposicao intermediaria TSB,117,311433.25,4
2024,RJ,330430,True,Exposicao intermediaria TSB,117,280493.66000000003,3
2024,RN,240325,True,Exposicao intermediaria TSB,117,298152.68,6
2024,RS,431560,True,Exposicao intermediaria TSB,117,392199.26,3
2024,SC,421170,True,Alta exposicao TSB,117,431469.82,4
2024,SC,421205,True,Exposicao intermediaria TSB,117,508499.99,3
2024,SP,352240,True,Alta exposicao TSB,117,677426.6799999999,5
2024,BA,293077,True,Alta exposicao TSB,116,2162768.96,2
2024,ES,320250,True,Exposicao intermediaria TSB,116,202706.23,2
2024,PR,411380,True,Alta exposicao TSB,116,288168.09,1
2024,RS,431350,True,Alta exposicao TSB,116,655352.22,2
2024,MG,312770,True,Exposicao intermediaria TSB,115,237631.37,5
2024,MG,314800,True,Exposicao intermediaria TSB,115,327011.0,4
2024,SP,350740,True,Exposicao intermediaria TSB,115,422907.56,2
2024,BA,291170,True,Exposicao intermediaria TSB,114,185012.24,2
2024,GO,521850,True,Exposicao intermediaria TSB,114,321196.26,2
2024,MA,210320,True,Alta exposicao TSB,114,678680.48,1
2024,MG,315630,True,Alta exposicao TSB,114,191199.87,1
2024,MS,500710,True,Exposicao intermediaria TSB,114,1208315.31,4
2024,RJ,330190,True,Exposicao intermediaria TSB,114,334409.88,6
2024,RS,430350,True,Exposicao intermediaria TSB,114,338148.41,2
2024,SC,420580,True,Exposicao intermediaria TSB,114,569768.2,5
2024,SP,351450,True,Alta exposicao TSB,114,319824.05,2
2024,SP,351490,True,Exposicao intermediaria TSB,114,548944.85,2
2024,BA,290650,True,Alta exposicao TSB,113,1833443.47,2
2024,BA,291005,True,Exposicao intermediaria TSB,113,226278.38,6
2024,SC,421010,True,Exposicao intermediaria TSB,113,246426.44,2
2024,SP,352930,True,Alta exposicao TSB,113,381733.72,6
2024,SP,351150,True,Alta exposicao TSB,112,518473.62,4
2024,SP,355400,True,Alta exposicao TSB,112,738861.61,7
2024,CE,231180,True,Alta exposicao TSB,111,611744.47,1
2024,CE,231260,True,Alta exposicao TSB,111,262070.11,1
2024,PB,250180,True,Alta exposicao TSB,111,235988.91,3
2024,RJ,330050,True,Alta exposicao TSB,111,354813.04000000004,2
2024,RS,431337,True,Exposicao intermediaria TSB,110,696922.65,5
2024,SP,352530,True,Exposicao intermediaria TSB,110,316263.17,4
2024,SP,354075,True,Alta exposicao TSB,110,461164.4,2
2024,ES,320280,True,Alta exposicao TSB,109,877954.72,1
2024,PR,410442,True,Alta exposicao TSB,109,324836.29,3
2024,SP,353730,True,Alta exposicao TSB,109,327676.09,6
2024,SP,355730,True,Exposicao intermediaria TSB,109,645334.53,3
2024,BA,292920,True,Alta exposicao TSB,108,2766124.98,3
2024,PE,260960,True,Exposicao intermediaria TSB,108,272153.47,5
2024,RS,430087,True,Alta exposicao TSB,108,422507.87,3
2024,SP,355480,True,Alta exposicao TSB,108,365233.87,5
2024,MA,210820,True,Alta exposicao TSB,107,524989.97,2
2024,RO,110010,True,Alta exposicao TSB,107,277537.62,4
2024,SP,353920,True,Exposicao intermediaria TSB,107,745304.0299999999,2
2024,SP,354100,True,Alta exposicao TSB,107,770269.74,3
2024,BA,293020,True,Alta exposicao TSB,106,386708.48,2
2024,CE,230625,True,Alta exposicao TSB,106,157395.34999999998,2
2024,MG,313970,True,Alta exposicao TSB,106,383468.88,1
2024,RJ,330500,True,Alta exposicao TSB,106,1484198.89,2
2024,RS,430640,True,Alta exposicao TSB,106,492235.85000000003,4
2024,RS,431720,True,Exposicao intermediaria TSB,106,284189.26,3
2024,SP,352500,True,Alta exposicao TSB,106,527524.1599999999,4
2024,SP,355630,True,Exposicao intermediaria TSB,106,801737.55,2
2024,CE,231240,True,Exposicao intermediaria TSB,105,599049.26,3
2024,MG,313130,True,Exposicao intermediaria TSB,105,348354.83,6
2024,MG,315895,True,Exposicao intermediaria TSB,105,426015.21,4
2024,PI,220887,True,Exposicao intermediaria TSB,105,470583.07,2
2024,RO,110002,True,Alta exposicao TSB,105,343537.07,2
2024,RO,110018,True,Alta exposicao TSB,105,549009.9099999999,3
2024,SP,352660,True,Exposicao intermediaria TSB,105,402745.01,1
2024,SP,354260,True,Alta exposicao TSB,105,1491051.56,1
2024,SP,354970,True,Exposicao intermediaria TSB,105,423135.67000000004,2
2024,GO,520800,True,Exposicao intermediaria TSB,104,237340.43,3
2024,GO,521460,True,Exposicao intermediaria TSB,104,173538.06,2
2024,MG,310710,True,Alta exposicao TSB,104,373925.23,1
2024,PR,410980,True,Exposicao intermediaria TSB,104,346538.56000000006,6
2024,SC,420140,True,Exposicao intermediaria TSB,104,302991.68,6
2024,SP,351640,True,Exposicao intermediaria TSB,104,353452.11,5
2024,MG,314600,True,Alta exposicao TSB,103,481943.71,5
2024,MS,500600,True,Exposicao intermediaria TSB,103,278484.75,2
2024,RJ,330510,True,Alta exposicao TSB,103,269732.92000000004,4
2024,SC,421830,True,Exposicao intermediaria TSB,103,257084.51,3
2024,RJ,330411,True,Alta exposicao TSB,102,426255.21,2
2024,RN,241200,True,Alta exposicao TSB,102,396238.94,3
2024,RS,430940,True,Exposicao intermediaria TSB,102,248646.54,5
2024,RS,431060,True,Exposicao intermediaria TSB,102,92480.47,3
2024,SC,420700,True,Exposicao intermediaria TSB,102,506386.71,6
2024,MG,315120,True,Alta exposicao TSB,101,918062.09,1
2024,MT,510622,True,Exposicao intermediaria TSB,101,265323.29,3
2024,RJ,330480,True,Alta exposicao TSB,101,348580.52,2
2024,BA,291840,True,Exposicao intermediaria TSB,100,206262.82,5
2024,RS,430890,True,Alta exposicao TSB,100,294853.59,3
2024,SC,420230,True,Exposicao intermediaria TSB,100,296918.67000000004,5
2024,SP,354670,True,Exposicao intermediaria TSB,100,524371.13,2
2024,MG,314650,True,Exposicao intermediaria TSB,99,340183.27,2
2024,RS,431080,True,Exposicao intermediaria TSB,99,357721.96,3
2024,CE,231190,True,Exposicao intermediaria TSB,98,147400.66,1
2024,PR,410965,True,Alta exposicao TSB,98,353483.95,2
2024,RO,110001,True,Alta exposicao TSB,98,310258.3,3
2024,SP,351830,True,Alta exposicao TSB,98,262817.65,2
2024,CE,230280,True,Alta exposicao TSB,97,379791.28,1
2024,PR,410310,True,Alta exposicao TSB,97,279398.28,1
2024,RS,431750,True,Exposicao intermediaria TSB,97,218931.98000000004,4
2024,MG,313370,True,Alta exposicao TSB,96,363875.20999999996,2
2024,MG,314430,True,Alta exposicao TSB,96,320417.89,3
2024,RJ,330360,True,Alta exposicao TSB,96,261332.77000000002,3
2024,RS,430060,True,Alta exposicao TSB,96,412462.48,2
2024,SC,420550,True,Exposicao intermediaria TSB,96,277521.52,3
2024,SC,421880,True,Exposicao intermediaria TSB,96,261427.06,3
2024,SP,352720,True,Exposicao intermediaria TSB,96,245400.28,5
2024,CE,230960,True,Exposicao intermediaria TSB,95,217858.36,2
2024,GO,522160,True,Exposicao intermediaria TSB,95,292253.41000000003,4
2024,MA,210910,True,Alta exposicao TSB,95,890195.55,2
2024,MG,311330,True,Alta exposicao TSB,95,335483.16,2
2024,PE,261000,True,Alta exposicao TSB,95,394791.11,1
2024,RJ,330600,True,Exposicao intermediaria TSB,95,240356.0,5
2024,RS,432180,True,Alta exposicao TSB,95,425976.8,2
2024,SP,351110,True,Exposicao intermediaria TSB,95,139272.15,4
2024,SP,355720,True,Alta exposicao TSB,95,1298167.0899999999,2
2024,AM,130120,True,Alta exposicao TSB,94,446760.4,2
2024,MG,316090,True,Exposicao intermediaria TSB,94,217453.91,1
2024,SC,420900,True,Exposicao intermediaria TSB,94,427024.69999999995,2
2024,MA,210945,True,Exposicao intermediaria TSB,93,214142.12,1
2024,MG,314520,True,Exposicao intermediaria TSB,93,301144.42,4
2024,RN,240710,True,Alta exposicao TSB,93,367575.82,6
2024,SC,421820,True,Exposicao intermediaria TSB,93,435096.15,3
2024,SP,350290,True,Alta exposicao TSB,93,286899.58999999997,3
2024,SP,353670,True,Exposicao intermediaria TSB,93,506900.26,3
2024,SP,355330,True,Alta exposicao TSB,93,322146.8,1
2024,RS,430780,True,Exposicao intermediaria TSB,92,273371.98,4
2024,SC,420830,True,Alta exposicao TSB,92,354416.79,2
2024,SP,353390,True,Exposicao intermediaria TSB,92,244220.61,4
2024,BA,291072,True,Exposicao intermediaria TSB,91,633371.47,5
2024,GO,521250,True,Alta exposicao TSB,91,349924.89,4
2024,MG,310160,True,Alta exposicao TSB,91,197754.28,2
2024,MT,510140,True,Alta exposicao TSB,91,378525.14,1
2024,PA,150240,True,Alta exposicao TSB,91,672636.96,4
2024,PI,220220,True,Alta exposicao TSB,91,315049.23,2
2024,PR,410150,True,Alta exposicao TSB,91,223926.78999999998,6
2024,PR,410400,True,Exposicao intermediaria TSB,91,287675.09,3
2024,PR,410430,True,Exposicao intermediaria TSB,91,189798.24,3
2024,RS,432300,True,Alta exposicao TSB,91,360393.84,3
2024,SP,350380,True,Exposicao intermediaria TSB,91,249837.95,2
2024,SP,351860,True,Alta exposicao TSB,91,583160.89,2
2024,BA,290750,True,Alta exposicao TSB,90,336595.1,1
2024,GO,520551,True,Exposicao intermediaria TSB,90,263741.7,1
2024,PR,411690,True,Alta exposicao TSB,90,227535.57,2
2024,SC,420360,True,Exposicao intermediaria TSB,90,269000.77,4
2024,SP,351550,True,Exposicao intermediaria TSB,90,223078.01,2
2024,SP,351907,True,Alta exposicao TSB,90,699825.28,3
2024,SP,352250,True,Exposicao intermediaria TSB,90,260245.15999999997,3
2024,CE,231180,True,Exposicao intermediaria TSB,89,193286.79,3
2024,GO,520450,True,Alta exposicao TSB,89,533278.42,4
2024,MG,310375,True,Alta exposicao TSB,89,1323437.4000000001,2
2024,MG,311430,True,Alta exposicao TSB,89,250881.38,1
2024,PA,150680,True,Alta exposicao TSB,89,706428.53,4
2024,SC,420380,True,Exposicao intermediaria TSB,89,275859.72,3
2024,SC,421720,True,Alta exposicao TSB,89,523228.69,7
2024,SP,354700,True,Alta exposicao TSB,89,241133.3,2
2024,SP,354910,True,Exposicao intermediaria TSB,89,292016.93,3
2024,RJ,330510,True,Exposicao intermediaria TSB,88,202154.74,3
2024,SC,420390,True,Exposicao intermediaria TSB,88,223282.05,2
2024,SC,420940,True,Alta exposicao TSB,88,598532.66,1
2024,SP,351930,True,Alta exposicao TSB,88,358537.48,2
2024,SP,355650,True,Alta exposicao TSB,88,390064.08,4
2024,PR,412060,True,Exposicao intermediaria TSB,87,189363.13,3
2024,RJ,330270,True,Alta exposicao TSB,87,165317.83000000002,4
2024,SP,350900,True,Exposicao intermediaria TSB,87,280270.51999999996,4
2024,MG,312720,True,Alta exposicao TSB,86,149426.91,1
2024,MG,313760,True,Exposicao intermediaria TSB,86,336376.58,5
2024,MT,510480,True,Alta exposicao TSB,86,116447.82,3
2024,PR,411820,True,Exposicao intermediaria TSB,86,219694.65000000002,2
2024,RJ,330340,True,Exposicao intermediaria TSB,86,209027.74,1
2024,RJ,330610,True,Alta exposicao TSB,86,255063.48,3
2024,RN,240200,True,Alta exposicao TSB,86,574105.08,2
2024,RS,431830,True,Alta exposicao TSB,86,317671.41000000003,2
2024,SC,421720,True,Exposicao intermediaria TSB,86,272481.22,2
2024,SP,350550,True,Exposicao intermediaria TSB,86,221647.02000000002,4
2024,MA,210330,True,Alta exposicao TSB,85,172979.74,2
2024,MG,312840,True,Alta exposicao TSB,85,148857.09,4
2024,SC,420130,True,Alta exposicao TSB,85,402215.61,6
2024,SP,352480,True,Exposicao intermediaria TSB,85,214131.38999999998,2
2024,SP,354425,True,Alta exposicao TSB,85,789820.8200000001,2
2024,SP,355370,True,Alta exposicao TSB,85,400227.59,2
2024,PR,412560,True,Exposicao intermediaria TSB,84,288520.33,2
2024,RS,430360,True,Alta exposicao TSB,84,376710.26,2
2024,RS,430770,True,Alta exposicao TSB,84,475327.4,3
2024,SC,420020,True,Exposicao intermediaria TSB,84,216203.84,2
2024,SP,350290,True,Exposicao intermediaria TSB,84,208244.23,1
2024,MG,310400,True,Alta exposicao TSB,83,233277.7,1
2024,MG,315460,True,Exposicao intermediaria TSB,83,166028.74,6
2024,RJ,330280,True,Alta exposicao TSB,83,166878.49,1
2024,CE,230625,True,Exposicao intermediaria TSB,82,273339.63,5
2024,MG,313420,True,Exposicao intermediaria TSB,82,177191.57,2
2024,PR,410765,True,Exposicao intermediaria TSB,82,99954.79000000001,4
2024,RJ,330220,True,Exposicao intermediaria TSB,82,132566.88999999998,1
2024,RJ,330580,True,Exposicao intermediaria TSB,82,178666.24,3
2024,RN,240780,True,Alta exposicao TSB,82,179808.30000000002,2
2024,SC,421150,True,Alta exposicao TSB,82,319282.94,5
2024,BA,291992,True,Exposicao intermediaria TSB,81,367657.73,1
2024,MT,510180,True,Alta exposicao TSB,81,311330.66,2
2024,RS,430300,True,Exposicao intermediaria TSB,81,189499.15,3
2024,SC,421970,True,Exposicao intermediaria TSB,81,180186.19,2
2024,MG,312700,True,Alta exposicao TSB,80,1120303.8599999999,2
2024,PE,261350,True,Alta exposicao TSB,80,308871.84,2
2024,PR,411460,True,Alta exposicao TSB,80,686980.92,3
2024,SP,355040,True,Alta exposicao TSB,80,331534.07,1
2024,MG,312800,True,Alta exposicao TSB,79,301425.28,1
2024,PI,220770,True,Alta exposicao TSB,79,878348.38,2
2024,SC,420600,True,Alta exposicao TSB,79,369134.03,1
2024,SP,351250,True,Exposicao intermediaria TSB,79,201502.94,2
2024,SP,351518,True,Exposicao intermediaria TSB,79,242086.79,3
2024,SP,353910,True,Alta exposicao TSB,79,298647.16000000003,2
2024,ES,320470,True,Exposicao intermediaria TSB,78,309810.22,2
2024,GO,520540,True,Alta exposicao TSB,78,221308.3,1
2024,MG,314000,True,Exposicao intermediaria TSB,78,223533.85,1
2024,MT,510760,True,Alta exposicao TSB,78,573880.24,4
2024,PR,410580,True,Alta exposicao TSB,78,268055.98000000004,5
2024,RJ,330180,True,Alta exposicao TSB,78,197657.93,1
2024,RS,432110,True,Exposicao intermediaria TSB,78,223329.85,1
2024,SC,421120,True,Exposicao intermediaria TSB,78,293475.70999999996,3
2024,SP,354910,True,Alta exposicao TSB,78,684360.7100000001,4
2024,PE,260190,True,Alta exposicao TSB,77,117019.48999999999,4
2024,PR,411320,True,Exposicao intermediaria TSB,77,283508.66000000003,2
2024,SC,420280,True,Alta exposicao TSB,77,327853.12,5
2024,SP,352980,True,Alta exposicao TSB,77,364379.88,2
2024,BA,291360,True,Exposicao intermediaria TSB,76,121871.12000000001,4
2024,CE,230760,True,Exposicao intermediaria TSB,76,139740.19,2
2024,MG,311120,True,Alta exposicao TSB,76,383559.31,1
2024,MG,311730,True,Exposicao intermediaria TSB,76,232443.45,2
2024,MG,313490,True,Alta exposicao TSB,76,213626.16,2
2024,PR,410540,True,Exposicao intermediaria TSB,76,257897.61,2
2024,PR,412520,True,Alta exposicao TSB,76,855498.68,3
2024,PR,412580,True,Exposicao intermediaria TSB,76,113426.73,1
2024,RS,431645,True,Alta exposicao TSB,76,1002000.99,2
2024,SC,421050,True,Exposicao intermediaria TSB,76,271985.08,2
2024,SC,421570,True,Exposicao intermediaria TSB,76,216225.71,2
2024,SP,355470,True,Exposicao intermediaria TSB,76,254205.6,1
2024,MG,313780,True,Alta exposicao TSB,75,258120.32,3
2024,PR,410540,True,Alta exposicao TSB,75,253077.03,1
2024,RS,431720,True,Alta exposicao TSB,75,338411.35,4
2024,AL,270770,True,Alta exposicao TSB,74,928428.33,1
2024,BA,290180,True,Exposicao intermediaria TSB,74,207075.78,1
2024,CE,230870,True,Alta exposicao TSB,74,207128.78,1
2024,MG,314380,True,Alta exposicao TSB,74,254313.79,3
2024,MT,510030,True,Alta exposicao TSB,74,389605.15,3
2024,RJ,330350,True,Exposicao intermediaria TSB,74,158593.27000000002,4
2024,RS,431020,True,Exposicao intermediaria TSB,74,258300.91999999998,3
2024,SC,420390,True,Alta exposicao TSB,74,386688.58,2
2024,SP,352840,True,Exposicao intermediaria TSB,74,330107.23,3
2024,SP,354090,True,Exposicao intermediaria TSB,74,234246.41,1
2024,SP,355500,True,Alta exposicao TSB,74,498866.52,2
2024,BA,293330,True,Alta exposicao TSB,73,185823.36000000002,5
2024,GO,520725,True,Exposicao intermediaria TSB,73,28996.68,1
2024,MT,510675,True,Alta exposicao TSB,73,263801.88,3
2024,PI,220770,True,Exposicao intermediaria TSB,73,121585.04000000001,4
2024,PR,410560,True,Exposicao intermediaria TSB,73,101552.41,3
2024,PR,412820,True,Exposicao intermediaria TSB,73,179461.96,2
2024,RS,430570,True,Exposicao intermediaria TSB,73,165211.22000000003,2
2024,SC,421850,True,Exposicao intermediaria TSB,73,253569.19999999998,2
2024,SP,351600,True,Exposicao intermediaria TSB,73,357611.04,1
2024,CE,230590,True,Alta exposicao TSB,72,135703.05,1
2024,CE,230690,True,Alta exposicao TSB,72,256456.5,2
2024,GO,521570,True,Alta exposicao TSB,72,500454.03,2
2024,GO,521830,True,Alta exposicao TSB,72,194552.07,2
2024,MG,310560,True,Exposicao intermediaria TSB,72,169918.57,4
2024,MG,312500,True,Alta exposicao TSB,72,187701.61,3
2024,MT,510787,True,Exposicao intermediaria TSB,72,164780.72999999998,2
2024,PR,410425,True,Exposicao intermediaria TSB,72,451894.70999999996,4
2024,PR,411480,True,Exposicao intermediaria TSB,72,219102.14,2
2024,RN,240020,True,Alta exposicao TSB,72,540971.28,2
2024,RO,110012,True,Alta exposicao TSB,72,257857.24000000002,4
2024,RR,140010,True,Exposicao intermediaria TSB,72,123935.3,4
2024,BA,290390,True,Alta exposicao TSB,71,484154.92,2
2024,BA,293015,True,Alta exposicao TSB,71,136354.25,2
2024,MG,317080,True,Alta exposicao TSB,71,276028.03,1
2024,MT,510787,True,Alta exposicao TSB,71,373524.53,2
2024,RJ,330290,True,Alta exposicao TSB,71,340745.48,2
2024,RS,431400,True,Alta exposicao TSB,71,153882.89,2
2024,SP,352320,True,Alta exposicao TSB,71,260676.67,5
2024,SP,352450,True,Alta exposicao TSB,71,210031.78999999998,3
2024,AM,130406,True,Alta exposicao TSB,70,279573.86,3
2024,MG,311450,True,Alta exposicao TSB,70,264010.29,2
2024,PR,410490,True,Exposicao intermediaria TSB,70,604769.0599999999,2
2024,PR,410800,True,Exposicao intermediaria TSB,70,226704.81,1
2024,RJ,330120,True,Alta exposicao TSB,70,281527.35,2
2024,RJ,330380,True,Alta exposicao TSB,70,194204.08,1
2024,RS,430300,True,Alta exposicao TSB,70,279780.65,2
2024,SC,420990,True,Exposicao intermediaria TSB,70,273078.98,2
2024,GO,522119,True,Alta exposicao TSB,69,152820.19,2
2024,MA,210990,True,Alta exposicao TSB,69,416215.83,1
2024,MG,311060,True,Alta exposicao TSB,69,330074.48,3
2024,SC,421550,True,Alta exposicao TSB,69,359812.91000000003,3
2024,SP,353560,True,Exposicao intermediaria TSB,69,314907.97000000003,3
2024,MA,210120,True,Alta exposicao TSB,68,241192.2,1
2024,MG,310260,True,Alta exposicao TSB,68,217891.22,5
2024,MG,313190,True,Exposicao intermediaria TSB,68,303125.32999999996,3
2024,MG,317080,True,Exposicao intermediaria TSB,68,191881.03,3
2024,PE,260345,True,Alta exposicao TSB,68,136974.33,3
2024,PR,410550,True,Alta exposicao TSB,68,206353.83,4
2024,PR,412870,True,Exposicao intermediaria TSB,68,272851.02,2
2024,SC,421180,True,Exposicao intermediaria TSB,68,243527.75999999998,2
2024,SE,280210,True,Alta exposicao TSB,68,231029.57,2
2024,SP,351870,True,Alta exposicao TSB,68,999130.45,1
2024,SP,352260,True,Exposicao intermediaria TSB,68,285802.7,2
2024,SP,354075,True,Exposicao intermediaria TSB,68,311987.06,2
2024,ES,320490,True,Exposicao intermediaria TSB,67,152942.33,4
2024,GO,522220,True,Alta exposicao TSB,67,362883.41,1
2024,MG,310540,True,Exposicao intermediaria TSB,67,139666.08,2
2024,MG,314810,True,Exposicao intermediaria TSB,67,146081.2,2
2024,MG,315150,True,Alta exposicao TSB,67,273954.47,2
2024,MG,316553,True,Exposicao intermediaria TSB,67,220322.46,4
2024,SC,420580,True,Alta exposicao TSB,67,298289.97000000003,1
2024,SC,421875,True,Exposicao intermediaria TSB,67,157798.38,1
2024,SP,350960,True,Alta exposicao TSB,67,576094.96,2
2024,SP,352010,True,Exposicao intermediaria TSB,67,79449.21,3
2024,AL,270230,True,Alta exposicao TSB,66,141804.66,1
2024,CE,230445,True,Exposicao intermediaria TSB,66,119290.65,1
2024,PR,410670,True,Alta exposicao TSB,66,165907.64,1
2024,PR,410850,True,Alta exposicao TSB,66,141114.23,3
2024,PR,412010,True,Alta exposicao TSB,66,165324.56,4
2024,RS,431000,True,Alta exposicao TSB,66,317210.51,2
2024,SC,420675,True,Alta exposicao TSB,66,186223.83000000002,2
2024,SC,420840,True,Exposicao intermediaria TSB,66,188528.13,2
2024,SE,280060,True,Alta exposicao TSB,66,892457.66,2
2024,SP,352430,True,Exposicao intermediaria TSB,66,233140.79,4
2024,SP,352570,True,Alta exposicao TSB,66,164517.99,2
2024,SP,355440,True,Exposicao intermediaria TSB,66,183994.64,2
2024,PE,261370,True,Alta exposicao TSB,65,147073.09,4
2024,PR,411280,True,Exposicao intermediaria TSB,65,106280.44,3
2024,RS,430810,True,Exposicao intermediaria TSB,65,245838.37,3
2024,RS,430850,True,Exposicao intermediaria TSB,65,165918.88,2
2024,SC,421760,True,Exposicao intermediaria TSB,65,234162.12000000002,3
2024,MT,510410,True,Alta exposicao TSB,64,267513.57,2
2024,PE,260940,True,Alta exposicao TSB,64,126384.1,2
2024,SC,420245,True,Exposicao intermediaria TSB,64,267911.35,1
2024,MG,314070,True,Exposicao intermediaria TSB,63,210946.76,4
2024,MG,316930,True,Exposicao intermediaria TSB,63,169776.63,2
2024,MT,510510,True,Alta exposicao TSB,63,232839.37,1
2024,PR,411007,True,Exposicao intermediaria TSB,63,348009.12,2
2024,RS,430940,True,Alta exposicao TSB,63,229018.58000000002,4
2024,SC,420020,True,Alta exposicao TSB,63,318744.49,3
2024,SC,420210,True,Alta exposicao TSB,63,299723.59,2
2024,SE,280670,True,Exposicao intermediaria TSB,63,160658.0,1
2024,SP,351930,True,Exposicao intermediaria TSB,63,188405.19,4
2024,SP,353710,True,Exposicao intermediaria TSB,63,231014.32,4
2024,AM,130420,True,Alta exposicao TSB,62,212514.25,2
2024,GO,521250,True,Exposicao intermediaria TSB,62,141774.82,4
2024,MG,313720,True,Exposicao intermediaria TSB,62,99987.75,2
2024,MT,510025,True,Alta exposicao TSB,62,354781.37,2
2024,PR,411725,True,Exposicao intermediaria TSB,62,174009.88,3
2024,PR,412000,True,Exposicao intermediaria TSB,62,245074.93,2
2024,RS,430080,True,Alta exposicao TSB,62,646613.5,2
2024,RS,431261,True,Alta exposicao TSB,62,353120.8,3
2024,RS,431450,True,Exposicao intermediaria TSB,62,281725.5,2
2024,SC,420455,True,Exposicao intermediaria TSB,62,44524.45,1
2024,SP,351640,True,Alta exposicao TSB,62,792858.3,2
2024,SP,353150,True,Alta exposicao TSB,62,242722.05,4
2024,SP,355050,True,Alta exposicao TSB,62,230846.57,1
2024,AM,130185,True,Alta exposicao TSB,61,58573.10999999999,2
2024,MA,210675,True,Alta exposicao TSB,61,531555.0,1
2024,MG,316440,True,Exposicao intermediaria TSB,61,127435.44,1
2024,MT,510350,True,Alta exposicao TSB,61,234399.96,2
2024,RS,432040,True,Exposicao intermediaria TSB,61,231891.24,2
2024,SC,421700,True,Alta exposicao TSB,61,253413.28000000003,4
2024,SC,421750,True,Alta exposicao TSB,61,291925.25,3
2024,SC,422000,True,Alta exposicao TSB,61,226342.9,2
2024,SP,354940,True,Exposicao intermediaria TSB,61,94940.84999999999,2
2024,AC,120020,True,Alta exposicao TSB,60,187115.91,1
2024,CE,231130,True,Alta exposicao TSB,60,357028.73000000004,2
2024,GO,520780,True,Alta exposicao TSB,60,360445.15,1
2024,GO,521310,True,Exposicao intermediaria TSB,60,139173.32,2
2024,MG,313960,True,Alta exposicao TSB,60,215282.15,1
2024,PR,412610,True,Alta exposicao TSB,60,82882.79,1
2024,RO,110030,True,Exposicao intermediaria TSB,60,113760.04999999999,2
2024,RS,431162,True,Exposicao intermediaria TSB,60,210495.15,2
2024,RS,432190,True,Exposicao intermediaria TSB,60,163492.1,2
2024,SC,420400,True,Exposicao intermediaria TSB,60,86891.6,2
2024,SP,352470,True,Exposicao intermediaria TSB,60,227694.97000000003,4
2024,SP,352860,True,Exposicao intermediaria TSB,60,222213.51,1
2024,BA,292600,True,Alta exposicao TSB,59,169978.27,2
2024,BA,293360,True,Alta exposicao TSB,59,218505.97999999998,2
2024,MG,312950,True,Alta exposicao TSB,59,265288.42,2
2024,RN,240950,True,Alta exposicao TSB,59,368818.0,2
2024,RS,431010,True,Alta exposicao TSB,59,182881.32,3
2024,RS,431950,True,Exposicao intermediaria TSB,59,359844.63,4
2024,SC,421290,True,Exposicao intermediaria TSB,59,190715.35,3
2024,SP,355070,True,Alta exposicao TSB,59,522294.0,1
2024,AC,120040,True,Exposicao intermediaria TSB,58,113569.18000000001,2
2024,CE,230540,True,Alta exposicao TSB,58,266851.09,2
2024,GO,521450,True,Exposicao intermediaria TSB,58,166698.79,2
2024,MG,315720,True,Exposicao intermediaria TSB,58,227425.66999999998,2
2024,MG,316870,True,Exposicao intermediaria TSB,58,265021.49,4
2024,MS,500470,True,Exposicao intermediaria TSB,58,271499.44,2
2024,PE,260720,True,Alta exposicao TSB,58,817032.87,1
2024,SC,420395,True,Exposicao intermediaria TSB,58,196031.66,3
2024,SP,350730,True,Alta exposicao TSB,58,365060.34,4
2024,SP,351510,True,Alta exposicao TSB,58,198731.75,3
2024,SP,353700,True,Alta exposicao TSB,58,776629.98,2
2024,BA,291005,True,Alta exposicao TSB,57,767682.6,3
2024,BA,291480,True,Exposicao intermediaria TSB,57,84431.53,3
2024,ES,320080,True,Exposicao intermediaria TSB,57,136470.81,1
2024,ES,320240,True,Alta exposicao TSB,57,606685.79,2
2024,MA,210860,True,Alta exposicao TSB,57,338273.44,1
2024,MG,312830,True,Exposicao intermediaria TSB,57,134453.82,2
2024,MG,313900,True,Alta exposicao TSB,57,325324.06,1
2024,MG,317120,True,Alta exposicao TSB,57,128580.73999999999,6
2024,MT,510515,True,Alta exposicao TSB,57,285379.05,3
2024,PE,261450,True,Alta exposicao TSB,57,223510.25,2
2024,PR,410650,True,Exposicao intermediaria TSB,57,241389.05,2
2024,PR,411960,True,Exposicao intermediaria TSB,57,131207.72,3
2024,RS,430235,True,Exposicao intermediaria TSB,57,178471.16,3
2024,RS,432380,True,Alta exposicao TSB,57,320896.12,2
2024,SP,350840,True,Alta exposicao TSB,57,375789.0,3
2024,SP,351440,True,Exposicao intermediaria TSB,57,159704.59,2
2024,AM,130030,True,Alta exposicao TSB,56,220550.31,2
2024,AP,160023,True,Alta exposicao TSB,56,732363.5,1
2024,MA,210125,True,Exposicao intermediaria TSB,56,153047.2,1
2024,MA,210540,True,Alta exposicao TSB,56,356770.14,1
2024,MT,510330,True,Alta exposicao TSB,56,201096.22999999998,3
2024,PR,411770,True,Exposicao intermediaria TSB,56,103074.43,2
2024,RJ,330227,True,Alta exposicao TSB,56,147167.62,4
2024,RS,430355,True,Alta exposicao TSB,56,139912.11000000002,1
2024,RS,432145,True,Exposicao intermediaria TSB,56,147002.84,3
2024,SC,421930,True,Exposicao intermediaria TSB,56,196598.03,2
2024,SP,350790,True,Alta exposicao TSB,56,215656.78,1
2024,SP,352270,True,Exposicao intermediaria TSB,56,138666.43,2
2024,MG,313270,True,Alta exposicao TSB,55,191287.57,1
2024,MG,313820,True,Exposicao intermediaria TSB,55,126872.26999999999,3
2024,PR,411850,True,Alta exposicao TSB,55,154278.09000000003,3
2024,RS,430090,True,Alta exposicao TSB,55,635856.22,2
2024,RS,431800,True,Alta exposicao TSB,55,250230.89,2
2024,SP,351050,True,Exposicao intermediaria TSB,55,358566.9,2
2024,SP,353530,True,Alta exposicao TSB,55,365128.59,3
2024,AL,270030,True,Exposicao intermediaria TSB,54,89681.43,5
2024,CE,230630,True,Alta exposicao TSB,54,77062.57,2
2024,ES,320455,True,Exposicao intermediaria TSB,54,99748.39,2
2024,MA,210405,True,Alta exposicao TSB,54,408485.25,2
2024,MG,313360,True,Exposicao intermediaria TSB,54,219639.81,2
2024,RJ,330370,True,Alta exposicao TSB,54,164947.52,2
2024,RS,430910,True,Alta exposicao TSB,54,276727.46,1
2024,RS,431550,True,Exposicao intermediaria TSB,54,125668.67,1
2024,RS,432163,True,Exposicao intermediaria TSB,54,159629.15,2
2024,SC,421835,True,Exposicao intermediaria TSB,54,90174.66,1
2024,SE,280290,True,Alta exposicao TSB,54,405654.07,2
2024,SE,280350,True,Alta exposicao TSB,54,430979.98000000004,2
2024,SE,280450,True,Alta exposicao TSB,54,387727.5,1
2024,SP,351030,True,Alta exposicao TSB,54,143435.12,2
2024,SP,351280,True,Alta exposicao TSB,54,112339.52,1
2024,CE,230870,True,Exposicao intermediaria TSB,53,93193.54,2
2024,CE,231140,True,Alta exposicao TSB,53,225553.34,3
2024,MA,211230,True,Alta exposicao TSB,53,111250.79,1
2024,MG,310540,True,Alta exposicao TSB,53,215624.52,1
2024,PB,250320,True,Alta exposicao TSB,53,95633.92,4
2024,PR,411350,True,Alta exposicao TSB,53,125073.05,3
2024,PR,411940,True,Exposicao intermediaria TSB,53,202474.99000000002,2
2024,RS,430463,True,Alta exposicao TSB,53,208092.5,1
2024,SP,353550,True,Alta exposicao TSB,53,322421.6,2
2024,SP,354640,True,Alta exposicao TSB,53,284038.87,3
2024,CE,230075,True,Alta exposicao TSB,52,111454.95999999999,2
2024,MG,310490,True,Exposicao intermediaria TSB,52,98084.77,1
2024,MG,312830,True,Alta exposicao TSB,52,222992.01,3
2024,PB,251080,True,Exposicao intermediaria TSB,52,80958.78,2
2024,PR,411730,True,Exposicao intermediaria TSB,52,415367.76999999996,3
2024,PR,412770,True,Alta exposicao TSB,52,169569.88,6
2024,RN,240940,True,Alta exposicao TSB,52,404141.88,1
2024,RS,431760,True,Alta exposicao TSB,52,177235.64,4
2024,SP,350710,True,Exposicao intermediaria TSB,52,119206.37,3
2024,SP,353880,True,Alta exposicao TSB,52,451987.41,2
2024,SP,354800,True,Alta exposicao TSB,52,131799.62,2
2024,BA,291750,True,Exposicao intermediaria TSB,51,85321.45,2
2024,GO,521308,True,Alta exposicao TSB,51,790281.35,1
2024,MG,311940,True,Alta exposicao TSB,51,125047.47,2
2024,MG,317130,True,Exposicao intermediaria TSB,51,89382.94,1
2024,MS,500800,True,Exposicao intermediaria TSB,51,192364.73,1
2024,MT,510250,True,Alta exposicao TSB,51,284540.29,1
2024,MT,510300,True,Alta exposicao TSB,51,379540.22,2
2024,MT,510320,True,Alta exposicao TSB,51,408296.95,2
2024,RS,430470,True,Exposicao intermediaria TSB,51,171164.83000000002,2
2024,SC,420665,True,Exposicao intermediaria TSB,51,200927.99,1
2024,SP,351740,True,Exposicao intermediaria TSB,51,50583.1,2
2024,BA,291400,True,Exposicao intermediaria TSB,50,127878.75,1
2024,GO,521190,True,Exposicao intermediaria TSB,50,132214.4,2
2024,MG,311400,True,Exposicao intermediaria TSB,50,367063.29,1
2024,MG,316900,True,Alta exposicao TSB,50,110481.68,3
2024,PE,260400,True,Exposicao intermediaria TSB,50,82642.17,3
2024,PR,411885,True,Alta exposicao TSB,50,0.0,1
2024,RS,430440,True,Exposicao intermediaria TSB,50,221749.36,4
2024,SC,420757,True,Alta exposicao TSB,50,365413.98000000004,3
2024,SE,280570,True,Alta exposicao TSB,50,356482.78,1
2024,SP,350190,True,Exposicao intermediaria TSB,50,133349.68,3
2024,SP,350400,True,Exposicao intermediaria TSB,50,169320.82,3
2024,SP,350650,True,Exposicao intermediaria TSB,50,131483.28,4
2024,SP,352700,True,Exposicao intermediaria TSB,50,178518.45,1
2024,AP,160030,True,Exposicao intermediaria TSB,49,45654.57,5
2024,BA,291070,True,Alta exposicao TSB,49,57989.32,3
2024,BA,291770,True,Alta exposicao TSB,49,142423.66,1
2024,ES,320340,True,Alta exposicao TSB,49,172819.91,1
2024,PB,251250,True,Exposicao intermediaria TSB,49,83320.98,2
2024,PB,251370,True,Exposicao intermediaria TSB,49,106741.37,2
2024,PI,221130,True,Exposicao intermediaria TSB,49,76850.56,2
2024,RO,110028,True,Alta exposicao TSB,49,135825.61,2
2024,RS,431440,True,Alta exposicao TSB,49,299155.85,3
2024,RS,432090,True,Alta exposicao TSB,49,133963.41,3
2024,SC,420630,True,Alta exposicao TSB,49,151645.98,3
2024,AM,130353,True,Alta exposicao TSB,48,502417.18,2
2024,BA,290320,True,Exposicao intermediaria TSB,48,123824.43,1
2024,BA,290520,True,Exposicao intermediaria TSB,48,90554.22,2
2024,BA,291980,True,Alta exposicao TSB,48,260848.88,1
2024,CE,231400,True,Alta exposicao TSB,48,84611.34,2
2024,MG,311390,True,Exposicao intermediaria TSB,48,77856.64,1
2024,MG,313900,True,Exposicao intermediaria TSB,48,93187.5,4
2024,PR,410410,True,Alta exposicao TSB,48,146100.01,1
2024,PR,411125,True,Exposicao intermediaria TSB,48,144606.22,3
2024,RJ,330225,True,Alta exposicao TSB,48,523267.78,2
2024,RS,430350,True,Alta exposicao TSB,48,251355.8,2
2024,RS,432150,True,Alta exposicao TSB,48,182922.5,1
2024,RS,432380,True,Exposicao intermediaria TSB,48,185711.78,2
2024,SP,350580,True,Exposicao intermediaria TSB,48,132330.63,1
2024,SP,351370,True,Exposicao intermediaria TSB,48,214848.63,3
2024,SP,351430,True,Exposicao intermediaria TSB,48,239333.26,1
2024,SP,352210,True,Alta exposicao TSB,48,460264.55,1
2024,SP,355190,True,Alta exposicao TSB,48,134397.16,2
2024,MT,510706,True,Exposicao intermediaria TSB,47,133854.62,2
2024,RN,240070,True,Alta exposicao TSB,47,898357.88,2
2024,RS,431960,True,Alta exposicao TSB,47,180754.53000000003,2
2024,RS,432160,True,Exposicao intermediaria TSB,47,136504.98,1
2024,SC,420245,True,Alta exposicao TSB,47,127635.84,1
2024,SP,350560,True,Alta exposicao TSB,47,262909.57,2
2024,SP,352450,True,Exposicao intermediaria TSB,47,162174.09,1
2024,BA,291720,True,Exposicao intermediaria TSB,46,99527.56,3
2024,PR,410960,True,Exposicao intermediaria TSB,46,194338.41,1
2024,PR,412750,True,Alta exposicao TSB,46,139479.22,2
2024,RJ,330285,True,Exposicao intermediaria TSB,46,99649.08,4
2024,RS,431640,True,Alta exposicao TSB,46,221499.75,2
2024,SC,420280,True,Exposicao intermediaria TSB,46,108021.20999999999,3
2024,SC,421770,True,Alta exposicao TSB,46,133706.72,2
2024,SP,355150,True,Alta exposicao TSB,46,142848.84,2
2024,MA,210910,True,Exposicao intermediaria TSB,45,95474.96,3
2024,MA,210945,True,Alta exposicao TSB,45,93315.94,2
2024,MG,314730,True,Exposicao intermediaria TSB,45,118905.13,1
2024,PA,150812,True,Exposicao intermediaria TSB,45,108014.66,3
2024,PI,220430,True,Exposicao intermediaria TSB,45,62589.02,1
2024,PR,410170,True,Exposicao intermediaria TSB,45,118426.72,3
2024,RN,240310,True,Alta exposicao TSB,45,246222.1,4
2024,RS,430466,True,Alta exposicao TSB,45,142674.40000000002,2
2024,RS,430480,True,Alta exposicao TSB,45,155574.37,4
2024,RS,432260,True,Alta exposicao TSB,45,298644.77,2
2024,RS,432280,True,Exposicao intermediaria TSB,45,160663.18,3
2024,AM,130060,True,Alta exposicao TSB,44,136097.52,3
2024,ES,320140,True,Alta exposicao TSB,44,442222.17,2
2024,MG,311420,True,Alta exposicao TSB,44,271395.84,5
2024,MG,315670,True,Exposicao intermediaria TSB,44,107407.67,4
2024,MS,500330,True,Alta exposicao TSB,44,124756.68999999999,2
2024,RO,110011,True,Alta exposicao TSB,44,120786.32,1
2024,RS,431990,True,Exposicao intermediaria TSB,44,125175.63,3
2024,SC,421280,True,Alta exposicao TSB,44,398776.76,2
2024,SC,421300,True,Exposicao intermediaria TSB,44,151997.59,1
2024,SP,353810,True,Exposicao intermediaria TSB,44,154987.44999999998,2
2024,SP,353940,True,Alta exposicao TSB,44,133616.86000000002,3
2024,SP,355395,True,Alta exposicao TSB,44,225748.75999999998,2
2024,CE,230470,True,Alta exposicao TSB,43,81929.8,2
2024,GO,520880,True,Exposicao intermediaria TSB,43,93120.84999999999,4
2024,MG,312710,True,Exposicao intermediaria TSB,43,82265.84,4
2024,MG,312970,True,Alta exposicao TSB,43,509486.32,1
2024,PR,411300,True,Exposicao intermediaria TSB,43,110882.43000000001,2
2024,RJ,330030,True,Exposicao intermediaria TSB,43,60260.43,3
2024,RN,240580,True,Alta exposicao TSB,43,329656.33999999997,2
2024,RO,110028,True,Exposicao intermediaria TSB,43,82076.03,2
2024,RS,430610,True,Alta exposicao TSB,43,221434.15,2
2024,SC,420370,True,Alta exposicao TSB,43,114634.88,3
2024,SC,420710,True,Alta exposicao TSB,43,148806.84999999998,2
2024,SP,350635,True,Alta exposicao TSB,43,455144.32999999996,2
2024,SP,350660,True,Alta exposicao TSB,43,527920.39,2
2024,SP,351080,True,Alta exposicao TSB,43,133584.05,2
2024,SP,352140,True,Alta exposicao TSB,43,184139.58,4
2024,SP,355100,True,Alta exposicao TSB,43,314931.83,1
2024,TO,170210,True,Exposicao intermediaria TSB,43,89893.93000000001,4
2024,AL,270940,True,Alta exposicao TSB,42,108087.17,1
2024,AM,130310,True,Alta exposicao TSB,42,162559.81,2
2024,BA,292100,True,Alta exposicao TSB,42,645581.91,1
2024,MG,314480,True,Alta exposicao TSB,42,390426.89999999997,4
2024,MG,314710,True,Exposicao intermediaria TSB,42,123473.37,3
2024,PR,411070,True,Alta exposicao TSB,42,175837.38,2
2024,PR,411790,True,Exposicao intermediaria TSB,42,105098.47,2
2024,RN,240420,True,Alta exposicao TSB,42,148750.03,2
2024,RN,240570,True,Alta exposicao TSB,42,110913.11,3
2024,RS,431130,True,Alta exposicao TSB,42,143270.27000000002,3
2024,SC,420620,True,Alta exposicao TSB,42,129707.59999999999,2
2024,SC,421060,True,Exposicao intermediaria TSB,42,182070.71,3
2024,SC,421250,True,Alta exposicao TSB,42,107137.81,1
2024,SP,352000,True,Alta exposicao TSB,42,200809.87,2
2024,SP,352480,True,Alta exposicao TSB,42,370590.98000000004,2
2024,SP,353220,True,Exposicao intermediaria TSB,42,138253.69,2
2024,AM,130020,True,Alta exposicao TSB,41,137241.22,3
2024,BA,290320,True,Alta exposicao TSB,41,235849.90000000002,4
2024,CE,230260,True,Alta exposicao TSB,41,135937.77,1
2024,CE,230830,True,Alta exposicao TSB,41,660590.61,1
2024,MG,313780,True,Exposicao intermediaria TSB,41,121877.13,2
2024,MT,510515,True,Exposicao intermediaria TSB,41,161414.66999999998,2
2024,PE,260420,True,Alta exposicao TSB,41,35743.49,1
2024,PI,220390,True,Exposicao intermediaria TSB,41,78519.76000000001,2
2024,RS,431033,True,Alta exposicao TSB,41,191303.44,2
2024,RS,432170,True,Alta exposicao TSB,41,33288.15,2
2024,SC,420650,True,Alta exposicao TSB,41,166093.86,3
2024,SC,420845,True,Alta exposicao TSB,41,130958.54,1
2024,SC,421950,True,Alta exposicao TSB,41,217836.15,4
2024,SE,280670,True,Alta exposicao TSB,41,128534.13999999998,2
2024,SP,350560,True,Exposicao intermediaria TSB,41,109671.17,3
2024,SP,352140,True,Exposicao intermediaria TSB,41,92841.91,2
2024,SP,353220,True,Alta exposicao TSB,41,203320.08,2
2024,SP,353780,True,Alta exposicao TSB,41,265302.95,2
2024,SP,353780,True,Exposicao intermediaria TSB,41,113696.19,3
2024,SP,354000,True,Alta exposicao TSB,41,238983.34,1
2024,CE,230523,True,Exposicao intermediaria TSB,40,96339.54000000001,4
2024,ES,320220,True,Exposicao intermediaria TSB,40,68689.42,2
2024,ES,320305,True,Alta exposicao TSB,40,122882.95,1
2024,MG,311060,True,Exposicao intermediaria TSB,40,136662.24000000002,4
2024,MT,510270,True,Alta exposicao TSB,40,268918.08999999997,2
2024,MT,510590,True,Alta exposicao TSB,40,169463.3,1
2024,PA,150310,True,Alta exposicao TSB,40,134513.71,1
2024,PI,220450,True,Alta exposicao TSB,40,534388.15,2
2024,RS,430160,True,Exposicao intermediaria TSB,40,80489.7,2
2024,RS,431240,True,Alta exposicao TSB,40,202795.29,2
2024,RS,431380,True,Exposicao intermediaria TSB,40,88263.42,2
2024,RS,432150,True,Exposicao intermediaria TSB,40,100017.89,2
2024,SE,280120,True,Alta exposicao TSB,40,493635.5,2
2024,SP,350070,True,Exposicao intermediaria TSB,40,136532.99,2
2024,SP,351518,True,Alta exposicao TSB,40,249465.06,2
2024,SP,352680,True,Exposicao intermediaria TSB,40,158337.01,3
2024,SP,353730,True,Exposicao intermediaria TSB,40,80631.39,2
2024,SP,354710,True,Exposicao intermediaria TSB,40,147645.46000000002,2
2024,SP,355540,True,Alta exposicao TSB,40,410275.4,1
2024,AM,130190,True,Alta exposicao TSB,39,196969.9,1
2024,BA,290840,True,Alta exposicao TSB,39,48184.53,2
2024,GO,520860,True,Exposicao intermediaria TSB,39,98322.2,3
2024,MG,312510,True,Exposicao intermediaria TSB,39,134894.31,3
2024,MG,314810,True,Alta exposicao TSB,39,116529.52,1
2024,MG,316750,True,Alta exposicao TSB,39,111273.73,1
2024,PI,220800,True,Alta exposicao TSB,39,364572.69999999995,2
2024,PR,411000,True,Alta exposicao TSB,39,93511.41,2
2024,PR,412080,True,Exposicao intermediaria TSB,39,288812.69,4
2024,RJ,330070,True,Exposicao intermediaria TSB,39,57366.200000000004,2
2024,RJ,330440,True,Alta exposicao TSB,39,121634.25,2
2024,RS,430050,True,Alta exposicao TSB,39,304916.11,2
2024,RS,432300,True,Exposicao intermediaria TSB,39,98007.58,2
2024,SC,420425,True,Alta exposicao TSB,39,184326.81,2
2024,SC,420810,True,Exposicao intermediaria TSB,39,92458.1,2
2024,SC,421130,True,Exposicao intermediaria TSB,39,113883.31999999999,4
2024,SP,350850,True,Alta exposicao TSB,39,242706.08,1
2024,SP,351170,True,Alta exposicao TSB,39,224899.69,2
2024,SP,354110,True,Alta exposicao TSB,39,27907.370000000003,2
2024,SP,354210,True,Alta exposicao TSB,39,201140.15000000002,2
2024,SP,355160,True,Exposicao intermediaria TSB,39,84575.74,1
2024,BA,290980,True,Alta exposicao TSB,38,76616.25,2
2024,BA,291710,True,Alta exposicao TSB,38,154751.58,1
2024,BA,292810,True,Alta exposicao TSB,38,266817.26,1
2024,CE,230640,True,Alta exposicao TSB,38,347578.73,1
2024,GO,521040,True,Exposicao intermediaria TSB,38,71728.67,2
2024,MG,315280,True,Exposicao intermediaria TSB,38,100930.26999999999,2
2024,PI,220800,True,Exposicao intermediaria TSB,38,57791.850000000006,3
2024,PR,412810,True,Alta exposicao TSB,38,113244.43,3
2024,RS,430676,True,Alta exposicao TSB,38,138223.53,4
2024,RS,431740,True,Alta exposicao TSB,38,221480.72,2
2024,RS,432250,True,Exposicao intermediaria TSB,38,82224.69,1
2024,SC,421620,True,Exposicao intermediaria TSB,38,122100.61,3
2024,SP,352585,True,Exposicao intermediaria TSB,38,121262.41,1
2024,SP,353475,True,Alta exposicao TSB,38,521221.71,2
2024,SP,353560,True,Alta exposicao TSB,38,280976.51,2
2024,SP,355060,True,Alta exposicao TSB,38,381521.17,2
2024,TO,171320,True,Alta exposicao TSB,38,508384.42,1
2024,BA,290720,True,Alta exposicao TSB,37,246161.1,2
2024,BA,291460,True,Alta exposicao TSB,37,164174.8,3
2024,CE,231150,True,Alta exposicao TSB,37,68692.38,1
2024,ES,320300,True,Alta exposicao TSB,37,130638.01000000001,3
2024,GO,520995,True,Exposicao intermediaria TSB,37,109736.8,2
2024,MG,311130,True,Alta exposicao TSB,37,95699.04,1
2024,MG,311400,True,Alta exposicao TSB,37,166397.81,1
2024,MG,311830,True,Exposicao intermediaria TSB,37,90130.75,2
2024,MG,313240,True,Exposicao intermediaria TSB,37,80638.69,3
2024,MG,313750,True,Alta exposicao TSB,37,163732.69,1
2024,MG,314720,True,Alta exposicao TSB,37,91146.49,1
2024,MG,315360,True,Alta exposicao TSB,37,79070.61,1
2024,MG,316860,True,Exposicao intermediaria TSB,37,68744.92,2
2024,MS,500240,True,Alta exposicao TSB,37,200401.62000000002,2
2024,MT,510325,True,Alta exposicao TSB,37,90311.54,1
2024,PA,150550,True,Exposicao intermediaria TSB,37,60143.18,2
2024,PR,412670,True,Alta exposicao TSB,37,157611.09999999998,2
2024,RJ,330470,True,Exposicao intermediaria TSB,37,67589.97,1
2024,RS,430466,True,Exposicao intermediaria TSB,37,133248.41,2
2024,RS,430890,True,Exposicao intermediaria TSB,37,93157.29,2
2024,RS,431290,True,Alta exposicao TSB,37,266517.76,4
2024,RS,431900,True,Alta exposicao TSB,37,163901.41,2
2024,RS,431940,True,Exposicao intermediaria TSB,37,84194.95,2
2024,SC,420670,True,Exposicao intermediaria TSB,37,128020.56,2
2024,SP,351670,True,Exposicao intermediaria TSB,37,99329.01,1
2024,SP,353930,True,Exposicao intermediaria TSB,37,91109.08,2
2024,SP,354670,True,Alta exposicao TSB,37,144907.78,2
2024,TO,171660,True,Alta exposicao TSB,37,356516.32,1
2024,,999999,True,Alta exposicao TSB,37,58561.06,3
2024,AM,130170,True,Alta exposicao TSB,36,186839.19,1
2024,BA,293220,True,Alta exposicao TSB,36,620973.16,1
2024,CE,231340,True,Alta exposicao TSB,36,335775.83999999997,2
2024,GO,522140,True,Exposicao intermediaria TSB,36,69705.22,2
2024,MG,313010,True,Exposicao intermediaria TSB,36,79932.23,1
2024,MG,314890,True,Alta exposicao TSB,36,51126.74,1
2024,MS,500210,True,Alta exposicao TSB,36,205595.32,1
2024,PA,150620,True,Alta exposicao TSB,36,293190.67,1
2024,PE,260110,True,Exposicao intermediaria TSB,36,103814.23,3
2024,PE,260590,True,Alta exposicao TSB,36,93422.63,2
2024,PR,410630,True,Exposicao intermediaria TSB,36,107463.38,1
2024,PR,412627,True,Alta exposicao TSB,36,500031.46,1
2024,RO,110010,True,Exposicao intermediaria TSB,36,46682.79,1
2024,SC,420570,True,Exposicao intermediaria TSB,36,99064.77,1
2024,SC,420990,True,Alta exposicao TSB,36,149796.19,2
2024,SC,421650,True,Alta exposicao TSB,36,241411.47,2
2024,SP,351140,True,Alta exposicao TSB,36,201433.29,2
2024,SP,351905,True,Alta exposicao TSB,36,115592.09999999999,3
2024,SP,355690,True,Alta exposicao TSB,36,192707.1,1
2024,AL,270130,True,Alta exposicao TSB,35,68218.01,1
2024,BA,290270,True,Alta exposicao TSB,35,96659.61,1
2024,BA,291210,True,Alta exposicao TSB,35,89103.35,1
2024,BA,292550,True,Exposicao intermediaria TSB,35,49087.32,2
2024,MG,313940,True,Exposicao intermediaria TSB,35,61983.16,2
2024,MG,314240,True,Alta exposicao TSB,35,99380.91,2
2024,MG,314460,True,Alta exposicao TSB,35,80138.25,2
2024,MG,315160,True,Alta exposicao TSB,35,366127.1,1
2024,MG,315700,True,Exposicao intermediaria TSB,35,50288.2,2
2024,MS,500620,True,Exposicao intermediaria TSB,35,101209.45,2
2024,PA,150375,True,Alta exposicao TSB,35,366797.24,1
2024,PE,260040,True,Alta exposicao TSB,35,111688.16,1
2024,PR,411410,True,Exposicao intermediaria TSB,35,131709.43,3
2024,PR,412140,True,Exposicao intermediaria TSB,35,125608.26000000001,2
2024,RO,110145,True,Alta exposicao TSB,35,121791.76,1
2024,RS,430850,True,Alta exposicao TSB,35,122507.3,4
2024,RS,431330,True,Alta exposicao TSB,35,136744.64,3
2024,RS,431849,True,Alta exposicao TSB,35,70857.45,1
2024,RS,432090,True,Exposicao intermediaria TSB,35,88599.14,4
2024,SC,421700,True,Exposicao intermediaria TSB,35,133696.04,2
2024,SP,352090,True,Alta exposicao TSB,35,190037.47,1
2024,SP,354240,True,Exposicao intermediaria TSB,35,140863.38,2
2024,SP,354800,True,Exposicao intermediaria TSB,35,252358.93,2
2024,GO,522185,True,Exposicao intermediaria TSB,34,57174.93,3
2024,MG,311580,True,Exposicao intermediaria TSB,34,71788.09,1
2024,PA,150215,True,Alta exposicao TSB,34,271868.58,1
2024,PR,412402,True,Exposicao intermediaria TSB,34,146442.13,2
2024,RJ,330575,True,Exposicao intermediaria TSB,34,63635.49,3
2024,RN,240650,True,Alta exposicao TSB,34,191257.11000000002,2
2024,RS,430870,True,Alta exposicao TSB,34,99955.53,2
2024,RS,432010,True,Alta exposicao TSB,34,132384.1,2
2024,SC,420207,True,Alta exposicao TSB,34,110853.13,1
2024,SP,350780,True,Alta exposicao TSB,34,159326.08000000002,1
2024,SP,351020,True,Exposicao intermediaria TSB,34,129363.06,3
2024,SP,351100,True,Alta exposicao TSB,34,152275.97,1
2024,SP,353460,True,Exposicao intermediaria TSB,34,98768.51000000001,3
2024,SP,354750,True,Alta exposicao TSB,34,111230.69,2
2024,SP,355190,True,Exposicao intermediaria TSB,34,93643.35,1
2024,BA,290930,True,Alta exposicao TSB,33,179481.57,1
2024,CE,230580,True,Alta exposicao TSB,33,44306.56,1
2024,ES,320250,True,Alta exposicao TSB,33,175623.72999999998,2
2024,MG,310800,True,Alta exposicao TSB,33,77859.48,1
2024,MS,500060,True,Exposicao intermediaria TSB,33,56672.68,1
2024,PR,410100,True,Alta exposicao TSB,33,83672.58,2
2024,PR,410765,True,Alta exposicao TSB,33,94966.47,3
2024,RJ,330130,True,Exposicao intermediaria TSB,33,64815.89,2
2024,RJ,330310,True,Alta exposicao TSB,33,83457.01,1
2024,RJ,330320,True,Alta exposicao TSB,33,84792.3,2
2024,RS,430450,True,Exposicao intermediaria TSB,33,64152.97,1
2024,RS,430470,True,Alta exposicao TSB,33,144104.58,1
2024,SC,421725,True,Exposicao intermediaria TSB,33,111024.52,1
2024,SP,352110,True,Exposicao intermediaria TSB,33,111906.95000000001,2
2024,SP,353130,True,Alta exposicao TSB,33,285504.57999999996,2
2024,SP,353760,True,Alta exposicao TSB,33,310298.34,2
2024,SP,353860,True,Alta exposicao TSB,33,157270.01,2
2024,SP,353890,True,Exposicao intermediaria TSB,33,82393.33,2
2024,SP,354190,True,Alta exposicao TSB,33,197544.19,2
2024,GO,520025,True,Exposicao intermediaria TSB,32,58781.58,2
2024,GO,520425,True,Alta exposicao TSB,32,490001.58,1
2024,MG,315190,True,Alta exposicao TSB,32,115780.73999999999,2
2024,MG,315400,True,Alta exposicao TSB,32,175206.93,1
2024,MG,315990,True,Alta exposicao TSB,32,84110.41,1
2024,MS,500295,True,Alta exposicao TSB,32,186540.21,1
2024,MT,510125,True,Exposicao intermediaria TSB,32,127323.31,1
2024,MT,510800,True,Alta exposicao TSB,32,167175.8,1
2024,PB,250430,True,Alta exposicao TSB,32,206655.27000000002,3
2024,PB,250600,True,Exposicao intermediaria TSB,32,47627.39,2
2024,PE,260100,True,Alta exposicao TSB,32,580531.41,1
2024,PI,220120,True,Exposicao intermediaria TSB,32,53909.59,2
2024,RJ,330205,True,Exposicao intermediaria TSB,32,52831.36,1
2024,RJ,330515,True,Alta exposicao TSB,32,89241.61,2
2024,RN,241440,True,Alta exposicao TSB,32,124094.94,1
2024,RS,432100,True,Exposicao intermediaria TSB,32,84934.24,2
2024,RS,432120,True,Exposicao intermediaria TSB,32,124309.47,4
2024,SC,421000,True,Exposicao intermediaria TSB,32,105856.43,3
2024,SC,421370,True,Exposicao intermediaria TSB,32,106843.86,3
2024,SC,421440,True,Alta exposicao TSB,32,177412.52,3
2024,SC,421570,True,Alta exposicao TSB,32,246687.31,1
2024,SP,353250,True,Alta exposicao TSB,32,94700.18,2
2024,SP,354270,True,Exposicao intermediaria TSB,32,122932.96999999999,3
2024,SP,355255,True,Alta exposicao TSB,32,156543.06,1
2024,BA,292870,True,Alta exposicao TSB,31,80117.87000000001,5
2024,ES,320506,True,Exposicao intermediaria TSB,31,73597.51,1
2024,MA,210360,True,Alta exposicao TSB,31,180191.96,1
2024,MG,311410,True,Alta exposicao TSB,31,77761.56999999999,2
2024,MG,312870,True,Exposicao intermediaria TSB,31,80854.59,2
2024,MG,314510,True,Exposicao intermediaria TSB,31,73406.17,1
2024,MG,315270,True,Exposicao intermediaria TSB,31,51600.41,1
2024,MT,510460,True,Alta exposicao TSB,31,338397.22,1
2024,MT,510629,True,Alta exposicao TSB,31,543513.8,1
2024,PR,410960,True,Alta exposicao TSB,31,91076.8,1
2024,RS,430467,True,Exposicao intermediaria TSB,31,72237.68000000001,2
2024,RS,430660,True,Alta exposicao TSB,31,175051.34,1
2024,RS,430860,True,Alta exposicao TSB,31,81585.16,4
2024,SC,421050,True,Alta exposicao TSB,31,181431.40000000002,2
2024,SP,355470,True,Alta exposicao TSB,31,122457.8,2
2024,SP,355710,True,Exposicao intermediaria TSB,31,96270.69,3
2024,AM,130100,True,Alta exposicao TSB,30,76624.09,2
2024,BA,292920,True,Exposicao intermediaria TSB,30,88589.69,1
2024,BA,293135,True,Alta exposicao TSB,30,112936.14,6
2024,ES,320335,True,Alta exposicao TSB,30,65207.13,2
2024,GO,520690,True,Alta exposicao TSB,30,218760.55,1
2024,GO,522060,True,Exposicao intermediaria TSB,30,66987.70999999999,2
2024,MA,210280,True,Alta exposicao TSB,30,101321.4,1
2024,MG,310730,True,Exposicao intermediaria TSB,30,64177.51,3
2024,MG,311230,True,Exposicao intermediaria TSB,30,46199.149999999994,2
2024,MG,311430,True,Exposicao intermediaria TSB,30,88059.71,1
2024,MG,312670,True,Alta exposicao TSB,30,98490.42,1
2024,MG,312810,True,Alta exposicao TSB,30,120459.35,1
2024,MT,510025,True,Exposicao intermediaria TSB,30,94466.29999999999,2
2024,PE,261100,True,Alta exposicao TSB,30,491697.33,1
2024,PR,410425,True,Alta exposicao TSB,30,84252.63,2
2024,RJ,330385,True,Alta exposicao TSB,30,79327.92,1
2024,RN,240750,True,Alta exposicao TSB,30,67097.08,1
2024,RN,241220,True,Exposicao intermediaria TSB,30,83064.71,2
2024,RS,430010,True,Alta exposicao TSB,30,226284.19,1
2024,RS,430100,True,Alta exposicao TSB,30,134808.5,3
2024,RS,430463,True,Exposicao intermediaria TSB,30,69216.16,1
2024,RS,430680,True,Alta exposicao TSB,30,127078.03,2
2024,RS,431790,True,Exposicao intermediaria TSB,30,81312.42,3
2024,RS,432250,True,Alta exposicao TSB,30,182468.03,2
2024,SP,354680,True,Alta exposicao TSB,30,136145.4,1
2024,BA,292200,True,Exposicao intermediaria TSB,29,140141.39,2
2024,BA,292905,True,Alta exposicao TSB,29,91273.74,1
2024,GO,520450,True,Exposicao intermediaria TSB,29,63346.53999999999,3
2024,GO,521805,True,Alta exposicao TSB,29,78009.97,1
2024,MA,211120,True,Exposicao intermediaria TSB,29,55810.86,1
2024,MG,312125,True,Exposicao intermediaria TSB,29,151023.82,1
2024,MG,314790,True,Exposicao intermediaria TSB,29,54940.52,2
2024,MG,314800,True,Alta exposicao TSB,29,98927.68,4
2024,MG,316295,True,Exposicao intermediaria TSB,29,60528.88,3
2024,MT,510020,True,Exposicao intermediaria TSB,29,70765.63,2
2024,MT,510180,True,Exposicao intermediaria TSB,29,64176.45,4
2024,MT,510300,True,Exposicao intermediaria TSB,29,96322.59,2
2024,MT,510780,True,Alta exposicao TSB,29,161130.99,1
2024,PA,150010,True,Alta exposicao TSB,29,175806.76,1
2024,PE,260890,True,Alta exposicao TSB,29,59658.32,1
2024,PR,410370,True,Alta exposicao TSB,29,74871.58,4
2024,PR,411210,True,Alta exposicao TSB,29,75579.49,2
2024,PR,411540,True,Exposicao intermediaria TSB,29,111428.16,2
2024,PR,412350,True,Exposicao intermediaria TSB,29,80806.74,1
2024,RJ,330093,True,Alta exposicao TSB,29,75266.9,1
2024,RS,431060,True,Alta exposicao TSB,29,95837.05,1
2024,RS,431446,True,Alta exposicao TSB,29,257013.74,1
2024,RS,431650,True,Alta exposicao TSB,29,111461.44,2
2024,SC,420010,True,Alta exposicao TSB,29,124817.66,4
2024,SC,420690,True,Alta exposicao TSB,29,176845.87,4
2024,SC,420850,True,Exposicao intermediaria TSB,29,98093.65,2
2024,SE,280290,True,Exposicao intermediaria TSB,29,52829.44,2
2024,SP,351310,True,Alta exposicao TSB,29,70113.20999999999,2
2024,SP,352990,True,Alta exposicao TSB,29,200337.38,2
2024,SP,353600,True,Exposicao intermediaria TSB,29,142735.21000000002,2
2024,SP,355010,True,Alta exposicao TSB,29,344557.86,1
2024,AM,130130,True,Alta exposicao TSB,28,188116.30000000002,2
2024,AM,130140,True,Alta exposicao TSB,28,74060.64,2
2024,BA,290990,True,Alta exposicao TSB,28,148287.14,1
2024,BA,291460,True,Exposicao intermediaria TSB,28,47313.66,3
2024,BA,291955,True,Alta exposicao TSB,28,113275.86,4
2024,ES,320040,True,Alta exposicao TSB,28,528439.62,2
2024,MA,210900,True,Alta exposicao TSB,28,151794.44,2
2024,MG,311000,True,Exposicao intermediaria TSB,28,62368.08,1
2024,MG,314590,True,Exposicao intermediaria TSB,28,72061.51999999999,3
2024,MG,315200,True,Exposicao intermediaria TSB,28,53895.53,3
2024,MG,315580,True,Exposicao intermediaria TSB,28,65688.26000000001,2
2024,MG,315680,True,Alta exposicao TSB,28,123671.83,1
2024,PA,150380,True,Alta exposicao TSB,28,55806.45,1
2024,PA,150503,True,Alta exposicao TSB,28,58985.15,1
2024,PI,220975,True,Alta exposicao TSB,28,247448.11,1
2024,PR,410530,True,Alta exposicao TSB,28,61801.71,2
2024,PR,412480,True,Exposicao intermediaria TSB,28,71757.01,1
2024,RS,431179,True,Alta exposicao TSB,28,78150.43,2
2024,RS,431265,True,Exposicao intermediaria TSB,28,77102.53,2
2024,SC,421003,True,Exposicao intermediaria TSB,28,107650.56000000001,2
2024,SC,421265,True,Exposicao intermediaria TSB,28,63729.3,2
2024,SC,421290,True,Alta exposicao TSB,28,159651.59000000003,2
2024,SC,421340,True,Alta exposicao TSB,28,111830.92000000001,5
2024,SC,421750,True,Exposicao intermediaria TSB,28,77266.20999999999,2
2024,SE,280150,True,Alta exposicao TSB,28,94109.97,1
2024,SP,350860,True,Alta exposicao TSB,28,227808.05,2
2024,SP,350995,True,Exposicao intermediaria TSB,28,76822.76,1
2024,SP,352880,True,Alta exposicao TSB,28,172009.38,2
2024,SP,354210,True,Exposicao intermediaria TSB,28,128941.93,1
2024,SP,355290,True,Alta exposicao TSB,28,325826.16,2
2024,TO,171610,True,Exposicao intermediaria TSB,28,48897.78,2
2024,AL,270830,True,Alta exposicao TSB,27,52739.59,1
2024,BA,290135,True,Alta exposicao TSB,27,39450.35,1
2024,BA,292170,True,Alta exposicao TSB,27,271524.53,2
2024,ES,320090,True,Alta exposicao TSB,27,324357.56,1
2024,GO,521000,True,Exposicao intermediaria TSB,27,58224.14,3
2024,MG,312430,True,Exposicao intermediaria TSB,27,44857.46,1
2024,MG,313120,True,Alta exposicao TSB,27,158162.45,3
2024,MG,313530,True,Alta exposicao TSB,27,29234.44,1
2024,MG,313770,True,Alta exposicao TSB,27,82166.34,1
2024,MG,315290,True,Alta exposicao TSB,27,79596.79,1
2024,MG,315727,True,Alta exposicao TSB,27,86925.14,1
2024,MS,500769,True,Exposicao intermediaria TSB,27,56722.07,2
2024,PA,150220,True,Alta exposicao TSB,27,128911.5,1
2024,PA,150619,True,Alta exposicao TSB,27,108763.99,2
2024,PA,150840,True,Exposicao intermediaria TSB,27,40128.2,2
2024,PR,411350,True,Exposicao intermediaria TSB,27,64669.14,1
2024,PR,411695,True,Exposicao intermediaria TSB,27,77194.6,2
2024,PR,411995,True,Exposicao intermediaria TSB,27,70233.76,1
2024,PR,412090,True,Exposicao intermediaria TSB,27,68049.11,3
2024,PR,412570,True,Exposicao intermediaria TSB,27,79716.53,2
2024,PR,412740,True,Exposicao intermediaria TSB,27,76464.65,3
2024,RN,240360,True,Alta exposicao TSB,27,139333.73,1
2024,RN,240820,True,Exposicao intermediaria TSB,27,53137.37,1
2024,RS,431442,True,Exposicao intermediaria TSB,27,161203.25,3
2024,SC,421370,True,Alta exposicao TSB,27,145263.62,2
2024,SP,353620,True,Exposicao intermediaria TSB,27,84670.89,2
2024,SP,355680,True,Alta exposicao TSB,27,87865.7,1
2024,TO,170220,True,Alta exposicao TSB,27,64153.28,1
2024,AP,160027,True,Alta exposicao TSB,26,204084.57,1
2024,AP,160060,True,Exposicao intermediaria TSB,26,83967.98,1
2024,BA,292950,True,Exposicao intermediaria TSB,26,165795.19,1
2024,BA,293050,True,Exposicao intermediaria TSB,26,39957.94,2
2024,CE,230410,True,Exposicao intermediaria TSB,26,41540.9,3
2024,ES,320160,True,Exposicao intermediaria TSB,26,44355.89,2
2024,MA,211150,True,Alta exposicao TSB,26,49535.87,1
2024,MG,315130,True,Exposicao intermediaria TSB,26,59129.66,1
2024,MG,316800,True,Alta exposicao TSB,26,53539.61,3
2024,MT,510520,True,Alta exposicao TSB,26,93990.26,2
2024,MT,510675,True,Exposicao intermediaria TSB,26,53723.28,2
2024,PA,150150,True,Exposicao intermediaria TSB,26,134065.87,2
2024,PR,410260,True,Exposicao intermediaria TSB,26,52492.47,1
2024,RS,430280,True,Alta exposicao TSB,26,114123.79,1
2024,RS,431043,True,Exposicao intermediaria TSB,26,47996.54,1
2024,RS,431460,True,Alta exposicao TSB,26,108191.74,2
2024,RS,431530,True,Alta exposicao TSB,26,104264.46,1
2024,RS,431950,True,Alta exposicao TSB,26,94040.14,3
2024,RS,432225,True,Exposicao intermediaria TSB,26,91888.62000000001,2
2024,SC,420530,True,Exposicao intermediaria TSB,26,71580.06999999999,2
2024,SC,421230,True,Exposicao intermediaria TSB,26,68475.92,2
2024,SC,421310,True,Alta exposicao TSB,26,300595.33,2
2024,SC,421600,True,Alta exposicao TSB,26,169753.25,2
2024,SE,280740,True,Alta exposicao TSB,26,141103.93000000002,2
2024,SP,350130,True,Exposicao intermediaria TSB,26,71988.23,2
2024,SP,352010,True,Alta exposicao TSB,26,91446.18,1
2024,SP,354630,True,Exposicao intermediaria TSB,26,71158.27,2
2024,SP,355395,True,Exposicao intermediaria TSB,26,72945.4,1
2024,BA,292440,True,Alta exposicao TSB,25,0.0,1
2024,BA,292990,True,Exposicao intermediaria TSB,25,47151.630000000005,2
2024,CE,231360,True,Alta exposicao TSB,25,23468.91,1
2024,ES,320460,True,Alta exposicao TSB,25,282793.46,1
2024,MG,310110,True,Alta exposicao TSB,25,264642.9,1
2024,MT,510560,True,Alta exposicao TSB,25,69444.28,2
2024,PA,150613,True,Exposicao intermediaria TSB,25,63711.58,2
2024,PB,251620,True,Exposicao intermediaria TSB,25,39618.42,2
2024,PI,221070,True,Alta exposicao TSB,25,226694.62,2
2024,PR,410570,True,Alta exposicao TSB,25,71444.63,2
2024,PR,411440,True,Exposicao intermediaria TSB,25,73292.33,1
2024,PR,412460,True,Exposicao intermediaria TSB,25,86645.66,1
2024,RJ,330022,True,Exposicao intermediaria TSB,25,105755.55,1
2024,RN,240420,True,Exposicao intermediaria TSB,25,0.0,2
2024,RR,140047,True,Alta exposicao TSB,25,124186.36,1
2024,RS,430165,True,Exposicao intermediaria TSB,25,95480.91,1
2024,RS,432166,True,Exposicao intermediaria TSB,25,65077.38,1
2024,SC,421210,True,Exposicao intermediaria TSB,25,69480.29,2
2024,SC,421510,True,Exposicao intermediaria TSB,25,121661.74,2
2024,SP,350630,True,Exposicao intermediaria TSB,25,101031.32,1
2024,SP,351630,True,Alta exposicao TSB,25,77386.11,2
2024,SP,351720,True,Alta exposicao TSB,25,58577.81,1
2024,SP,351960,True,Alta exposicao TSB,25,210817.59999999998,4
2024,SP,352330,True,Alta exposicao TSB,25,62127.450000000004,2
2024,SP,352640,True,Alta exposicao TSB,25,178284.19,2
2024,SP,354260,True,Exposicao intermediaria TSB,25,55025.350000000006,2
2024,SP,354330,True,Alta exposicao TSB,25,164334.3,2
2024,TO,170210,True,Alta exposicao TSB,25,40088.869999999995,5
2024,CE,230780,True,Exposicao intermediaria TSB,24,34908.94,2
2024,CE,230835,True,Alta exposicao TSB,24,37888.58,1
2024,MA,210480,True,Alta exposicao TSB,24,231843.75,1
2024,MG,310740,True,Exposicao intermediaria TSB,24,39250.09,1
2024,MG,312270,True,Alta exposicao TSB,24,47083.16,2
2024,MG,315960,True,Alta exposicao TSB,24,69603.84,1
2024,MS,500540,True,Exposicao intermediaria TSB,24,58846.15,2
2024,MT,510677,True,Alta exposicao TSB,24,196864.02,2
2024,PA,150060,True,Exposicao intermediaria TSB,24,45472.270000000004,2
2024,PA,150170,True,Alta exposicao TSB,24,121787.48,1
2024,PE,260510,True,Exposicao intermediaria TSB,24,42643.47,2
2024,PE,260520,True,Exposicao intermediaria TSB,24,36016.35,2
2024,PI,220840,True,Alta exposicao TSB,24,265119.7,2
2024,PR,410840,True,Alta exposicao TSB,24,67962.67,2
2024,PR,411150,True,Exposicao intermediaria TSB,24,56302.19,2
2024,PR,411575,True,Exposicao intermediaria TSB,24,20306.64,1
2024,PR,411610,True,Exposicao intermediaria TSB,24,70443.03,1
2024,PR,411760,True,Exposicao intermediaria TSB,24,69080.44,2
2024,PR,412730,True,Alta exposicao TSB,24,135221.6,1
2024,RN,241120,True,Alta exposicao TSB,24,103692.1,2
2024,RO,110034,True,Alta exposicao TSB,24,115798.78,1
2024,RS,430535,True,Exposicao intermediaria TSB,24,51739.16,3
2024,RS,430595,True,Exposicao intermediaria TSB,24,84057.1,1
2024,RS,431337,True,Alta exposicao TSB,24,104755.62,4
2024,RS,431900,True,Exposicao intermediaria TSB,24,81961.81,2
2024,RS,432170,True,Exposicao intermediaria TSB,24,80443.09,2
2024,SC,420570,True,Alta exposicao TSB,24,160057.4,2
2024,SC,420765,True,Exposicao intermediaria TSB,24,61068.85,2
2024,SP,350635,True,Exposicao intermediaria TSB,24,76966.37,1
2024,SP,350970,True,Alta exposicao TSB,24,182813.29,1
2024,SP,351410,True,Exposicao intermediaria TSB,24,44754.83,3
2024,SP,351970,True,Alta exposicao TSB,24,155725.16999999998,2
2024,SP,352040,True,Alta exposicao TSB,24,293206.83,1
2024,SP,352510,True,Alta exposicao TSB,24,56060.93,1
2024,AM,130390,True,Alta exposicao TSB,23,66719.78,2
2024,BA,290490,True,Alta exposicao TSB,23,151385.06999999998,3
2024,BA,290710,True,Alta exposicao TSB,23,124931.93,1
2024,BA,293050,True,Alta exposicao TSB,23,111427.96,3
2024,CE,230020,True,Exposicao intermediaria TSB,23,58305.38,1
2024,ES,320270,True,Alta exposicao TSB,23,88267.95,1
2024,ES,320390,True,Alta exposicao TSB,23,272034.66,1
2024,GO,520530,True,Alta exposicao TSB,23,298374.2,1
2024,MA,210100,True,Alta exposicao TSB,23,88287.17,1
2024,MG,310410,True,Alta exposicao TSB,23,54422.090000000004,2
2024,MG,310420,True,Alta exposicao TSB,23,42058.770000000004,3
2024,MG,313620,True,Exposicao intermediaria TSB,23,151532.33,2
2024,MG,315260,True,Exposicao intermediaria TSB,23,41569.33,1
2024,MS,500570,True,Exposicao intermediaria TSB,23,68466.69,2
2024,PA,150613,True,Alta exposicao TSB,23,75638.19,2
2024,PA,150840,True,Alta exposicao TSB,23,86795.61,2
2024,PR,410970,True,Exposicao intermediaria TSB,23,65754.51999999999,3
2024,PR,412035,True,Exposicao intermediaria TSB,23,51717.93,2
2024,PR,412680,True,Alta exposicao TSB,23,152835.79,2
2024,RJ,330245,True,Alta exposicao TSB,23,61555.49,1
2024,RN,240450,True,Alta exposicao TSB,23,182526.71,2
2024,RN,240720,True,Alta exposicao TSB,23,173502.26,2
2024,RN,241220,True,Alta exposicao TSB,23,60502.57,3
2024,RS,430087,True,Exposicao intermediaria TSB,23,66278.88,2
2024,RS,431225,True,Alta exposicao TSB,23,139329.91,3
2024,RS,431447,True,Alta exposicao TSB,23,339790.66,1
2024,RS,431695,True,Exposicao intermediaria TSB,23,66549.74,1
2024,SC,420005,True,Alta exposicao TSB,23,209487.06,1
2024,SC,420090,True,Alta exposicao TSB,23,86196.41,3
2024,SC,420195,True,Alta exposicao TSB,23,73381.29,1
2024,SC,421770,True,Exposicao intermediaria TSB,23,52786.62,1
2024,SE,280760,True,Alta exposicao TSB,23,126170.56,1
2024,SP,352660,True,Alta exposicao TSB,23,105452.94,2
2024,SP,353300,True,Alta exposicao TSB,23,94214.41,3
2024,SP,353320,True,Alta exposicao TSB,23,147184.91999999998,1
2024,SP,354540,True,Alta exposicao TSB,23,224782.16,1
2024,SP,355550,True,Alta exposicao TSB,23,66524.45,2
2024,AP,160060,True,Alta exposicao TSB,22,123524.65,4
2024,BA,291470,True,Exposicao intermediaria TSB,22,29743.24,2
2024,CE,230190,True,Exposicao intermediaria TSB,22,58733.55,3
2024,ES,320140,True,Exposicao intermediaria TSB,22,38369.11,3
2024,GO,520010,True,Alta exposicao TSB,22,86778.37,1
2024,GO,521130,True,Alta exposicao TSB,22,141993.3,1
2024,MA,210370,True,Alta exposicao TSB,22,0.0,1
2024,MA,210900,True,Exposicao intermediaria TSB,22,39618.17,2
2024,MG,311360,True,Exposicao intermediaria TSB,22,64925.75,2
2024,MT,510630,True,Alta exposicao TSB,22,71046.55,2
2024,PB,250970,True,Alta exposicao TSB,22,164891.22,1
2024,PE,261410,True,Alta exposicao TSB,22,0.0,1
2024,PR,411070,True,Exposicao intermediaria TSB,22,37274.22,2
2024,PR,411190,True,Exposicao intermediaria TSB,22,63160.24,1
2024,PR,411330,True,Exposicao intermediaria TSB,22,50987.03999999999,2
2024,PR,411950,True,Exposicao intermediaria TSB,22,35312.99,2
2024,RJ,330010,True,Exposicao intermediaria TSB,22,40534.35,1
2024,RN,240830,True,Alta exposicao TSB,22,138188.66999999998,1
2024,RS,430960,True,Alta exposicao TSB,22,124403.21,1
2024,RS,431080,True,Alta exposicao TSB,22,147702.26,2
2024,RS,431265,True,Alta exposicao TSB,22,127399.98000000001,2
2024,RS,432120,True,Alta exposicao TSB,22,102667.05,2
2024,SC,420515,True,Alta exposicao TSB,22,111724.73,2
2024,SC,421380,True,Alta exposicao TSB,22,97377.88,1
2024,SC,421625,True,Exposicao intermediaria TSB,22,109866.11,1
2024,SE,280560,True,Alta exposicao TSB,22,119717.22,1
2024,SP,350945,True,Exposicao intermediaria TSB,22,18673.38,2
2024,SP,351510,True,Exposicao intermediaria TSB,22,65741.68,3
2024,SP,352220,True,Alta exposicao TSB,22,79363.06,3
2024,SP,352610,True,Alta exposicao TSB,22,156859.57,2
2024,SP,354130,True,Alta exposicao TSB,22,183688.48,1
2024,SP,354325,True,Exposicao intermediaria TSB,22,15717.6,1
2024,SP,355080,True,Alta exposicao TSB,22,63919.35,2
2024,SP,355210,True,Exposicao intermediaria TSB,22,66807.93,2
2024,SP,355350,True,Alta exposicao TSB,22,173687.13,2
2024,BA,290750,True,Exposicao intermediaria TSB,21,69920.43,2
2024,CE,230410,True,Alta exposicao TSB,21,177255.65,1
2024,GO,520005,True,Exposicao intermediaria TSB,21,53649.86,2
2024,GO,522040,True,Exposicao intermediaria TSB,21,67942.86,1
2024,MG,310690,True,Exposicao intermediaria TSB,21,36658.19,2
2024,MG,312020,True,Alta exposicao TSB,21,82033.70999999999,1
2024,MG,315220,True,Alta exposicao TSB,21,63897.7,1
2024,MG,315360,True,Exposicao intermediaria TSB,21,14685.27,2
2024,MG,315410,True,Alta exposicao TSB,21,42338.37,1
2024,MG,316370,True,Exposicao intermediaria TSB,21,44349.869999999995,2
2024,MT,510270,True,Exposicao intermediaria TSB,21,96804.23,2
2024,MT,510305,True,Alta exposicao TSB,21,174647.83000000002,2
2024,MT,510335,True,Alta exposicao TSB,21,50638.03,1
2024,PA,150370,True,Alta exposicao TSB,21,81892.37,1
2024,PA,150442,True,Alta exposicao TSB,21,34455.68,2
2024,PA,150506,True,Alta exposicao TSB,21,63487.26,1
2024,PB,251530,True,Alta exposicao TSB,21,144623.15,1
2024,PR,410100,True,Exposicao intermediaria TSB,21,45044.7,1
2024,PR,410790,True,Alta exposicao TSB,21,37950.83,2
2024,PR,411750,True,Exposicao intermediaria TSB,21,45754.44,3
2024,PR,411780,True,Exposicao intermediaria TSB,21,39924.43,1
2024,PR,412300,True,Exposicao intermediaria TSB,21,43967.35,1
2024,PR,412410,True,Exposicao intermediaria TSB,21,49723.9,2
2024,PR,412650,True,Alta exposicao TSB,21,94228.7,1
2024,RO,110037,True,Alta exposicao TSB,21,70825.99,2
2024,RS,430190,True,Alta exposicao TSB,21,91274.31999999999,2
2024,RS,430490,True,Exposicao intermediaria TSB,21,85241.39,1
2024,RS,430545,True,Alta exposicao TSB,21,70465.67,1
2024,RS,430910,True,Exposicao intermediaria TSB,21,66907.21,3
2024,RS,431247,True,Exposicao intermediaria TSB,21,100643.61,2
2024,RS,431413,True,Exposicao intermediaria TSB,21,59146.95,2
2024,RS,432190,True,Alta exposicao TSB,21,86061.69,1
2024,RS,432340,True,Exposicao intermediaria TSB,21,66572.62,2
2024,SC,420205,True,Alta exposicao TSB,21,159833.75,1
2024,SP,350480,True,Exposicao intermediaria TSB,21,74576.29000000001,1
2024,SP,351020,True,Alta exposicao TSB,21,163682.25,1
2024,SP,351130,True,Alta exposicao TSB,21,64587.07,3
2024,SP,351750,True,Exposicao intermediaria TSB,21,56209.79,2
2024,BA,290070,True,Exposicao intermediaria TSB,20,25029.1,3
2024,BA,290520,True,Alta exposicao TSB,20,118935.24,2
2024,BA,291800,True,Exposicao intermediaria TSB,20,40815.479999999996,3
2024,BA,291970,True,Alta exposicao TSB,20,58459.44,1
2024,ES,320334,True,Exposicao intermediaria TSB,20,60417.9,1
2024,MG,310150,True,Alta exposicao TSB,20,251341.78,2
2024,MG,311570,True,Alta exposicao TSB,20,38737.35,1
2024,MG,311780,True,Exposicao intermediaria TSB,20,32154.09,2
2024,MG,313380,True,Exposicao intermediaria TSB,20,16650.79,3
2024,MG,314260,True,Alta exposicao TSB,20,43334.73,1
2024,MG,314650,True,Alta exposicao TSB,20,85111.44,1
2024,MG,314770,True,Alta exposicao TSB,20,57753.97,1
2024,MG,315050,True,Alta exposicao TSB,20,65075.45,2
2024,MG,316570,True,Alta exposicao TSB,20,65229.33,1
2024,MT,510500,True,Alta exposicao TSB,20,141264.11,2
2024,MT,510625,True,Alta exposicao TSB,20,48950.46,1
2024,MT,510730,True,Exposicao intermediaria TSB,20,44330.45,3
2024,PB,250430,True,Exposicao intermediaria TSB,20,30917.36,2
2024,PI,220890,True,Alta exposicao TSB,20,110350.58,2
2024,PR,410160,True,Exposicao intermediaria TSB,20,58092.92,2
2024,PR,411275,True,Exposicao intermediaria TSB,20,39696.0,2
2024,PR,412625,True,Exposicao intermediaria TSB,20,47162.01,2
2024,RJ,330520,True,Exposicao intermediaria TSB,20,37650.11,2
2024,RN,240610,True,Alta exposicao TSB,20,92335.82,2
2024,RO,110002,True,Exposicao intermediaria TSB,20,50706.6,3
2024,RO,110092,True,Alta exposicao TSB,20,61737.24,1
2024,RS,430270,True,Alta exposicao TSB,20,72043.87,1
2024,RS,430370,True,Exposicao intermediaria TSB,20,64465.76,1
2024,RS,431090,True,Exposicao intermediaria TSB,20,63326.98,1
2024,RS,431120,True,Exposicao intermediaria TSB,20,49709.24,1
2024,RS,431180,True,Alta exposicao TSB,20,91683.95999999999,2
2024,RS,431330,True,Exposicao intermediaria TSB,20,53645.6,2
2024,RS,431405,True,Exposicao intermediaria TSB,20,58843.829999999994,2
2024,RS,431730,True,Alta exposicao TSB,20,65418.83,1
2024,RS,431848,True,Exposicao intermediaria TSB,20,49848.79,1
2024,RS,432140,True,Exposicao intermediaria TSB,20,51622.07,1
2024,SC,420125,True,Alta exposicao TSB,20,200372.59,2
2024,SC,420160,True,Exposicao intermediaria TSB,20,59816.590000000004,3
2024,SC,420440,True,Exposicao intermediaria TSB,20,42282.9,2
2024,SC,420940,True,Exposicao intermediaria TSB,20,44164.32,1
2024,SC,421040,True,Exposicao intermediaria TSB,20,64321.46,2
2024,SC,421080,True,Alta exposicao TSB,20,75040.63,2
2024,SC,421120,True,Alta exposicao TSB,20,93120.19,1
2024,SC,421280,True,Exposicao intermediaria TSB,20,69876.5,1
2024,SC,421340,True,Exposicao intermediaria TSB,20,76393.37,2
2024,SC,421550,True,Exposicao intermediaria TSB,20,57894.8,2
2024,SP,350210,True,Exposicao intermediaria TSB,20,52291.78999999999,2
2024,SP,352600,True,Exposicao intermediaria TSB,20,69918.01000000001,2
2024,SP,352800,True,Exposicao intermediaria TSB,20,72684.29000000001,2
2024,SP,355500,True,Exposicao intermediaria TSB,20,47375.64,3
2024,TO,170950,True,Exposicao intermediaria TSB,20,36730.1,3
2024,AM,130080,True,Alta exposicao TSB,19,97812.97,1
2024,AM,130300,True,Alta exposicao TSB,19,55109.439999999995,2
2024,AM,130380,True,Alta exposicao TSB,19,86328.64,1
2024,BA,290850,True,Exposicao intermediaria TSB,19,39769.130000000005,1
2024,BA,292370,True,Alta exposicao TSB,19,46554.96,1
2024,BA,292840,True,Alta exposicao TSB,19,88754.52,1
2024,BA,292880,True,Alta exposicao TSB,19,46782.04,2
2024,BA,293280,True,Exposicao intermediaria TSB,19,34030.98,1
2024,GO,520580,True,Alta exposicao TSB,19,57223.84,2
2024,GO,522010,True,Exposicao intermediaria TSB,19,57783.79,2
2024,MG,310390,True,Alta exposicao TSB,19,39822.28,1
2024,MG,310560,True,Alta exposicao TSB,19,53118.29,2
2024,MG,310610,True,Alta exposicao TSB,19,156685.17,1
2024,MG,311340,True,Exposicao intermediaria TSB,19,41041.72,2
2024,MG,312595,True,Alta exposicao TSB,19,38338.52,1
2024,MG,313810,True,Alta exposicao TSB,19,33365.85,1
2024,MG,314310,True,Exposicao intermediaria TSB,19,45043.020000000004,4
2024,MT,510010,True,Alta exposicao TSB,19,35474.99,1
2024,PA,150745,True,Alta exposicao TSB,19,67417.42,1
2024,PA,150795,True,Exposicao intermediaria TSB,19,50873.57,1
2024,PB,250050,True,Alta exposicao TSB,19,45185.55,1
2024,PB,250890,True,Alta exposicao TSB,19,117370.51,1
2024,PI,220190,True,Exposicao intermediaria TSB,19,24742.0,3
2024,PR,410350,True,Exposicao intermediaria TSB,19,66303.36,1
2024,PR,410450,True,Exposicao intermediaria TSB,19,40179.31,2
2024,PR,412405,True,Exposicao intermediaria TSB,19,55444.68,2
2024,RS,430265,True,Exposicao intermediaria TSB,19,45459.24,1
2024,RS,430450,True,Alta exposicao TSB,19,78263.43,3
2024,RS,431033,True,Exposicao intermediaria TSB,19,43527.58,3
2024,RS,431306,True,Alta exposicao TSB,19,62097.79,2
2024,RS,431390,True,Alta exposicao TSB,19,107438.8,2
2024,RS,431580,True,Exposicao intermediaria TSB,19,86901.58,1
2024,RS,431780,True,Exposicao intermediaria TSB,19,55556.13,1
2024,RS,432010,True,Exposicao intermediaria TSB,19,46792.3,2
2024,SC,420257,True,Exposicao intermediaria TSB,19,87511.39,2
2024,SC,420435,True,Exposicao intermediaria TSB,19,63752.229999999996,3
2024,SC,421085,True,Alta exposicao TSB,19,73623.01,1
2024,SC,421400,True,Alta exposicao TSB,19,126806.96,1
2024,SC,421800,True,Alta exposicao TSB,19,208715.01,1
2024,SC,421880,True,Alta exposicao TSB,19,136867.47,2
2024,SP,350050,True,Exposicao intermediaria TSB,19,51058.92,1
2024,SP,350590,True,Alta exposicao TSB,19,63403.77,1
2024,SP,351030,True,Exposicao intermediaria TSB,19,42418.47,2
2024,SP,354130,True,Exposicao intermediaria TSB,19,35549.240000000005,2
2024,SP,354400,True,Exposicao intermediaria TSB,19,66367.99,2
2024,SP,354660,True,Exposicao intermediaria TSB,19,41850.32,1
2024,SP,354860,True,Exposicao intermediaria TSB,19,45789.14,1
2024,SP,355090,True,Alta exposicao TSB,19,47897.94,2
2024,TO,170700,True,Alta exposicao TSB,19,200161.15,1
2024,AM,130430,True,Alta exposicao TSB,18,41954.09,2
2024,CE,231230,True,Exposicao intermediaria TSB,18,24158.06,2
2024,GO,520390,True,Alta exposicao TSB,18,64365.56,1
2024,GO,520890,True,Exposicao intermediaria TSB,18,43128.64,2
2024,GO,521020,True,Exposicao intermediaria TSB,18,42916.51,1
2024,MA,211107,True,Alta exposicao TSB,18,0.0,1
2024,MG,310945,True,Alta exposicao TSB,18,50273.31,1
2024,MG,311340,True,Alta exposicao TSB,18,40646.36,1
2024,MG,313065,True,Exposicao intermediaria TSB,18,27086.87,1
2024,MG,314320,True,Exposicao intermediaria TSB,18,39760.87,1
2024,MG,314990,True,Alta exposicao TSB,18,197213.64,1
2024,MS,500450,True,Exposicao intermediaria TSB,18,28026.94,2
2024,MT,510558,True,Exposicao intermediaria TSB,18,37528.07,1
2024,MT,510642,True,Alta exposicao TSB,18,42335.26,1
2024,MT,510700,True,Exposicao intermediaria TSB,18,42172.84,2
2024,PA,150775,True,Exposicao intermediaria TSB,18,38460.56,1
2024,PB,250690,True,Alta exposicao TSB,18,156911.04,1
2024,PB,251600,True,Alta exposicao TSB,18,108423.36,2
2024,PR,412535,True,Exposicao intermediaria TSB,18,48804.7,1
2024,PR,412796,True,Exposicao intermediaria TSB,18,48479.91,1
2024,PR,412800,True,Exposicao intermediaria TSB,18,41947.86,1
2024,RJ,330185,True,Exposicao intermediaria TSB,18,31342.600000000002,3
2024,RJ,330410,True,Alta exposicao TSB,18,31778.51,1
2024,RS,430070,True,Alta exposicao TSB,18,44020.0,1
2024,RS,430380,True,Exposicao intermediaria TSB,18,70635.18,1
2024,RS,430610,True,Exposicao intermediaria TSB,18,53163.03,4
2024,RS,430690,True,Alta exposicao TSB,18,66204.8,1
2024,RS,431280,True,Alta exposicao TSB,18,53908.48,2
2024,RS,431415,True,Alta exposicao TSB,18,66249.55,2
2024,RS,431960,True,Exposicao intermediaria TSB,18,41588.85,1
2024,RS,432080,True,Exposicao intermediaria TSB,18,51066.25,2
2024,SC,420040,True,Alta exposicao TSB,18,154652.32,2
2024,SC,420480,True,Exposicao intermediaria TSB,18,91987.81999999999,2
2024,SC,420950,True,Alta exposicao TSB,18,71979.76000000001,2
2024,SE,280600,True,Alta exposicao TSB,18,50570.770000000004,3
2024,SP,354020,True,Exposicao intermediaria TSB,18,60210.96,3
2024,SP,355635,True,Alta exposicao TSB,18,230635.03,1
2024,TO,171670,True,Exposicao intermediaria TSB,18,87773.1,2
2024,BA,291800,True,Alta exposicao TSB,17,261315.75999999998,4
2024,BA,291890,True,Alta exposicao TSB,17,24598.51,1
2024,CE,231395,True,Exposicao intermediaria TSB,17,25180.67,2
2024,GO,520620,True,Exposicao intermediaria TSB,17,23907.95,2
2024,GO,521930,True,Exposicao intermediaria TSB,17,19895.92,2
2024,MA,210542,True,Alta exposicao TSB,17,27090.35,1
2024,MG,312870,True,Alta exposicao TSB,17,39128.91,3
2024,MG,313505,True,Exposicao intermediaria TSB,17,38477.89,2
2024,MG,315120,True,Exposicao intermediaria TSB,17,43693.4,1
2024,MG,315733,True,Alta exposicao TSB,17,35936.48,1
2024,MG,316220,True,Alta exposicao TSB,17,73509.27,1
2024,MG,316460,True,Exposicao intermediaria TSB,17,48138.75,2
2024,MG,316935,True,Alta exposicao TSB,17,44190.36,1
2024,MS,500190,True,Exposicao intermediaria TSB,17,39180.06,3
2024,MS,500240,True,Exposicao intermediaria TSB,17,53552.990000000005,2
2024,PB,250030,True,Alta exposicao TSB,17,116014.53,1
2024,PB,250250,True,Alta exposicao TSB,17,148802.96,1
2024,PE,260345,True,Exposicao intermediaria TSB,17,11161.08,3
2024,RJ,330230,True,Exposicao intermediaria TSB,17,36378.17,1
2024,RJ,330250,True,Exposicao intermediaria TSB,17,36644.2,1
2024,RN,240050,True,Alta exposicao TSB,17,67848.37,1
2024,RS,430064,True,Exposicao intermediaria TSB,17,46744.979999999996,2
2024,RS,430220,True,Exposicao intermediaria TSB,17,40144.45,2
2024,RS,430640,True,Exposicao intermediaria TSB,17,87833.76,1
2024,RS,431010,True,Exposicao intermediaria TSB,17,67542.83,3
2024,RS,431740,True,Exposicao intermediaria TSB,17,35284.35,2
2024,RS,431840,True,Alta exposicao TSB,17,53029.77,2
2024,RS,432080,True,Alta exposicao TSB,17,55374.020000000004,3
2024,SC,420470,True,Exposicao intermediaria TSB,17,53200.3,1
2024,SC,421420,True,Exposicao intermediaria TSB,17,44467.579999999994,3
2024,SE,280067,True,Alta exposicao TSB,17,103226.69,1
2024,SP,350510,True,Alta exposicao TSB,17,60279.73,1
2024,SP,351970,True,Exposicao intermediaria TSB,17,59686.32,3
2024,SP,352350,True,Alta exposicao TSB,17,79523.22,3
2024,SP,352620,True,Alta exposicao TSB,17,129621.46,2
2024,SP,354000,True,Exposicao intermediaria TSB,17,38870.8,2
2024,SP,355070,True,Exposicao intermediaria TSB,17,31540.78,2
2024,SP,355380,True,Exposicao intermediaria TSB,17,40925.17,1
2024,SP,355640,True,Exposicao intermediaria TSB,17,33781.9,2
2024,AM,130220,True,Alta exposicao TSB,16,50699.86,2
2024,BA,291630,True,Alta exposicao TSB,16,195774.8,1
2024,BA,292070,True,Exposicao intermediaria TSB,16,0.0,1
2024,BA,293120,True,Alta exposicao TSB,16,101282.2,1
2024,CE,230690,True,Exposicao intermediaria TSB,16,19985.95,2
2024,CE,230800,True,Exposicao intermediaria TSB,16,36774.78,2
2024,CE,231085,True,Alta exposicao TSB,16,40252.19,1
2024,ES,320030,True,Alta exposicao TSB,16,122182.87,2
2024,ES,320503,True,Exposicao intermediaria TSB,16,39306.67,1
2024,GO,521450,True,Alta exposicao TSB,16,36620.18,1
2024,MG,311930,True,Exposicao intermediaria TSB,16,34699.04,2
2024,MG,312730,True,Alta exposicao TSB,16,42929.84,1
2024,MG,315770,True,Exposicao intermediaria TSB,16,47443.97,2
2024,MT,510637,True,Alta exposicao TSB,16,33696.45,2
2024,PA,150293,True,Alta exposicao TSB,16,84779.38,1
2024,PA,150330,True,Alta exposicao TSB,16,43750.45,1
2024,PB,250110,True,Alta exposicao TSB,16,112832.14,1
2024,PB,251210,True,Alta exposicao TSB,16,145124.97,1
2024,PB,251270,True,Alta exposicao TSB,16,131362.29,1
2024,PE,260005,True,Alta exposicao TSB,16,78560.61,2
2024,PE,260120,True,Exposicao intermediaria TSB,16,26115.12,3
2024,PE,260210,True,Alta exposicao TSB,16,24502.62,2
2024,PR,411840,True,Alta exposicao TSB,16,42689.54,4
2024,PR,411880,True,Alta exposicao TSB,16,125423.03,2
2024,PR,412180,True,Alta exposicao TSB,16,81547.59,1
2024,PR,412440,True,Exposicao intermediaria TSB,16,34161.34,2
2024,RJ,330300,True,Alta exposicao TSB,16,18673.27,1
2024,RN,240100,True,Alta exposicao TSB,16,68166.89,1
2024,RO,110045,True,Alta exposicao TSB,16,30001.43,2
2024,RS,430130,True,Alta exposicao TSB,16,38354.89,1
2024,RS,430480,True,Exposicao intermediaria TSB,16,57185.590000000004,3
2024,RS,431100,True,Alta exposicao TSB,16,52874.47,1
2024,RS,431370,True,Alta exposicao TSB,16,87860.95999999999,1
2024,RS,431480,True,Alta exposicao TSB,16,47365.95,2
2024,RS,431800,True,Exposicao intermediaria TSB,16,38358.64,2
2024,SC,420340,True,Alta exposicao TSB,16,101311.64000000001,2
2024,SC,420790,True,Alta exposicao TSB,16,99087.72,2
2024,SC,421760,True,Alta exposicao TSB,16,118901.10999999999,2
2024,SC,421970,True,Alta exposicao TSB,16,105875.31,2
2024,SP,350270,True,Alta exposicao TSB,16,232327.83,2
2024,SP,350770,True,Alta exposicao TSB,16,51931.86,1
2024,SP,351240,True,Exposicao intermediaria TSB,16,49718.6,4
2024,SP,351905,True,Exposicao intermediaria TSB,16,68335.23000000001,2
2024,SP,352970,True,Alta exposicao TSB,16,163846.97,2
2024,SP,353140,True,Alta exposicao TSB,16,130419.8,3
2024,SP,354700,True,Exposicao intermediaria TSB,16,31964.77,1
2024,SP,354750,True,Exposicao intermediaria TSB,16,63697.18,1
2024,AL,270380,True,Alta exposicao TSB,15,16668.65,1
2024,AM,130250,True,Alta exposicao TSB,15,213606.44,2
2024,BA,292450,True,Alta exposicao TSB,15,145307.88,1
2024,BA,292460,True,Alta exposicao TSB,15,43021.91,1
2024,CE,230030,True,Alta exposicao TSB,15,164556.26,1
2024,CE,230110,True,Alta exposicao TSB,15,74378.93,1
2024,CE,230240,True,Alta exposicao TSB,15,136755.67,1
2024,CE,231340,True,Exposicao intermediaria TSB,15,18557.74,1
2024,ES,320450,True,Alta exposicao TSB,15,72361.87,2
2024,GO,520235,True,Alta exposicao TSB,15,72015.54000000001,1
2024,MG,310820,True,Exposicao intermediaria TSB,15,33601.380000000005,1
2024,MG,310900,True,Exposicao intermediaria TSB,15,36594.76,2
2024,MG,312090,True,Exposicao intermediaria TSB,15,34254.01,1
2024,MG,312610,True,Exposicao intermediaria TSB,15,29024.18,2
2024,MG,313240,True,Alta exposicao TSB,15,43803.12,3
2024,MG,315900,True,Alta exposicao TSB,15,41167.69,1
2024,MG,315960,True,Exposicao intermediaria TSB,15,27838.74,2
2024,MG,316225,True,Alta exposicao TSB,15,28086.53,1
2024,MS,500070,True,Exposicao intermediaria TSB,15,13813.89,1
2024,PA,150790,True,Alta exposicao TSB,15,64032.06,1
2024,PB,250770,True,Exposicao intermediaria TSB,15,38444.52,1
2024,PE,261240,True,Exposicao intermediaria TSB,15,22022.24,1
2024,PE,261250,True,Exposicao intermediaria TSB,15,21508.98,2
2024,PE,261540,True,Exposicao intermediaria TSB,15,31397.95,2
2024,PI,220540,True,Exposicao intermediaria TSB,15,23522.33,1
2024,PR,410030,True,Exposicao intermediaria TSB,15,1980.0,2
2024,PR,410200,True,Exposicao intermediaria TSB,15,33970.59,2
2024,PR,410657,True,Alta exposicao TSB,15,73359.32,1
2024,PR,411880,True,Exposicao intermediaria TSB,15,35600.75,3
2024,PR,412200,True,Exposicao intermediaria TSB,15,28959.53,2
2024,PR,412402,True,Alta exposicao TSB,15,53402.79,1
2024,PR,412650,True,Exposicao intermediaria TSB,15,37734.82,2
2024,RJ,330020,True,Exposicao intermediaria TSB,15,22953.39,4
2024,RJ,330110,True,Alta exposicao TSB,15,11603.66,1
2024,RJ,330370,True,Exposicao intermediaria TSB,15,32325.51,2
2024,RN,240020,True,Exposicao intermediaria TSB,15,62156.48,2
2024,RN,240890,True,Alta exposicao TSB,15,61481.02,1
2024,RS,431120,True,Alta exposicao TSB,15,57292.21000000001,2
2024,RS,431290,True,Exposicao intermediaria TSB,15,19247.1,2
2024,RS,431570,True,Alta exposicao TSB,15,72576.72,1
2024,RS,431600,True,Exposicao intermediaria TSB,15,41797.72,1
2024,RS,431660,True,Alta exposicao TSB,15,95496.54,1
2024,RS,432070,True,Alta exposicao TSB,15,87539.45,1
2024,RS,432110,True,Alta exposicao TSB,15,66175.84,1
2024,RS,432180,True,Exposicao intermediaria TSB,15,24986.21,2
2024,RS,432240,True,Exposicao intermediaria TSB,15,29148.06,1
2024,SC,420125,True,Exposicao intermediaria TSB,15,48529.8,1
2024,SC,420170,True,Alta exposicao TSB,15,119436.46,1
2024,SC,420470,True,Alta exposicao TSB,15,87349.01000000001,2
2024,SC,420545,True,Alta exposicao TSB,15,103701.88,1
2024,SC,420790,True,Exposicao intermediaria TSB,15,26528.67,1
2024,SC,421140,True,Alta exposicao TSB,15,94450.19,2
2024,SC,421555,True,Exposicao intermediaria TSB,15,29962.69,1
2024,SP,350075,True,Exposicao intermediaria TSB,15,29755.77,1
2024,SP,350940,True,Alta exposicao TSB,15,165785.57,1
2024,SP,353110,True,Alta exposicao TSB,15,141796.16999999998,1
2024,SP,353280,True,Exposicao intermediaria TSB,15,41987.91,2
2024,SP,354640,True,Exposicao intermediaria TSB,15,32969.97,2
2024,AC,120017,True,Alta exposicao TSB,14,63993.84,1
2024,AC,120020,True,Exposicao intermediaria TSB,14,18056.6,1
2024,AL,270630,True,Alta exposicao TSB,14,17774.0,2
2024,BA,292400,True,Exposicao intermediaria TSB,14,19397.36,3
2024,BA,292890,True,Alta exposicao TSB,14,120569.29,1
2024,BA,293010,True,Alta exposicao TSB,14,159530.43,2
2024,CE,231330,True,Exposicao intermediaria TSB,14,19250.27,3
2024,ES,320480,True,Alta exposicao TSB,14,106574.31999999999,2
2024,ES,320517,True,Exposicao intermediaria TSB,14,21455.07,1
2024,GO,520013,True,Exposicao intermediaria TSB,14,39040.04,2
2024,MA,210203,True,Alta exposicao TSB,14,29591.28,1
2024,MG,310200,True,Alta exposicao TSB,14,34790.92,1
2024,MG,310940,True,Exposicao intermediaria TSB,14,25500.9,1
2024,MG,311200,True,Exposicao intermediaria TSB,14,27565.3,1
2024,MG,311820,True,Exposicao intermediaria TSB,14,89434.63,2
2024,MG,311840,True,Exposicao intermediaria TSB,14,22165.5,2
2024,MG,312737,True,Alta exposicao TSB,14,34161.95,1
2024,MG,314400,True,Alta exposicao TSB,14,58592.66,1
2024,MG,316190,True,Exposicao intermediaria TSB,14,47542.6,3
2024,MG,316500,True,Exposicao intermediaria TSB,14,20039.48,2
2024,MT,510600,True,Alta exposicao TSB,14,34633.92,2
2024,MT,510626,True,Alta exposicao TSB,14,48928.94,1
2024,PA,150070,True,Alta exposicao TSB,14,115680.41,2
2024,PA,150630,True,Alta exposicao TSB,14,74340.79000000001,1
2024,PE,260390,True,Exposicao intermediaria TSB,14,5648.0,2
2024,PE,260870,True,Exposicao intermediaria TSB,14,22768.11,1
2024,PI,220790,True,Exposicao intermediaria TSB,14,17839.34,1
2024,PI,221000,True,Alta exposicao TSB,14,208010.44,2
2024,PR,410120,True,Alta exposicao TSB,14,32644.82,1
2024,PR,411240,True,Alta exposicao TSB,14,69905.63,1
2024,PR,411430,True,Exposicao intermediaria TSB,14,32805.28,3
2024,PR,411450,True,Exposicao intermediaria TSB,14,23306.88,1
2024,PR,411980,True,Exposicao intermediaria TSB,14,40687.0,1
2024,PR,412520,True,Exposicao intermediaria TSB,14,26947.9,1
2024,PR,412570,True,Alta exposicao TSB,14,48965.91,1
2024,PR,412860,True,Exposicao intermediaria TSB,14,37523.39,2
2024,RN,240110,True,Exposicao intermediaria TSB,14,34672.3,2
2024,RN,241420,True,Alta exposicao TSB,14,94268.16,1
2024,RO,110029,True,Alta exposicao TSB,14,12791.81,1
2024,RS,430020,True,Exposicao intermediaria TSB,14,34277.0,1
2024,RS,431645,True,Exposicao intermediaria TSB,14,25350.08,2
2024,RS,431660,True,Exposicao intermediaria TSB,14,42193.549999999996,2
2024,RS,431843,True,Exposicao intermediaria TSB,14,36750.66,1
2024,RS,431880,True,Alta exposicao TSB,14,77130.05,1
2024,RS,431975,True,Alta exposicao TSB,14,25912.46,1
2024,RS,432145,True,Alta exposicao TSB,14,55995.310000000005,2
2024,RS,432195,True,Exposicao intermediaria TSB,14,37648.94,1
2024,RS,432340,True,Alta exposicao TSB,14,36255.92,2
2024,SC,420050,True,Exposicao intermediaria TSB,14,31020.94,1
2024,SC,420150,True,Exposicao intermediaria TSB,14,39294.5,1
2024,SC,420500,True,Alta exposicao TSB,14,103091.99,1
2024,SC,420660,True,Exposicao intermediaria TSB,14,30952.41,1
2024,SC,420800,True,Exposicao intermediaria TSB,14,32580.120000000003,2
2024,SC,421250,True,Exposicao intermediaria TSB,14,35075.6,3
2024,SC,421670,True,Alta exposicao TSB,14,102427.68,2
2024,SC,421670,True,Exposicao intermediaria TSB,14,32448.88,2
2024,SP,350070,True,Alta exposicao TSB,14,123198.79,1
2024,SP,350460,True,Exposicao intermediaria TSB,14,40945.9,2
2024,SP,350810,True,Alta exposicao TSB,14,171082.53,1
2024,SP,352190,True,Exposicao intermediaria TSB,14,49365.33,3
2024,SP,352410,True,Exposicao intermediaria TSB,14,46270.75,2
2024,SP,353460,True,Alta exposicao TSB,14,115340.26,1
2024,SP,354600,True,Alta exposicao TSB,14,87802.39,2
2024,SP,355150,True,Exposicao intermediaria TSB,14,40157.53,2
2024,TO,171360,True,Alta exposicao TSB,14,64114.240000000005,2
2024,TO,171620,True,Alta exposicao TSB,14,157052.0,1
2024,AC,120045,True,Exposicao intermediaria TSB,13,22273.74,1
2024,AL,270520,True,Alta exposicao TSB,13,168301.2,1
2024,AM,130190,True,Exposicao intermediaria TSB,13,27607.31,1
2024,BA,290687,True,Exposicao intermediaria TSB,13,25165.24,2
2024,BA,291855,True,Alta exposicao TSB,13,22233.1,1
2024,BA,292530,True,Exposicao intermediaria TSB,13,21124.62,2
2024,CE,230110,True,Exposicao intermediaria TSB,13,24793.2,2
2024,CE,230560,True,Alta exposicao TSB,13,5648.0,1
2024,ES,320210,True,Alta exposicao TSB,13,107672.57,1
2024,MA,210800,True,Alta exposicao TSB,13,11151.78,1
2024,MA,211220,True,Exposicao intermediaria TSB,13,16000.78,4
2024,MG,311420,True,Exposicao intermediaria TSB,13,24698.66,2
2024,MG,313880,True,Alta exposicao TSB,13,49654.24,1
2024,MG,314600,True,Exposicao intermediaria TSB,13,33657.66,2
2024,MG,315690,True,Alta exposicao TSB,13,90136.91,2
2024,MG,316210,True,Alta exposicao TSB,13,44618.84,1
2024,MG,316840,True,Exposicao intermediaria TSB,13,22303.05,1
2024,MS,500310,True,Alta exposicao TSB,13,57216.17,1
2024,MT,510620,True,Alta exposicao TSB,13,44326.94,2
2024,MT,510628,True,Alta exposicao TSB,13,78623.57,2
2024,PA,150270,True,Alta exposicao TSB,13,121806.97,1
2024,PA,150470,True,Alta exposicao TSB,13,55081.53,1
2024,PA,150530,True,Alta exposicao TSB,13,69538.8,1
2024,PA,150550,True,Alta exposicao TSB,13,428445.79,2
2024,PA,150618,True,Exposicao intermediaria TSB,13,18636.21,1
2024,PA,150715,True,Alta exposicao TSB,13,36470.14,1
2024,PA,150808,True,Alta exposicao TSB,13,38693.03,1
2024,PB,250160,True,Alta exposicao TSB,13,161145.26,1
2024,PI,220556,True,Alta exposicao TSB,13,116774.07,1
2024,PR,410080,True,Alta exposicao TSB,13,73571.51,1
2024,PR,410460,True,Exposicao intermediaria TSB,13,31859.33,3
2024,PR,410465,True,Alta exposicao TSB,13,32075.74,2
2024,PR,410680,True,Alta exposicao TSB,13,20972.940000000002,2
2024,PR,411020,True,Alta exposicao TSB,13,37206.52,1
2024,PR,411545,True,Alta exposicao TSB,13,36579.65,1
2024,PR,412855,True,Exposicao intermediaria TSB,13,42688.04,1
2024,PR,412865,True,Exposicao intermediaria TSB,13,25935.05,1
2024,RJ,330015,True,Alta exposicao TSB,13,19628.7,1
2024,RJ,330430,True,Alta exposicao TSB,13,28016.56,1
2024,RN,240380,True,Alta exposicao TSB,13,81163.56999999999,1
2024,RS,430110,True,Alta exposicao TSB,13,82248.16,1
2024,RS,430180,True,Alta exposicao TSB,13,131917.66,2
2024,RS,430355,True,Exposicao intermediaria TSB,13,39457.26,1
2024,RS,430420,True,Alta exposicao TSB,13,51013.37,1
2024,RS,430730,True,Alta exposicao TSB,13,51385.53,2
2024,RS,431053,True,Alta exposicao TSB,13,52239.49,1
2024,RS,431110,True,Alta exposicao TSB,13,88544.47,2
2024,RS,431270,True,Alta exposicao TSB,13,95200.34,2
2024,RS,431306,True,Exposicao intermediaria TSB,13,33951.65,1
2024,RS,431365,True,Alta exposicao TSB,13,45115.54,2
2024,RS,431450,True,Alta exposicao TSB,13,50725.58,1
2024,RS,431850,True,Alta exposicao TSB,13,85196.19,1
2024,RS,431890,True,Alta exposicao TSB,13,57219.04,1
2024,RS,431940,True,Alta exposicao TSB,13,53990.29,1
2024,SC,420350,True,Exposicao intermediaria TSB,13,33315.22,1
2024,SC,420630,True,Exposicao intermediaria TSB,13,54983.34,2
2024,SC,420860,True,Exposicao intermediaria TSB,13,33322.33,2
2024,SC,420870,True,Alta exposicao TSB,13,68932.93000000001,1
2024,SC,421090,True,Alta exposicao TSB,13,59660.560000000005,2
2024,SC,421220,True,Alta exposicao TSB,13,70199.69,1
2024,SC,421567,True,Exposicao intermediaria TSB,13,36422.61,1
2024,SC,421730,True,Exposicao intermediaria TSB,13,38816.25,1
2024,SE,280050,True,Alta exposicao TSB,13,95620.85,1
2024,SE,280440,True,Alta exposicao TSB,13,96740.53,1
2024,SP,350130,True,Alta exposicao TSB,13,82230.45,3
2024,SP,353300,True,Exposicao intermediaria TSB,13,36475.43,1
2024,SP,353790,True,Alta exposicao TSB,13,81363.36,2
2024,SP,353950,True,Exposicao intermediaria TSB,13,27461.3,1
2024,SP,354240,True,Alta exposicao TSB,13,103781.76999999999,2
2024,SP,355160,True,Alta exposicao TSB,13,123385.53,1
2024,AL,270470,True,Alta exposicao TSB,12,17223.129999999997,3
2024,AM,130050,True,Alta exposicao TSB,12,21196.57,1
2024,AM,130150,True,Alta exposicao TSB,12,48332.42,2
2024,AP,160080,True,Exposicao intermediaria TSB,12,17198.64,1
2024,BA,290600,True,Alta exposicao TSB,12,101312.57,1
2024,BA,291950,True,Exposicao intermediaria TSB,12,19565.66,1
2024,BA,291980,True,Exposicao intermediaria TSB,12,17650.0,2
2024,BA,292660,True,Alta exposicao TSB,12,122061.17,1
2024,BA,293290,True,Exposicao intermediaria TSB,12,24073.429999999997,2
2024,CE,230495,True,Exposicao intermediaria TSB,12,52583.32,1
2024,ES,320305,True,Exposicao intermediaria TSB,12,25933.78,1
2024,GO,520010,True,Exposicao intermediaria TSB,12,20216.2,1
2024,GO,520350,True,Exposicao intermediaria TSB,12,16429.43,1
2024,GO,520440,True,Exposicao intermediaria TSB,12,41924.66,2
2024,MA,210960,True,Alta exposicao TSB,12,72503.43,1
2024,MG,313540,True,Exposicao intermediaria TSB,12,96029.32,1
2024,MG,313790,True,Alta exposicao TSB,12,24187.25,1
2024,MG,315430,True,Exposicao intermediaria TSB,12,20168.46,1
2024,MG,316470,True,Exposicao intermediaria TSB,12,31233.97,1
2024,MT,510125,True,Alta exposicao TSB,12,130883.23,1
2024,MT,510267,True,Exposicao intermediaria TSB,12,30718.020000000004,2
2024,PA,150480,True,Alta exposicao TSB,12,57390.03,1
2024,PB,250150,True,Alta exposicao TSB,12,72196.32,1
2024,PB,250190,True,Alta exposicao TSB,12,80657.14,1
2024,PE,260640,True,Alta exposicao TSB,12,31529.699999999997,5
2024,PE,260640,True,Exposicao intermediaria TSB,12,12399.02,4
2024,PE,261370,True,Exposicao intermediaria TSB,12,7634.620000000001,2
2024,PE,261650,True,Alta exposicao TSB,12,26826.0,1
2024,PR,410530,True,Exposicao intermediaria TSB,12,33936.15,2
2024,PR,410660,True,Exposicao intermediaria TSB,12,45929.62,2
2024,PR,410880,True,Exposicao intermediaria TSB,12,31319.48,1
2024,PR,411190,True,Alta exposicao TSB,12,68242.65,1
2024,PR,411410,True,Alta exposicao TSB,12,24646.64,2
2024,PR,412100,True,Exposicao intermediaria TSB,12,35620.9,2
2024,PR,412470,True,Alta exposicao TSB,12,65204.53999999999,1
2024,PR,412575,True,Exposicao intermediaria TSB,12,28258.81,1
2024,RJ,330270,True,Exposicao intermediaria TSB,12,25177.1,2
2024,RJ,330415,True,Exposicao intermediaria TSB,12,35245.7,1
2024,RJ,330513,True,Alta exposicao TSB,12,29036.52,1
2024,RJ,330590,True,Alta exposicao TSB,12,28498.59,1
2024,RN,240010,True,Alta exposicao TSB,12,51089.979999999996,2
2024,RN,241330,True,Alta exposicao TSB,12,94404.48,2
2024,RN,241440,True,Exposicao intermediaria TSB,12,21170.51,1
2024,RO,110004,True,Exposicao intermediaria TSB,12,26017.81,2
2024,RO,110006,True,Alta exposicao TSB,12,30821.87,1
2024,RO,110149,True,Alta exposicao TSB,12,31383.129999999997,2
2024,RS,430140,True,Alta exposicao TSB,12,52175.840000000004,2
2024,RS,430230,True,Alta exposicao TSB,12,37800.32,2
2024,RS,430620,True,Exposicao intermediaria TSB,12,23983.350000000002,2
2024,RS,431040,True,Exposicao intermediaria TSB,12,36390.83,2
2024,RS,431150,True,Alta exposicao TSB,12,66447.79,1
2024,RS,431215,True,Exposicao intermediaria TSB,12,26379.94,1
2024,RS,431275,True,Exposicao intermediaria TSB,12,15904.32,2
2024,RS,431370,True,Exposicao intermediaria TSB,12,24971.82,2
2024,RS,431647,True,Alta exposicao TSB,12,82573.09,1
2024,RS,432020,True,Alta exposicao TSB,12,62190.78,1
2024,RS,432130,True,Alta exposicao TSB,12,75298.31,1
2024,SC,420010,True,Exposicao intermediaria TSB,12,26661.78,1
2024,SC,420250,True,Alta exposicao TSB,12,76057.31999999999,2
2024,SC,420810,True,Alta exposicao TSB,12,78367.6,1
2024,SC,421225,True,Alta exposicao TSB,12,106109.12,1
2024,SP,350440,True,Alta exposicao TSB,12,30610.35,1
2024,SP,351790,True,Exposicao intermediaria TSB,12,24561.75,1
2024,SP,351950,True,Alta exposicao TSB,12,47987.65,1
2024,SP,352030,True,Alta exposicao TSB,12,150448.12,1
2024,SP,352670,True,Alta exposicao TSB,12,306586.72000000003,3
2024,SP,353130,True,Exposicao intermediaria TSB,12,33359.72,2
2024,SP,353200,True,Exposicao intermediaria TSB,12,34895.4,2
2024,SP,353420,True,Exposicao intermediaria TSB,12,43614.64,1
2024,SP,353920,True,Alta exposicao TSB,12,86941.9,1
2024,SP,354280,True,Alta exposicao TSB,12,60448.82,1
2024,SP,354560,True,Exposicao intermediaria TSB,12,22331.6,2
2024,TO,171886,True,Alta exposicao TSB,12,25451.55,1
2024,AL,270850,True,Alta exposicao TSB,11,111479.64,1
2024,BA,290120,True,Alta exposicao TSB,11,22414.93,2
2024,BA,290910,True,Alta exposicao TSB,11,28424.25,1
2024,CE,230020,True,Alta exposicao TSB,11,69118.7,1
2024,CE,231330,True,Alta exposicao TSB,11,40132.79,2
2024,ES,320010,True,Alta exposicao TSB,11,78706.98,1
2024,ES,320220,True,Alta exposicao TSB,11,81665.89,2
2024,ES,320435,True,Alta exposicao TSB,11,37907.66,1
2024,ES,320440,True,Exposicao intermediaria TSB,11,20931.2,1
2024,ES,320506,True,Alta exposicao TSB,11,87533.75,1
2024,GO,521830,True,Exposicao intermediaria TSB,11,17089.2,3
2024,MA,211180,True,Alta exposicao TSB,11,27571.26,1
2024,MG,311460,True,Exposicao intermediaria TSB,11,28364.11,1
2024,MG,311870,True,Alta exposicao TSB,11,82480.13,1
2024,MG,314090,True,Exposicao intermediaria TSB,11,21011.41,1
2024,MG,314100,True,Alta exposicao TSB,11,19812.67,1
2024,MG,315060,True,Exposicao intermediaria TSB,11,24994.52,1
2024,MG,315460,True,Alta exposicao TSB,11,18732.95,3
2024,MG,316740,True,Exposicao intermediaria TSB,11,38409.77,2
2024,MG,316935,True,Exposicao intermediaria TSB,11,30257.4,2
2024,MG,316940,True,Exposicao intermediaria TSB,11,12539.31,3
2024,MG,317200,True,Exposicao intermediaria TSB,11,11299.34,3
2024,MT,510615,True,Alta exposicao TSB,11,44813.87,1
2024,MT,510682,True,Alta exposicao TSB,11,27829.43,1
2024,PB,250770,True,Alta exposicao TSB,11,78073.09,1
2024,PB,251230,True,Alta exposicao TSB,11,68132.68,1
2024,PB,251690,True,Alta exposicao TSB,11,74127.74,1
2024,PE,261130,True,Exposicao intermediaria TSB,11,28311.92,1
2024,PR,410010,True,Alta exposicao TSB,11,66194.31,1
2024,PR,410230,True,Alta exposicao TSB,11,0.0,1
2024,PR,411060,True,Exposicao intermediaria TSB,11,43776.75,2
2024,PR,411240,True,Exposicao intermediaria TSB,11,20187.0,2
2024,PR,411560,True,Exposicao intermediaria TSB,11,23359.92,2
2024,PR,412627,True,Exposicao intermediaria TSB,11,33668.22,2
2024,RJ,330025,True,Exposicao intermediaria TSB,11,25581.64,1
2024,RJ,330060,True,Alta exposicao TSB,11,102960.09,1
2024,RJ,330225,True,Exposicao intermediaria TSB,11,18580.89,3
2024,RJ,330570,True,Alta exposicao TSB,11,25378.21,1
2024,RN,240990,True,Alta exposicao TSB,11,64348.35,1
2024,RS,430040,True,Exposicao intermediaria TSB,11,20820.35,1
2024,RS,430185,True,Exposicao intermediaria TSB,11,15600.0,1
2024,RS,430645,True,Alta exposicao TSB,11,25805.88,1
2024,RS,430695,True,Alta exposicao TSB,11,117792.12,2
2024,RS,430750,True,Exposicao intermediaria TSB,11,28257.73,2
2024,RS,431090,True,Alta exposicao TSB,11,33188.39,2
2024,RS,431110,True,Exposicao intermediaria TSB,11,25925.37,1
2024,RS,431380,True,Alta exposicao TSB,11,51047.73,1
2024,RS,431590,True,Exposicao intermediaria TSB,11,25281.77,1
2024,RS,431600,True,Alta exposicao TSB,11,43787.55,1
2024,RS,431630,True,Alta exposicao TSB,11,162141.55,1
2024,RS,431780,True,Alta exposicao TSB,11,74122.7,1
2024,RS,431810,True,Alta exposicao TSB,11,28638.56,1
2024,RS,431844,True,Exposicao intermediaria TSB,11,21452.29,1
2024,RS,432140,True,Alta exposicao TSB,11,42645.11,1
2024,RS,432220,True,Alta exposicao TSB,11,28178.63,1
2024,SC,420205,True,Exposicao intermediaria TSB,11,16012.5,2
2024,SC,420960,True,Alta exposicao TSB,11,86797.52,1
2024,SC,421200,True,Alta exposicao TSB,11,45079.14,2
2024,SC,421265,True,Alta exposicao TSB,11,100084.3,1
2024,SC,421530,True,Exposicao intermediaria TSB,11,25983.15,2
2024,SC,421610,True,Alta exposicao TSB,11,78574.83,3
2024,SC,421740,True,Alta exposicao TSB,11,30142.28,1
2024,SE,280470,True,Alta exposicao TSB,11,72731.54000000001,1
2024,SP,350590,True,Exposicao intermediaria TSB,11,20915.870000000003,2
2024,SP,352850,True,Exposicao intermediaria TSB,11,25494.5,3
2024,SP,355010,True,Exposicao intermediaria TSB,11,28865.29,1
2024,SP,355380,True,Alta exposicao TSB,11,106748.2,1
2024,TO,171330,True,Alta exposicao TSB,11,23292.07,1
2024,TO,172080,True,Alta exposicao TSB,11,42392.48,1
2024,AL,270140,True,Alta exposicao TSB,10,76047.09,1
2024,AL,270200,True,Alta exposicao TSB,10,6012.0,1
2024,AL,270280,True,Alta exposicao TSB,10,20033.61,1
2024,AL,270440,True,Alta exposicao TSB,10,15532.0,1
2024,AM,130180,True,Alta exposicao TSB,10,41412.61,2
2024,AM,130290,True,Alta exposicao TSB,10,63757.62,2
2024,AM,130370,True,Alta exposicao TSB,10,41212.08,1
2024,BA,291130,True,Alta exposicao TSB,10,148236.86,1
2024,BA,291360,True,Alta exposicao TSB,10,17565.97,1
2024,BA,291390,True,Exposicao intermediaria TSB,10,6330.47,1
2024,BA,291560,True,Exposicao intermediaria TSB,10,13869.390000000001,2
2024,BA,293300,True,Exposicao intermediaria TSB,10,14120.0,2
2024,CE,230426,True,Alta exposicao TSB,10,31842.62,1
2024,CE,230850,True,Exposicao intermediaria TSB,10,14778.93,1
2024,ES,320010,True,Exposicao intermediaria TSB,10,20819.58,1
2024,ES,320090,True,Exposicao intermediaria TSB,10,18977.44,1
2024,ES,320350,True,Alta exposicao TSB,10,109311.14,1
2024,ES,320405,True,Alta exposicao TSB,10,115485.67,1
2024,ES,320420,True,Alta exposicao TSB,10,79504.86,1
2024,ES,320460,True,Exposicao intermediaria TSB,10,39877.07,1
2024,ES,320470,True,Alta exposicao TSB,10,107063.18,1
2024,GO,520660,True,Alta exposicao TSB,10,46254.84,1
2024,GO,521800,True,Exposicao intermediaria TSB,10,14991.19,3
2024,GO,522200,True,Exposicao intermediaria TSB,10,28967.61,2
2024,MG,310530,True,Alta exposicao TSB,10,57460.76,1
2024,MG,311330,True,Exposicao intermediaria TSB,10,17793.06,2
2024,MG,312160,True,Exposicao intermediaria TSB,10,12750.25,1
2024,MG,312420,True,Exposicao intermediaria TSB,10,17382.32,2
2024,MG,313010,True,Alta exposicao TSB,10,26657.46,3
2024,MG,313300,True,Exposicao intermediaria TSB,10,18070.13,1
2024,MG,313360,True,Alta exposicao TSB,10,21409.58,2
2024,MG,313520,True,Exposicao intermediaria TSB,10,13547.39,1
2024,MG,315150,True,Exposicao intermediaria TSB,10,6074.91,1
2024,MG,316040,True,Exposicao intermediaria TSB,10,18366.92,2
2024,MG,316910,True,Alta exposicao TSB,10,23320.7,1
2024,MG,317040,True,Exposicao intermediaria TSB,10,22617.87,2
2024,MG,317115,True,Alta exposicao TSB,10,34145.28,1
2024,MS,500490,True,Alta exposicao TSB,10,40681.94,3
2024,MT,510558,True,Alta exposicao TSB,10,29511.91,1
2024,MT,510625,True,Exposicao intermediaria TSB,10,16621.5,2
2024,MT,510890,True,Alta exposicao TSB,10,73247.93,1
2024,PA,150150,True,Alta exposicao TSB,10,25286.29,1
2024,PA,150250,True,Alta exposicao TSB,10,62305.49,1
2024,PA,150410,True,Alta exposicao TSB,10,65590.67,1
2024,PA,150543,True,Exposicao intermediaria TSB,10,96641.51,1
2024,PB,250490,True,Alta exposicao TSB,10,77044.3,1
2024,PB,250600,True,Alta exposicao TSB,10,80080.0,1
2024,PB,250730,True,Alta exposicao TSB,10,61883.130000000005,1
2024,PB,250830,True,Alta exposicao TSB,10,100768.84,1
2024,PB,251490,True,Alta exposicao TSB,10,71243.02,1
2024,PB,251630,True,Alta exposicao TSB,10,58226.25,1
2024,PE,260005,True,Exposicao intermediaria TSB,10,22888.77,2
2024,PE,260510,True,Alta exposicao TSB,10,18823.29,1
2024,PR,410170,True,Alta exposicao TSB,10,16565.84,2
2024,PR,410330,True,Exposicao intermediaria TSB,10,23297.949999999997,2
2024,PR,410445,True,Exposicao intermediaria TSB,10,33009.12,1
2024,PR,410450,True,Alta exposicao TSB,10,98996.51,1
2024,PR,410680,True,Exposicao intermediaria TSB,10,17835.79,1
2024,PR,412050,True,Exposicao intermediaria TSB,10,20991.68,1
2024,PR,412840,True,Alta exposicao TSB,10,20842.82,1
2024,RJ,330045,True,Alta exposicao TSB,10,27659.32,3
2024,RJ,330220,True,Alta exposicao TSB,10,26715.6,3
2024,RJ,330550,True,Exposicao intermediaria TSB,10,8010.75,2
2024,RJ,330555,True,Exposicao intermediaria TSB,10,36114.17,1
2024,RJ,330570,True,Exposicao intermediaria TSB,10,11171.88,1
2024,RN,240180,True,Alta exposicao TSB,10,21872.74,1
2024,RN,240820,True,Alta exposicao TSB,10,43386.37,1
2024,RO,110011,True,Exposicao intermediaria TSB,10,13594.39,2
2024,RS,430280,True,Exposicao intermediaria TSB,10,16633.68,2
2024,RS,430517,True,Exposicao intermediaria TSB,10,28136.43,1
2024,RS,430520,True,Alta exposicao TSB,10,73885.33,1
2024,RS,430580,True,Exposicao intermediaria TSB,10,15310.12,1
2024,RS,430600,True,Alta exposicao TSB,10,42900.95,3
2024,RS,430645,True,Exposicao intermediaria TSB,10,37002.71,1
2024,RS,430676,True,Exposicao intermediaria TSB,10,21918.13,1
2024,RS,430720,True,Exposicao intermediaria TSB,10,24410.88,1
2024,RS,430807,True,Alta exposicao TSB,10,24283.51,1
2024,RS,430880,True,Alta exposicao TSB,10,44332.880000000005,1
2024,RS,430900,True,Alta exposicao TSB,10,83609.48999999999,2
2024,RS,431320,True,Alta exposicao TSB,10,44909.48,2
2024,RS,431420,True,Alta exposicao TSB,10,34845.22,1
2024,RS,431470,True,Alta exposicao TSB,10,50291.6,1
2024,RS,431514,True,Exposicao intermediaria TSB,10,27504.02,1
2024,RS,431550,True,Alta exposicao TSB,10,41814.97,1
2024,RS,431842,True,Exposicao intermediaria TSB,10,19400.7,1
2024,RS,431860,True,Exposicao intermediaria TSB,10,17596.6,2
2024,RS,432377,True,Exposicao intermediaria TSB,10,20817.739999999998,2
2024,SC,420710,True,Exposicao intermediaria TSB,10,39074.17,1
2024,SC,420945,True,Exposicao intermediaria TSB,10,18083.84,1
2024,SC,421170,True,Exposicao intermediaria TSB,10,24236.95,3
2024,SC,421400,True,Exposicao intermediaria TSB,10,22309.82,1
2024,SC,421420,True,Alta exposicao TSB,10,86048.52,2
2024,SC,421440,True,Exposicao intermediaria TSB,10,13170.14,2
2024,SC,421600,True,Exposicao intermediaria TSB,10,22037.19,1
2024,SC,421810,True,Alta exposicao TSB,10,42741.65,1
2024,SC,421850,True,Alta exposicao TSB,10,60442.68,1
2024,SC,421890,True,Alta exposicao TSB,10,80361.92,1
2024,SC,421890,True,Exposicao intermediaria TSB,10,19595.04,1
2024,SE,280270,True,Alta exposicao TSB,10,55554.18,1
2024,SE,280530,True,Alta exposicao TSB,10,71297.54,1
2024,SE,280620,True,Alta exposicao TSB,10,83532.72,1
2024,SP,350040,True,Alta exposicao TSB,10,111310.96,1
2024,SP,350450,True,Exposicao intermediaria TSB,10,21501.88,2
2024,SP,350775,True,Alta exposicao TSB,10,40795.11,2
2024,SP,351000,True,Alta exposicao TSB,10,106891.96,1
2024,SP,351220,True,Exposicao intermediaria TSB,10,35657.61,2
2024,SP,351960,True,Exposicao intermediaria TSB,10,33634.35,1
2024,SP,352100,True,Alta exposicao TSB,10,75305.41,2
2024,SP,352760,True,Exposicao intermediaria TSB,10,120713.99,2
2024,SP,352920,True,Exposicao intermediaria TSB,10,24157.53,2
2024,SP,353580,True,Alta exposicao TSB,10,58286.44,1
2024,SP,354150,True,Exposicao intermediaria TSB,10,20615.94,2
2024,SP,354430,True,Exposicao intermediaria TSB,10,27749.98,1
2024,TO,170710,True,Alta exposicao TSB,10,19299.32,1
2024,TO,171780,True,Alta exposicao TSB,10,23696.78,2
2024,AC,120039,True,Alta exposicao TSB,9,31651.18,1
2024,AL,270800,True,Alta exposicao TSB,9,11824.0,1
2024,AM,130426,True,Alta exposicao TSB,9,15297.449999999999,2
2024,AP,160023,True,Exposicao intermediaria TSB,9,27810.71,1
2024,BA,292700,True,Exposicao intermediaria TSB,9,0.0,1
2024,BA,293090,True,Alta exposicao TSB,9,104064.77,1
2024,CE,231135,True,Alta exposicao TSB,9,24297.12,1
2024,ES,320503,True,Alta exposicao TSB,9,63170.51,1
2024,GO,520390,True,Exposicao intermediaria TSB,9,16460.84,2
2024,GO,521010,True,Exposicao intermediaria TSB,9,22093.16,1
2024,GO,521565,True,Alta exposicao TSB,9,46636.4,1
2024,GO,521980,True,Alta exposicao TSB,9,63790.8,1
2024,MA,210070,True,Alta exposicao TSB,9,4980.43,1
2024,MA,210120,True,Exposicao intermediaria TSB,9,11964.35,2
2024,MA,210409,True,Alta exposicao TSB,9,20327.0,1
2024,MA,210850,True,Alta exposicao TSB,9,18687.6,1
2024,MG,310390,True,Exposicao intermediaria TSB,9,19728.28,1
2024,MG,311280,True,Exposicao intermediaria TSB,9,19566.6,1
2024,MG,312220,True,Alta exposicao TSB,9,35840.9,1
2024,MG,313310,True,Alta exposicao TSB,9,15213.42,1
2024,MG,316290,True,Exposicao intermediaria TSB,9,14568.0,2
2024,MG,316780,True,Alta exposicao TSB,9,36755.95,1
2024,MG,317005,True,Alta exposicao TSB,9,18790.53,1
2024,MS,500790,True,Exposicao intermediaria TSB,9,18730.0,2
2024,MT,510020,True,Alta exposicao TSB,9,29087.53,1
2024,MT,510170,True,Exposicao intermediaria TSB,9,36795.21,2
2024,MT,510480,True,Exposicao intermediaria TSB,9,0.0,1
2024,PA,150010,True,Exposicao intermediaria TSB,9,0.0,2
2024,PA,150030,True,Alta exposicao TSB,9,32046.74,1
2024,PA,150100,True,Alta exposicao TSB,9,50412.63,1
2024,PA,150295,True,Alta exposicao TSB,9,30817.120000000003,1
2024,PA,150320,True,Alta exposicao TSB,9,21440.82,1
2024,PA,150440,True,Alta exposicao TSB,9,47165.01,1
2024,PA,150442,True,Exposicao intermediaria TSB,9,16132.19,2
2024,PB,250070,True,Alta exposicao TSB,9,36734.17,2
2024,PB,251230,True,Exposicao intermediaria TSB,9,14425.93,1
2024,PB,251340,True,Alta exposicao TSB,9,49190.29,1
2024,PB,251610,True,Alta exposicao TSB,9,63347.12,1
2024,PE,260120,True,Alta exposicao TSB,9,21925.06,2
2024,PE,260600,True,Exposicao intermediaria TSB,9,20352.79,1
2024,PI,220190,True,Alta exposicao TSB,9,65653.63,1
2024,PI,220290,True,Alta exposicao TSB,9,58161.100000000006,1
2024,PI,220550,True,Alta exposicao TSB,9,112622.7,1
2024,PI,220700,True,Alta exposicao TSB,9,161336.69,2
2024,PI,221060,True,Exposicao intermediaria TSB,9,15017.53,2
2024,PR,410470,True,Alta exposicao TSB,9,15755.3,1
2024,PR,410820,True,Exposicao intermediaria TSB,9,16184.62,1
2024,PR,411120,True,Exposicao intermediaria TSB,9,29199.98,1
2024,PR,411722,True,Exposicao intermediaria TSB,9,23249.23,1
2024,PR,412010,True,Exposicao intermediaria TSB,9,40224.68,1
2024,PR,412500,True,Exposicao intermediaria TSB,9,10942.34,1
2024,PR,412720,True,Exposicao intermediaria TSB,9,17204.690000000002,3
2024,RJ,330187,True,Exposicao intermediaria TSB,9,16458.53,1
2024,RJ,330560,True,Exposicao intermediaria TSB,9,26406.13,1
2024,RN,240220,True,Alta exposicao TSB,9,33789.05,2
2024,RN,240230,True,Alta exposicao TSB,9,62037.37,1
2024,RN,240350,True,Alta exposicao TSB,9,54630.89,1
2024,RN,240670,True,Alta exposicao TSB,9,73432.82,2
2024,RN,240980,True,Alta exposicao TSB,9,54064.4,1
2024,RN,241260,True,Alta exposicao TSB,9,42073.05,1
2024,RN,241400,True,Alta exposicao TSB,9,60038.1,1
2024,RS,430140,True,Exposicao intermediaria TSB,9,19145.87,1
2024,RS,430220,True,Alta exposicao TSB,9,69852.28,1
2024,RS,430290,True,Alta exposicao TSB,9,55171.73,1
2024,RS,430595,True,Alta exposicao TSB,9,77572.69,2
2024,RS,430600,True,Exposicao intermediaria TSB,9,18316.97,1
2024,RS,430690,True,Exposicao intermediaria TSB,9,18491.55,1
2024,RS,430745,True,Exposicao intermediaria TSB,9,16205.45,1
2024,RS,430810,True,Alta exposicao TSB,9,38624.75,1
2024,RS,431000,True,Exposicao intermediaria TSB,9,20686.7,2
2024,RS,431675,True,Exposicao intermediaria TSB,9,24130.8,2
2024,RS,432065,True,Alta exposicao TSB,9,29777.13,1
2024,RS,432143,True,Exposicao intermediaria TSB,9,19758.7,1
2024,RS,432330,True,Exposicao intermediaria TSB,9,39019.89,2
2024,SC,420120,True,Alta exposicao TSB,9,59886.47,2
2024,SC,420440,True,Alta exposicao TSB,9,59453.770000000004,2
2024,SC,420490,True,Alta exposicao TSB,9,75903.25,1
2024,SC,420520,True,Alta exposicao TSB,9,67738.25,2
2024,SC,420768,True,Alta exposicao TSB,9,96059.57,1
2024,SC,420800,True,Alta exposicao TSB,9,85427.73,2
2024,SC,421000,True,Alta exposicao TSB,9,75157.61,1
2024,SC,421003,True,Alta exposicao TSB,9,29165.83,2
2024,SC,421175,True,Exposicao intermediaria TSB,9,24680.69,3
2024,SC,421223,True,Alta exposicao TSB,9,33645.16,1
2024,SE,280330,True,Alta exposicao TSB,9,76211.42,1
2024,SE,280390,True,Alta exposicao TSB,9,67928.39,1
2024,SP,350115,True,Alta exposicao TSB,9,112227.67,1
2024,SP,350420,True,Exposicao intermediaria TSB,9,24412.71,3
2024,SP,350520,True,Exposicao intermediaria TSB,9,33212.9,2
2024,SP,350870,True,Alta exposicao TSB,9,86013.42,1
2024,SP,351390,True,Exposicao intermediaria TSB,9,26573.27,1
2024,SP,351630,True,Exposicao intermediaria TSB,9,7276.19,1
2024,SP,351780,True,Alta exposicao TSB,9,62991.09,1
2024,SP,351810,True,Alta exposicao TSB,9,20161.4,1
2024,SP,352240,True,Exposicao intermediaria TSB,9,21304.1,3
2024,SP,352550,True,Alta exposicao TSB,9,139001.53,1
2024,SP,353010,True,Alta exposicao TSB,9,41081.31,2
2024,SP,353110,True,Exposicao intermediaria TSB,9,24072.24,3
2024,AC,120032,True,Alta exposicao TSB,8,29937.15,1
2024,AC,120035,True,Alta exposicao TSB,8,26528.16,1
2024,AC,120043,True,Alta exposicao TSB,8,28463.57,1
2024,AL,270400,True,Alta exposicao TSB,8,9554.53,1
2024,BA,290390,True,Exposicao intermediaria TSB,8,14612.37,2
2024,BA,291340,True,Alta exposicao TSB,8,27732.85,2
2024,CE,230210,True,Exposicao intermediaria TSB,8,14305.9,1
2024,CE,230500,True,Alta exposicao TSB,8,11597.0,3
2024,ES,320110,True,Alta exposicao TSB,8,65252.54,2
2024,ES,320190,True,Alta exposicao TSB,8,36791.46,2
2024,ES,320370,True,Alta exposicao TSB,8,54007.71000000001,2
2024,GO,520130,True,Exposicao intermediaria TSB,8,18232.54,1
2024,GO,520850,True,Alta exposicao TSB,8,77587.31,1
2024,GO,521295,True,Alta exposicao TSB,8,19570.32,1
2024,MA,210300,True,Exposicao intermediaria TSB,8,13000.0,1
2024,MA,210820,True,Exposicao intermediaria TSB,8,11248.93,1
2024,MG,310150,True,Exposicao intermediaria TSB,8,15098.19,1
2024,MG,310260,True,Exposicao intermediaria TSB,8,22261.87,2
2024,MG,311380,True,Alta exposicao TSB,8,58392.25,1
2024,MG,311550,True,Alta exposicao TSB,8,31234.69,1
2024,MG,312320,True,Exposicao intermediaria TSB,8,11870.14,1
2024,MG,312900,True,Exposicao intermediaria TSB,8,11037.24,1
2024,MG,313060,True,Alta exposicao TSB,8,12413.25,1
2024,MG,313860,True,Alta exposicao TSB,8,27309.23,1
2024,MG,314970,True,Alta exposicao TSB,8,17149.5,1
2024,MG,316500,True,Alta exposicao TSB,8,14350.36,1
2024,MT,510260,True,Alta exposicao TSB,8,62880.08,1
2024,MT,510320,True,Exposicao intermediaria TSB,8,19569.949999999997,2
2024,MT,510385,True,Exposicao intermediaria TSB,8,23833.62,1
2024,MT,510490,True,Alta exposicao TSB,8,24663.28,2
2024,MT,510779,True,Alta exposicao TSB,8,27389.97,1
2024,PA,150040,True,Alta exposicao TSB,8,35894.17,1
2024,PA,150510,True,Alta exposicao TSB,8,74738.29,1
2024,PA,150650,True,Exposicao intermediaria TSB,8,15125.6,2
2024,PA,150740,True,Alta exposicao TSB,8,35754.43,1
2024,PA,150820,True,Alta exposicao TSB,8,40181.05,1
2024,PB,250700,True,Alta exposicao TSB,8,74595.56999999999,1
2024,PB,250880,True,Alta exposicao TSB,8,55108.19,2
2024,PB,250910,True,Alta exposicao TSB,8,45990.63,1
2024,PB,251450,True,Alta exposicao TSB,8,45359.65,1
2024,PB,251650,True,Alta exposicao TSB,8,57443.23,1
2024,PB,251660,True,Alta exposicao TSB,8,61429.05,1
2024,PE,260110,True,Alta exposicao TSB,8,12606.67,2
2024,PE,260320,True,Alta exposicao TSB,8,58309.03,1
2024,PR,410070,True,Exposicao intermediaria TSB,8,15636.4,1
2024,PR,410210,True,Exposicao intermediaria TSB,8,15277.89,2
2024,PR,411440,True,Alta exposicao TSB,8,37394.63,2
2024,PR,411660,True,Alta exposicao TSB,8,58623.77,1
2024,PR,411721,True,Alta exposicao TSB,8,55817.24,1
2024,PR,412370,True,Exposicao intermediaria TSB,8,2080.38,2
2024,RJ,330187,True,Alta exposicao TSB,8,11091.42,1
2024,RJ,330412,True,Exposicao intermediaria TSB,8,14222.77,1
2024,RN,240270,True,Alta exposicao TSB,8,43326.85,1
2024,RN,240560,True,Alta exposicao TSB,8,40379.2,1
2024,RN,240930,True,Alta exposicao TSB,8,48785.08,1
2024,RN,241030,True,Alta exposicao TSB,8,55357.18,1
2024,RN,241140,True,Alta exposicao TSB,8,49391.54,2
2024,RN,241230,True,Alta exposicao TSB,8,46507.42,1
2024,RN,241355,True,Exposicao intermediaria TSB,8,15868.88,1
2024,RS,430163,True,Alta exposicao TSB,8,30276.58,1
2024,RS,430237,True,Alta exposicao TSB,8,56375.9,2
2024,RS,430380,True,Alta exposicao TSB,8,74115.47,1
2024,RS,430530,True,Exposicao intermediaria TSB,8,16784.32,2
2024,RS,430805,True,Exposicao intermediaria TSB,8,14948.77,1
2024,RS,430880,True,Exposicao intermediaria TSB,8,8944.0,1
2024,RS,430905,True,Alta exposicao TSB,8,14615.02,1
2024,RS,430975,True,Exposicao intermediaria TSB,8,16223.15,1
2024,RS,431220,True,Alta exposicao TSB,8,51644.17,2
2024,RS,431395,True,Alta exposicao TSB,8,40320.67,1
2024,RS,431400,True,Exposicao intermediaria TSB,8,19659.2,2
2024,RS,431460,True,Exposicao intermediaria TSB,8,17869.03,1
2024,RS,431610,True,Exposicao intermediaria TSB,8,15366.81,1
2024,RS,431860,True,Alta exposicao TSB,8,39749.94,1
2024,RS,431910,True,Alta exposicao TSB,8,36492.33,1
2024,RS,432070,True,Exposicao intermediaria TSB,8,18818.47,1
2024,RS,432085,True,Exposicao intermediaria TSB,8,14106.2,1
2024,RS,432143,True,Alta exposicao TSB,8,39770.61,1
2024,RS,432220,True,Exposicao intermediaria TSB,8,18250.59,2
2024,SC,420150,True,Alta exposicao TSB,8,45863.12,2
2024,SC,420350,True,Alta exposicao TSB,8,56201.41,1
2024,SC,420490,True,Exposicao intermediaria TSB,8,21175.56,2
2024,SC,420860,True,Alta exposicao TSB,8,21171.31,2
2024,SC,421020,True,Alta exposicao TSB,8,49541.630000000005,2
2024,SC,421110,True,Alta exposicao TSB,8,49742.61,1
2024,SC,421225,True,Exposicao intermediaria TSB,8,17576.73,1
2024,SC,421360,True,Exposicao intermediaria TSB,8,12020.0,1
2024,SC,421490,True,Alta exposicao TSB,8,82254.31,2
2024,SC,421567,True,Alta exposicao TSB,8,29715.309999999998,2
2024,SE,280440,True,Exposicao intermediaria TSB,8,22678.4,2
2024,SE,280740,True,Exposicao intermediaria TSB,8,11207.87,1
2024,SP,350055,True,Alta exposicao TSB,8,35948.020000000004,2
2024,SP,350820,True,Alta exposicao TSB,8,50115.16,2
2024,SP,351015,True,Alta exposicao TSB,8,0.0,1
2024,SP,352370,True,Exposicao intermediaria TSB,8,24840.74,1
2024,SP,352740,True,Alta exposicao TSB,8,67097.5,1
2024,SP,352980,True,Exposicao intermediaria TSB,8,16855.43,1
2024,SP,353600,True,Alta exposicao TSB,8,28625.59,2
2024,SP,353900,True,Alta exposicao TSB,8,26924.62,1
2024,SP,354050,True,Alta exposicao TSB,8,66209.8,1
2024,SP,354050,True,Exposicao intermediaria TSB,8,25459.99,1
2024,SP,354090,True,Alta exposicao TSB,8,50349.7,1
2024,SP,354380,True,Exposicao intermediaria TSB,8,15587.83,1
2024,SP,355510,True,Exposicao intermediaria TSB,8,13201.75,1
2024,TO,170190,True,Alta exposicao TSB,8,16324.5,1
2024,TO,171650,True,Exposicao intermediaria TSB,8,17387.760000000002,1
2024,AL,270235,True,Alta exposicao TSB,7,6400.0,1
2024,AL,270550,True,Exposicao intermediaria TSB,7,22157.85,1
2024,BA,291320,True,Exposicao intermediaria TSB,7,15478.0,2
2024,BA,291640,True,Exposicao intermediaria TSB,7,11661.0,1
2024,BA,291730,True,Exposicao intermediaria TSB,7,10856.25,1
2024,BA,291760,True,Exposicao intermediaria TSB,7,11907.87,1
2024,BA,292330,True,Alta exposicao TSB,7,41837.32,1
2024,BA,292665,True,Alta exposicao TSB,7,31693.2,1
2024,BA,292800,True,Exposicao intermediaria TSB,7,9977.0,1
2024,BA,292810,True,Exposicao intermediaria TSB,7,10632.45,1
2024,BA,293110,True,Exposicao intermediaria TSB,7,0.0,1
2024,CE,230240,True,Exposicao intermediaria TSB,7,10326.78,1
2024,CE,230435,True,Exposicao intermediaria TSB,7,10031.0,1
2024,CE,231310,True,Exposicao intermediaria TSB,7,12205.96,1
2024,CE,231350,True,Alta exposicao TSB,7,54695.33,1
2024,ES,320016,True,Alta exposicao TSB,7,34636.79,1
2024,ES,320030,True,Exposicao intermediaria TSB,7,13532.86,1
2024,ES,320245,True,Exposicao intermediaria TSB,7,11723.51,1
2024,ES,320265,True,Exposicao intermediaria TSB,7,14327.47,1
2024,ES,320332,True,Exposicao intermediaria TSB,7,14211.56,2
2024,ES,320380,True,Alta exposicao TSB,7,69069.99,1
2024,ES,320410,True,Alta exposicao TSB,7,73682.18000000001,2
2024,GO,520170,True,Exposicao intermediaria TSB,7,15229.73,1
2024,GO,521225,True,Alta exposicao TSB,7,11197.72,1
2024,GO,521380,True,Exposicao intermediaria TSB,7,16902.8,2
2024,GO,521440,True,Exposicao intermediaria TSB,7,18269.2,1
2024,GO,521570,True,Exposicao intermediaria TSB,7,14127.41,2
2024,MA,210170,True,Exposicao intermediaria TSB,7,9130.93,1
2024,MA,210805,True,Alta exposicao TSB,7,80493.93,1
2024,MA,211105,True,Alta exposicao TSB,7,22628.49,1
2024,MA,211110,True,Alta exposicao TSB,7,22689.92,1
2024,MG,311660,True,Exposicao intermediaria TSB,7,14932.78,2
2024,MG,312200,True,Exposicao intermediaria TSB,7,16188.050000000001,2
2024,MG,313820,True,Alta exposicao TSB,7,11122.84,2
2024,MG,313910,True,Exposicao intermediaria TSB,7,10833.34,1
2024,MG,315210,True,Exposicao intermediaria TSB,7,9011.31,2
2024,MG,315490,True,Alta exposicao TSB,7,22472.81,1
2024,MG,315930,True,Alta exposicao TSB,7,9455.56,2
2024,MG,316470,True,Alta exposicao TSB,7,16874.78,4
2024,MG,316805,True,Alta exposicao TSB,7,28779.77,1
2024,MS,500100,True,Exposicao intermediaria TSB,7,3405.4700000000003,1
2024,MS,500290,True,Alta exposicao TSB,7,28656.66,2
2024,MS,500295,True,Exposicao intermediaria TSB,7,10024.0,1
2024,MT,510140,True,Exposicao intermediaria TSB,7,13635.96,1
2024,MT,510680,True,Alta exposicao TSB,7,19343.95,1
2024,MT,510718,True,Exposicao intermediaria TSB,7,2053.33,1
2024,PA,150013,True,Alta exposicao TSB,7,31649.32,1
2024,PA,150230,True,Alta exposicao TSB,7,46112.98,1
2024,PA,150460,True,Alta exposicao TSB,7,34491.78,1
2024,PA,150580,True,Alta exposicao TSB,7,25636.2,1
2024,PA,150670,True,Alta exposicao TSB,7,19858.79,1
2024,PA,150750,True,Alta exposicao TSB,7,14852.03,1
2024,PB,250260,True,Alta exposicao TSB,7,66064.28,1
2024,PB,250280,True,Alta exposicao TSB,7,64413.99,1
2024,PB,250740,True,Alta exposicao TSB,7,48307.4,1
2024,PB,251130,True,Alta exposicao TSB,7,49359.68,1
2024,PB,251140,True,Alta exposicao TSB,7,64555.43,1
2024,PB,251390,True,Alta exposicao TSB,7,62175.2,1
2024,PE,260020,True,Alta exposicao TSB,7,26737.8,1
2024,PE,260400,True,Alta exposicao TSB,7,14363.17,1
2024,PI,220040,True,Alta exposicao TSB,7,62189.99,2
2024,PI,220370,True,Alta exposicao TSB,7,66316.97,1
2024,PI,220560,True,Alta exposicao TSB,7,29792.98,1
2024,PI,220580,True,Alta exposicao TSB,7,69941.91,1
2024,PI,220620,True,Alta exposicao TSB,7,56738.36,1
2024,PI,220830,True,Alta exposicao TSB,7,51885.06,1
2024,PI,220840,True,Exposicao intermediaria TSB,7,10590.0,1
2024,PI,221120,True,Exposicao intermediaria TSB,7,10048.0,1
2024,PI,221130,True,Alta exposicao TSB,7,80327.6,2
2024,PR,410360,True,Exposicao intermediaria TSB,7,14377.31,1
2024,PR,410442,True,Exposicao intermediaria TSB,7,14923.12,1
2024,PR,410640,True,Exposicao intermediaria TSB,7,18295.690000000002,3
2024,PR,411095,True,Exposicao intermediaria TSB,7,13561.07,2
2024,PR,411360,True,Alta exposicao TSB,7,36299.95,1
2024,PR,411420,True,Alta exposicao TSB,7,42129.39,1
2024,PR,411500,True,Exposicao intermediaria TSB,7,14923.08,1
2024,PR,411535,True,Exposicao intermediaria TSB,7,15387.16,2
2024,PR,412060,True,Alta exposicao TSB,7,22786.91,2
2024,PR,412320,True,Alta exposicao TSB,7,50930.91,1
2024,PR,412660,True,Exposicao intermediaria TSB,7,12984.17,1
2024,PR,412785,True,Exposicao intermediaria TSB,7,15804.48,1
2024,RJ,330227,True,Exposicao intermediaria TSB,7,0.0,1
2024,RN,240120,True,Alta exposicao TSB,7,23802.120000000003,1
2024,RN,240510,True,Alta exposicao TSB,7,32107.92,2
2024,RN,240740,True,Alta exposicao TSB,7,28622.32,1
2024,RN,240770,True,Alta exposicao TSB,7,34192.61,1
2024,RN,240890,True,Exposicao intermediaria TSB,7,6646.9400000000005,1
2024,RN,241010,True,Alta exposicao TSB,7,38865.4,1
2024,RN,241040,True,Alta exposicao TSB,7,31713.34,1
2024,RN,241450,True,Alta exposicao TSB,7,38337.02,1
2024,RR,140002,True,Alta exposicao TSB,7,19547.86,1
2024,RS,430010,True,Exposicao intermediaria TSB,7,17500.03,1
2024,RS,430130,True,Exposicao intermediaria TSB,7,12048.7,1
2024,RS,430170,True,Alta exposicao TSB,7,20049.21,3
2024,RS,430187,True,Alta exposicao TSB,7,26298.28,1
2024,RS,430240,True,Alta exposicao TSB,7,40209.45,1
2024,RS,430400,True,Alta exposicao TSB,7,22931.91,1
2024,RS,430597,True,Alta exposicao TSB,7,23295.73,1
2024,RS,430597,True,Exposicao intermediaria TSB,7,20400.73,1
2024,RS,430670,True,Alta exposicao TSB,7,21247.38,1
2024,RS,430840,True,Alta exposicao TSB,7,19208.96,1
2024,RS,431175,True,Alta exposicao TSB,7,30983.24,1
2024,RS,431280,True,Exposicao intermediaria TSB,7,18416.95,1
2024,RS,431303,True,Alta exposicao TSB,7,27312.72,1
2024,RS,431335,True,Alta exposicao TSB,7,95132.78,2
2024,RS,431350,True,Exposicao intermediaria TSB,7,18868.28,2
2024,RS,431700,True,Alta exposicao TSB,7,22828.67,1
2024,RS,431710,True,Exposicao intermediaria TSB,7,7402.780000000001,2
2024,RS,431861,True,Alta exposicao TSB,7,14758.759999999998,1
2024,SC,420100,True,Alta exposicao TSB,7,43701.98,2
2024,SC,420500,True,Exposicao intermediaria TSB,7,12967.94,1
2024,SC,420520,True,Exposicao intermediaria TSB,7,20721.83,2
2024,SC,420543,True,Exposicao intermediaria TSB,7,17099.18,2
2024,SC,420690,True,Exposicao intermediaria TSB,7,17922.13,1
2024,SC,420845,True,Exposicao intermediaria TSB,7,10404.66,3
2024,SC,421130,True,Alta exposicao TSB,7,26373.46,1
2024,SC,421210,True,Alta exposicao TSB,7,59489.82,1
2024,SC,421335,True,Alta exposicao TSB,7,27608.86,2
2024,SC,421470,True,Alta exposicao TSB,7,74322.67,2
2024,SC,421565,True,Alta exposicao TSB,7,32680.73,1
2024,SC,421790,True,Exposicao intermediaria TSB,7,11603.439999999999,2
2024,SE,280010,True,Alta exposicao TSB,7,45994.72,1
2024,SE,280070,True,Alta exposicao TSB,7,38388.63,1
2024,SE,280300,True,Alta exposicao TSB,7,57861.04,2
2024,SP,350680,True,Exposicao intermediaria TSB,7,11317.53,2
2024,SP,350780,True,Exposicao intermediaria TSB,7,4911.78,1
2024,SP,351480,True,Alta exposicao TSB,7,55217.63,1
2024,SP,351540,True,Exposicao intermediaria TSB,7,7368.31,1
2024,SP,351770,True,Alta exposicao TSB,7,53493.4,1
2024,SP,352040,True,Exposicao intermediaria TSB,7,18640.15,1
2024,SP,352220,True,Exposicao intermediaria TSB,7,4181.52,2
2024,SP,352280,True,Alta exposicao TSB,7,44798.02,1
2024,SP,352460,True,Alta exposicao TSB,7,71485.39,1
2024,SP,352710,True,Exposicao intermediaria TSB,7,16122.51,2
2024,SP,353260,True,Alta exposicao TSB,7,50237.69,1
2024,SP,353760,True,Exposicao intermediaria TSB,7,15335.88,1
2024,SP,354160,True,Exposicao intermediaria TSB,7,12866.07,1
2024,SP,354500,True,Alta exposicao TSB,7,83018.49,2
2024,SP,354770,True,Alta exposicao TSB,7,48323.47,1
2024,SP,355000,True,Alta exposicao TSB,7,50667.35,1
2024,SP,355300,True,Alta exposicao TSB,7,47548.73,2
2024,TO,170370,True,Alta exposicao TSB,7,13482.11,1
2024,TO,171050,True,Alta exposicao TSB,7,37114.92,1
2024,TO,171750,True,Alta exposicao TSB,7,12568.49,1
2024,TO,171830,True,Alta exposicao TSB,7,14750.85,1
2024,AC,120030,True,Alta exposicao TSB,6,27245.84,1
2024,AC,120060,True,Alta exposicao TSB,6,20509.61,1
2024,AL,270850,True,Exposicao intermediaria TSB,6,10738.53,1
2024,AL,270880,True,Alta exposicao TSB,6,8567.5,1
2024,BA,290220,True,Exposicao intermediaria TSB,6,12647.55,2
2024,BA,290475,True,Alta exposicao TSB,6,51150.79,1
2024,BA,291450,True,Exposicao intermediaria TSB,6,17966.94,1
2024,BA,291530,True,Exposicao intermediaria TSB,6,10293.9,1
2024,BA,291630,True,Exposicao intermediaria TSB,6,13522.95,1
2024,BA,292880,True,Exposicao intermediaria TSB,6,8015.84,1
2024,BA,293260,True,Exposicao intermediaria TSB,6,9172.1,2
2024,CE,230185,True,Alta exposicao TSB,6,79785.1,2
2024,CE,230490,True,Exposicao intermediaria TSB,6,12883.46,1
2024,CE,230610,True,Exposicao intermediaria TSB,6,10693.83,1
2024,CE,230640,True,Exposicao intermediaria TSB,6,9555.1,2
2024,CE,231350,True,Exposicao intermediaria TSB,6,25324.0,1
2024,ES,320290,True,Alta exposicao TSB,6,77658.07,1
2024,ES,320300,True,Exposicao intermediaria TSB,6,11137.0,1
2024,ES,320350,True,Exposicao intermediaria TSB,6,8691.38,1
2024,ES,320360,True,Alta exposicao TSB,6,44557.79,1
2024,ES,320430,True,Alta exposicao TSB,6,21337.3,2
2024,ES,320455,True,Alta exposicao TSB,6,51019.880000000005,1
2024,ES,320517,True,Alta exposicao TSB,6,23262.1,2
2024,GO,520880,True,Alta exposicao TSB,6,34975.93,1
2024,GO,521760,True,Exposicao intermediaria TSB,6,9678.43,1
2024,GO,522070,True,Alta exposicao TSB,6,20119.01,1
2024,MA,210125,True,Alta exposicao TSB,6,3450.28,1
2024,MA,210150,True,Exposicao intermediaria TSB,6,10964.4,1
2024,MA,210380,True,Exposicao intermediaria TSB,6,6116.780000000001,1
2024,MA,210790,True,Alta exposicao TSB,6,13215.03,1
2024,MA,211400,True,Exposicao intermediaria TSB,6,0.0,1
2024,MG,311050,True,Exposicao intermediaria TSB,6,11772.720000000001,3
2024,MG,311800,True,Alta exposicao TSB,6,16465.07,1
2024,MG,313880,True,Exposicao intermediaria TSB,6,9647.66,2
2024,MG,315350,True,Exposicao intermediaria TSB,6,9385.78,1
2024,MG,315690,True,Exposicao intermediaria TSB,6,9792.91,1
2024,MG,315820,True,Exposicao intermediaria TSB,6,8942.67,1
2024,MG,315990,True,Exposicao intermediaria TSB,6,8472.0,1
2024,MS,500230,True,Exposicao intermediaria TSB,6,17181.06,1
2024,MT,510130,True,Alta exposicao TSB,6,16763.22,1
2024,MT,510190,True,Alta exposicao TSB,6,43241.87,1
2024,MT,510279,True,Alta exposicao TSB,6,14293.66,1
2024,MT,510336,True,Alta exposicao TSB,6,23352.57,1
2024,MT,510618,True,Alta exposicao TSB,6,18076.15,1
2024,MT,510710,True,Exposicao intermediaria TSB,6,17111.260000000002,2
2024,PA,150200,True,Alta exposicao TSB,6,19076.68,1
2024,PA,150560,True,Alta exposicao TSB,6,22207.34,1
2024,PA,150710,True,Alta exposicao TSB,6,26096.1,1
2024,PB,250010,True,Alta exposicao TSB,6,45474.92,1
2024,PB,250020,True,Alta exposicao TSB,6,36071.9,1
2024,PB,250040,True,Alta exposicao TSB,6,52870.71,1
2024,PB,250180,True,Exposicao intermediaria TSB,6,11391.52,1
2024,PB,250310,True,Alta exposicao TSB,6,54056.51,1
2024,PB,250450,True,Alta exposicao TSB,6,49419.0,1
2024,PB,251240,True,Alta exposicao TSB,6,50495.66,1
2024,PB,251250,True,Alta exposicao TSB,6,33417.740000000005,1
2024,PB,251400,True,Alta exposicao TSB,6,57711.42,1
2024,PB,251590,True,Alta exposicao TSB,6,44223.77,1
2024,PE,260070,True,Exposicao intermediaria TSB,6,14342.78,1
2024,PE,260460,True,Alta exposicao TSB,6,31786.08,2
2024,PE,261090,True,Alta exposicao TSB,6,8519.07,1
2024,PI,220220,True,Exposicao intermediaria TSB,6,14110.18,1
2024,PI,220520,True,Alta exposicao TSB,6,29430.38,1
2024,PI,221050,True,Alta exposicao TSB,6,46754.22,1
2024,PI,221060,True,Alta exposicao TSB,6,75088.12,1
2024,PR,410490,True,Alta exposicao TSB,6,26061.99,1
2024,PR,410620,True,Exposicao intermediaria TSB,6,11404.92,2
2024,PR,410880,True,Alta exposicao TSB,6,56880.35,1
2024,PR,410895,True,Alta exposicao TSB,6,23139.25,1
2024,PR,410975,True,Alta exposicao TSB,6,17913.25,1
2024,PR,411010,True,Exposicao intermediaria TSB,6,10396.39,2
2024,PR,411050,True,Exposicao intermediaria TSB,6,11693.0,1
2024,PR,411450,True,Alta exposicao TSB,6,27973.43,1
2024,PR,411490,True,Alta exposicao TSB,6,11664.97,1
2024,PR,412015,True,Alta exposicao TSB,6,50686.72,1
2024,PR,412033,True,Alta exposicao TSB,6,26268.84,1
2024,PR,412085,True,Exposicao intermediaria TSB,6,35450.66,1
2024,PR,412160,True,Exposicao intermediaria TSB,6,8468.34,1
2024,PR,412350,True,Alta exposicao TSB,6,86096.96,1
2024,PR,412750,True,Exposicao intermediaria TSB,6,15333.789999999999,2
2024,RN,240080,True,Alta exposicao TSB,6,34047.85,1
2024,RN,240400,True,Alta exposicao TSB,6,40419.51,1
2024,RN,241250,True,Alta exposicao TSB,6,35906.84,1
2024,RO,110140,True,Alta exposicao TSB,6,19976.95,1
2024,RR,140045,True,Alta exposicao TSB,6,28903.54,1
2024,RS,430050,True,Exposicao intermediaria TSB,6,13792.81,1
2024,RS,430057,True,Exposicao intermediaria TSB,6,18859.26,1
2024,RS,430064,True,Alta exposicao TSB,6,23002.54,1
2024,RS,430105,True,Alta exposicao TSB,6,17790.64,1
2024,RS,430370,True,Alta exposicao TSB,6,22932.92,1
2024,RS,430520,True,Exposicao intermediaria TSB,6,16653.6,1
2024,RS,430710,True,Alta exposicao TSB,6,20932.49,1
2024,RS,430750,True,Alta exposicao TSB,6,26832.17,1
2024,RS,430755,True,Alta exposicao TSB,6,17585.91,2
2024,RS,430950,True,Alta exposicao TSB,6,23174.3,2
2024,RS,430960,True,Exposicao intermediaria TSB,6,21064.45,3
2024,RS,431030,True,Exposicao intermediaria TSB,6,11969.13,1
2024,RS,431070,True,Alta exposicao TSB,6,14780.05,1
2024,RS,431205,True,Exposicao intermediaria TSB,6,11443.79,1
2024,RS,431270,True,Exposicao intermediaria TSB,6,16037.18,1
2024,RS,431300,True,Alta exposicao TSB,6,13431.26,2
2024,RS,431395,True,Exposicao intermediaria TSB,6,15514.0,1
2024,RS,431640,True,Exposicao intermediaria TSB,6,7497.22,2
2024,RS,432162,True,Exposicao intermediaria TSB,6,14746.68,1
2024,RS,432195,True,Alta exposicao TSB,6,44515.91,2
2024,RS,432254,True,Exposicao intermediaria TSB,6,13611.97,1
2024,RS,432270,True,Exposicao intermediaria TSB,6,14044.36,2
2024,SC,420080,True,Alta exposicao TSB,6,44037.08,1
2024,SC,420310,True,Alta exposicao TSB,6,56741.57,1
2024,SC,420330,True,Exposicao intermediaria TSB,6,20145.75,2
2024,SC,420510,True,Alta exposicao TSB,6,50008.06,2
2024,SC,420600,True,Exposicao intermediaria TSB,6,0.0,1
2024,SC,420660,True,Alta exposicao TSB,6,36429.25,1
2024,SC,420670,True,Alta exposicao TSB,6,21142.52,1
2024,SC,420760,True,Alta exposicao TSB,6,42858.64,1
2024,SC,421200,True,Exposicao intermediaria TSB,6,13335.82,2
2024,SC,421230,True,Alta exposicao TSB,6,39514.51,1
2024,SC,421310,True,Exposicao intermediaria TSB,6,16721.14,1
2024,SC,421330,True,Alta exposicao TSB,6,62150.75,1
2024,SC,421530,True,Alta exposicao TSB,6,41982.27,1
2024,SC,421535,True,Alta exposicao TSB,6,22081.5,1
2024,SC,421610,True,Exposicao intermediaria TSB,6,11541.16,1
2024,SC,421630,True,Exposicao intermediaria TSB,6,11465.39,2
2024,SC,421860,True,Alta exposicao TSB,6,41090.1,2
2024,SC,421860,True,Exposicao intermediaria TSB,6,15633.650000000001,2
2024,SC,422000,True,Exposicao intermediaria TSB,6,16069.18,3
2024,SE,280170,True,Alta exposicao TSB,6,40249.92,1
2024,SE,280230,True,Alta exposicao TSB,6,40418.6,1
2024,SE,280400,True,Alta exposicao TSB,6,43265.76,1
2024,SE,280720,True,Alta exposicao TSB,6,29301.93,1
2024,SP,350740,True,Alta exposicao TSB,6,14855.13,1
2024,SP,350880,True,Exposicao intermediaria TSB,6,12839.13,1
2024,SP,351170,True,Exposicao intermediaria TSB,6,3970.38,2
2024,SP,351230,True,Exposicao intermediaria TSB,6,0.0,1
2024,SP,351850,True,Alta exposicao TSB,6,51017.03,1
2024,SP,351940,True,Alta exposicao TSB,6,35653.94,2
2024,SP,352210,True,Exposicao intermediaria TSB,6,13414.68,1
2024,SP,352420,True,Exposicao intermediaria TSB,6,22748.34,1
2024,SP,353900,True,Exposicao intermediaria TSB,6,12016.8,1
2024,SP,354300,True,Alta exposicao TSB,6,48053.92,1
2024,SP,354860,True,Alta exposicao TSB,6,42466.37,1
2024,SP,355210,True,Alta exposicao TSB,6,97101.88,1
2024,SP,355560,True,Exposicao intermediaria TSB,6,12087.72,1
2024,SP,355720,True,Exposicao intermediaria TSB,6,16406.22,1
2024,TO,171700,True,Alta exposicao TSB,6,13093.88,1
2024,TO,171865,True,Alta exposicao TSB,6,11268.74,1
2024,TO,171890,True,Alta exposicao TSB,6,18500.5,1
2024,TO,172065,True,Alta exposicao TSB,6,12136.45,1
2024,TO,172090,True,Alta exposicao TSB,6,27918.56,1
2024,TO,172097,True,Alta exposicao TSB,6,16490.690000000002,1
2024,AL,270060,True,Exposicao intermediaria TSB,5,5648.0,1
2024,AL,270770,True,Exposicao intermediaria TSB,5,8417.1,1
2024,AL,270800,True,Exposicao intermediaria TSB,5,7717.83,1
2024,AM,130010,True,Alta exposicao TSB,5,60593.21,1
2024,AM,130068,True,Alta exposicao TSB,5,16014.2,2
2024,AM,130400,True,Exposicao intermediaria TSB,5,105374.12,1
2024,BA,290280,True,Exposicao intermediaria TSB,5,4236.0,2
2024,BA,290990,True,Exposicao intermediaria TSB,5,7907.200000000001,1
2024,BA,291110,True,Exposicao intermediaria TSB,5,11361.01,1
2024,BA,292170,True,Exposicao intermediaria TSB,5,7194.49,1
2024,BA,292410,True,Exposicao intermediaria TSB,5,10641.84,1
2024,BA,292510,True,Exposicao intermediaria TSB,5,7119.1,1
2024,BA,292660,True,Exposicao intermediaria TSB,5,13769.119999999999,2
2024,BA,293105,True,Exposicao intermediaria TSB,5,5695.07,1
2024,CE,230160,True,Exposicao intermediaria TSB,5,8472.0,1
2024,CE,230350,True,Exposicao intermediaria TSB,5,8324.51,2
2024,CE,230680,True,Exposicao intermediaria TSB,5,5648.0,1
2024,CE,231030,True,Alta exposicao TSB,5,7060.0,1
2024,CE,231080,True,Alta exposicao TSB,5,6992.0,1
2024,ES,320013,True,Exposicao intermediaria TSB,5,12978.69,1
2024,ES,320070,True,Alta exposicao TSB,5,44663.49,1
2024,ES,320100,True,Alta exposicao TSB,5,31996.01,1
2024,ES,320245,True,Alta exposicao TSB,5,30888.16,2
2024,ES,320270,True,Exposicao intermediaria TSB,5,12914.759999999998,1
2024,ES,320280,True,Exposicao intermediaria TSB,5,9110.36,1
2024,ES,320334,True,Alta exposicao TSB,5,50457.53,1
2024,ES,320335,True,Exposicao intermediaria TSB,5,14545.26,1
2024,ES,320400,True,Alta exposicao TSB,5,41444.1,1
2024,ES,320405,True,Exposicao intermediaria TSB,5,14065.24,2
2024,ES,320420,True,Exposicao intermediaria TSB,5,8191.26,1
2024,ES,320440,True,Alta exposicao TSB,5,51662.530000000006,2
2024,ES,320495,True,Alta exposicao TSB,5,26463.84,2
2024,GO,520030,True,Alta exposicao TSB,5,7330.3,1
2024,GO,520030,True,Exposicao intermediaria TSB,5,9985.81,1
2024,GO,520330,True,Exposicao intermediaria TSB,5,18727.09,1
2024,GO,520410,True,Alta exposicao TSB,5,59867.6,1
2024,GO,521140,True,Exposicao intermediaria TSB,5,7815.0,1
2024,GO,521975,True,Exposicao intermediaria TSB,5,15705.25,2
2024,GO,522145,True,Alta exposicao TSB,5,21135.37,1
2024,MG,311640,True,Alta exposicao TSB,5,12682.73,1
2024,MG,311660,True,Alta exposicao TSB,5,16256.98,1
2024,MG,312450,True,Alta exposicao TSB,5,12840.33,1
2024,MG,312800,True,Exposicao intermediaria TSB,5,8218.06,1
2024,MG,313160,True,Exposicao intermediaria TSB,5,23514.16,1
2024,MG,313510,True,Alta exposicao TSB,5,7766.0,1
2024,MG,313960,True,Exposicao intermediaria TSB,5,7766.0,2
2024,MG,314300,True,Alta exposicao TSB,5,16304.7,1
2024,MG,314350,True,Exposicao intermediaria TSB,5,8205.49,1
2024,MG,314700,True,Exposicao intermediaria TSB,5,9507.49,2
2024,MG,314980,True,Exposicao intermediaria TSB,5,8763.52,1
2024,MG,315570,True,Exposicao intermediaria TSB,5,6871.719999999999,1
2024,MG,315920,True,Exposicao intermediaria TSB,5,10674.39,2
2024,MG,316200,True,Exposicao intermediaria TSB,5,10740.62,1
2024,MG,316710,True,Exposicao intermediaria TSB,5,6603.34,1
2024,MS,500325,True,Exposicao intermediaria TSB,5,14030.77,2
2024,MS,500430,True,Exposicao intermediaria TSB,5,13122.19,2
2024,MT,510190,True,Exposicao intermediaria TSB,5,12206.7,1
2024,MT,510454,True,Exposicao intermediaria TSB,5,10200.0,1
2024,MT,510510,True,Exposicao intermediaria TSB,5,14302.28,2
2024,MT,510630,True,Exposicao intermediaria TSB,5,7900.0,1
2024,MT,510770,True,Exposicao intermediaria TSB,5,26833.17,1
2024,MT,510850,True,Exposicao intermediaria TSB,5,13542.9,1
2024,PA,150090,True,Alta exposicao TSB,5,13322.55,1
2024,PA,150157,True,Alta exposicao TSB,5,10238.79,1
2024,PA,150180,True,Alta exposicao TSB,5,37781.47,1
2024,PA,150380,True,Exposicao intermediaria TSB,5,9073.97,1
2024,PA,150400,True,Alta exposicao TSB,5,11745.17,1
2024,PA,150500,True,Alta exposicao TSB,5,17926.64,1
2024,PA,150570,True,Alta exposicao TSB,5,26920.53,1
2024,PB,250080,True,Alta exposicao TSB,5,42175.2,1
2024,PB,250440,True,Alta exposicao TSB,5,51965.48,1
2024,PB,250630,True,Exposicao intermediaria TSB,5,4236.0,1
2024,PB,251160,True,Alta exposicao TSB,5,36959.39,1
2024,PB,251240,True,Exposicao intermediaria TSB,5,7164.86,1
2024,PB,251280,True,Alta exposicao TSB,5,41007.49,1
2024,PB,251310,True,Alta exposicao TSB,5,46899.17,1
2024,PB,251550,True,Alta exposicao TSB,5,24265.25,1
2024,PB,251670,True,Alta exposicao TSB,5,37743.62,1
2024,PE,260570,True,Exposicao intermediaria TSB,5,7447.95,1
2024,PE,260760,True,Exposicao intermediaria TSB,5,16619.34,1
2024,PE,261300,True,Alta exposicao TSB,5,8363.71,2
2024,PE,261360,True,Exposicao intermediaria TSB,5,8472.0,1
2024,PE,261480,True,Alta exposicao TSB,5,80254.04,1
2024,PE,261620,True,Exposicao intermediaria TSB,5,9517.57,1
2024,PI,220020,True,Alta exposicao TSB,5,56421.65,1
2024,PI,220020,True,Exposicao intermediaria TSB,5,7811.73,1
2024,PI,220120,True,Alta exposicao TSB,5,59723.03,1
2024,PI,220230,True,Alta exposicao TSB,5,50293.2,1
2024,PI,220430,True,Alta exposicao TSB,5,23323.56,1
2024,PI,220570,True,Alta exposicao TSB,5,27248.870000000003,1
2024,PR,410090,True,Exposicao intermediaria TSB,5,19020.0,1
2024,PR,410240,True,Alta exposicao TSB,5,6945.610000000001,1
2024,PR,410240,True,Exposicao intermediaria TSB,5,16579.94,1
2024,PR,410305,True,Exposicao intermediaria TSB,5,9306.18,1
2024,PR,410315,True,Exposicao intermediaria TSB,5,7745.38,1
2024,PR,410730,True,Exposicao intermediaria TSB,5,11374.94,1
2024,PR,410845,True,Alta exposicao TSB,5,43674.57,1
2024,PR,410850,True,Exposicao intermediaria TSB,5,7883.02,1
2024,PR,410930,True,Exposicao intermediaria TSB,5,11444.23,1
2024,PR,411585,True,Exposicao intermediaria TSB,5,16006.28,1
2024,PR,412380,True,Alta exposicao TSB,5,15166.16,1
2024,PR,412640,True,Alta exposicao TSB,5,38657.85,1
2024,PR,412850,True,Exposicao intermediaria TSB,5,7060.0,1
2024,RJ,330023,True,Alta exposicao TSB,5,8109.37,1
2024,RJ,330414,True,Alta exposicao TSB,5,12461.29,2
2024,RN,240185,True,Alta exposicao TSB,5,25777.33,2
2024,RN,240340,True,Alta exposicao TSB,5,22219.27,1
2024,RN,240530,True,Alta exposicao TSB,5,15108.21,1
2024,RN,240690,True,Alta exposicao TSB,5,24025.03,1
2024,RN,240910,True,Alta exposicao TSB,5,19656.17,1
2024,RN,241170,True,Alta exposicao TSB,5,12286.54,2
2024,RN,241280,True,Alta exposicao TSB,5,27944.98,1
2024,RN,241445,True,Alta exposicao TSB,5,29983.61,1
2024,RO,110014,True,Exposicao intermediaria TSB,5,6348.93,1
2024,RR,140070,True,Alta exposicao TSB,5,17019.43,1
2024,RS,430200,True,Alta exposicao TSB,5,11629.23,1
2024,RS,430430,True,Alta exposicao TSB,5,31319.73,1
2024,RS,430430,True,Exposicao intermediaria TSB,5,19157.51,1
2024,RS,430500,True,Alta exposicao TSB,5,12425.95,1
2024,RS,430693,True,Alta exposicao TSB,5,35481.47,1
2024,RS,430800,True,Alta exposicao TSB,5,15699.48,1
2024,RS,430830,True,Alta exposicao TSB,5,15441.23,1
2024,RS,430900,True,Exposicao intermediaria TSB,5,17681.81,2
2024,RS,430925,True,Exposicao intermediaria TSB,5,12376.82,2
2024,RS,431050,True,Alta exposicao TSB,5,25217.79,1
2024,RS,431170,True,Alta exposicao TSB,5,21370.06,1
2024,RS,431403,True,Exposicao intermediaria TSB,5,10812.32,1
2024,RS,431510,True,Alta exposicao TSB,5,14982.21,1
2024,RS,431725,True,Exposicao intermediaria TSB,5,26451.300000000003,1
2024,RS,431770,True,Exposicao intermediaria TSB,5,11379.33,1
2024,RS,431935,True,Exposicao intermediaria TSB,5,16173.18,1
2024,RS,431970,True,Alta exposicao TSB,5,11539.39,1
2024,RS,431980,True,Alta exposicao TSB,5,23377.24,2
2024,RS,432100,True,Alta exposicao TSB,5,20626.45,2
2024,SC,420030,True,Alta exposicao TSB,5,16197.13,2
2024,SC,420260,True,Alta exposicao TSB,5,49058.0,1
2024,SC,420560,True,Alta exposicao TSB,5,37563.51,1
2024,SC,420765,True,Alta exposicao TSB,5,37097.42,1
2024,SC,420770,True,Alta exposicao TSB,5,35192.41,1
2024,SC,421100,True,Alta exposicao TSB,5,49361.2,1
2024,SC,421220,True,Exposicao intermediaria TSB,5,10342.38,1
2024,SC,421260,True,Exposicao intermediaria TSB,5,10837.93,1
2024,SC,421490,True,Exposicao intermediaria TSB,5,14493.019999999999,3
2024,SC,421520,True,Alta exposicao TSB,5,32452.460000000003,2
2024,SC,421540,True,Alta exposicao TSB,5,32940.57,1
2024,SC,421605,True,Alta exposicao TSB,5,27167.11,2
2024,SC,421725,True,Alta exposicao TSB,5,19317.300000000003,2
2024,SC,421835,True,Alta exposicao TSB,5,21666.550000000003,1
2024,SC,421920,True,Alta exposicao TSB,5,41641.46,2
2024,SE,280020,True,Alta exposicao TSB,5,27673.92,1
2024,SE,280040,True,Alta exposicao TSB,5,25872.6,2
2024,SE,280110,True,Alta exposicao TSB,5,27957.6,1
2024,SE,280260,True,Alta exposicao TSB,5,32527.66,1
2024,SE,280340,True,Alta exposicao TSB,5,23497.02,1
2024,SE,280445,True,Alta exposicao TSB,5,20254.52,1
2024,SE,280640,True,Alta exposicao TSB,5,27195.24,1
2024,SE,280710,True,Alta exposicao TSB,5,34086.009999999995,1
2024,SP,350060,True,Alta exposicao TSB,5,62284.8,1
2024,SP,350220,True,Exposicao intermediaria TSB,5,23969.8,2
2024,SP,350580,True,Alta exposicao TSB,5,36966.89000000001,2
2024,SP,350800,True,Alta exposicao TSB,5,30343.0,1
2024,SP,350940,True,Exposicao intermediaria TSB,5,14648.59,2
2024,SP,351070,True,Alta exposicao TSB,5,52429.95,1
2024,SP,351160,True,Alta exposicao TSB,5,40129.14,1
2024,SP,351515,True,Exposicao intermediaria TSB,5,16135.18,1
2024,SP,351760,True,Alta exposicao TSB,5,35668.34,1
2024,SP,351910,True,Exposicao intermediaria TSB,5,0.0,1
2024,SP,352020,True,Alta exposicao TSB,5,42417.18,1
2024,SP,352020,True,Exposicao intermediaria TSB,5,14304.4,1
2024,SP,352130,True,Exposicao intermediaria TSB,5,7172.67,1
2024,SP,352170,True,Alta exposicao TSB,5,39956.05,1
2024,SP,352630,True,Alta exposicao TSB,5,39834.89,1
2024,SP,352740,True,Exposicao intermediaria TSB,5,9997.32,1
2024,SP,352990,True,Exposicao intermediaria TSB,5,9837.28,1
2024,SP,353170,True,Alta exposicao TSB,5,35181.17,1
2024,SP,353240,True,Alta exposicao TSB,5,137808.6,1
2024,SP,353360,True,Exposicao intermediaria TSB,5,11344.22,2
2024,SP,353550,True,Exposicao intermediaria TSB,5,2165.47,2
2024,SP,353720,True,Alta exposicao TSB,5,42282.05,1
2024,SP,354220,True,Exposicao intermediaria TSB,5,6580.68,2
2024,SP,354820,True,Alta exposicao TSB,5,39156.26,1
2024,SP,354995,True,Alta exposicao TSB,5,64554.25,1
2024,SP,355020,True,Alta exposicao TSB,5,45235.53,1
2024,SP,355110,True,Alta exposicao TSB,5,40475.81,1
2024,SP,355140,True,Alta exposicao TSB,5,41072.49,1
2024,SP,355180,True,Alta exposicao TSB,5,73113.61,1
2024,SP,355495,True,Alta exposicao TSB,5,17994.99,1
2024,TO,170330,True,Alta exposicao TSB,5,7411.28,1
2024,TO,170386,True,Alta exposicao TSB,5,9706.08,1
2024,TO,171515,True,Alta exposicao TSB,5,10546.24,1
2024,TO,171888,True,Alta exposicao TSB,5,15514.61,1
2024,AC,120060,True,Exposicao intermediaria TSB,4,4236.0,1
2024,AL,270240,True,Alta exposicao TSB,4,50383.38,2
2024,AL,270642,True,Alta exposicao TSB,4,5648.0,1
2024,AM,130200,True,Alta exposicao TSB,4,32611.95,1
2024,BA,290690,True,Exposicao intermediaria TSB,4,7521.42,1
2024,BA,291535,True,Alta exposicao TSB,4,22647.33,1
2024,BA,291685,True,Alta exposicao TSB,4,0.0,1
2024,BA,292350,True,Exposicao intermediaria TSB,4,0.0,1
2024,BA,292360,True,Exposicao intermediaria TSB,4,4236.0,1
2024,BA,292905,True,Exposicao intermediaria TSB,4,7060.43,1
2024,BA,292990,True,Alta exposicao TSB,4,58711.5,1
2024,BA,293200,True,Alta exposicao TSB,4,4236.0,1
2024,BA,293210,True,Alta exposicao TSB,4,0.0,1
2024,BA,293300,True,Alta exposicao TSB,4,6036.0,1
2024,BA,293305,True,Exposicao intermediaria TSB,4,4411.8,1
2024,CE,230260,True,Exposicao intermediaria TSB,4,5690.36,1
2024,CE,230655,True,Alta exposicao TSB,4,29427.45,1
2024,CE,230810,True,Exposicao intermediaria TSB,4,5648.0,2
2024,CE,231140,True,Exposicao intermediaria TSB,4,6636.0,1
2024,ES,320013,True,Alta exposicao TSB,4,30057.15,1
2024,ES,320020,True,Exposicao intermediaria TSB,4,9146.7,1
2024,ES,320050,True,Alta exposicao TSB,4,52577.93,1
2024,ES,320170,True,Alta exposicao TSB,4,53563.490000000005,1
2024,ES,320170,True,Exposicao intermediaria TSB,4,6148.0,1
2024,ES,320260,True,Exposicao intermediaria TSB,4,8441.99,1
2024,ES,320390,True,Exposicao intermediaria TSB,4,8812.27,1
2024,ES,320425,True,Alta exposicao TSB,4,46948.64,1
2024,ES,320435,True,Exposicao intermediaria TSB,4,5263.48,1
2024,ES,320515,True,Alta exposicao TSB,4,28419.26,1
2024,GO,520005,True,Alta exposicao TSB,4,17498.75,3
2024,GO,520970,True,Exposicao intermediaria TSB,4,12749.25,2
2024,GO,521220,True,Exposicao intermediaria TSB,4,6173.01,1
2024,GO,521523,True,Exposicao intermediaria TSB,4,6817.389999999999,1
2024,GO,521935,True,Exposicao intermediaria TSB,4,13645.35,1
2024,MA,210455,True,Exposicao intermediaria TSB,4,10243.35,1
2024,MA,210990,True,Exposicao intermediaria TSB,4,6357.5,1
2024,MA,211250,True,Exposicao intermediaria TSB,4,5718.8,1
2024,MG,310350,True,Alta exposicao TSB,4,20854.93,2
2024,MG,310410,True,Exposicao intermediaria TSB,4,5600.93,1
2024,MG,310430,True,Exposicao intermediaria TSB,4,7282.67,2
2024,MG,310690,True,Alta exposicao TSB,4,5937.0,1
2024,MG,311090,True,Exposicao intermediaria TSB,4,6398.4,1
2024,MG,311250,True,Alta exposicao TSB,4,2089.51,1
2024,MG,311480,True,Alta exposicao TSB,4,15579.73,1
2024,MG,311760,True,Alta exposicao TSB,4,0.0,1
2024,MG,312600,True,Alta exposicao TSB,4,13332.58,1
2024,MG,312950,True,Exposicao intermediaria TSB,4,12051.460000000001,2
2024,MG,313440,True,Exposicao intermediaria TSB,4,2046.2,2
2024,MG,314120,True,Exposicao intermediaria TSB,4,6845.0,1
2024,MG,314470,True,Exposicao intermediaria TSB,4,6635.0,1
2024,MG,314980,True,Alta exposicao TSB,4,14582.01,1
2024,MG,316380,True,Alta exposicao TSB,4,7764.559999999999,1
2024,MS,500330,True,Exposicao intermediaria TSB,4,8047.15,1
2024,MS,500380,True,Exposicao intermediaria TSB,4,3672.23,1
2024,MT,510250,True,Exposicao intermediaria TSB,4,9455.56,1
2024,MT,510560,True,Exposicao intermediaria TSB,4,7888.78,1
2024,MT,510624,True,Alta exposicao TSB,4,19071.46,1
2024,MT,510718,True,Alta exposicao TSB,4,9454.57,1
2024,MT,510794,True,Exposicao intermediaria TSB,4,5324.79,1
2024,PA,150277,True,Alta exposicao TSB,4,11055.86,1
2024,PA,150600,True,Alta exposicao TSB,4,12024.94,1
2024,PA,150797,True,Alta exposicao TSB,4,23482.04,1
2024,PB,250370,True,Exposicao intermediaria TSB,4,6256.0,2
2024,PB,250470,True,Exposicao intermediaria TSB,4,7060.0,1
2024,PB,250660,True,Alta exposicao TSB,4,42539.45,1
2024,PB,250980,True,Alta exposicao TSB,4,18395.13,1
2024,PB,251120,True,Exposicao intermediaria TSB,4,6191.45,1
2024,PB,251180,True,Alta exposicao TSB,4,25694.99,1
2024,PB,251290,True,Exposicao intermediaria TSB,4,11296.0,1
2024,PE,260460,True,Exposicao intermediaria TSB,4,5770.0,2
2024,PE,260610,True,Exposicao intermediaria TSB,4,9920.32,2
2024,PE,260775,True,Alta exposicao TSB,4,6815.280000000001,2
2024,PE,260810,True,Exposicao intermediaria TSB,4,5695.07,1
2024,PE,260870,True,Alta exposicao TSB,4,4666.67,1
2024,PE,261540,True,Alta exposicao TSB,4,7520.0,3
2024,PI,220050,True,Alta exposicao TSB,4,41845.74,1
2024,PI,220170,True,Alta exposicao TSB,4,27562.61,1
2024,PI,220194,True,Alta exposicao TSB,4,0.0,1
2024,PI,220205,True,Alta exposicao TSB,4,41173.26,1
2024,PI,220270,True,Alta exposicao TSB,4,29712.34,1
2024,PI,220290,True,Exposicao intermediaria TSB,4,6950.0,1
2024,PI,220760,True,Alta exposicao TSB,4,16568.559999999998,1
2024,PI,220820,True,Exposicao intermediaria TSB,4,7430.46,1
2024,PI,220980,True,Alta exposicao TSB,4,30265.72,1
2024,PI,221120,True,Alta exposicao TSB,4,69834.99,1
2024,PR,410105,True,Alta exposicao TSB,4,14986.12,1
2024,PR,410280,True,Alta exposicao TSB,4,8927.279999999999,1
2024,PR,410320,True,Exposicao intermediaria TSB,4,9842.4,2
2024,PR,410322,True,Exposicao intermediaria TSB,4,11718.54,1
2024,PR,410520,True,Alta exposicao TSB,4,22175.14,1
2024,PR,410750,True,Exposicao intermediaria TSB,4,7088.639999999999,2
2024,PR,410753,True,Exposicao intermediaria TSB,4,6416.9,2
2024,PR,410990,True,Exposicao intermediaria TSB,4,6040.6,1
2024,PR,411040,True,Exposicao intermediaria TSB,4,7703.450000000001,1
2024,PR,411080,True,Exposicao intermediaria TSB,4,8788.93,1
2024,PR,411120,True,Alta exposicao TSB,4,25810.63,1
2024,PR,411140,True,Exposicao intermediaria TSB,4,8053.700000000001,1
2024,PR,411310,True,Alta exposicao TSB,4,15952.52,1
2024,PR,411345,True,Exposicao intermediaria TSB,4,9385.02,1
2024,PR,411670,True,Exposicao intermediaria TSB,4,8489.17,1
2024,PR,411680,True,Alta exposicao TSB,4,90848.35,1
2024,PR,411830,True,Alta exposicao TSB,4,18387.52,1
2024,PR,412040,True,Alta exposicao TSB,4,8168.01,1
2024,PR,412070,True,Exposicao intermediaria TSB,4,9155.2,1
2024,PR,412150,True,Exposicao intermediaria TSB,4,7744.0,1
2024,PR,412385,True,Exposicao intermediaria TSB,4,10590.88,1
2024,PR,412405,True,Alta exposicao TSB,4,0.0,2
2024,RJ,330015,True,Exposicao intermediaria TSB,4,7647.4,1
2024,RJ,330150,True,Alta exposicao TSB,4,45261.04,1
2024,RJ,330210,True,Exposicao intermediaria TSB,4,6762.0,1
2024,RJ,330230,True,Alta exposicao TSB,4,0.0,1
2024,RJ,330260,True,Exposicao intermediaria TSB,4,7171.92,1
2024,RJ,330320,True,Exposicao intermediaria TSB,4,9512.449999999999,2
2024,RN,240110,True,Alta exposicao TSB,4,26562.66,2
2024,RN,240210,True,Alta exposicao TSB,4,27356.15,1
2024,RN,240320,True,Alta exposicao TSB,4,4083.98,1
2024,RN,241150,True,Alta exposicao TSB,4,20929.18,1
2024,RN,241210,True,Alta exposicao TSB,4,31396.87,1
2024,RN,241480,True,Alta exposicao TSB,4,20653.31,1
2024,RR,140017,True,Alta exposicao TSB,4,80913.16,1
2024,RS,430005,True,Exposicao intermediaria TSB,4,9349.29,1
2024,RS,430030,True,Alta exposicao TSB,4,14315.3,1
2024,RS,430030,True,Exposicao intermediaria TSB,4,6906.67,2
2024,RS,430085,True,Alta exposicao TSB,4,17371.74,1
2024,RS,430150,True,Exposicao intermediaria TSB,4,10885.66,1
2024,RS,430160,True,Alta exposicao TSB,4,26576.45,1
2024,RS,430605,True,Alta exposicao TSB,4,28004.14,1
2024,RS,430695,True,Exposicao intermediaria TSB,4,6870.58,1
2024,RS,430830,True,Exposicao intermediaria TSB,4,10414.08,1
2024,RS,431040,True,Alta exposicao TSB,4,11879.44,1
2024,RS,431250,True,Alta exposicao TSB,4,26242.55,1
2024,RS,431445,True,Alta exposicao TSB,4,45174.59,1
2024,RS,431475,True,Exposicao intermediaria TSB,4,11508.34,1
2024,RS,431532,True,Alta exposicao TSB,4,14000.72,1
2024,RS,431540,True,Alta exposicao TSB,4,12330.06,2
2024,RS,431730,True,Exposicao intermediaria TSB,4,7868.69,1
2024,RS,431830,True,Exposicao intermediaria TSB,4,6324.93,2
2024,RS,431975,True,Exposicao intermediaria TSB,4,13657.09,1
2024,RS,432185,True,Exposicao intermediaria TSB,4,6550.8,1
2024,RS,432320,True,Exposicao intermediaria TSB,4,9200.66,1
2024,SC,420040,True,Exposicao intermediaria TSB,4,10907.68,1
2024,SC,420070,True,Alta exposicao TSB,4,32458.38,1
2024,SC,420110,True,Alta exposicao TSB,4,21986.2,1
2024,SC,420170,True,Exposicao intermediaria TSB,4,7806.97,2
2024,SC,420270,True,Alta exposicao TSB,4,29502.11,1
2024,SC,420310,True,Exposicao intermediaria TSB,4,8699.73,1
2024,SC,420315,True,Alta exposicao TSB,4,25585.06,1
2024,SC,420410,True,Alta exposicao TSB,4,23783.15,2
2024,SC,420415,True,Alta exposicao TSB,4,14950.93,2
2024,SC,420675,True,Exposicao intermediaria TSB,4,9564.42,1
2024,SC,420740,True,Alta exposicao TSB,4,29861.14,1
2024,SC,420740,True,Exposicao intermediaria TSB,4,15780.2,1
2024,SC,420980,True,Alta exposicao TSB,4,21130.04,2
2024,SC,421090,True,Exposicao intermediaria TSB,4,6834.45,1
2024,SC,421125,True,Alta exposicao TSB,4,10974.06,1
2024,SC,421150,True,Exposicao intermediaria TSB,4,10436.6,1
2024,SC,421260,True,Alta exposicao TSB,4,23273.51,1
2024,SC,421270,True,Alta exposicao TSB,4,27970.05,1
2024,SC,421270,True,Exposicao intermediaria TSB,4,10486.3,2
2024,SC,421430,True,Alta exposicao TSB,4,19217.27,2
2024,SC,421460,True,Alta exposicao TSB,4,26397.65,1
2024,SC,421507,True,Alta exposicao TSB,4,26588.88,1
2024,SC,421560,True,Alta exposicao TSB,4,22374.760000000002,2
2024,SC,421680,True,Alta exposicao TSB,4,43639.7,1
2024,SC,421740,True,Exposicao intermediaria TSB,4,2200.0,2
2024,SC,421755,True,Exposicao intermediaria TSB,4,9181.37,1
2024,SC,421810,True,Exposicao intermediaria TSB,4,9970.43,1
2024,SC,421935,True,Alta exposicao TSB,4,20661.46,2
2024,SE,280280,True,Alta exposicao TSB,4,19224.68,1
2024,SE,280360,True,Alta exposicao TSB,4,21547.730000000003,1
2024,SE,280540,True,Alta exposicao TSB,4,17233.04,1
2024,SE,280550,True,Alta exposicao TSB,4,13140.76,1
2024,SE,280590,True,Alta exposicao TSB,4,27597.56,1
2024,SE,280660,True,Alta exposicao TSB,4,70180.37,1
2024,SP,350230,True,Alta exposicao TSB,4,38004.2,1
2024,SP,350340,True,Exposicao intermediaria TSB,4,9721.86,2
2024,SP,350360,True,Alta exposicao TSB,4,48585.98,1
2024,SP,350420,True,Alta exposicao TSB,4,41935.43,1
2024,SP,350490,True,Alta exposicao TSB,4,34138.98,1
2024,SP,350610,True,Alta exposicao TSB,4,6942.0,2
2024,SP,350690,True,Alta exposicao TSB,4,47624.14,1
2024,SP,350830,True,Alta exposicao TSB,4,11048.55,1
2024,SP,350925,True,Alta exposicao TSB,4,54935.61,1
2024,SP,350945,True,Alta exposicao TSB,4,26730.88,1
2024,SP,351070,True,Exposicao intermediaria TSB,4,13187.03,1
2024,SP,351230,True,Alta exposicao TSB,4,44883.46,1
2024,SP,351430,True,Alta exposicao TSB,4,37164.85,1
2024,SP,351540,True,Alta exposicao TSB,4,36690.66,1
2024,SP,351600,True,Alta exposicao TSB,4,30951.94,1
2024,SP,352000,True,Exposicao intermediaria TSB,4,9027.27,1
2024,SP,352115,True,Exposicao intermediaria TSB,4,11091.0,1
2024,SP,352320,True,Exposicao intermediaria TSB,4,9418.82,1
2024,SP,352420,True,Alta exposicao TSB,4,34070.4,1
2024,SP,352490,True,Alta exposicao TSB,4,27031.76,1
2024,SP,353620,True,Alta exposicao TSB,4,52565.57,1
2024,SP,353660,True,Alta exposicao TSB,4,34466.76,1
2024,SP,353880,True,Exposicao intermediaria TSB,4,8164.14,1
2024,SP,354350,True,Alta exposicao TSB,4,28923.42,1
2024,SP,354410,True,Alta exposicao TSB,4,66427.73,1
2024,SP,355040,True,Exposicao intermediaria TSB,4,5253.66,2
2024,SP,355200,True,Alta exposicao TSB,4,29406.22,1
2024,SP,355370,True,Exposicao intermediaria TSB,4,7929.13,2
2024,SP,355440,True,Alta exposicao TSB,4,26153.08,1
2024,SP,355610,True,Exposicao intermediaria TSB,4,6237.54,1
2024,TO,170550,True,Alta exposicao TSB,4,23418.879999999997,2
2024,TO,171070,True,Alta exposicao TSB,4,6270.02,1
2024,TO,171090,True,Alta exposicao TSB,4,8285.69,1
2024,TO,171665,True,Alta exposicao TSB,4,19356.56,1
2024,TO,171840,True,Alta exposicao TSB,4,17114.84,1
2024,TO,171889,True,Alta exposicao TSB,4,27958.24,1
2024,TO,172049,True,Alta exposicao TSB,4,9022.94,1
2024,AL,270040,True,Exposicao intermediaria TSB,3,5000.0,1
2024,AL,270310,True,Alta exposicao TSB,3,1600.0,1
2024,AL,270460,True,Alta exposicao TSB,3,4236.0,1
2024,AL,270730,True,Exposicao intermediaria TSB,3,4236.0,2
2024,AM,130100,True,Exposicao intermediaria TSB,3,4044.6,1
2024,AM,130115,True,Alta exposicao TSB,3,10412.12,1
2024,AM,130420,True,Exposicao intermediaria TSB,3,5354.63,1
2024,BA,290290,True,Exposicao intermediaria TSB,3,4331.5,1
2024,BA,290620,True,Exposicao intermediaria TSB,3,4424.59,1
2024,BA,290680,True,Exposicao intermediaria TSB,3,4735.22,1
2024,BA,290730,True,Exposicao intermediaria TSB,3,5083.200000000001,1
2024,BA,290810,True,Alta exposicao TSB,3,6921.139999999999,1
2024,BA,290840,True,Exposicao intermediaria TSB,3,3745.0,1
2024,BA,291050,True,Exposicao intermediaria TSB,3,5348.01,1
2024,BA,291160,True,Alta exposicao TSB,3,67772.15,1
2024,BA,291170,True,Alta exposicao TSB,3,18590.78,1
2024,BA,291680,True,Exposicao intermediaria TSB,3,4188.93,2
2024,BA,291735,True,Alta exposicao TSB,3,30060.15,1
2024,BA,291750,True,Alta exposicao TSB,3,4749.360000000001,1
2024,BA,291940,True,Exposicao intermediaria TSB,3,4405.4400000000005,1
2024,BA,292320,True,Alta exposicao TSB,3,41172.71,2
2024,BA,292520,True,Alta exposicao TSB,3,91365.73,1
2024,BA,292640,True,Exposicao intermediaria TSB,3,4236.0,1
2024,BA,292720,True,Exposicao intermediaria TSB,3,4277.5,1
2024,BA,293320,True,Exposicao intermediaria TSB,3,4508.83,1
2024,CE,230200,True,Exposicao intermediaria TSB,3,4236.0,1
2024,CE,230250,True,Exposicao intermediaria TSB,3,4236.0,1
2024,CE,230425,True,Exposicao intermediaria TSB,3,4565.469999999999,1
2024,CE,230526,True,Alta exposicao TSB,3,6818.6,1
2024,CE,230533,True,Exposicao intermediaria TSB,3,0.0,1
2024,CE,231085,True,Exposicao intermediaria TSB,3,5741.0,2
2024,CE,231130,True,Exposicao intermediaria TSB,3,4916.33,1
2024,ES,320180,True,Alta exposicao TSB,3,17775.48,1
2024,ES,320230,True,Exposicao intermediaria TSB,3,4236.0,1
2024,ES,320265,True,Alta exposicao TSB,3,18118.63,1
2024,ES,320316,True,Exposicao intermediaria TSB,3,2949.0,1
2024,ES,320330,True,Alta exposicao TSB,3,13713.42,1
2024,ES,320410,True,Exposicao intermediaria TSB,3,4236.0,1
2024,ES,320465,True,Alta exposicao TSB,3,26928.82,1
2024,GO,520250,True,Exposicao intermediaria TSB,3,4330.14,1
2024,GO,520620,True,Alta exposicao TSB,3,35506.07,1
2024,GO,521375,True,Exposicao intermediaria TSB,3,12336.67,1
2024,GO,521740,True,Exposicao intermediaria TSB,3,6628.219999999999,1
2024,MG,310290,True,Alta exposicao TSB,3,6119.0,1
2024,MG,310450,True,Exposicao intermediaria TSB,3,2840.0,2
2024,MG,310510,True,Exposicao intermediaria TSB,3,1223.74,1
2024,MG,310770,True,Exposicao intermediaria TSB,3,7020.0,1
2024,MG,311100,True,Alta exposicao TSB,3,11807.96,1
2024,MG,311260,True,Exposicao intermediaria TSB,3,4830.02,1
2024,MG,311440,True,Alta exposicao TSB,3,2287.69,1
2024,MG,312070,True,Exposicao intermediaria TSB,3,4283.07,1
2024,MG,312400,True,Exposicao intermediaria TSB,3,5243.49,1
2024,MG,312890,True,Exposicao intermediaria TSB,3,3494.4,1
2024,MG,313060,True,Exposicao intermediaria TSB,3,2920.28,1
2024,MG,313460,True,Exposicao intermediaria TSB,3,7778.83,1
2024,MG,313630,True,Exposicao intermediaria TSB,3,2932.1,2
2024,MG,313840,True,Alta exposicao TSB,3,5820.01,1
2024,MG,314055,True,Exposicao intermediaria TSB,3,4236.0,1
2024,MG,314085,True,Alta exposicao TSB,3,7229.82,1
2024,MG,314160,True,Alta exposicao TSB,3,6785.07,1
2024,MG,314180,True,Exposicao intermediaria TSB,3,6589.33,1
2024,MG,314430,True,Exposicao intermediaria TSB,3,4989.07,1
2024,MG,314560,True,Exposicao intermediaria TSB,3,4541.3,1
2024,MG,314970,True,Exposicao intermediaria TSB,3,5068.38,1
2024,MG,315490,True,Exposicao intermediaria TSB,3,6348.0,1
2024,MG,315840,True,Alta exposicao TSB,3,4942.0,1
2024,MG,316070,True,Exposicao intermediaria TSB,3,3548.79,1
2024,MG,316180,True,Exposicao intermediaria TSB,3,7150.85,1
2024,MG,316370,True,Alta exposicao TSB,3,6860.54,1
2024,MG,316850,True,Exposicao intermediaria TSB,3,3362.0,1
2024,MS,500200,True,Exposicao intermediaria TSB,3,4319.0,1
2024,MT,510350,True,Exposicao intermediaria TSB,3,8650.34,2
2024,MT,510410,True,Exposicao intermediaria TSB,3,6824.0,1
2024,MT,510452,True,Exposicao intermediaria TSB,3,0.0,1
2024,MT,510624,True,Exposicao intermediaria TSB,3,7319.5,2
2024,MT,510700,True,Alta exposicao TSB,3,25228.72,1
2024,PA,150170,True,Exposicao intermediaria TSB,3,5924.58,1
2024,PA,150360,True,Alta exposicao TSB,3,15111.3,1
2024,PA,150620,True,Exposicao intermediaria TSB,3,2824.0,2
2024,PA,150660,True,Alta exposicao TSB,3,24778.67,1
2024,PA,150760,True,Alta exposicao TSB,3,4747.68,1
2024,PA,150808,True,Exposicao intermediaria TSB,3,4820.4,1
2024,PA,150815,True,Alta exposicao TSB,3,40533.52,1
2024,PA,150830,True,Alta exposicao TSB,3,16037.98,1
2024,PB,250240,True,Alta exposicao TSB,3,18357.46,1
2024,PB,250480,True,Alta exposicao TSB,3,43265.42,1
2024,PB,251150,True,Alta exposicao TSB,3,22816.05,1
2024,PB,251420,True,Alta exposicao TSB,3,29009.76,1
2024,PE,260090,True,Alta exposicao TSB,3,9105.63,1
2024,PE,260170,True,Alta exposicao TSB,3,4518.39,2
2024,PE,260170,True,Exposicao intermediaria TSB,3,4231.38,3
2024,PE,260190,True,Exposicao intermediaria TSB,3,988.4,2
2024,PE,260415,True,Exposicao intermediaria TSB,3,1412.0,1
2024,PE,260540,True,Exposicao intermediaria TSB,3,4624.0,1
2024,PE,260970,True,Alta exposicao TSB,3,4639.799999999999,1
2024,PE,261250,True,Alta exposicao TSB,3,4458.0,2
2024,PE,261340,True,Alta exposicao TSB,3,7121.09,1
2024,PE,261460,True,Alta exposicao TSB,3,4236.0,1
2024,PE,261460,True,Exposicao intermediaria TSB,3,5459.73,1
2024,PE,261470,True,Alta exposicao TSB,3,39435.31,1
2024,PI,220030,True,Alta exposicao TSB,3,38369.01,1
2024,PI,220030,True,Exposicao intermediaria TSB,3,5282.8,1
2024,PI,220080,True,Alta exposicao TSB,3,4610.05,1
2024,PI,220110,True,Alta exposicao TSB,3,25711.83,1
2024,PI,220160,True,Exposicao intermediaria TSB,3,4716.639999999999,1
2024,PI,220240,True,Alta exposicao TSB,3,29959.24,1
2024,PI,220260,True,Alta exposicao TSB,3,25354.64,1
2024,PI,220300,True,Alta exposicao TSB,3,22223.11,1
2024,PI,220460,True,Alta exposicao TSB,3,32870.94,1
2024,PI,220470,True,Alta exposicao TSB,3,41102.880000000005,1
2024,PI,220640,True,Alta exposicao TSB,3,42855.64,1
2024,PI,220730,True,Alta exposicao TSB,3,29097.85,1
2024,PI,220780,True,Alta exposicao TSB,3,28567.14,1
2024,PI,220820,True,Alta exposicao TSB,3,0.0,1
2024,PI,220900,True,Alta exposicao TSB,3,32976.9,1
2024,PI,221020,True,Exposicao intermediaria TSB,3,4560.0,1
2024,PR,410280,True,Exposicao intermediaria TSB,3,1464.3,2
2024,PR,410322,True,Alta exposicao TSB,3,6402.23,1
2024,PR,410335,True,Exposicao intermediaria TSB,3,2350.89,1
2024,PR,410725,True,Exposicao intermediaria TSB,3,6240.0,2
2024,PR,411155,True,Exposicao intermediaria TSB,3,4236.0,1
2024,PR,411280,True,Alta exposicao TSB,3,6042.29,1
2024,PR,411470,True,Alta exposicao TSB,3,5194.8,1
2024,PR,411490,True,Exposicao intermediaria TSB,3,5324.0,1
2024,PR,411570,True,Exposicao intermediaria TSB,3,6415.200000000001,1
2024,PR,411600,True,Alta exposicao TSB,3,12818.05,1
2024,PR,411630,True,Alta exposicao TSB,3,14257.0,1
2024,PR,411930,True,Alta exposicao TSB,3,5238.1,2
2024,PR,411965,True,Alta exposicao TSB,3,6948.89,1
2024,PR,412020,True,Exposicao intermediaria TSB,3,6858.0,1
2024,PR,412030,True,Exposicao intermediaria TSB,3,5650.76,2
2024,PR,412033,True,Exposicao intermediaria TSB,3,0.0,1
2024,PR,412180,True,Exposicao intermediaria TSB,3,7255.9,1
2024,PR,412390,True,Exposicao intermediaria TSB,3,4699.0,1
2024,PR,412600,True,Exposicao intermediaria TSB,3,5449.4400000000005,1
2024,PR,412670,True,Exposicao intermediaria TSB,3,5685.8,1
2024,PR,412780,True,Exposicao intermediaria TSB,3,4426.66,1
2024,RJ,330060,True,Exposicao intermediaria TSB,3,4960.860000000001,1
2024,RJ,330090,True,Exposicao intermediaria TSB,3,5628.78,1
2024,RJ,330120,True,Exposicao intermediaria TSB,3,4283.07,1
2024,RN,240030,True,Alta exposicao TSB,3,21243.74,1
2024,RN,240060,True,Alta exposicao TSB,3,14716.78,1
2024,RN,240170,True,Alta exposicao TSB,3,17317.1,1
2024,RN,240200,True,Exposicao intermediaria TSB,3,5951.67,3
2024,RN,240240,True,Exposicao intermediaria TSB,3,5961.6,1
2024,RN,240300,True,Alta exposicao TSB,3,15375.75,1
2024,RN,240430,True,Alta exposicao TSB,3,19955.13,1
2024,RN,240490,True,Alta exposicao TSB,3,13778.05,1
2024,RN,240570,True,Exposicao intermediaria TSB,3,5321.21,1
2024,RN,240660,True,Alta exposicao TSB,3,9860.01,1
2024,RN,240730,True,Alta exposicao TSB,3,18191.99,1
2024,RN,240940,True,Exposicao intermediaria TSB,3,5240.8,2
2024,RN,241020,True,Alta exposicao TSB,3,18531.0,1
2024,RN,241070,True,Alta exposicao TSB,3,18418.63,1
2024,RN,241100,True,Alta exposicao TSB,3,7613.75,1
2024,RN,241142,True,Alta exposicao TSB,3,9587.18,1
2024,RN,241290,True,Alta exposicao TSB,3,10787.79,1
2024,RN,241310,True,Alta exposicao TSB,3,12258.91,1
2024,RN,241360,True,Alta exposicao TSB,3,15450.42,1
2024,RN,241390,True,Alta exposicao TSB,3,18288.24,1
2024,RN,241470,True,Exposicao intermediaria TSB,3,4786.0,1
2024,RO,110015,True,Exposicao intermediaria TSB,3,7911.8,1
2024,RS,430105,True,Exposicao intermediaria TSB,3,3591.56,1
2024,RS,430120,True,Exposicao intermediaria TSB,3,5501.469999999999,1
2024,RS,430155,True,Alta exposicao TSB,3,14774.830000000002,1
2024,RS,430170,True,Exposicao intermediaria TSB,3,3059.62,1
2024,RS,430175,True,Alta exposicao TSB,3,8628.900000000001,2
2024,RS,430200,True,Exposicao intermediaria TSB,3,0.0,1
2024,RS,430225,True,Exposicao intermediaria TSB,3,6337.259999999999,2
2024,RS,430650,True,Alta exposicao TSB,3,11573.22,1
2024,RS,430800,True,Exposicao intermediaria TSB,3,8387.82,1
2024,RS,430843,True,Exposicao intermediaria TSB,3,8009.019999999999,1
2024,RS,430885,True,Exposicao intermediaria TSB,3,7006.289999999999,1
2024,RS,430970,True,Alta exposicao TSB,3,28287.51,1
2024,RS,431043,True,Alta exposicao TSB,3,2782.0,2
2024,RS,431190,True,Alta exposicao TSB,3,20833.92,1
2024,RS,431190,True,Exposicao intermediaria TSB,3,7898.5,1
2024,RS,431238,True,Exposicao intermediaria TSB,3,7420.18,1
2024,RS,431245,True,Alta exposicao TSB,3,15240.34,1
2024,RS,431310,True,Exposicao intermediaria TSB,3,6191.96,1
2024,RS,431454,True,Alta exposicao TSB,3,8770.07,1
2024,RS,431515,True,Exposicao intermediaria TSB,3,8599.75,1
2024,RS,431535,True,Exposicao intermediaria TSB,3,7225.53,1
2024,RS,431570,True,Exposicao intermediaria TSB,3,3548.4300000000003,1
2024,RS,431620,True,Exposicao intermediaria TSB,3,5039.37,1
2024,RS,431650,True,Exposicao intermediaria TSB,3,7417.49,1
2024,RS,431670,True,Exposicao intermediaria TSB,3,4844.76,1
2024,RS,431760,True,Exposicao intermediaria TSB,3,12292.28,1
2024,RS,431805,True,Exposicao intermediaria TSB,3,6049.83,1
2024,RS,431861,True,Exposicao intermediaria TSB,3,5648.91,2
2024,RS,431890,True,Exposicao intermediaria TSB,3,7339.54,1
2024,RS,431937,True,Exposicao intermediaria TSB,3,6661.73,1
2024,RS,431971,True,Exposicao intermediaria TSB,3,6986.59,1
2024,RS,431980,True,Exposicao intermediaria TSB,3,7993.38,1
2024,RS,432020,True,Exposicao intermediaria TSB,3,5533.1,2
2024,RS,432060,True,Exposicao intermediaria TSB,3,5723.91,1
2024,RS,432147,True,Exposicao intermediaria TSB,3,1656.52,2
2024,RS,432210,True,Alta exposicao TSB,3,8632.06,1
2024,RS,432230,True,Alta exposicao TSB,3,4284.76,2
2024,RS,432254,True,Alta exposicao TSB,3,7663.15,1
2024,RS,432255,True,Exposicao intermediaria TSB,3,6289.9800000000005,1
2024,RS,432350,True,Exposicao intermediaria TSB,3,4530.35,1
2024,SC,420080,True,Exposicao intermediaria TSB,3,6662.49,1
2024,SC,420160,True,Alta exposicao TSB,3,22547.36,1
2024,SC,420285,True,Exposicao intermediaria TSB,3,5358.61,1
2024,SC,420445,True,Alta exposicao TSB,3,4486.43,1
2024,SC,420640,True,Alta exposicao TSB,3,23474.04,1
2024,SC,420680,True,Alta exposicao TSB,3,22634.61,1
2024,SC,420730,True,Alta exposicao TSB,3,117880.01,2
2024,SC,420770,True,Exposicao intermediaria TSB,3,6840.0,2
2024,SC,420780,True,Alta exposicao TSB,3,28226.53,2
2024,SC,420785,True,Alta exposicao TSB,3,9843.81,1
2024,SC,420880,True,Exposicao intermediaria TSB,3,6979.709999999999,3
2024,SC,420915,True,Alta exposicao TSB,3,25308.04,1
2024,SC,420920,True,Alta exposicao TSB,3,13365.079999999998,1
2024,SC,420920,True,Exposicao intermediaria TSB,3,8300.0,1
2024,SC,420960,True,Exposicao intermediaria TSB,3,6924.0,1
2024,SC,420970,True,Exposicao intermediaria TSB,3,0.0,1
2024,SC,420985,True,Alta exposicao TSB,3,12606.41,1
2024,SC,421055,True,Exposicao intermediaria TSB,3,5607.65,1
2024,SC,421080,True,Exposicao intermediaria TSB,3,7572.4,1
2024,SC,421240,True,Alta exposicao TSB,3,9916.8,1
2024,SC,421415,True,Exposicao intermediaria TSB,3,6907.32,1
2024,SC,421510,True,Alta exposicao TSB,3,4132.33,1
2024,SC,421535,True,Exposicao intermediaria TSB,3,5245.23,1
2024,SC,421540,True,Exposicao intermediaria TSB,3,6760.360000000001,2
2024,SC,421545,True,Alta exposicao TSB,3,6678.42,1
2024,SC,421640,True,Alta exposicao TSB,3,23624.77,1
2024,SC,421640,True,Exposicao intermediaria TSB,3,7490.98,1
2024,SC,421840,True,Alta exposicao TSB,3,20369.03,2
2024,SC,421895,True,Alta exposicao TSB,3,22158.16,1
2024,SC,421935,True,Exposicao intermediaria TSB,3,6657.18,1
2024,SC,421985,True,Exposicao intermediaria TSB,3,10046.5,2
2024,SE,280100,True,Alta exposicao TSB,3,28620.210000000003,1
2024,SE,280120,True,Exposicao intermediaria TSB,3,2912.0,1
2024,SE,280140,True,Alta exposicao TSB,3,25940.94,1
2024,SE,280190,True,Alta exposicao TSB,3,16708.13,1
2024,SE,280450,True,Exposicao intermediaria TSB,3,3972.0,1
2024,SE,280510,True,Alta exposicao TSB,3,21423.32,1
2024,SE,280610,True,Alta exposicao TSB,3,17226.83,1
2024,SE,280660,True,Exposicao intermediaria TSB,3,5099.76,2
2024,SP,350055,True,Exposicao intermediaria TSB,3,8351.689999999999,1
2024,SP,350535,True,Alta exposicao TSB,3,32530.0,2
2024,SP,350535,True,Exposicao intermediaria TSB,3,9275.45,1
2024,SP,350630,True,Alta exposicao TSB,3,24049.95,1
2024,SP,350640,True,Alta exposicao TSB,3,6555.82,1
2024,SP,350670,True,Exposicao intermediaria TSB,3,4573.42,1
2024,SP,350745,True,Alta exposicao TSB,3,5085.51,1
2024,SP,350990,True,Alta exposicao TSB,3,34074.23,1
2024,SP,351080,True,Exposicao intermediaria TSB,3,5000.0,2
2024,SP,351100,True,Exposicao intermediaria TSB,3,5695.200000000001,1
2024,SP,351120,True,Alta exposicao TSB,3,15802.02,2
2024,SP,351470,True,Alta exposicao TSB,3,20109.29,1
2024,SP,351710,True,Alta exposicao TSB,3,10491.86,2
2024,SP,351860,True,Exposicao intermediaria TSB,3,8269.08,1
2024,SP,351885,True,Alta exposicao TSB,3,21783.72,1
2024,SP,351980,True,Alta exposicao TSB,3,39406.42,1
2024,SP,352042,True,Alta exposicao TSB,3,33189.490000000005,1
2024,SP,352540,True,Alta exposicao TSB,3,17153.440000000002,1
2024,SP,352580,True,Exposicao intermediaria TSB,3,6195.0,1
2024,SP,352770,True,Alta exposicao TSB,3,28341.47,1
2024,SP,352950,True,Alta exposicao TSB,3,12597.65,1
2024,SP,353200,True,Alta exposicao TSB,3,31414.4,1
2024,SP,353410,True,Alta exposicao TSB,3,29148.08,1
2024,SP,353520,True,Alta exposicao TSB,3,28227.32,1
2024,SP,353570,True,Alta exposicao TSB,3,5718.85,1
2024,SP,353580,True,Exposicao intermediaria TSB,3,5582.22,1
2024,SP,353657,True,Alta exposicao TSB,3,8401.39,1
2024,SP,353750,True,Exposicao intermediaria TSB,3,7215.75,1
2024,SP,353990,True,Exposicao intermediaria TSB,3,7535.84,1
2024,SP,354040,True,Alta exposicao TSB,3,26269.15,1
2024,SP,354120,True,Alta exposicao TSB,3,23099.07,1
2024,SP,354170,True,Alta exposicao TSB,3,24083.23,1
2024,SP,354200,True,Exposicao intermediaria TSB,3,1967.0,2
2024,SP,354420,True,Alta exposicao TSB,3,24834.43,1
2024,SP,354690,True,Exposicao intermediaria TSB,3,15226.04,1
2024,SP,355230,True,Alta exposicao TSB,3,23179.45,1
2024,SP,355340,True,Exposicao intermediaria TSB,3,0.0,1
2024,SP,355350,True,Exposicao intermediaria TSB,3,7495.27,1
2024,SP,355580,True,Alta exposicao TSB,3,28610.88,1
2024,SP,355680,True,Exposicao intermediaria TSB,3,5833.48,1
2024,TO,170025,True,Alta exposicao TSB,3,5760.879999999999,1
2024,TO,170730,True,Alta exposicao TSB,3,5187.58,1
2024,TO,170825,True,Alta exposicao TSB,3,5524.57,1
2024,TO,170830,True,Alta exposicao TSB,3,4728.32,1
2024,TO,171150,True,Alta exposicao TSB,3,5946.49,1
2024,TO,171240,True,Alta exposicao TSB,3,6149.99,1
2024,TO,171525,True,Alta exposicao TSB,3,9886.94,1
2024,TO,171570,True,Exposicao intermediaria TSB,3,4260.0,1
2024,TO,171800,True,Alta exposicao TSB,3,5101.33,1
2024,TO,171875,True,Exposicao intermediaria TSB,3,6486.0,1
2024,TO,172130,True,Exposicao intermediaria TSB,3,0.0,1
2024,AC,120050,True,Alta exposicao TSB,2,3048.0,1
2024,AL,270610,True,Alta exposicao TSB,2,4360.79,1
2024,AL,270740,True,Exposicao intermediaria TSB,2,2824.0,1
2024,AL,270915,True,Exposicao intermediaria TSB,2,1589.45,1
2024,AM,130040,True,Alta exposicao TSB,2,15942.39,2
2024,AM,130070,True,Alta exposicao TSB,2,9617.63,2
2024,AM,130083,True,Alta exposicao TSB,2,27827.28,1
2024,AM,130090,True,Alta exposicao TSB,2,4766.92,1
2024,AM,130165,True,Alta exposicao TSB,2,11533.29,1
2024,AM,130185,True,Exposicao intermediaria TSB,2,2615.26,2
2024,AM,130210,True,Alta exposicao TSB,2,10484.14,1
2024,AM,130230,True,Alta exposicao TSB,2,7308.48,1
2024,AM,130250,True,Exposicao intermediaria TSB,2,3562.54,1
2024,BA,290030,True,Exposicao intermediaria TSB,2,4000.0,1
2024,BA,290475,True,Exposicao intermediaria TSB,2,1412.0,1
2024,BA,290530,True,Alta exposicao TSB,2,28388.45,1
2024,BA,290560,True,Exposicao intermediaria TSB,2,2875.45,1
2024,BA,290870,True,Exposicao intermediaria TSB,2,2729.87,1
2024,BA,290900,True,Exposicao intermediaria TSB,2,2824.0,1
2024,BA,291077,True,Alta exposicao TSB,2,6480.0,1
2024,BA,291320,True,Alta exposicao TSB,2,4038.02,1
2024,BA,291410,True,Exposicao intermediaria TSB,2,2824.0,1
2024,BA,291610,True,Exposicao intermediaria TSB,2,50167.79,1
2024,BA,291710,True,Exposicao intermediaria TSB,2,2824.0,1
2024,BA,291790,True,Alta exposicao TSB,2,2917.6,1
2024,BA,291875,True,Exposicao intermediaria TSB,2,2824.0,1
2024,BA,292000,True,Exposicao intermediaria TSB,2,2824.0,1
2024,BA,292040,True,Exposicao intermediaria TSB,2,3400.02,1
2024,BA,292210,True,Exposicao intermediaria TSB,2,3018.0,1
2024,BA,292240,True,Exposicao intermediaria TSB,2,2824.0,1
2024,BA,292310,True,Alta exposicao TSB,2,20998.35,1
2024,BA,292500,True,Exposicao intermediaria TSB,2,0.0,1
2024,BA,292640,True,Alta exposicao TSB,2,1600.0,2
2024,BA,293010,True,Exposicao intermediaria TSB,2,2954.0,2
2024,CE,230090,True,Exposicao intermediaria TSB,2,4236.0,1
2024,CE,230170,True,Exposicao intermediaria TSB,2,2979.03,1
2024,CE,230230,True,Exposicao intermediaria TSB,2,2824.0,2
2024,CE,230530,True,Alta exposicao TSB,2,2824.0,1
2024,CE,230540,True,Exposicao intermediaria TSB,2,1442.0,1
2024,CE,230700,True,Exposicao intermediaria TSB,2,2824.0,1
2024,CE,230750,True,Alta exposicao TSB,2,7200.0,1
2024,CE,230945,True,Alta exposicao TSB,2,4332.72,1
2024,ES,320035,True,Alta exposicao TSB,2,10085.31,1
2024,ES,320190,True,Exposicao intermediaria TSB,2,5228.66,2
2024,ES,320200,True,Alta exposicao TSB,2,9055.65,1
2024,ES,320255,True,Exposicao intermediaria TSB,2,6993.49,1
2024,ES,320370,True,Exposicao intermediaria TSB,2,2949.0,1
2024,ES,320425,True,Exposicao intermediaria TSB,2,563.57,1
2024,ES,320465,True,Exposicao intermediaria TSB,2,3558.8599999999997,2
2024,ES,320501,True,Exposicao intermediaria TSB,2,1835.0,2
2024,GO,520080,True,Alta exposicao TSB,2,9490.07,1
2024,GO,520320,True,Exposicao intermediaria TSB,2,81321.26,1
2024,GO,520425,True,Exposicao intermediaria TSB,2,0.0,1
2024,GO,521120,True,Exposicao intermediaria TSB,2,2494.53,1
2024,GO,521280,True,Alta exposicao TSB,2,2824.0,1
2024,GO,521375,True,Alta exposicao TSB,2,0.0,1
2024,GO,521530,True,Exposicao intermediaria TSB,2,0.0,1
2024,GO,521810,True,Exposicao intermediaria TSB,2,5300.0,1
2024,GO,521925,True,Exposicao intermediaria TSB,2,2824.0,1
2024,GO,521973,True,Exposicao intermediaria TSB,2,5400.0,1
2024,GO,522020,True,Exposicao intermediaria TSB,2,5000.0,1
2024,MA,210160,True,Exposicao intermediaria TSB,2,2490.25,1
2024,MA,210340,True,Alta exposicao TSB,2,35518.15,1
2024,MA,210340,True,Exposicao intermediaria TSB,2,5294.4,1
2024,MA,210750,True,Exposicao intermediaria TSB,2,3098.1400000000003,1
2024,MA,211030,True,Exposicao intermediaria TSB,2,2824.0,1
2024,MG,310010,True,Alta exposicao TSB,2,4931.9,1
2024,MG,310050,True,Alta exposicao TSB,2,4791.92,1
2024,MG,310120,True,Exposicao intermediaria TSB,2,3112.0,1
2024,MG,310210,True,Exposicao intermediaria TSB,2,4000.67,1
2024,MG,310830,True,Exposicao intermediaria TSB,2,0.0,1
2024,MG,310850,True,Alta exposicao TSB,2,1500.0,1
2024,MG,310990,True,Exposicao intermediaria TSB,2,0.0,1
2024,MG,311150,True,Exposicao intermediaria TSB,2,5271.47,1
2024,MG,311440,True,Exposicao intermediaria TSB,2,3439.74,1
2024,MG,311450,True,Exposicao intermediaria TSB,2,3388.8,1
2024,MG,311710,True,Alta exposicao TSB,2,6685.26,1
2024,MG,311770,True,Exposicao intermediaria TSB,2,3678.27,1
2024,MG,312070,True,Alta exposicao TSB,2,2266.0,1
2024,MG,312120,True,Exposicao intermediaria TSB,2,3323.23,1
2024,MG,312260,True,Exposicao intermediaria TSB,2,4353.33,1
2024,MG,312410,True,Alta exposicao TSB,2,3596.0,1
2024,MG,312570,True,Exposicao intermediaria TSB,2,5953.93,1
2024,MG,312600,True,Exposicao intermediaria TSB,2,6479.25,1
2024,MG,312760,True,Exposicao intermediaria TSB,2,3306.24,1
2024,MG,312920,True,Exposicao intermediaria TSB,2,0.0,1
2024,MG,312930,True,Alta exposicao TSB,2,6174.0,1
2024,MG,313065,True,Alta exposicao TSB,2,3800.0,1
2024,MG,313070,True,Exposicao intermediaria TSB,2,0.0,1
2024,MG,313090,True,Alta exposicao TSB,2,7780.789999999999,1
2024,MG,313250,True,Exposicao intermediaria TSB,2,3171.7,1
2024,MG,313350,True,Alta exposicao TSB,2,1412.0,1
2024,MG,313390,True,Alta exposicao TSB,2,4645.62,1
2024,MG,313750,True,Exposicao intermediaria TSB,2,5324.0,1
2024,MG,313860,True,Exposicao intermediaria TSB,2,2753.4,1
2024,MG,313950,True,Alta exposicao TSB,2,4637.32,1
2024,MG,314070,True,Alta exposicao TSB,2,2824.0,3
2024,MG,314080,True,Exposicao intermediaria TSB,2,3828.77,1
2024,MG,314250,True,Alta exposicao TSB,2,8156.93,1
2024,MG,314460,True,Exposicao intermediaria TSB,2,3030.0,1
2024,MG,315080,True,Alta exposicao TSB,2,3080.5,1
2024,MG,315140,True,Exposicao intermediaria TSB,2,4613.67,1
2024,MG,315230,True,Exposicao intermediaria TSB,2,4620.0,1
2024,MG,315400,True,Exposicao intermediaria TSB,2,3468.98,1
2024,MG,316070,True,Alta exposicao TSB,2,2824.0,1
2024,MG,316210,True,Exposicao intermediaria TSB,2,2824.0,1
2024,MG,316400,True,Exposicao intermediaria TSB,2,4631.81,1
2024,MG,316430,True,Exposicao intermediaria TSB,2,5329.96,1
2024,MG,316530,True,Exposicao intermediaria TSB,2,3247.0,1
2024,MG,316620,True,Exposicao intermediaria TSB,2,4235.26,1
2024,MG,317100,True,Exposicao intermediaria TSB,2,2118.0,1
2024,MG,317103,True,Alta exposicao TSB,2,6817.29,1
2024,MS,500460,True,Exposicao intermediaria TSB,2,5468.2,2
2024,MS,500490,True,Exposicao intermediaria TSB,2,3615.96,1
2024,MS,500520,True,Exposicao intermediaria TSB,2,2924.0,1
2024,MS,500568,True,Exposicao intermediaria TSB,2,4708.91,1
2024,MS,500769,True,Alta exposicao TSB,2,7275.200000000001,1
2024,MT,510030,True,Exposicao intermediaria TSB,2,0.0,1
2024,MT,510050,True,Alta exposicao TSB,2,16366.75,1
2024,MT,510325,True,Exposicao intermediaria TSB,2,1976.8,2
2024,MT,510330,True,Exposicao intermediaria TSB,2,9342.4,1
2024,MT,510455,True,Alta exposicao TSB,2,14717.77,1
2024,MT,510619,True,Exposicao intermediaria TSB,2,5028.77,1
2024,MT,510677,True,Exposicao intermediaria TSB,2,6666.67,1
2024,MT,510715,True,Alta exposicao TSB,2,9562.16,1
2024,MT,510719,True,Alta exposicao TSB,2,14774.58,1
2024,MT,510724,True,Alta exposicao TSB,2,4384.69,1
2024,MT,510740,True,Alta exposicao TSB,2,9559.75,1
2024,MT,510830,True,Alta exposicao TSB,2,4751.33,1
2024,PA,150277,True,Exposicao intermediaria TSB,2,4058.2,1
2024,PA,150300,True,Alta exposicao TSB,2,5744.06,1
2024,PA,150370,True,Exposicao intermediaria TSB,2,1524.96,1
2024,PA,150530,True,Exposicao intermediaria TSB,2,2905.33,1
2024,PA,150640,True,Alta exposicao TSB,2,9115.22,1
2024,PA,150730,True,Alta exposicao TSB,2,11224.51,1
2024,PA,150730,True,Exposicao intermediaria TSB,2,4654.93,1
2024,PA,150797,True,Exposicao intermediaria TSB,2,3820.0,1
2024,PB,250090,True,Alta exposicao TSB,2,11333.93,1
2024,PB,250680,True,Alta exposicao TSB,2,7614.58,1
2024,PB,250830,True,Exposicao intermediaria TSB,2,3196.4,1
2024,PB,251420,True,Exposicao intermediaria TSB,2,4272.0,1
2024,PE,260030,True,Alta exposicao TSB,2,13524.71,1
2024,PE,260430,True,Exposicao intermediaria TSB,2,1675.0,1
2024,PE,260560,True,Alta exposicao TSB,2,3724.4,2
2024,PE,260650,True,Alta exposicao TSB,2,3052.71,1
2024,PE,260765,True,Alta exposicao TSB,2,3122.0,1
2024,PE,260845,True,Exposicao intermediaria TSB,2,1412.0,1
2024,PE,260850,True,Alta exposicao TSB,2,0.0,1
2024,PE,260970,True,Exposicao intermediaria TSB,2,2824.0,2
2024,PE,261190,True,Alta exposicao TSB,2,15395.61,1
2024,PE,261220,True,Exposicao intermediaria TSB,2,2842.0,1
2024,PE,261410,True,Exposicao intermediaria TSB,2,2653.48,1
2024,PE,261500,True,Exposicao intermediaria TSB,2,2119.2799999999997,2
2024,PE,261580,True,Alta exposicao TSB,2,3300.0,1
2024,PI,220010,True,Alta exposicao TSB,2,25770.14,1
2024,PI,220070,True,Alta exposicao TSB,2,29723.61,1
2024,PI,220140,True,Alta exposicao TSB,2,19371.84,1
2024,PI,220225,True,Alta exposicao TSB,2,22464.59,1
2024,PI,220250,True,Alta exposicao TSB,2,17280.93,1
2024,PI,220280,True,Alta exposicao TSB,2,24070.17,1
2024,PI,220340,True,Alta exposicao TSB,2,19940.45,1
2024,PI,220360,True,Alta exposicao TSB,2,11234.21,1
2024,PI,220400,True,Alta exposicao TSB,2,20566.9,1
2024,PI,220410,True,Alta exposicao TSB,2,21379.5,1
2024,PI,220540,True,Alta exposicao TSB,2,26297.32,1
2024,PI,220600,True,Alta exposicao TSB,2,8556.15,1
2024,PI,220610,True,Alta exposicao TSB,2,21302.36,1
2024,PI,220650,True,Alta exposicao TSB,2,19169.93,1
2024,PI,220720,True,Alta exposicao TSB,2,11901.02,1
2024,PI,220750,True,Alta exposicao TSB,2,23643.39,1
2024,PI,220850,True,Alta exposicao TSB,2,17789.69,1
2024,PI,220920,True,Alta exposicao TSB,2,18352.29,1
2024,PI,220960,True,Alta exposicao TSB,2,15434.010000000002,1
2024,PI,220970,True,Alta exposicao TSB,2,20646.11,1
2024,PI,220990,True,Alta exposicao TSB,2,21111.83,1
2024,PI,221010,True,Alta exposicao TSB,2,9909.85,1
2024,PI,221030,True,Alta exposicao TSB,2,11739.87,1
2024,PI,221140,True,Alta exposicao TSB,2,22157.06,1
2024,PR,410080,True,Exposicao intermediaria TSB,2,4000.0,1
2024,PR,410110,True,Exposicao intermediaria TSB,2,1412.0,1
2024,PR,410115,True,Alta exposicao TSB,2,7030.4,1
2024,PR,410350,True,Alta exposicao TSB,2,10366.58,1
2024,PR,410570,True,Exposicao intermediaria TSB,2,2945.84,1
2024,PR,410590,True,Exposicao intermediaria TSB,2,0.0,1
2024,PR,410655,True,Exposicao intermediaria TSB,2,1412.0,1
2024,PR,410832,True,Exposicao intermediaria TSB,2,0.0,1
2024,PR,410870,True,Exposicao intermediaria TSB,2,4658.82,1
2024,PR,410975,True,Exposicao intermediaria TSB,2,5503.26,1
2024,PR,411110,True,Exposicao intermediaria TSB,2,5884.719999999999,1
2024,PR,411270,True,Exposicao intermediaria TSB,2,4265.8,1
2024,PR,411375,True,Exposicao intermediaria TSB,2,2871.07,1
2024,PR,411470,True,Exposicao intermediaria TSB,2,4852.04,1
2024,PR,411530,True,Exposicao intermediaria TSB,2,0.0,1
2024,PR,411620,True,Exposicao intermediaria TSB,2,2000.0,1
2024,PR,411745,True,Alta exposicao TSB,2,7590.0,1
2024,PR,411845,True,Exposicao intermediaria TSB,2,2400.0,1
2024,PR,412080,True,Alta exposicao TSB,2,5184.83,1
2024,PR,412120,True,Alta exposicao TSB,2,4312.41,1
2024,PR,412150,True,Alta exposicao TSB,2,0.0,1
2024,PR,412340,True,Alta exposicao TSB,2,8175.7,1
2024,PR,412340,True,Exposicao intermediaria TSB,2,0.0,1
2024,PR,412410,True,Alta exposicao TSB,2,4937.32,1
2024,PR,412555,True,Exposicao intermediaria TSB,2,4100.0,1
2024,PR,412730,True,Exposicao intermediaria TSB,2,3388.8,1
2024,PR,412795,True,Exposicao intermediaria TSB,2,4610.04,2
2024,PR,412865,True,Alta exposicao TSB,2,6911.61,1
2024,RJ,330380,True,Exposicao intermediaria TSB,2,3240.4,1
2024,RN,240090,True,Alta exposicao TSB,2,10105.3,1
2024,RN,240145,True,Alta exposicao TSB,2,9825.95,1
2024,RN,240160,True,Alta exposicao TSB,2,11194.16,1
2024,RN,240250,True,Alta exposicao TSB,2,13160.84,1
2024,RN,240280,True,Alta exposicao TSB,2,4502.65,1
2024,RN,240370,True,Alta exposicao TSB,2,9628.62,1
2024,RN,240520,True,Alta exposicao TSB,2,9547.71,1
2024,RN,240680,True,Alta exposicao TSB,2,7833.52,1
2024,RN,240700,True,Alta exposicao TSB,2,8850.57,1
2024,RN,240760,True,Alta exposicao TSB,2,8962.42,1
2024,RN,240850,True,Alta exposicao TSB,2,6929.31,1
2024,RN,240860,True,Alta exposicao TSB,2,7233.33,1
2024,RN,240870,True,Alta exposicao TSB,2,7050.38,1
2024,RN,240990,True,Exposicao intermediaria TSB,2,1680.0,1
2024,RN,241050,True,Alta exposicao TSB,2,10479.06,1
2024,RN,241090,True,Alta exposicao TSB,2,10076.15,1
2024,RN,241105,True,Alta exposicao TSB,2,14827.61,1
2024,RN,241110,True,Alta exposicao TSB,2,5353.72,1
2024,RN,241240,True,Alta exposicao TSB,2,4721.89,1
2024,RN,241255,True,Alta exposicao TSB,2,18771.96,1
2024,RN,241300,True,Alta exposicao TSB,2,8071.68,1
2024,RN,241430,True,Alta exposicao TSB,2,10165.86,1
2024,RN,241460,True,Alta exposicao TSB,2,4961.93,1
2024,RO,110001,True,Exposicao intermediaria TSB,2,0.0,1
2024,RO,110018,True,Exposicao intermediaria TSB,2,3258.55,2
2024,RO,110090,True,Exposicao intermediaria TSB,2,4500.0,1
2024,RS,430066,True,Alta exposicao TSB,2,5826.18,1
2024,RS,430070,True,Exposicao intermediaria TSB,2,3979.37,1
2024,RS,430090,True,Exposicao intermediaria TSB,2,4419.65,1
2024,RS,430107,True,Alta exposicao TSB,2,3716.64,1
2024,RS,430180,True,Exposicao intermediaria TSB,2,3470.92,1
2024,RS,430195,True,Alta exposicao TSB,2,3580.0,1
2024,RS,430240,True,Exposicao intermediaria TSB,2,5903.4,1
2024,RS,430340,True,Exposicao intermediaria TSB,2,5417.42,1
2024,RS,430420,True,Exposicao intermediaria TSB,2,3423.38,1
2024,RS,430467,True,Alta exposicao TSB,2,8778.86,1
2024,RS,430468,True,Alta exposicao TSB,2,15601.2,1
2024,RS,430495,True,Exposicao intermediaria TSB,2,5260.0,1
2024,RS,430530,True,Alta exposicao TSB,2,15720.44,1
2024,RS,430540,True,Exposicao intermediaria TSB,2,3772.0,1
2024,RS,430550,True,Alta exposicao TSB,2,20460.81,1
2024,RS,430605,True,Exposicao intermediaria TSB,2,3026.69,1
2024,RS,430630,True,Exposicao intermediaria TSB,2,4384.96,1
2024,RS,430705,True,Exposicao intermediaria TSB,2,3666.34,1
2024,RS,430783,True,Alta exposicao TSB,2,24060.22,1
2024,RS,430807,True,Exposicao intermediaria TSB,2,3930.66,1
2024,RS,430950,True,Exposicao intermediaria TSB,2,3988.18,1
2024,RS,430955,True,Exposicao intermediaria TSB,2,4361.63,1
2024,RS,431160,True,Alta exposicao TSB,2,7013.89,2
2024,RS,431164,True,Exposicao intermediaria TSB,2,5839.34,1
2024,RS,431170,True,Exposicao intermediaria TSB,2,3390.77,1
2024,RS,431198,True,Alta exposicao TSB,2,8592.25,1
2024,RS,431260,True,Exposicao intermediaria TSB,2,5085.15,1
2024,RS,431300,True,Exposicao intermediaria TSB,2,4859.0,1
2024,RS,431360,True,Exposicao intermediaria TSB,2,3068.52,2
2024,RS,431445,True,Exposicao intermediaria TSB,2,4539.74,1
2024,RS,431510,True,Exposicao intermediaria TSB,2,3145.1,1
2024,RS,431520,True,Alta exposicao TSB,2,12950.24,2
2024,RS,431520,True,Exposicao intermediaria TSB,2,4962.36,1
2024,RS,431545,True,Exposicao intermediaria TSB,2,5339.78,1
2024,RS,431575,True,Alta exposicao TSB,2,14460.03,1
2024,RS,431590,True,Alta exposicao TSB,2,15288.66,2
2024,RS,431620,True,Alta exposicao TSB,2,28080.78,1
2024,RS,431670,True,Alta exposicao TSB,2,3513.24,2
2024,RS,431790,True,Alta exposicao TSB,2,8029.37,1
2024,RS,431842,True,Alta exposicao TSB,2,10741.06,1
2024,RS,431850,True,Exposicao intermediaria TSB,2,3863.91,1
2024,RS,431880,True,Exposicao intermediaria TSB,2,2023.87,1
2024,RS,431910,True,Exposicao intermediaria TSB,2,5139.530000000001,1
2024,RS,431912,True,Alta exposicao TSB,2,5221.31,1
2024,RS,431970,True,Exposicao intermediaria TSB,2,4116.0,1
2024,RS,432030,True,Exposicao intermediaria TSB,2,1902.91,1
2024,RS,432035,True,Alta exposicao TSB,2,2291.48,1
2024,RS,432050,True,Alta exposicao TSB,2,13269.1,1
2024,RS,432065,True,Exposicao intermediaria TSB,2,4462.92,1
2024,RS,432166,True,Alta exposicao TSB,2,5822.79,1
2024,RS,432237,True,Alta exposicao TSB,2,4150.0,1
2024,RS,432320,True,Alta exposicao TSB,2,19513.69,2
2024,RS,432345,True,Alta exposicao TSB,2,11431.19,1
2024,RS,432360,True,Alta exposicao TSB,2,3157.2200000000003,1
2024,SC,420075,True,Exposicao intermediaria TSB,2,5287.34,2
2024,SC,420120,True,Exposicao intermediaria TSB,2,3442.78,1
2024,SC,420209,True,Exposicao intermediaria TSB,2,3752.4,2
2024,SC,420243,True,Alta exposicao TSB,2,22762.71,1
2024,SC,420325,True,Alta exposicao TSB,2,17656.61,1
2024,SC,420560,True,Exposicao intermediaria TSB,2,3402.4,1
2024,SC,420640,True,Exposicao intermediaria TSB,2,7956.380000000001,1
2024,SC,420775,True,Alta exposicao TSB,2,17102.93,1
2024,SC,420785,True,Exposicao intermediaria TSB,2,0.0,1
2024,SC,421040,True,Alta exposicao TSB,2,16224.23,1
2024,SC,421189,True,Alta exposicao TSB,2,20232.46,1
2024,SC,421205,True,Alta exposicao TSB,2,26025.17,1
2024,SC,421410,True,Alta exposicao TSB,2,11194.64,1
2024,SC,421507,True,Exposicao intermediaria TSB,2,5248.82,1
2024,SC,421590,True,Alta exposicao TSB,2,17920.03,1
2024,SC,421635,True,Alta exposicao TSB,2,12843.95,1
2024,SC,421635,True,Exposicao intermediaria TSB,2,2913.33,1
2024,SC,421755,True,Alta exposicao TSB,2,18753.04,1
2024,SC,421910,True,Alta exposicao TSB,2,14320.51,1
2024,SC,421915,True,Exposicao intermediaria TSB,2,3920.0,1
2024,SE,280067,True,Exposicao intermediaria TSB,2,3247.6,2
2024,SE,280220,True,Alta exposicao TSB,2,12864.240000000002,1
2024,SE,280240,True,Alta exposicao TSB,2,16168.56,1
2024,SE,280310,True,Alta exposicao TSB,2,14289.6,1
2024,SE,280400,True,Exposicao intermediaria TSB,2,2824.0,1
2024,SE,280410,True,Alta exposicao TSB,2,13806.27,1
2024,SE,280420,True,Alta exposicao TSB,2,9476.03,1
2024,SE,280430,True,Alta exposicao TSB,2,10145.79,1
2024,SE,280500,True,Alta exposicao TSB,2,9979.25,1
2024,SE,280520,True,Alta exposicao TSB,2,9305.28,1
2024,SE,280700,True,Alta exposicao TSB,2,10919.62,1
2024,SP,350020,True,Alta exposicao TSB,2,10897.53,1
2024,SP,350020,True,Exposicao intermediaria TSB,2,3871.04,1
2024,SP,350030,True,Exposicao intermediaria TSB,2,3600.0,1
2024,SP,350050,True,Alta exposicao TSB,2,4520.54,1
2024,SP,350080,True,Alta exposicao TSB,2,14550.6,1
2024,SP,350090,True,Alta exposicao TSB,2,16050.88,1
2024,SP,350100,True,Exposicao intermediaria TSB,2,4805.67,1
2024,SP,350110,True,Alta exposicao TSB,2,9915.09,1
2024,SP,350120,True,Exposicao intermediaria TSB,2,0.0,1
2024,SP,350140,True,Alta exposicao TSB,2,12855.18,1
2024,SP,350240,True,Alta exposicao TSB,2,21092.82,1
2024,SP,350260,True,Alta exposicao TSB,2,16766.35,1
2024,SP,350315,True,Alta exposicao TSB,2,11496.4,1
2024,SP,350340,True,Alta exposicao TSB,2,24670.74,1
2024,SP,350540,True,Alta exposicao TSB,2,41430.14,1
2024,SP,350890,True,Alta exposicao TSB,2,6568.24,1
2024,SP,350995,True,Alta exposicao TSB,2,12464.1,1
2024,SP,351140,True,Exposicao intermediaria TSB,2,7254.84,1
2024,SP,351260,True,Alta exposicao TSB,2,10466.38,1
2024,SP,351519,True,Alta exposicao TSB,2,6008.52,1
2024,SP,351520,True,Alta exposicao TSB,2,16886.66,1
2024,SP,351535,True,Alta exposicao TSB,2,13498.0,1
2024,SP,351850,True,Exposicao intermediaria TSB,2,2824.0,1
2024,SP,351925,True,Alta exposicao TSB,2,15821.080000000002,1
2024,SP,352110,True,Alta exposicao TSB,2,0.0,1
2024,SP,352350,True,Exposicao intermediaria TSB,2,0.0,1
2024,SP,352460,True,Exposicao intermediaria TSB,2,4802.12,1
2024,SP,352780,True,Alta exposicao TSB,2,13565.08,1
2024,SP,352790,True,Alta exposicao TSB,2,9567.26,1
2024,SP,352820,True,Alta exposicao TSB,2,16652.23,1
2024,SP,352890,True,Alta exposicao TSB,2,9048.36,1
2024,SP,353100,True,Alta exposicao TSB,2,15544.06,1
2024,SP,353260,True,Exposicao intermediaria TSB,2,2824.0,1
2024,SP,353270,True,Alta exposicao TSB,2,14153.97,1
2024,SP,353510,True,Alta exposicao TSB,2,19389.09,1
2024,SP,353590,True,Alta exposicao TSB,2,15596.91,1
2024,SP,353610,True,Alta exposicao TSB,2,16332.46,1
2024,SP,353610,True,Exposicao intermediaria TSB,2,6368.4400000000005,1
2024,SP,353715,True,Alta exposicao TSB,2,15980.64,1
2024,SP,353750,True,Alta exposicao TSB,2,16885.120000000003,1
2024,SP,353820,True,Exposicao intermediaria TSB,2,0.0,2
2024,SP,353830,True,Alta exposicao TSB,2,14616.419999999998,1
2024,SP,353850,True,Exposicao intermediaria TSB,2,4926.66,1
2024,SP,353940,True,Exposicao intermediaria TSB,2,2548.92,2
2024,SP,353960,True,Alta exposicao TSB,2,15693.52,1
2024,SP,353990,True,Alta exposicao TSB,2,19219.65,1
2024,SP,354080,True,Exposicao intermediaria TSB,2,4175.7,1
2024,SP,354105,True,Exposicao intermediaria TSB,2,0.0,1
2024,SP,354200,True,Alta exposicao TSB,2,20438.33,1
2024,SP,354230,True,Alta exposicao TSB,2,13012.3,1
2024,SP,354310,True,Alta exposicao TSB,2,21340.72,1
2024,SP,354320,True,Alta exposicao TSB,2,12342.77,1
2024,SP,354360,True,Alta exposicao TSB,2,14542.509999999998,1
2024,SP,354430,True,Alta exposicao TSB,2,19061.31,1
2024,SP,354500,True,Exposicao intermediaria TSB,2,4350.88,1
2024,SP,354510,True,Alta exposicao TSB,2,13284.12,1
2024,SP,354515,True,Alta exposicao TSB,2,23401.96,1
2024,SP,354630,True,Alta exposicao TSB,2,5456.0,1
2024,SP,354650,True,Alta exposicao TSB,2,17803.09,1
2024,SP,354710,True,Alta exposicao TSB,2,14702.21,1
2024,SP,355120,True,Alta exposicao TSB,2,18005.34,2
2024,SP,355365,True,Exposicao intermediaria TSB,2,2824.0,1
2024,SP,355390,True,Alta exposicao TSB,2,13259.66,1
2024,SP,355490,True,Alta exposicao TSB,2,15329.68,1
2024,TO,170105,True,Alta exposicao TSB,2,4692.0,1
2024,TO,170510,True,Alta exposicao TSB,2,4657.9,1
2024,TO,171270,True,Alta exposicao TSB,2,3689.6,1
2024,TO,171790,True,Alta exposicao TSB,2,5794.55,1
2024,,999999,True,Exposicao intermediaria TSB,2,5892.08,1
2024,AC,120030,True,Exposicao intermediaria TSB,1,0.0,1
2024,AC,120045,True,Alta exposicao TSB,1,0.0,1
2024,AL,270050,True,Exposicao intermediaria TSB,1,0.0,1
2024,AL,270100,True,Alta exposicao TSB,1,72889.04000000001,1
2024,AL,270120,True,Alta exposicao TSB,1,1412.0,1
2024,AL,270240,True,Exposicao intermediaria TSB,1,1412.0,2
2024,AL,270570,True,Exposicao intermediaria TSB,1,1412.0,1
2024,AL,270670,True,Exposicao intermediaria TSB,1,4000.0,1
2024,AL,270920,True,Alta exposicao TSB,1,1500.0,1
2024,AM,130002,True,Alta exposicao TSB,1,5230.12,1
2024,AM,130006,True,Alta exposicao TSB,1,6288.26,1
2024,AM,130008,True,Alta exposicao TSB,1,8500.23,1
2024,AM,130063,True,Alta exposicao TSB,1,6242.15,1
2024,AM,130160,True,Alta exposicao TSB,1,6376.79,1
2024,AM,130195,True,Alta exposicao TSB,1,6799.09,1
2024,AM,130270,True,Alta exposicao TSB,1,6413.2,1
2024,AM,130280,True,Alta exposicao TSB,1,4670.06,1
2024,AM,130320,True,Alta exposicao TSB,1,0.0,1
2024,AM,130330,True,Alta exposicao TSB,1,7952.27,1
2024,AM,130350,True,Alta exposicao TSB,1,7352.94,1
2024,AM,130356,True,Alta exposicao TSB,1,0.0,1
2024,AM,130360,True,Alta exposicao TSB,1,6288.26,1
2024,AM,130395,True,Alta exposicao TSB,1,5093.01,1
2024,AM,130410,True,Alta exposicao TSB,1,5230.12,1
2024,AM,130423,True,Alta exposicao TSB,1,2728.82,1
2024,AM,130440,True,Alta exposicao TSB,1,12571.91,1
2024,BA,290140,True,Exposicao intermediaria TSB,1,0.0,1
2024,BA,290515,True,Alta exposicao TSB,1,1490.41,1
2024,BA,290680,True,Alta exposicao TSB,1,0.0,1
2024,BA,290687,True,Alta exposicao TSB,1,1496.0,1
2024,BA,290730,True,Alta exposicao TSB,1,1412.0,1
2024,BA,290810,True,Exposicao intermediaria TSB,1,1412.0,1
2024,BA,290820,True,Alta exposicao TSB,1,1506.14,1
2024,BA,290920,True,Alta exposicao TSB,1,1412.0,1
2024,BA,291120,True,Exposicao intermediaria TSB,1,0.0,1
2024,BA,291200,True,Exposicao intermediaria TSB,1,1454.36,1
2024,BA,291210,True,Exposicao intermediaria TSB,1,1412.0,1
2024,BA,291220,True,Exposicao intermediaria TSB,1,5194.3,1
2024,BA,291290,True,Exposicao intermediaria TSB,1,1412.0,1
2024,BA,291345,True,Alta exposicao TSB,1,1990.59,1
2024,BA,291685,True,Exposicao intermediaria TSB,1,2327.68,1
2024,BA,291770,True,Exposicao intermediaria TSB,1,3456.52,1
2024,BA,291855,True,Exposicao intermediaria TSB,1,0.0,1
2024,BA,291950,True,Alta exposicao TSB,1,1612.0,1
2024,BA,291995,True,Exposicao intermediaria TSB,1,1553.2,1
2024,BA,292050,True,Exposicao intermediaria TSB,1,1700.0,1
2024,BA,292150,True,Alta exposicao TSB,1,0.0,1
2024,BA,292230,True,Exposicao intermediaria TSB,1,1835.6,1
2024,BA,292380,True,Exposicao intermediaria TSB,1,1715.48,1
2024,BA,292430,True,Exposicao intermediaria TSB,1,1412.0,1
2024,BA,292590,True,Alta exposicao TSB,1,2019.01,1
2024,BA,292630,True,Exposicao intermediaria TSB,1,1412.0,1
2024,BA,292700,True,Alta exposicao TSB,1,1412.0,1
2024,BA,292760,True,Exposicao intermediaria TSB,1,1412.0,1
2024,BA,293077,True,Exposicao intermediaria TSB,1,1721.2,1
2024,BA,293105,True,Alta exposicao TSB,1,1835.6,1
2024,BA,293160,True,Alta exposicao TSB,1,0.0,1
2024,BA,293220,True,Exposicao intermediaria TSB,1,1412.0,1
2024,BA,293240,True,Alta exposicao TSB,1,1412.0,1
2024,BA,293260,True,Alta exposicao TSB,1,1705.0,1
2024,BA,293315,True,Alta exposicao TSB,1,8500.0,1
2024,BA,293317,True,Alta exposicao TSB,1,1412.0,1
2024,CE,230070,True,Alta exposicao TSB,1,2905.06,1
2024,CE,230075,True,Exposicao intermediaria TSB,1,0.0,1
2024,CE,230210,True,Alta exposicao TSB,1,7583.38,1
2024,CE,230270,True,Exposicao intermediaria TSB,1,1412.0,1
2024,CE,230280,True,Exposicao intermediaria TSB,1,0.0,1
2024,CE,230300,True,Alta exposicao TSB,1,0.0,1
2024,CE,230430,True,Exposicao intermediaria TSB,1,1929.74,1
2024,CE,230465,True,Exposicao intermediaria TSB,1,1412.0,1
2024,CE,230535,True,Alta exposicao TSB,1,3695.36,1
2024,CE,230700,True,Alta exposicao TSB,1,962.0,1
2024,CE,230770,True,Exposicao intermediaria TSB,1,0.0,1
2024,CE,230890,True,Exposicao intermediaria TSB,1,0.0,1
2024,CE,231020,True,Alta exposicao TSB,1,1475.48,1
2024,CE,231025,True,Exposicao intermediaria TSB,1,1417.0,1
2024,CE,231070,True,Exposicao intermediaria TSB,1,0.0,1
2024,CE,231090,True,Exposicao intermediaria TSB,1,1412.0,1
2024,CE,231123,True,Alta exposicao TSB,1,0.0,1
2024,CE,231360,True,Exposicao intermediaria TSB,1,1412.0,1
2024,ES,320016,True,Exposicao intermediaria TSB,1,1537.0,1
2024,ES,320040,True,Exposicao intermediaria TSB,1,3271.1,1
2024,ES,320070,True,Exposicao intermediaria TSB,1,2832.0,1
2024,ES,320110,True,Exposicao intermediaria TSB,1,1412.0,1
2024,ES,320115,True,Exposicao intermediaria TSB,1,3000.0,1
2024,ES,320380,True,Exposicao intermediaria TSB,1,1943.8,1
2024,ES,320400,True,Exposicao intermediaria TSB,1,1572.87,1
2024,ES,320430,True,Exposicao intermediaria TSB,1,1537.0,1
2024,ES,320450,True,Exposicao intermediaria TSB,1,1600.0,1
2024,ES,320480,True,Exposicao intermediaria TSB,1,1634.6,1
2024,ES,320495,True,Exposicao intermediaria TSB,1,1537.0,1
2024,GO,520330,True,Alta exposicao TSB,1,1412.0,1
2024,GO,520350,True,Alta exposicao TSB,1,0.0,1
2024,GO,520465,True,Exposicao intermediaria TSB,1,0.0,1
2024,GO,520640,True,Exposicao intermediaria TSB,1,0.0,2
2024,GO,520840,True,Exposicao intermediaria TSB,1,1945.65,1
2024,GO,520920,True,Exposicao intermediaria TSB,1,1412.0,1
2024,GO,520970,True,Alta exposicao TSB,1,0.0,1
2024,GO,521015,True,Alta exposicao TSB,1,0.0,1
2024,GO,521090,True,Exposicao intermediaria TSB,1,1412.0,1
2024,GO,521230,True,Alta exposicao TSB,1,4000.0,1
2024,GO,521308,True,Exposicao intermediaria TSB,1,1500.0,1
2024,GO,521400,True,Exposicao intermediaria TSB,1,0.0,1
2024,GO,521480,True,Exposicao intermediaria TSB,1,1805.46,1
2024,GO,521630,True,Alta exposicao TSB,1,1600.09,1
2024,GO,521710,True,Alta exposicao TSB,1,8577.41,1
2024,GO,521710,True,Exposicao intermediaria TSB,1,1877.17,1
2024,GO,521720,True,Exposicao intermediaria TSB,1,1412.0,1
2024,GO,521860,True,Alta exposicao TSB,1,0.0,1
2024,GO,521940,True,Exposicao intermediaria TSB,1,1412.0,1
2024,GO,522050,True,Exposicao intermediaria TSB,1,0.0,1
2024,MA,210405,True,Exposicao intermediaria TSB,1,1956.0,1
2024,MA,210845,True,Alta exposicao TSB,1,10279.77,1
2024,MA,210860,True,Exposicao intermediaria TSB,1,2494.53,1
2024,MA,211027,True,Exposicao intermediaria TSB,1,1686.14,1
2024,MA,211050,True,Exposicao intermediaria TSB,1,1412.0,1
2024,MA,211223,True,Exposicao intermediaria TSB,1,1412.0,1
2024,MG,310020,True,Exposicao intermediaria TSB,1,1412.0,1
2024,MG,310110,True,Exposicao intermediaria TSB,1,2118.0,1
2024,MG,310170,True,Exposicao intermediaria TSB,1,1412.0,1
2024,MG,310205,True,Exposicao intermediaria TSB,1,1412.0,1
2024,MG,310230,True,Exposicao intermediaria TSB,1,2118.0,1
2024,MG,310250,True,Exposicao intermediaria TSB,1,0.0,1
2024,MG,310340,True,Alta exposicao TSB,1,2500.0,1
2024,MG,310530,True,Exposicao intermediaria TSB,1,1600.0,1
2024,MG,310710,True,Exposicao intermediaria TSB,1,1412.0,1
2024,MG,310840,True,Alta exposicao TSB,1,2422.67,1
2024,MG,310840,True,Exposicao intermediaria TSB,1,2030.0,1
2024,MG,310860,True,Exposicao intermediaria TSB,1,1317.87,1
2024,MG,310910,True,Exposicao intermediaria TSB,1,1817.4,1
2024,MG,310930,True,Exposicao intermediaria TSB,1,1412.0,1
2024,MG,311070,True,Exposicao intermediaria TSB,1,2654.44,1
2024,MG,311130,True,Exposicao intermediaria TSB,1,1933.0,1
2024,MG,311140,True,Alta exposicao TSB,1,22927.05,1
2024,MG,311140,True,Exposicao intermediaria TSB,1,2500.0,1
2024,MG,311160,True,Exposicao intermediaria TSB,1,1412.0,2
2024,MG,311180,True,Exposicao intermediaria TSB,1,1744.45,1
2024,MG,311510,True,Alta exposicao TSB,1,2824.0,1
2024,MG,311550,True,Exposicao intermediaria TSB,1,0.0,1
2024,MG,311600,True,Alta exposicao TSB,1,18760.55,1
2024,MG,311790,True,Exposicao intermediaria TSB,1,1800.0,1
2024,MG,311820,True,Alta exposicao TSB,1,19083.84,1
2024,MG,311880,True,Alta exposicao TSB,1,0.0,1
2024,MG,311900,True,Exposicao intermediaria TSB,1,1491.0,1
2024,MG,312020,True,Exposicao intermediaria TSB,1,1412.0,1
2024,MG,312080,True,Exposicao intermediaria TSB,1,1481.5,1
2024,MG,312160,True,Alta exposicao TSB,1,1412.0,1
2024,MG,312240,True,Exposicao intermediaria TSB,1,2400.0,1
2024,MG,312247,True,Exposicao intermediaria TSB,1,1420.66,1
2024,MG,312250,True,Alta exposicao TSB,1,0.0,1
2024,MG,312360,True,Exposicao intermediaria TSB,1,2378.12,2
2024,MG,312610,True,Alta exposicao TSB,1,0.0,1
2024,MG,312720,True,Exposicao intermediaria TSB,1,1574.07,1
2024,MG,312820,True,Alta exposicao TSB,1,2606.5,1
2024,MG,313020,True,Exposicao intermediaria TSB,1,1522.5,1
2024,MG,313030,True,Alta exposicao TSB,1,34776.76,1
2024,MG,313050,True,Exposicao intermediaria TSB,1,0.0,1
2024,MG,313200,True,Exposicao intermediaria TSB,1,1601.28,1
2024,MG,313310,True,Exposicao intermediaria TSB,1,1515.0,1
2024,MG,313440,True,Alta exposicao TSB,1,21615.87,1
2024,MG,313850,True,Alta exposicao TSB,1,4603.78,1
2024,MG,313950,True,Exposicao intermediaria TSB,1,1412.0,1
2024,MG,313990,True,Exposicao intermediaria TSB,1,5678.66,1
2024,MG,314220,True,Alta exposicao TSB,1,2814.78,1
2024,MG,314220,True,Exposicao intermediaria TSB,1,0.0,1
2024,MG,314300,True,Exposicao intermediaria TSB,1,0.0,1
2024,MG,314400,True,Exposicao intermediaria TSB,1,1515.0,1
2024,MG,314410,True,Exposicao intermediaria TSB,1,0.0,1
2024,MG,314530,True,Exposicao intermediaria TSB,1,1412.0,1
2024,MG,314537,True,Exposicao intermediaria TSB,1,1412.0,1
2024,MG,314720,True,Exposicao intermediaria TSB,1,2000.0,1
2024,MG,314870,True,Alta exposicao TSB,1,0.0,1
2024,MG,314940,True,Alta exposicao TSB,1,0.0,1
2024,MG,314990,True,Exposicao intermediaria TSB,1,2210.72,1
2024,MG,315070,True,Alta exposicao TSB,1,0.0,1
2024,MG,315100,True,Exposicao intermediaria TSB,1,1412.0,1
2024,MG,315160,True,Exposicao intermediaria TSB,1,0.0,1
2024,MG,315170,True,Exposicao intermediaria TSB,1,1808.33,1
2024,MG,315240,True,Exposicao intermediaria TSB,1,1241.94,1
2024,MG,315300,True,Alta exposicao TSB,1,2900.0,1
2024,MG,315340,True,Exposicao intermediaria TSB,1,1877.79,1
2024,MG,315420,True,Exposicao intermediaria TSB,1,1412.0,1
2024,MG,315680,True,Exposicao intermediaria TSB,1,1412.0,1
2024,MG,315700,True,Alta exposicao TSB,1,1659.81,1
2024,MG,315727,True,Exposicao intermediaria TSB,1,1784.33,1
2024,MG,315800,True,Exposicao intermediaria TSB,1,2174.44,2
2024,MG,315860,True,Alta exposicao TSB,1,2093.99,1
2024,MG,315980,True,Exposicao intermediaria TSB,1,1412.0,1
2024,MG,316140,True,Alta exposicao TSB,1,23163.870000000003,2
2024,MG,316292,True,Exposicao intermediaria TSB,1,2238.31,2
2024,MG,316400,True,Alta exposicao TSB,1,0.0,1
2024,MG,316430,True,Alta exposicao TSB,1,2406.39,1
2024,MG,316570,True,Exposicao intermediaria TSB,1,1515.0,1
2024,MG,316600,True,Alta exposicao TSB,1,2912.17,1
2024,MG,316600,True,Exposicao intermediaria TSB,1,2118.0,1
2024,MG,316760,True,Alta exposicao TSB,1,0.0,1
2024,MG,316900,True,Exposicao intermediaria TSB,1,1412.0,1
2024,MG,317140,True,Exposicao intermediaria TSB,1,1515.0,1
2024,MS,500085,True,Alta exposicao TSB,1,2381.65,1
2024,MS,500220,True,Exposicao intermediaria TSB,1,2456.45,1
2024,MS,500345,True,Exposicao intermediaria TSB,1,1900.0,1
2024,MS,500470,True,Alta exposicao TSB,1,4463.17,1
2024,MS,500580,True,Exposicao intermediaria TSB,1,1412.0,1
2024,MS,500797,True,Exposicao intermediaria TSB,1,0.0,1
2024,MT,510305,True,Exposicao intermediaria TSB,1,1778.67,1
2024,MT,510335,True,Exposicao intermediaria TSB,1,2499.29,1
2024,MT,510336,True,Exposicao intermediaria TSB,1,0.0,1
2024,MT,510337,True,Exposicao intermediaria TSB,1,2738.55,1
2024,MT,510517,True,Alta exposicao TSB,1,1412.0,1
2024,MT,510517,True,Exposicao intermediaria TSB,1,1412.0,2
2024,MT,510600,True,Exposicao intermediaria TSB,1,0.0,1
2024,MT,510623,True,Exposicao intermediaria TSB,1,0.0,1
2024,MT,510650,True,Alta exposicao TSB,1,1143.88,2
2024,MT,510706,True,Alta exposicao TSB,1,16598.1,1
2024,MT,510720,True,Alta exposicao TSB,1,1412.0,1
2024,MT,510720,True,Exposicao intermediaria TSB,1,2089.0,1
2024,MT,510805,True,Exposicao intermediaria TSB,1,1412.0,1
2024,MT,510895,True,Exposicao intermediaria TSB,1,2300.0,1
2024,PA,150020,True,Alta exposicao TSB,1,1600.0,1
2024,PA,150172,True,Alta exposicao TSB,1,2900.59,1
2024,PA,150290,True,Exposicao intermediaria TSB,1,1463.62,1
2024,PA,150345,True,Alta exposicao TSB,1,0.0,1
2024,PA,150400,True,Exposicao intermediaria TSB,1,0.0,1
2024,PA,150503,True,Exposicao intermediaria TSB,1,1412.0,1
2024,PA,150520,True,Alta exposicao TSB,1,8316.01,1
2024,PA,150540,True,Alta exposicao TSB,1,2375.86,1
2024,PA,150548,True,Alta exposicao TSB,1,0.0,1
2024,PA,150555,True,Alta exposicao TSB,1,2000.0,1
2024,PA,150635,True,Exposicao intermediaria TSB,1,1573.0,1
2024,PA,150720,True,Exposicao intermediaria TSB,1,1719.63,1
2024,PA,150780,True,Alta exposicao TSB,1,4291.55,1
2024,PB,250160,True,Exposicao intermediaria TSB,1,1470.0,1
2024,PB,250200,True,Alta exposicao TSB,1,7813.7,1
2024,PB,250350,True,Alta exposicao TSB,1,1412.0,1
2024,PB,250360,True,Alta exposicao TSB,1,7788.76,1
2024,PB,250710,True,Alta exposicao TSB,1,0.0,1
2024,PB,250760,True,Exposicao intermediaria TSB,1,1550.0,1
2024,PB,250800,True,Alta exposicao TSB,1,1412.0,1
2024,PB,250850,True,Alta exposicao TSB,1,6111.59,1
2024,PB,250890,True,Exposicao intermediaria TSB,1,2109.96,1
2024,PB,250930,True,Exposicao intermediaria TSB,1,753.07,1
2024,PB,251200,True,Exposicao intermediaria TSB,1,0.0,1
2024,PB,251340,True,Exposicao intermediaria TSB,1,1470.0,1
2024,PB,251390,True,Exposicao intermediaria TSB,1,1412.0,2
2024,PB,251450,True,Exposicao intermediaria TSB,1,2600.0,1
2024,PB,251610,True,Exposicao intermediaria TSB,1,1412.0,1
2024,PE,260070,True,Alta exposicao TSB,1,2777.46,1
2024,PE,260105,True,Alta exposicao TSB,1,0.0,1
2024,PE,260660,True,Alta exposicao TSB,1,1599.02,1
2024,PE,260760,True,Alta exposicao TSB,1,2079.0,1
2024,PE,260795,True,Alta exposicao TSB,1,1683.0,1
2024,PE,260805,True,Alta exposicao TSB,1,0.0,1
2024,PE,260805,True,Exposicao intermediaria TSB,1,0.0,1
2024,PE,260850,True,Exposicao intermediaria TSB,1,18230.77,1
2024,PE,260880,True,Alta exposicao TSB,1,1795.49,1
2024,PE,260890,True,Exposicao intermediaria TSB,1,1412.0,1
2024,PE,260920,True,Alta exposicao TSB,1,5451.05,1
2024,PE,261060,True,Alta exposicao TSB,1,0.0,1
2024,PE,261230,True,Exposicao intermediaria TSB,1,2231.87,1
2024,PE,261320,True,Alta exposicao TSB,1,1547.7,1
2024,PE,261380,True,Alta exposicao TSB,1,2047.09,1
2024,PE,261420,True,Alta exposicao TSB,1,0.0,1
2024,PE,261450,True,Exposicao intermediaria TSB,1,1412.0,1
2024,PE,261485,True,Exposicao intermediaria TSB,1,2180.0,1
2024,PE,261530,True,Exposicao intermediaria TSB,1,1694.4,1
2024,PE,261580,True,Exposicao intermediaria TSB,1,1462.0,1
2024,PI,220045,True,Alta exposicao TSB,1,9477.31,1
2024,PI,220060,True,Alta exposicao TSB,1,10308.25,1
2024,PI,220090,True,Alta exposicao TSB,1,12178.77,1
2024,PI,220100,True,Alta exposicao TSB,1,11878.34,1
2024,PI,220115,True,Alta exposicao TSB,1,8819.74,1
2024,PI,220115,True,Exposicao intermediaria TSB,1,0.0,1
2024,PI,220130,True,Alta exposicao TSB,1,10221.23,1
2024,PI,220150,True,Alta exposicao TSB,1,12023.12,1
2024,PI,220180,True,Alta exposicao TSB,1,6363.32,1
2024,PI,220200,True,Alta exposicao TSB,1,10251.72,1
2024,PI,220310,True,Alta exposicao TSB,1,7979.24,1
2024,PI,220320,True,Alta exposicao TSB,1,9770.67,1
2024,PI,220330,True,Alta exposicao TSB,1,12533.21,1
2024,PI,220345,True,Alta exposicao TSB,1,0.0,1
2024,PI,220350,True,Alta exposicao TSB,1,8921.53,1
2024,PI,220380,True,Alta exposicao TSB,1,10254.69,1
2024,PI,220440,True,Alta exposicao TSB,1,12907.9,1
2024,PI,220480,True,Alta exposicao TSB,1,7834.2,1
2024,PI,220490,True,Alta exposicao TSB,1,0.0,1
2024,PI,220500,True,Alta exposicao TSB,1,6828.71,1
2024,PI,220525,True,Alta exposicao TSB,1,12615.49,1
2024,PI,220590,True,Alta exposicao TSB,1,10371.44,1
2024,PI,220660,True,Alta exposicao TSB,1,0.0,1
2024,PI,220670,True,Alta exposicao TSB,1,0.0,1
2024,PI,220680,True,Alta exposicao TSB,1,11363.35,1
2024,PI,220690,True,Alta exposicao TSB,1,11340.96,1
2024,PI,220740,True,Alta exposicao TSB,1,0.0,1
2024,PI,220775,True,Alta exposicao TSB,1,11246.81,1
2024,PI,220865,True,Exposicao intermediaria TSB,1,1997.42,1
2024,PI,220930,True,Alta exposicao TSB,1,6677.56,1
2024,PI,220937,True,Alta exposicao TSB,1,10202.14,1
2024,PI,220950,True,Alta exposicao TSB,1,12201.39,1
2024,PI,221020,True,Alta exposicao TSB,1,9939.54,1
2024,PI,221040,True,Alta exposicao TSB,1,0.0,1
2024,PI,221080,True,Alta exposicao TSB,1,10458.39,1
2024,PI,221090,True,Alta exposicao TSB,1,0.0,1
2024,PI,221110,True,Exposicao intermediaria TSB,1,1412.0,1
2024,PR,410050,True,Exposicao intermediaria TSB,1,2668.5,2
2024,PR,410060,True,Exposicao intermediaria TSB,1,1925.0,1
2024,PR,410200,True,Alta exposicao TSB,1,2499.64,1
2024,PR,410290,True,Alta exposicao TSB,1,1691.38,1
2024,PR,410290,True,Exposicao intermediaria TSB,1,1412.0,1
2024,PR,410302,True,Exposicao intermediaria TSB,1,0.0,1
2024,PR,410310,True,Exposicao intermediaria TSB,1,0.0,1
2024,PR,410335,True,Alta exposicao TSB,1,1980.0,1
2024,PR,410360,True,Alta exposicao TSB,1,1751.02,1
2024,PR,410380,True,Exposicao intermediaria TSB,1,0.0,1
2024,PR,410390,True,Exposicao intermediaria TSB,1,0.0,1
2024,PR,410395,True,Exposicao intermediaria TSB,1,706.0,1
2024,PR,410470,True,Exposicao intermediaria TSB,1,0.0,1
2024,PR,410520,True,Exposicao intermediaria TSB,1,0.0,1
2024,PR,410590,True,Alta exposicao TSB,1,2013.0,1
2024,PR,410785,True,Exposicao intermediaria TSB,1,2131.96,1
2024,PR,410890,True,Exposicao intermediaria TSB,1,2050.0,1
2024,PR,411095,True,Alta exposicao TSB,1,1856.94,1
2024,PR,411373,True,Exposicao intermediaria TSB,1,3500.0,1
2024,PR,411390,True,Exposicao intermediaria TSB,1,3825.0,1
2024,PR,411400,True,Exposicao intermediaria TSB,1,1600.0,1
2024,PR,411540,True,Alta exposicao TSB,1,2321.65,1
2024,PR,411670,True,Alta exposicao TSB,1,3125.94,1
2024,PR,411720,True,Exposicao intermediaria TSB,1,0.0,1
2024,PR,411745,True,Exposicao intermediaria TSB,1,2000.0,1
2024,PR,411885,True,Exposicao intermediaria TSB,1,0.0,1
2024,PR,412035,True,Alta exposicao TSB,1,706.0,1
2024,PR,412160,True,Alta exposicao TSB,1,2566.29,1
2024,PR,412170,True,Exposicao intermediaria TSB,1,1991.0,1
2024,PR,412175,True,Exposicao intermediaria TSB,1,1800.0,1
2024,PR,412300,True,Alta exposicao TSB,1,3908.38,1
2024,PR,412510,True,Exposicao intermediaria TSB,1,1313.88,2
2024,PR,412530,True,Exposicao intermediaria TSB,1,4044.4,1
2024,PR,412610,True,Exposicao intermediaria TSB,1,2600.0,1
2024,PR,412667,True,Alta exposicao TSB,1,0.0,1
2024,PR,412740,True,Alta exposicao TSB,1,1017.14,1
2024,RJ,330210,True,Alta exposicao TSB,1,0.0,1
2024,RJ,330360,True,Exposicao intermediaria TSB,1,0.0,2
2024,RJ,330395,True,Exposicao intermediaria TSB,1,756.0,1
2024,RJ,330410,True,Exposicao intermediaria TSB,1,1412.0,1
2024,RJ,330440,True,Exposicao intermediaria TSB,1,1715.0,1
2024,RJ,330450,True,Alta exposicao TSB,1,0.0,1
2024,RJ,330540,True,Exposicao intermediaria TSB,1,0.0,1
2024,RJ,330610,True,Exposicao intermediaria TSB,1,1696.7,1
2024,RN,240040,True,Alta exposicao TSB,1,4722.69,1
2024,RN,240130,True,Alta exposicao TSB,1,4885.91,1
2024,RN,240190,True,Alta exposicao TSB,1,5232.4,1
2024,RN,240290,True,Alta exposicao TSB,1,3758.27,1
2024,RN,240390,True,Alta exposicao TSB,1,5969.28,1
2024,RN,240440,True,Alta exposicao TSB,1,4578.48,1
2024,RN,240470,True,Alta exposicao TSB,1,5989.25,1
2024,RN,240480,True,Alta exposicao TSB,1,4241.59,1
2024,RN,240485,True,Alta exposicao TSB,1,3046.4,1
2024,RN,240500,True,Alta exposicao TSB,1,4737.09,1
2024,RN,240540,True,Alta exposicao TSB,1,1150.0,1
2024,RN,240550,True,Alta exposicao TSB,1,4590.18,1
2024,RN,240600,True,Alta exposicao TSB,1,3967.23,1
2024,RN,240615,True,Alta exposicao TSB,1,4885.51,1
2024,RN,240630,True,Alta exposicao TSB,1,3272.16,1
2024,RN,240790,True,Alta exposicao TSB,1,3830.3,1
2024,RN,240840,True,Alta exposicao TSB,1,3026.59,1
2024,RN,240880,True,Alta exposicao TSB,1,4141.01,1
2024,RN,240920,True,Alta exposicao TSB,1,5107.25,1
2024,RN,240970,True,Alta exposicao TSB,1,5542.35,1
2024,RN,241000,True,Alta exposicao TSB,1,6056.98,1
2024,RN,241025,True,Alta exposicao TSB,1,7664.46,1
2024,RN,241060,True,Alta exposicao TSB,1,7826.12,1
2024,RN,241080,True,Alta exposicao TSB,1,4717.59,1
2024,RN,241180,True,Alta exposicao TSB,1,5489.61,1
2024,RN,241200,True,Exposicao intermediaria TSB,1,1486.15,1
2024,RN,241250,True,Exposicao intermediaria TSB,1,1456.0,1
2024,RN,241270,True,Alta exposicao TSB,1,4284.38,1
2024,RN,241335,True,Alta exposicao TSB,1,7751.65,1
2024,RN,241350,True,Alta exposicao TSB,1,4724.98,1
2024,RN,241355,True,Alta exposicao TSB,1,7032.53,1
2024,RN,241370,True,Alta exposicao TSB,1,4657.53,1
2024,RN,241380,True,Alta exposicao TSB,1,7224.91,1
2024,RN,241410,True,Alta exposicao TSB,1,5700.36,1
2024,RN,241415,True,Alta exposicao TSB,1,5088.93,1
2024,RN,241470,True,Alta exposicao TSB,1,4391.58,1
2024,RN,241475,True,Alta exposicao TSB,1,4133.41,1
2024,RN,241490,True,Alta exposicao TSB,1,5463.67,1
2024,RO,110005,True,Alta exposicao TSB,1,5250.0,1
2024,RO,110007,True,Exposicao intermediaria TSB,1,2064.8,1
2024,RO,110015,True,Alta exposicao TSB,1,706.0,1
2024,RO,110147,True,Alta exposicao TSB,1,12182.4,1
2024,RS,430055,True,Alta exposicao TSB,1,0.0,1
2024,RS,430063,True,Alta exposicao TSB,1,7358.2,1
2024,RS,430195,True,Exposicao intermediaria TSB,1,1412.0,1
2024,RS,430250,True,Alta exposicao TSB,1,12488.49,1
2024,RS,430260,True,Alta exposicao TSB,1,10249.52,1
2024,RS,430330,True,Alta exposicao TSB,1,7873.14,1
2024,RS,430340,True,Alta exposicao TSB,1,5870.54,1
2024,RS,430367,True,Alta exposicao TSB,1,3034.0,1
2024,RS,430400,True,Exposicao intermediaria TSB,1,2824.0,1
2024,RS,430410,True,Alta exposicao TSB,1,7824.85,1
2024,RS,430490,True,Alta exposicao TSB,1,4222.83,1
2024,RS,430495,True,Alta exposicao TSB,1,9737.46,1
2024,RS,430513,True,Exposicao intermediaria TSB,1,2730.23,1
2024,RS,430517,True,Alta exposicao TSB,1,5118.89,1
2024,RS,430540,True,Alta exposicao TSB,1,9036.56,1
2024,RS,430550,True,Exposicao intermediaria TSB,1,1900.0,1
2024,RS,430558,True,Alta exposicao TSB,1,1602.0,1
2024,RS,430560,True,Alta exposicao TSB,1,4595.33,1
2024,RS,430560,True,Exposicao intermediaria TSB,1,2938.44,1
2024,RS,430590,True,Alta exposicao TSB,1,1800.0,1
2024,RS,430620,True,Alta exposicao TSB,1,877.54,1
2024,RS,430660,True,Exposicao intermediaria TSB,1,0.0,1
2024,RS,430673,True,Alta exposicao TSB,1,0.0,1
2024,RS,430673,True,Exposicao intermediaria TSB,1,2193.61,1
2024,RS,430697,True,Alta exposicao TSB,1,12164.15,1
2024,RS,430720,True,Alta exposicao TSB,1,5542.14,1
2024,RS,430970,True,Exposicao intermediaria TSB,1,2462.4,1
2024,RS,430980,True,Alta exposicao TSB,1,1855.76,1
2024,RS,430990,True,Alta exposicao TSB,1,4599.34,1
2024,RS,431030,True,Alta exposicao TSB,1,1610.0,1
2024,RS,431046,True,Alta exposicao TSB,1,0.0,1
2024,RS,431050,True,Exposicao intermediaria TSB,1,2606.27,2
2024,RS,431075,True,Alta exposicao TSB,1,13947.57,1
2024,RS,431125,True,Alta exposicao TSB,1,9101.89,1
2024,RS,431160,True,Exposicao intermediaria TSB,1,1694.4,1
2024,RS,431200,True,Alta exposicao TSB,1,11933.08,1
2024,RS,431205,True,Alta exposicao TSB,1,5589.89,1
2024,RS,431210,True,Alta exposicao TSB,1,8939.94,1
2024,RS,431225,True,Exposicao intermediaria TSB,1,2053.04,1
2024,RS,431230,True,Alta exposicao TSB,1,2559.47,1
2024,RS,431301,True,Exposicao intermediaria TSB,1,3142.4,1
2024,RS,431310,True,Alta exposicao TSB,1,7292.58,1
2024,RS,431335,True,Exposicao intermediaria TSB,1,3304.33,1
2024,RS,431360,True,Alta exposicao TSB,1,7324.65,1
2024,RS,431365,True,Exposicao intermediaria TSB,1,0.0,1
2024,RS,431415,True,Exposicao intermediaria TSB,1,1751.34,2
2024,RS,431430,True,Alta exposicao TSB,1,4000.03,1
2024,RS,431430,True,Exposicao intermediaria TSB,1,0.0,1
2024,RS,431454,True,Exposicao intermediaria TSB,1,2626.86,1
2024,RS,431470,True,Exposicao intermediaria TSB,1,1694.4,2
2024,RS,431500,True,Alta exposicao TSB,1,13483.95,1
2024,RS,431532,True,Exposicao intermediaria TSB,1,2548.99,1
2024,RS,431555,True,Alta exposicao TSB,1,9031.89,1
2024,RS,431575,True,Exposicao intermediaria TSB,1,1780.0,1
2024,RS,431642,True,Exposicao intermediaria TSB,1,1856.29,1
2024,RS,431695,True,Alta exposicao TSB,1,1297.3,1
2024,RS,431697,True,Alta exposicao TSB,1,8840.12,1
2024,RS,431770,True,Alta exposicao TSB,1,3791.42,1
2024,RS,431820,True,Exposicao intermediaria TSB,1,2151.87,1
2024,RS,431843,True,Alta exposicao TSB,1,2035.0,1
2024,RS,431844,True,Alta exposicao TSB,1,9066.64,1
2024,RS,431915,True,Alta exposicao TSB,1,4981.55,1
2024,RS,431920,True,Alta exposicao TSB,1,5045.18,1
2024,RS,432023,True,Alta exposicao TSB,1,1805.44,1
2024,RS,432030,True,Alta exposicao TSB,1,0.0,1
2024,RS,432045,True,Exposicao intermediaria TSB,1,2282.4,1
2024,RS,432050,True,Exposicao intermediaria TSB,1,1320.0,1
2024,RS,432055,True,Alta exposicao TSB,1,5553.31,1
2024,RS,432135,True,Alta exposicao TSB,1,0.0,1
2024,RS,432146,True,Alta exposicao TSB,1,3861.73,1
2024,RS,432147,True,Alta exposicao TSB,1,8522.82,1
2024,RS,432270,True,Alta exposicao TSB,1,2013.31,1
2024,RS,432285,True,Exposicao intermediaria TSB,1,0.0,1
2024,RS,432290,True,Alta exposicao TSB,1,563.77,1
2024,RS,432310,True,Alta exposicao TSB,1,2109.25,1
2024,RS,432330,True,Alta exposicao TSB,1,1904.21,1
2024,RS,432350,True,Alta exposicao TSB,1,4931.1,1
2024,RS,432370,True,Alta exposicao TSB,1,2873.6,2
2024,SC,420055,True,Alta exposicao TSB,1,7026.23,1
2024,SC,420055,True,Exposicao intermediaria TSB,1,1995.95,1
2024,SC,420060,True,Alta exposicao TSB,1,8573.07,1
2024,SC,420127,True,Exposicao intermediaria TSB,1,0.0,1
2024,SC,420180,True,Alta exposicao TSB,1,6453.64,1
2024,SC,420213,True,Alta exposicao TSB,1,5839.39,1
2024,SC,420253,True,Alta exposicao TSB,1,3847.25,1
2024,SC,420410,True,Exposicao intermediaria TSB,1,2100.0,1
2024,SC,420417,True,Alta exposicao TSB,1,7104.22,1
2024,SC,420517,True,Alta exposicao TSB,1,1978.4,1
2024,SC,420519,True,Exposicao intermediaria TSB,1,2000.0,1
2024,SC,420760,True,Exposicao intermediaria TSB,1,2754.6,1
2024,SC,420768,True,Exposicao intermediaria TSB,1,2517.77,1
2024,SC,420870,True,Exposicao intermediaria TSB,1,2081.09,1
2024,SC,420895,True,Alta exposicao TSB,1,4931.5,1
2024,SC,420895,True,Exposicao intermediaria TSB,1,0.0,1
2024,SC,420915,True,Exposicao intermediaria TSB,1,2022.4,1
2024,SC,421030,True,Exposicao intermediaria TSB,1,0.0,1
2024,SC,421055,True,Alta exposicao TSB,1,5816.15,1
2024,SC,421070,True,Alta exposicao TSB,1,1869.44,1
2024,SC,421100,True,Exposicao intermediaria TSB,1,2396.0,1
2024,SC,421140,True,Exposicao intermediaria TSB,1,2419.9,1
2024,SC,421145,True,Exposicao intermediaria TSB,1,1694.4,1
2024,SC,421160,True,Exposicao intermediaria TSB,1,2477.31,1
2024,SC,421185,True,Alta exposicao TSB,1,3988.68,1
2024,SC,421227,True,Alta exposicao TSB,1,8948.61,1
2024,SC,421335,True,Exposicao intermediaria TSB,1,9800.0,1
2024,SC,421390,True,Alta exposicao TSB,1,8334.3,1
2024,SC,421415,True,Alta exposicao TSB,1,3048.55,1
2024,SC,421430,True,Exposicao intermediaria TSB,1,3000.0,1
2024,SC,421470,True,Exposicao intermediaria TSB,1,1785.0,1
2024,SC,421568,True,Alta exposicao TSB,1,4179.64,1
2024,SC,421575,True,Exposicao intermediaria TSB,1,2012.89,1
2024,SC,421625,True,Alta exposicao TSB,1,8033.0,1
2024,SC,421710,True,Alta exposicao TSB,1,8164.21,1
2024,SC,421715,True,Alta exposicao TSB,1,4588.48,1
2024,SC,421885,True,Alta exposicao TSB,1,5586.26,1
2024,SC,421885,True,Exposicao intermediaria TSB,1,1709.57,1
2024,SC,421915,True,Alta exposicao TSB,1,2071.49,1
2024,SC,421917,True,Exposicao intermediaria TSB,1,0.0,1
2024,SC,421940,True,Alta exposicao TSB,1,7957.16,1
2024,SC,421960,True,Alta exposicao TSB,1,5652.46,1
2024,SC,421985,True,Alta exposicao TSB,1,7584.53,1
2024,SE,280230,True,Exposicao intermediaria TSB,1,0.0,1
2024,SE,280380,True,Alta exposicao TSB,1,4796.98,1
2024,SE,280490,True,Alta exposicao TSB,1,4530.76,1
2024,SE,280620,True,Exposicao intermediaria TSB,1,1735.0,1
2024,SE,280680,True,Exposicao intermediaria TSB,1,1412.0,1
2024,SE,280710,True,Exposicao intermediaria TSB,1,1793.24,1
2024,SE,280750,True,Exposicao intermediaria TSB,1,0.0,1
2024,SP,350150,True,Alta exposicao TSB,1,5296.28,1
2024,SP,350395,True,Alta exposicao TSB,1,6667.79,1
2024,SP,350430,True,Alta exposicao TSB,1,7398.75,1
2024,SP,350500,True,Alta exposicao TSB,1,6188.01,1
2024,SP,350620,True,Alta exposicao TSB,1,7745.5,1
2024,SP,350690,True,Exposicao intermediaria TSB,1,1872.48,1
2024,SP,350810,True,Exposicao intermediaria TSB,1,0.0,1
2024,SP,350870,True,Exposicao intermediaria TSB,1,0.0,1
2024,SP,351130,True,Exposicao intermediaria TSB,1,1977.0,1
2024,SP,351210,True,Alta exposicao TSB,1,7514.25,1
2024,SP,351330,True,Alta exposicao TSB,1,7511.62,1
2024,SP,351512,True,Alta exposicao TSB,1,8358.93,1
2024,SP,351530,True,Alta exposicao TSB,1,6534.88,1
2024,SP,351560,True,Alta exposicao TSB,1,10025.59,1
2024,SP,351580,True,Alta exposicao TSB,1,4645.12,1
2024,SP,351610,True,Alta exposicao TSB,1,4565.35,1
2024,SP,351660,True,Alta exposicao TSB,1,7144.41,1
2024,SP,351680,True,Alta exposicao TSB,1,7723.98,1
2024,SP,351700,True,Exposicao intermediaria TSB,1,2000.0,1
2024,SP,351800,True,Alta exposicao TSB,1,7619.34,1
2024,SP,351820,True,Exposicao intermediaria TSB,1,2583.26,1
2024,SP,351885,True,Exposicao intermediaria TSB,1,0.0,1
2024,SP,351890,True,Alta exposicao TSB,1,7869.8,1
2024,SP,351920,True,Alta exposicao TSB,1,6614.66,1
2024,SP,352070,True,Alta exposicao TSB,1,4511.7,1
2024,SP,352080,True,Alta exposicao TSB,1,6044.37,1
2024,SP,352120,True,Alta exposicao TSB,1,14394.83,1
2024,SP,352150,True,Alta exposicao TSB,1,8229.3,1
2024,SP,352160,True,Exposicao intermediaria TSB,1,1550.0,1
2024,SP,352190,True,Alta exposicao TSB,1,624.54,1
2024,SP,352215,True,Alta exposicao TSB,1,7829.66,1
2024,SP,352265,True,Alta exposicao TSB,1,14804.12,1
2024,SP,352290,True,Exposicao intermediaria TSB,1,1967.77,1
2024,SP,352300,True,Exposicao intermediaria TSB,1,0.0,1
2024,SP,352370,True,Alta exposicao TSB,1,7762.09,1
2024,SP,352380,True,Exposicao intermediaria TSB,1,2066.0,1
2024,SP,352830,True,Alta exposicao TSB,1,5283.62,1
2024,SP,352870,True,Alta exposicao TSB,1,9309.82,1
2024,SP,353000,True,Alta exposicao TSB,1,9772.85,1
2024,SP,353090,True,Alta exposicao TSB,1,9394.51,1
2024,SP,353330,True,Alta exposicao TSB,1,7826.78,1
2024,SP,353390,True,Alta exposicao TSB,1,1083.33,1
2024,SP,353400,True,Alta exposicao TSB,1,7042.57,1
2024,SP,353400,True,Exposicao intermediaria TSB,1,1984.6,1
2024,SP,353420,True,Alta exposicao TSB,1,7814.54,1
2024,SP,353430,True,Exposicao intermediaria TSB,1,5583.58,1
2024,SP,353450,True,Alta exposicao TSB,1,3166.86,1
2024,SP,353510,True,Exposicao intermediaria TSB,1,2126.57,1
2024,SP,353690,True,Alta exposicao TSB,1,9355.44,1
2024,SP,353770,True,Alta exposicao TSB,1,8025.12,1
2024,SP,354010,True,Alta exposicao TSB,1,7111.07,1
2024,SP,354025,True,Alta exposicao TSB,1,7717.23,1
2024,SP,354030,True,Alta exposicao TSB,1,7991.35,1
2024,SP,354085,True,Alta exposicao TSB,1,7559.07,1
2024,SP,354105,True,Alta exposicao TSB,1,9253.3,1
2024,SP,354180,True,Alta exposicao TSB,1,8439.59,1
2024,SP,354220,True,Alta exposicao TSB,1,12149.06,1
2024,SP,354270,True,Alta exposicao TSB,1,8430.24,1
2024,SP,354323,True,Alta exposicao TSB,1,5459.19,1
2024,SP,354325,True,Alta exposicao TSB,1,5942.21,1
2024,SP,354440,True,Alta exposicao TSB,1,5408.27,1
2024,SP,354450,True,Alta exposicao TSB,1,7827.56,1
2024,SP,354470,True,Alta exposicao TSB,1,7252.15,1
2024,SP,354540,True,Exposicao intermediaria TSB,1,1790.15,1
2024,SP,354570,True,Alta exposicao TSB,1,8988.34,1
2024,SP,354610,True,Alta exposicao TSB,1,8164.71,1
2024,SP,354660,True,Alta exposicao TSB,1,0.0,1
2024,SP,354810,True,Alta exposicao TSB,1,6207.65,1
2024,SP,354830,True,Alta exposicao TSB,1,11336.5,1
2024,SP,354840,True,Alta exposicao TSB,1,6534.88,1
2024,SP,354900,True,Alta exposicao TSB,1,14240.74,1
2024,SP,354920,True,Alta exposicao TSB,1,4489.23,1
2024,SP,355360,True,Alta exposicao TSB,1,8679.58,1
2024,SP,355385,True,Alta exposicao TSB,1,5891.06,1
2024,SP,355420,True,Alta exposicao TSB,1,8345.92,1
2024,SP,355465,True,Alta exposicao TSB,1,5198.38,1
2024,SP,355475,True,Exposicao intermediaria TSB,1,0.0,1
2024,SP,355520,True,Alta exposicao TSB,1,4758.57,1
2024,SP,355530,True,Alta exposicao TSB,1,10919.8,1
2024,SP,355540,True,Exposicao intermediaria TSB,1,0.0,1
2024,SP,355570,True,Alta exposicao TSB,1,6189.3,1
2024,SP,355600,True,Exposicao intermediaria TSB,1,2623.0,1
2024,TO,170100,True,Exposicao intermediaria TSB,1,1704.52,1
2024,TO,170460,True,Alta exposicao TSB,1,2001.73,1
2024,TO,170650,True,Exposicao intermediaria TSB,1,2400.4,1
2024,TO,171250,True,Alta exposicao TSB,1,2047.0,1
2024,TO,171575,True,Exposicao intermediaria TSB,1,1412.0,1
2024,TO,171610,True,Alta exposicao TSB,1,0.0,1
2024,TO,171720,True,Alta exposicao TSB,1,7264.47,1
2024,TO,171820,True,Exposicao intermediaria TSB,1,1900.0,1
2024,TO,172120,True,Exposicao intermediaria TSB,1,1950.0,1
2024,AL,270170,True,Exposicao intermediaria TSB,0,0.0,1
2024,AL,270375,True,Alta exposicao TSB,0,28536.0,1
2024,AL,270510,True,Exposicao intermediaria TSB,0,0.0,1
2024,AL,270710,True,Alta exposicao TSB,0,0.0,1
2024,AM,130170,True,Exposicao intermediaria TSB,0,0.0,1
2024,BA,290260,True,Alta exposicao TSB,0,0.0,1
2024,BA,290450,True,Alta exposicao TSB,0,0.0,1
2024,BA,290550,True,Alta exposicao TSB,0,20196.5,1
2024,BA,290980,True,Exposicao intermediaria TSB,0,0.0,1
2024,BA,291010,True,Alta exposicao TSB,0,9312.0,1
2024,BA,291070,True,Exposicao intermediaria TSB,0,0.0,1
2024,BA,291240,True,Alta exposicao TSB,0,0.0,1
2024,BA,291390,True,Alta exposicao TSB,0,0.0,1
2024,BA,291580,True,Exposicao intermediaria TSB,0,0.0,1
2024,BA,292190,True,Alta exposicao TSB,0,0.0,1
2024,BA,292300,True,Alta exposicao TSB,0,0.0,1
2024,BA,293075,True,Alta exposicao TSB,0,44921.0,1
2024,BA,293270,True,Exposicao intermediaria TSB,0,0.0,1
2024,BA,293320,True,Alta exposicao TSB,0,0.0,1
2024,CE,230500,True,Exposicao intermediaria TSB,0,0.0,1
2024,CE,230970,True,Alta exposicao TSB,0,0.0,1
2024,CE,231050,True,Alta exposicao TSB,0,0.0,1
2024,CE,231070,True,Alta exposicao TSB,0,0.0,1
2024,ES,320225,True,Exposicao intermediaria TSB,0,0.0,1
2024,ES,320340,True,Exposicao intermediaria TSB,0,0.0,1
2024,GO,520355,True,Alta exposicao TSB,0,0.0,1
2024,GO,520400,True,Exposicao intermediaria TSB,0,0.0,1
2024,GO,520910,True,Exposicao intermediaria TSB,0,0.0,1
2024,GO,521550,True,Exposicao intermediaria TSB,0,0.0,1
2024,GO,522000,True,Alta exposicao TSB,0,0.0,1
2024,MA,210280,True,Exposicao intermediaria TSB,0,946.67,1
2024,MA,210440,True,Exposicao intermediaria TSB,0,0.0,1
2024,MA,210570,True,Exposicao intermediaria TSB,0,0.0,1
2024,MA,210640,True,Alta exposicao TSB,0,0.0,1
2024,MG,310130,True,Alta exposicao TSB,0,0.0,1
2024,MG,310340,True,Exposicao intermediaria TSB,0,0.0,1
2024,MG,310380,True,Alta exposicao TSB,0,19338.69,1
2024,MG,310730,True,Alta exposicao TSB,0,0.0,1
2024,MG,311000,True,Alta exposicao TSB,0,0.0,1
2024,MG,311110,True,Exposicao intermediaria TSB,0,0.0,1
2024,MG,311270,True,Alta exposicao TSB,0,0.0,1
2024,MG,311510,True,Exposicao intermediaria TSB,0,0.0,1
2024,MG,311810,True,Exposicao intermediaria TSB,0,0.0,1
2024,MG,312300,True,Alta exposicao TSB,0,0.0,1
2024,MG,312450,True,Exposicao intermediaria TSB,0,0.0,1
2024,MG,312750,True,Alta exposicao TSB,0,17538.99,1
2024,MG,312810,True,Exposicao intermediaria TSB,0,0.0,1
2024,MG,313290,True,Exposicao intermediaria TSB,0,0.0,1
2024,MG,313350,True,Exposicao intermediaria TSB,0,0.0,1
2024,MG,313510,True,Exposicao intermediaria TSB,0,0.0,1
2024,MG,313520,True,Alta exposicao TSB,0,0.0,1
2024,MG,313665,True,Exposicao intermediaria TSB,0,0.0,1
2024,MG,313840,True,Exposicao intermediaria TSB,0,0.0,1
2024,MG,313920,True,Exposicao intermediaria TSB,0,0.0,1
2024,MG,313925,True,Alta exposicao TSB,0,0.0,1
2024,MG,314050,True,Exposicao intermediaria TSB,0,0.0,1
2024,MG,314100,True,Exposicao intermediaria TSB,0,0.0,1
2024,MG,314200,True,Exposicao intermediaria TSB,0,0.0,1
2024,MG,314340,True,Exposicao intermediaria TSB,0,0.0,1
2024,MG,314675,True,Alta exposicao TSB,0,0.0,1
2024,MG,315050,True,Exposicao intermediaria TSB,0,0.0,1
2024,MG,315430,True,Alta exposicao TSB,0,0.0,1
2024,MG,315733,True,Exposicao intermediaria TSB,0,0.0,1
2024,MG,315930,True,Exposicao intermediaria TSB,0,0.0,1
2024,MG,316170,True,Alta exposicao TSB,0,0.0,1
2024,MG,316270,True,Alta exposicao TSB,0,0.0,1
2024,MG,316960,True,Exposicao intermediaria TSB,0,0.0,1
2024,MG,317100,True,Alta exposicao TSB,0,0.0,1
2024,MG,317200,True,Alta exposicao TSB,0,0.0,1
2024,MS,500060,True,Alta exposicao TSB,0,0.0,1
2024,MS,500290,True,Exposicao intermediaria TSB,0,0.0,1
2024,MS,500450,True,Alta exposicao TSB,0,0.0,1
2024,MS,500755,True,Alta exposicao TSB,0,0.0,1
2024,MS,500755,True,Exposicao intermediaria TSB,0,0.0,1
2024,PA,150475,True,Exposicao intermediaria TSB,0,0.0,1
2024,PA,150510,True,Exposicao intermediaria TSB,0,0.0,1
2024,PA,150610,True,Alta exposicao TSB,0,27762.03,1
2024,PA,150660,True,Exposicao intermediaria TSB,0,0.0,1
2024,PA,150670,True,Exposicao intermediaria TSB,0,0.0,1
2024,PA,150820,True,Exposicao intermediaria TSB,0,0.0,1
2024,PB,250250,True,Exposicao intermediaria TSB,0,0.0,1
2024,PB,250460,True,Exposicao intermediaria TSB,0,0.0,1
2024,PB,250790,True,Exposicao intermediaria TSB,0,0.0,1
2024,PB,251170,True,Alta exposicao TSB,0,0.0,1
2024,PB,251700,True,Exposicao intermediaria TSB,0,0.0,1
2024,PE,260950,True,Exposicao intermediaria TSB,0,0.0,1
2024,PE,261000,True,Exposicao intermediaria TSB,0,0.0,1
2024,PE,261060,True,Exposicao intermediaria TSB,0,0.0,1
2024,PE,261180,True,Exposicao intermediaria TSB,0,0.0,1
2024,PE,261350,True,Exposicao intermediaria TSB,0,0.0,1
2024,PI,220420,True,Alta exposicao TSB,0,0.0,1
2024,PI,220755,True,Exposicao intermediaria TSB,0,0.0,1
2024,PI,220920,True,Exposicao intermediaria TSB,0,0.0,1
2024,PR,410337,True,Exposicao intermediaria TSB,0,0.0,1
2024,PR,410410,True,Exposicao intermediaria TSB,0,0.0,1
2024,PR,410750,True,Alta exposicao TSB,0,0.0,1
2024,PR,410760,True,Exposicao intermediaria TSB,0,1073.5,1
2024,PR,410865,True,Exposicao intermediaria TSB,0,0.0,1
2024,PR,411010,True,Alta exposicao TSB,0,0.0,1
2024,PR,411295,True,Exposicao intermediaria TSB,0,0.0,1
2024,PR,411310,True,Exposicao intermediaria TSB,0,0.0,1
2024,PR,411705,True,Exposicao intermediaria TSB,0,0.0,1
2024,PR,411800,True,Exposicao intermediaria TSB,0,0.0,1
2024,PR,411810,True,Exposicao intermediaria TSB,0,0.0,1
2024,PR,412280,True,Exposicao intermediaria TSB,0,0.0,1
2024,PR,412635,True,Exposicao intermediaria TSB,0,0.0,1
2024,PR,412690,True,Exposicao intermediaria TSB,0,0.0,1
2024,PR,412863,True,Alta exposicao TSB,0,4165.79,1
2024,RJ,330460,True,Alta exposicao TSB,0,0.0,1
2024,RN,240150,True,Alta exposicao TSB,0,0.0,1
2024,RN,240240,True,Alta exposicao TSB,0,0.0,1
2024,RN,240375,True,Alta exposicao TSB,0,6360.74,1
2024,RN,240640,True,Alta exposicao TSB,0,0.0,1
2024,RN,240720,True,Exposicao intermediaria TSB,0,0.0,1
2024,RN,241120,True,Exposicao intermediaria TSB,0,0.0,1
2024,RN,241190,True,Alta exposicao TSB,0,0.0,1
2024,RO,110014,True,Alta exposicao TSB,0,0.0,1
2024,RO,110094,True,Exposicao intermediaria TSB,0,0.0,1
2024,RO,110149,True,Exposicao intermediaria TSB,0,0.0,1
2024,RS,430005,True,Alta exposicao TSB,0,0.0,1
2024,RS,430020,True,Alta exposicao TSB,0,0.0,1
2024,RS,430185,True,Alta exposicao TSB,0,0.0,1
2024,RS,430205,True,Exposicao intermediaria TSB,0,0.0,1
2024,RS,430215,True,Exposicao intermediaria TSB,0,0.0,1
2024,RS,430245,True,Alta exposicao TSB,0,0.0,1
2024,RS,430320,True,Alta exposicao TSB,0,0.0,2
2024,RS,430320,True,Exposicao intermediaria TSB,0,0.0,1
2024,RS,430330,True,Exposicao intermediaria TSB,0,0.0,1
2024,RS,430360,True,Exposicao intermediaria TSB,0,0.0,1
2024,RS,430468,True,Exposicao intermediaria TSB,0,0.0,1
2024,RS,430543,True,Alta exposicao TSB,0,0.0,1
2024,RS,430570,True,Alta exposicao TSB,0,0.0,1
2024,RS,430580,True,Alta exposicao TSB,0,0.0,1
2024,RS,430630,True,Alta exposicao TSB,0,0.0,1
2024,RS,430697,True,Exposicao intermediaria TSB,0,0.0,1
2024,RS,430740,True,Alta exposicao TSB,0,0.0,1
2024,RS,430786,True,Exposicao intermediaria TSB,0,0.0,1
2024,RS,430805,True,Alta exposicao TSB,0,0.0,1
2024,RS,430845,True,Alta exposicao TSB,0,0.0,1
2024,RS,430990,True,Exposicao intermediaria TSB,0,0.0,1
2024,RS,431085,True,Alta exposicao TSB,0,0.0,1
2024,RS,431112,True,Alta exposicao TSB,0,0.0,1
2024,RS,431127,True,Exposicao intermediaria TSB,0,0.0,1
2024,RS,431220,True,Exposicao intermediaria TSB,0,0.0,1
2024,RS,431242,True,Exposicao intermediaria TSB,0,0.0,1
2024,RS,431417,True,Alta exposicao TSB,0,0.0,1
2024,RS,431449,True,Exposicao intermediaria TSB,0,0.0,1
2024,RS,431475,True,Alta exposicao TSB,0,0.0,1
2024,RS,431610,True,Alta exposicao TSB,0,0.0,1
2024,RS,431775,True,Alta exposicao TSB,0,0.0,1
2024,RS,431846,True,Alta exposicao TSB,0,0.0,1
2024,RS,432218,True,Exposicao intermediaria TSB,0,1188.27,1
2024,SC,420180,True,Exposicao intermediaria TSB,0,0.0,2
2024,SC,420208,True,Exposicao intermediaria TSB,0,0.0,1
2024,SC,420220,True,Exposicao intermediaria TSB,0,1798.64,1
2024,SC,420415,True,Exposicao intermediaria TSB,0,0.0,1
2024,SC,420450,True,Alta exposicao TSB,0,14609.39,1
2024,SC,420610,True,Exposicao intermediaria TSB,0,0.0,1
2024,SC,420917,True,Alta exposicao TSB,0,0.0,1
2024,SC,420917,True,Exposicao intermediaria TSB,0,0.0,1
2024,SC,420980,True,Exposicao intermediaria TSB,0,0.0,1
2024,SC,421315,True,Exposicao intermediaria TSB,0,0.0,1
2024,SC,421565,True,Exposicao intermediaria TSB,0,0.0,1
2024,SC,421680,True,Exposicao intermediaria TSB,0,0.0,1
2024,SC,421960,True,Exposicao intermediaria TSB,0,0.0,1
2024,SE,280100,True,Exposicao intermediaria TSB,0,0.0,1
2024,SE,280200,True,Alta exposicao TSB,0,0.0,1
2024,SE,280250,True,Alta exposicao TSB,0,0.0,1
2024,SE,280410,True,Exposicao intermediaria TSB,0,0.0,1
2024,SE,280650,True,Alta exposicao TSB,0,0.0,1
2024,SP,351190,True,Exposicao intermediaria TSB,0,0.0,1
2024,SP,351460,True,Exposicao intermediaria TSB,0,0.0,1
2024,SP,351520,True,Exposicao intermediaria TSB,0,2200.0,1
2024,SP,351650,True,Alta exposicao TSB,0,0.0,1
2024,SP,351650,True,Exposicao intermediaria TSB,0,0.0,1
2024,SP,352042,True,Exposicao intermediaria TSB,0,0.0,1
2024,SP,352060,True,Alta exposicao TSB,0,0.0,1
2024,SP,352115,True,Alta exposicao TSB,0,0.0,1
2024,SP,352360,True,Exposicao intermediaria TSB,0,0.0,1
2024,SP,352630,True,Exposicao intermediaria TSB,0,0.0,1
2024,SP,353150,True,Exposicao intermediaria TSB,0,0.0,1
2024,SP,353284,True,Alta exposicao TSB,0,0.0,1
2024,SP,353310,True,Alta exposicao TSB,0,0.0,1
2024,SP,353350,True,Exposicao intermediaria TSB,0,0.0,1
2024,SP,353630,True,Exposicao intermediaria TSB,0,0.0,1
2024,SP,354360,True,Exposicao intermediaria TSB,0,0.0,1
2024,SP,354625,True,Exposicao intermediaria TSB,0,0.0,1
2024,SP,355430,True,Exposicao intermediaria TSB,0,0.0,1
2024,SP,355460,True,Alta exposicao TSB,0,0.0,1
2024,SP,355550,True,Exposicao intermediaria TSB,0,0.0,1
2024,TO,171550,True,Alta exposicao TSB,0,5254.0,1
2024,SP,355030,False,Sem exposicao TSB direta,5393410,28803522047.54,602
2024,RJ,330455,False,Sem exposicao TSB direta,2558227,12776331519.51,571
2024,DF,530010,False,Sem exposicao TSB direta,1701605,10350767377.210001,512
2024,MG,310620,False,Sem exposicao TSB direta,1572567,6702031177.64,531
2024,PR,410690,False,Sem exposicao TSB direta,968689,5044920595.54,524
2024,CE,230440,False,Sem exposicao TSB direta,927789,2945742502.32,508
2024,BA,292740,False,Sem exposicao TSB direta,852179,3611827174.34,473
2024,PE,261160,False,Sem exposicao TSB direta,737973,3228444621.44,501
2024,RS,431490,False,Sem exposicao TSB direta,733347,3895539990.0099998,523
2024,GO,520870,False,Sem exposicao TSB direta,720769,3160972097.61,514
2024,AM,130260,False,Sem exposicao TSB direta,623052,2623792123.31,499
2024,SP,350950,False,Sem exposicao TSB direta,474194,2489421353.2799997,499
2024,PA,150140,False,Sem exposicao TSB direta,458287,2135001857.73,446
2024,MA,211130,False,Sem exposicao TSB direta,439686,1716659597.31,441
2024,SP,351880,False,Sem exposicao TSB direta,424201,1705278589.14,464
2024,SP,350570,False,Sem exposicao TSB direta,393548,2047881123.55,419
2024,MT,510340,False,Sem exposicao TSB direta,388787,1861726713.6200001,472
2024,PB,250750,False,Sem exposicao TSB direta,353032,1306749245.87,434
2024,PI,221100,False,Sem exposicao TSB direta,334758,1165736393.65,442
2024,SC,420540,False,Sem exposicao TSB direta,326973,2369051974.0099998,429
2024,RN,240810,False,Sem exposicao TSB direta,324537,1302292055.46,444
2024,MS,500270,False,Sem exposicao TSB direta,315132,1457882007.51,476
2024,AL,270430,False,Sem exposicao TSB direta,310902,1165913606.71,444
2024,SP,354870,False,Sem exposicao TSB direta,294657,1322491857.27,429
2024,SP,354340,False,Sem exposicao TSB direta,277611,1052455248.19,471
2024,MG,317020,False,Sem exposicao TSB direta,252020,926612035.86,459
2024,SC,420910,False,Sem exposicao TSB direta,251700,963222551.47,469
2024,SP,355220,False,Sem exposicao TSB direta,249004,1044620804.5799999,471
2024,SE,280030,False,Sem exposicao TSB direta,247740,913722162.82,410
2024,SP,354780,False,Sem exposicao TSB direta,239395,822610048.15,415
2024,MG,311860,False,Sem exposicao TSB direta,233933,767388636.01,435
2024,ES,320530,False,Sem exposicao TSB direta,233482,1174449272.25,391
2024,SP,353440,False,Sem exposicao TSB direta,229128,1120307357.93,399
2024,SP,354990,False,Sem exposicao TSB direta,220988,1008171077.48,437
2024,SP,354850,False,Sem exposicao TSB direta,211018,871944127.82,374
2024,TO,172100,False,Sem exposicao TSB direta,207401,816930806.5,394
2024,RJ,330330,False,Sem exposicao TSB direta,199437,744076024.44,368
2024,SP,352590,False,Sem exposicao TSB direta,199413,921177475.74,442
2024,PR,411370,False,Sem exposicao TSB direta,188883,702584895.0,467
2024,PR,411520,False,Sem exposicao TSB direta,180748,661738816.97,466
2024,RJ,330170,False,Sem exposicao TSB direta,176857,551153243.37,407
2024,RO,110020,False,Sem exposicao TSB direta,175186,817308459.9499999,421
2024,RS,430510,False,Sem exposicao TSB direta,174293,758089843.63,465
2024,SP,354980,False,Sem exposicao TSB direta,167386,614314859.54,448
2024,MG,313670,False,Sem exposicao TSB direta,167276,521842713.3,421
2024,ES,320500,False,Sem exposicao TSB direta,162748,506736496.57,417
2024,RJ,330240,False,Sem exposicao TSB direta,156178,1204056641.47,337
2024,SP,353870,False,Sem exposicao TSB direta,155007,659294749.96,437
2024,SP,350600,False,Sem exposicao TSB direta,152601,530890082.18,417
2024,SC,420240,False,Sem exposicao TSB direta,148236,633946899.81,440
2024,BA,291080,False,Sem exposicao TSB direta,147592,377964240.11,420
2024,SC,421660,False,Sem exposicao TSB direta,145138,459207855.76,394
2024,GO,520140,False,Sem exposicao TSB direta,141867,389302518.21,424
2024,BA,291920,False,Sem exposicao TSB direta,135448,305064294.37,353
2024,AC,120040,False,Sem exposicao TSB direta,131781,512651067.46999997,359
2024,PR,412550,False,Sem exposicao TSB direta,130670,573983881.36,422
2024,SC,420820,False,Sem exposicao TSB direta,129840,523478123.11,427
2024,PR,410480,False,Sem exposicao TSB direta,129480,464856205.57,434
2024,SP,353060,False,Sem exposicao TSB direta,128786,430434643.06,391
2024,MG,310670,False,Sem exposicao TSB direta,127947,544148973.3100001,385
2024,ES,320520,False,Sem exposicao TSB direta,127519,365314446.49,401
2024,RR,140010,False,Sem exposicao TSB direta,124907,594686679.05,364
2024,PB,250400,False,Sem exposicao TSB direta,123058,347356809.79,388
2024,AP,160030,False,Sem exposicao TSB direta,122100,352281330.78000003,357
2024,GO,520110,False,Sem exposicao TSB direta,121495,421436817.77,426
2024,SP,354880,False,Sem exposicao TSB direta,120136,471809827.13,357
2024,RJ,330490,False,Sem exposicao TSB direta,114274,281925682.95,355
2024,PE,260790,False,Sem exposicao TSB direta,114005,303250094.33,376
2024,SC,420420,False,Sem exposicao TSB direta,112686,424359256.36,409
2024,MG,314330,False,Sem exposicao TSB direta,109178,320024644.79,386
2024,PR,411990,False,Sem exposicao TSB direta,108116,380158972.99,412
2024,MG,317010,False,Sem exposicao TSB direta,107745,372025527.14,406
2024,RJ,330350,False,Sem exposicao TSB direta,106713,267531380.44,346
2024,SP,351620,False,Sem exposicao TSB direta,105280,325470201.55,396
2024,SP,351380,False,Sem exposicao TSB direta,103466,428799048.19,364
2024,RJ,330100,False,Sem exposicao TSB direta,102147,316880802.28,373
2024,SP,352690,False,Sem exposicao TSB direta,100811,395546158.71999997,403
2024,PE,261110,False,Sem exposicao TSB direta,99901,267266321.96,367
2024,SP,352050,False,Sem exposicao TSB direta,95805,460610837.90000004,424
2024,SP,355410,False,Sem exposicao TSB direta,95234,359861620.79,382
2024,SP,354890,False,Sem exposicao TSB direta,93416,415813212.42,403
2024,BA,293330,False,Sem exposicao TSB direta,92615,247757190.54,389
2024,PE,260410,False,Sem exposicao TSB direta,92609,215505544.99,381
2024,SP,350320,False,Sem exposicao TSB direta,91374,332363812.11,387
2024,RS,430460,False,Sem exposicao TSB direta,90959,360048932.57,403
2024,SP,351300,False,Sem exposicao TSB direta,89411,373404151.67,388
2024,SP,352940,False,Sem exposicao TSB direta,87235,316833325.83,348
2024,PA,150080,False,Sem exposicao TSB direta,86370,215930984.64,344
2024,SP,350160,False,Sem exposicao TSB direta,86140,316566059.78,387
2024,GO,521880,False,Sem exposicao TSB direta,85088,273533870.05,382
2024,RN,240800,False,Sem exposicao TSB direta,84005,245247932.01000002,376
2024,PE,260960,False,Sem exposicao TSB direta,83088,196389121.27,344
2024,MT,510760,False,Sem exposicao TSB direta,82536,280189394.8,380
2024,SC,420460,False,Sem exposicao TSB direta,81600,296806194.61,388
2024,SP,352900,False,Sem exposicao TSB direta,81147,294661678.59,386
2024,BA,290570,False,Sem exposicao TSB direta,80214,289261929.98,330
2024,RS,431440,False,Sem exposicao TSB direta,79931,314539367.1,385
2024,PA,150553,False,Sem exposicao TSB direta,79914,332851275.55,303
2024,RS,431340,False,Sem exposicao TSB direta,79528,275525115.85,395
2024,SP,354140,False,Sem exposicao TSB direta,78261,258065739.89000002,386
2024,MS,500370,False,Sem exposicao TSB direta,78208,294002132.13,368
2024,RS,431410,False,Sem exposicao TSB direta,77577,285037274.11,392
2024,SC,420890,False,Sem exposicao TSB direta,77138,368808662.88,364
2024,SP,355280,False,Sem exposicao TSB direta,76972,256742164.83,324
2024,RJ,330390,False,Sem exposicao TSB direta,75850,235948837.12,359
2024,RS,431690,False,Sem exposicao TSB direta,75308,318060951.55,378
2024,PR,410830,False,Sem exposicao TSB direta,74644,260711102.9,361
2024,SP,355240,False,Sem exposicao TSB direta,71973,318726700.58,364
2024,SP,354390,False,Sem exposicao TSB direta,71426,274494472.02,378
2024,ES,320130,False,Sem exposicao TSB direta,69750,197582555.07999998,351
2024,SP,354100,False,Sem exposicao TSB direta,69547,227062656.45,280
2024,MA,210530,False,Sem exposicao TSB direta,69486,192740563.35,369
2024,MG,313130,False,Sem exposicao TSB direta,68986,199851629.84,339
2024,CE,230765,False,Sem exposicao TSB direta,68617,195499111.06,348
2024,SP,354730,False,Sem exposicao TSB direta,68365,283424845.0,347
2024,SP,355250,False,Sem exposicao TSB direta,68310,232790940.08,342
2024,PR,412770,False,Sem exposicao TSB direta,67641,222849121.66,368
2024,MG,316720,False,Sem exposicao TSB direta,67376,210372190.15,361
2024,SP,352390,False,Sem exposicao TSB direta,66889,254097811.6,386
2024,RJ,330510,False,Sem exposicao TSB direta,66163,152184875.45,288
2024,PA,150680,False,Sem exposicao TSB direta,65163,160180724.11,336
2024,MG,315250,False,Sem exposicao TSB direta,64911,225659958.95000002,367
2024,PA,150420,False,Sem exposicao TSB direta,64597,217927792.77,341
2024,RS,430920,False,Sem exposicao TSB direta,64331,225916847.97,361
2024,RJ,330630,False,Sem exposicao TSB direta,63908,170534969.8,316
2024,SP,350280,False,Sem exposicao TSB direta,63351,210606369.49,386
2024,MG,314480,False,Sem exposicao TSB direta,63294,316715981.79,329
2024,SP,352310,False,Sem exposicao TSB direta,63278,204569694.04,342
2024,MG,312770,False,Sem exposicao TSB direta,62394,185489525.92,357
2024,MG,312230,False,Sem exposicao TSB direta,62355,181377877.8,383
2024,SC,421190,False,Sem exposicao TSB direta,61647,208735631.8,362
2024,SP,351907,False,Sem exposicao TSB direta,60619,323123066.02,317
2024,RS,431870,False,Sem exposicao TSB direta,59978,285801897.99,353
2024,SC,420200,False,Sem exposicao TSB direta,59907,218637068.11,342
2024,MT,510840,False,Sem exposicao TSB direta,59438,187797290.05,356
2024,SP,352440,False,Sem exposicao TSB direta,59120,215111907.89,327
2024,CE,230730,False,Sem exposicao TSB direta,58925,148053334.78,346
2024,SP,353650,False,Sem exposicao TSB direta,58827,334324442.21,307
2024,SC,420290,False,Sem exposicao TSB direta,58627,225578155.8,359
2024,SP,350920,False,Sem exposicao TSB direta,57553,237267175.93,289
2024,AL,270030,False,Sem exposicao TSB direta,56935,125408125.47,327
2024,MT,510790,False,Sem exposicao TSB direta,56548,196569566.96,363
2024,RJ,330340,False,Sem exposicao TSB direta,56527,138336557.93,323
2024,SP,350760,False,Sem exposicao TSB direta,56439,204506004.61,375
2024,CE,231290,False,Sem exposicao TSB direta,56377,155868833.35,290
2024,RN,240325,False,Sem exposicao TSB direta,56189,137544303.17,328
2024,SP,351870,False,Sem exposicao TSB direta,56048,242048419.75,268
2024,ES,320320,False,Sem exposicao TSB direta,55852,167748884.05,358
2024,PE,261070,False,Sem exposicao TSB direta,55474,134713581.54,303
2024,PR,410180,False,Sem exposicao TSB direta,55044,224494556.33,325
2024,SP,355170,False,Sem exposicao TSB direta,54918,228893491.34,320
2024,PR,411915,False,Sem exposicao TSB direta,54089,184227667.99,354
2024,SP,354580,False,Sem exposicao TSB direta,53360,183748146.61,340
2024,MG,314800,False,Sem exposicao TSB direta,53272,174046622.22,370
2024,SP,350750,False,Sem exposicao TSB direta,53169,211682722.33,331
2024,SP,350410,False,Sem exposicao TSB direta,52534,191015490.93,378
2024,MG,315180,False,Sem exposicao TSB direta,52522,166866797.29,349
2024,PR,410940,False,Sem exposicao TSB direta,51705,192894146.92,356
2024,MG,317070,False,Sem exposicao TSB direta,51659,152835664.17,369
2024,RJ,330045,False,Sem exposicao TSB direta,51283,91109516.15,247
2024,SP,352230,False,Sem exposicao TSB direta,50932,161349829.03,330
2024,PE,260290,False,Sem exposicao TSB direta,50848,155520577.9,296
2024,SP,351060,False,Sem exposicao TSB direta,50790,152331429.8,304
2024,RJ,330070,False,Sem exposicao TSB direta,50417,130630203.58,295
2024,SP,351500,False,Sem exposicao TSB direta,50071,187578838.23,292
2024,BA,293070,False,Sem exposicao TSB direta,49776,144800330.26999998,300
2024,ES,320120,False,Sem exposicao TSB direta,49265,159353707.48,349
2024,SP,355620,False,Sem exposicao TSB direta,48761,220796222.09,372
2024,PR,410580,False,Sem exposicao TSB direta,48758,162547026.35,352
2024,SP,355100,False,Sem exposicao TSB direta,48718,154101034.58,255
2024,SC,420930,False,Sem exposicao TSB direta,48472,153677308.75,360
2024,CE,230370,False,Sem exposicao TSB direta,48435,132789878.35,322
2024,PR,411820,False,Sem exposicao TSB direta,48282,173930290.53,279
2024,RS,431560,False,Sem exposicao TSB direta,48258,187716509.88,295
2024,RS,431680,False,Sem exposicao TSB direta,47853,187553788.83,351
2024,RS,430210,False,Sem exposicao TSB direta,47784,220926613.05,358
2024,CE,230428,False,Sem exposicao TSB direta,47779,139877437.79,331
2024,BA,291840,False,Sem exposicao TSB direta,46737,98279679.4,318
2024,SP,351110,False,Sem exposicao TSB direta,46451,159481898.43,342
2024,TO,170210,False,Sem exposicao TSB direta,45927,146478022.66,332
2024,SP,353070,False,Sem exposicao TSB direta,45552,159311373.82,329
2024,SP,352250,False,Sem exposicao TSB direta,45347,189183431.62,275
2024,SP,352530,False,Sem exposicao TSB direta,45172,152672815.44,334
2024,RJ,330010,False,Sem exposicao TSB direta,44732,182651297.38,255
2024,MS,500830,False,Sem exposicao TSB direta,44201,161883001.07,324
2024,BA,292530,False,Sem exposicao TSB direta,44001,103064424.07000001,303
2024,RS,430310,False,Sem exposicao TSB direta,43088,149996016.77,331
2024,SC,421870,False,Sem exposicao TSB direta,42524,136616855.8,366
2024,PA,150240,False,Sem exposicao TSB direta,42439,104569424.88,311
2024,BA,291480,False,Sem exposicao TSB direta,42364,108889677.89,329
2024,MG,312510,False,Sem exposicao TSB direta,42319,141296993.98,259
2024,RJ,330420,False,Sem exposicao TSB direta,42091,152157069.06,275
2024,PR,410150,False,Sem exposicao TSB direta,41854,133923019.47,342
2024,RS,430700,False,Sem exposicao TSB direta,41820,153010553.18,356
2024,RJ,330580,False,Sem exposicao TSB direta,41634,114822391.57000001,302
2024,SP,352340,False,Sem exposicao TSB direta,41506,160050177.54,351
2024,BA,290320,False,Sem exposicao TSB direta,41285,124228708.12,341
2024,SP,355670,False,Sem exposicao TSB direta,41101,182246413.59,311
2024,SP,350550,False,Sem exposicao TSB direta,40850,155139819.08,318
2024,RS,431140,False,Sem exposicao TSB direta,40553,141114205.55,339
2024,SP,353080,False,Sem exposicao TSB direta,40094,156882800.28,329
2024,SP,352470,False,Sem exposicao TSB direta,40048,199319872.79,262
2024,SP,350330,False,Sem exposicao TSB direta,40012,148347509.94,334
2024,PR,410140,False,Sem exposicao TSB direta,39843,120627981.48,356
2024,MT,510792,False,Sem exposicao TSB direta,39229,146284028.67,322
2024,RJ,330190,False,Sem exposicao TSB direta,39011,97829016.28,273
2024,MG,315460,False,Sem exposicao TSB direta,38981,98905472.87,277
2024,BA,291955,False,Sem exposicao TSB direta,38972,120750614.89,326
2024,RJ,330452,False,Sem exposicao TSB direta,38260,190706117.95999998,246
2024,PR,412810,False,Sem exposicao TSB direta,37735,111163885.06,344
2024,PE,260720,False,Sem exposicao TSB direta,37260,163612643.52,215
2024,MG,313170,False,Sem exposicao TSB direta,37232,126460112.16,264
2024,SP,353800,False,Sem exposicao TSB direta,37187,130837657.95,297
2024,BA,291360,False,Sem exposicao TSB direta,36880,107393966.05,286
2024,ES,320150,False,Sem exposicao TSB direta,36434,113146308.15,306
2024,MT,510704,False,Sem exposicao TSB direta,36044,217474209.17000002,303
2024,SP,350650,False,Sem exposicao TSB direta,35993,108134068.41,329
2024,SP,354520,False,Sem exposicao TSB direta,35769,130669133.48,335
2024,PR,410420,False,Sem exposicao TSB direta,35616,121656126.59,342
2024,PR,411850,False,Sem exposicao TSB direta,35616,136735231.98,337
2024,RJ,330270,False,Sem exposicao TSB direta,35554,135908177.8,253
2024,PA,150130,False,Sem exposicao TSB direta,35355,120089411.23,217
2024,RJ,330040,False,Sem exposicao TSB direta,35248,91599663.77,298
2024,SP,351050,False,Sem exposicao TSB direta,35110,118252015.62,246
2024,SP,355400,False,Sem exposicao TSB direta,34921,116552252.02,304
2024,PA,150215,False,Sem exposicao TSB direta,34911,148972660.5,211
2024,MG,315780,False,Sem exposicao TSB direta,34820,106603081.25,287
2024,GO,521250,False,Sem exposicao TSB direta,34746,90031499.38,313
2024,MG,310400,False,Sem exposicao TSB direta,34329,128240356.19,307
2024,SP,353470,False,Sem exposicao TSB direta,34315,118999506.28999999,294
2024,GO,521150,False,Sem exposicao TSB direta,34146,105434370.53,320
2024,SP,352400,False,Sem exposicao TSB direta,34098,144915478.04,297
2024,SP,352220,False,Sem exposicao TSB direta,34055,114215055.21,261
2024,RJ,330200,False,Sem exposicao TSB direta,34051,133374127.45,240
2024,RO,110012,False,Sem exposicao TSB direta,33958,92126005.15,340
2024,MG,313820,False,Sem exposicao TSB direta,33953,102594241.64,294
2024,ES,320060,False,Sem exposicao TSB direta,33771,129663189.15,277
2024,SC,421480,False,Sem exposicao TSB direta,33366,121760493.48,325
2024,MT,510525,False,Sem exposicao TSB direta,33075,119392834.78,283
2024,SP,350390,False,Sem exposicao TSB direta,32872,122811730.93,295
2024,SC,420430,False,Sem exposicao TSB direta,32833,119453049.03,301
2024,MG,313380,False,Sem exposicao TSB direta,32734,108544539.95,326
2024,SP,351840,False,Sem exposicao TSB direta,32728,126554379.88000001,290
2024,GO,520510,False,Sem exposicao TSB direta,32572,112328353.02,322
2024,SP,354910,False,Sem exposicao TSB direta,32441,111418163.27,324
2024,SP,352930,False,Sem exposicao TSB direta,31938,127613173.02,289
2024,SP,355710,False,Sem exposicao TSB direta,31501,104241149.93,308
2024,PR,410430,False,Sem exposicao TSB direta,31433,119351690.45,320
2024,RJ,330020,False,Sem exposicao TSB direta,31317,71850287.13,264
2024,MG,310560,False,Sem exposicao TSB direta,31259,80563396.03,280
2024,MG,314710,False,Sem exposicao TSB direta,31088,85581611.12,326
2024,PR,410840,False,Sem exposicao TSB direta,31086,108112849.14,330
2024,MG,314700,False,Sem exposicao TSB direta,31033,121364665.77,285
2024,MG,310350,False,Sem exposicao TSB direta,30987,96128209.7,321
2024,MG,316860,False,Sem exposicao TSB direta,30895,73894632.76,285
2024,SP,350400,False,Sem exposicao TSB direta,30696,109243601.52,311
2024,SP,352680,False,Sem exposicao TSB direta,30495,121264243.06,263
2024,SP,350610,False,Sem exposicao TSB direta,30235,104217248.57000001,288
2024,GO,521190,False,Sem exposicao TSB direta,30132,99490442.57000001,288
2024,SP,352710,False,Sem exposicao TSB direta,30082,102807968.52,246
2024,RO,110030,False,Sem exposicao TSB direta,30035,92048199.53999999,325
2024,MG,316990,False,Sem exposicao TSB direta,29652,79514761.71000001,302
2024,SC,421580,False,Sem exposicao TSB direta,29644,111749802.29,305
2024,SC,421130,False,Sem exposicao TSB direta,29573,107432400.83,278
2024,SP,355060,False,Sem exposicao TSB direta,29535,98965473.34,298
2024,MT,510795,False,Sem exposicao TSB direta,29504,99944118.53999999,304
2024,BA,293135,False,Sem exposicao TSB direta,29432,80056120.59,303
2024,MA,210140,False,Sem exposicao TSB direta,29396,80505829.72,288
2024,RJ,330220,False,Sem exposicao TSB direta,29276,77844950.25,274
2024,SE,280480,False,Sem exposicao TSB direta,29261,82490849.48,243
2024,SC,420830,False,Sem exposicao TSB direta,29240,103376063.49,278
2024,MG,314790,False,Sem exposicao TSB direta,29192,80677708.15,322
2024,BA,290070,False,Sem exposicao TSB direta,29059,83426269.29,258
2024,SP,350900,False,Sem exposicao TSB direta,29033,97517876.37,272
2024,SP,351350,False,Sem exposicao TSB direta,28965,148622345.11,201
2024,BA,291800,False,Sem exposicao TSB direta,28917,72584815.5,268
2024,RJ,330250,False,Sem exposicao TSB direta,28854,78539700.26,263
2024,PR,410370,False,Sem exposicao TSB direta,28584,101017135.88,316
2024,GO,520450,False,Sem exposicao TSB direta,28409,72983633.39,280
2024,MG,314520,False,Sem exposicao TSB direta,28404,78554232.15,245
2024,SC,420750,False,Sem exposicao TSB direta,28377,96666422.05,303
2024,BA,292870,False,Sem exposicao TSB direta,28001,68317561.69,278
2024,ES,320490,False,Sem exposicao TSB direta,27925,83467571.78,282
2024,SC,420590,False,Sem exposicao TSB direta,27844,106051391.21000001,296
2024,MG,314390,False,Sem exposicao TSB direta,27672,72053448.08,308
2024,SP,350450,False,Sem exposicao TSB direta,27654,86768593.63000001,290
2024,SP,353980,False,Sem exposicao TSB direta,27563,81111680.18,262
2024,SP,352670,False,Sem exposicao TSB direta,27273,95317857.83,311
2024,MG,313240,False,Sem exposicao TSB direta,27231,103756531.42,303
2024,RS,430790,False,Sem exposicao TSB direta,27179,115052200.7,314
2024,BA,291072,False,Sem exposicao TSB direta,26999,72603560.21,280
2024,MG,311830,False,Sem exposicao TSB direta,26876,73441225.78,299
2024,PR,411840,False,Sem exposicao TSB direta,26851,84332622.4,317
2024,PR,412240,False,Sem exposicao TSB direta,26750,89479459.28999999,295
2024,ES,320240,False,Sem exposicao TSB direta,26744,71988992.75,294
2024,MG,314610,False,Sem exposicao TSB direta,26610,121661984.04,216
2024,PI,220770,False,Sem exposicao TSB direta,26593,72272274.32000001,279
2024,PE,260620,False,Sem exposicao TSB direta,26519,90101562.21000001,239
2024,SP,353340,False,Sem exposicao TSB direta,26479,101072965.64,276
2024,PR,410550,False,Sem exposicao TSB direta,26471,79230016.67,302
2024,SP,350190,False,Sem exposicao TSB direta,26389,94959632.42,284
2024,SP,355700,False,Sem exposicao TSB direta,26381,96507397.92,268
2024,RS,431020,False,Sem exposicao TSB direta,26182,94560776.89,311
2024,SP,352430,False,Sem exposicao TSB direta,26150,94122560.5,279
2024,MG,314810,False,Sem exposicao TSB direta,26081,77304196.51,291
2024,RS,431720,False,Sem exposicao TSB direta,25928,89394090.85,310
2024,SP,350700,False,Sem exposicao TSB direta,25666,93421987.6,280
2024,SC,420300,False,Sem exposicao TSB direta,25639,94089289.35,296
2024,PA,150550,False,Sem exposicao TSB direta,25609,86075139.03999999,266
2024,PE,261640,False,Sem exposicao TSB direta,25330,70599766.61,272
2024,MG,310160,False,Sem exposicao TSB direta,25245,84335410.46,298
2024,PR,410765,False,Sem exposicao TSB direta,25160,88903014.16,286
2024,RS,432300,False,Sem exposicao TSB direta,25081,80130858.72,289
2024,GO,522045,False,Sem exposicao TSB direta,25001,78876424.42,294
2024,MG,313940,False,Sem exposicao TSB direta,24977,60156444.1,278
2024,SP,353930,False,Sem exposicao TSB direta,24944,88073648.99,261
2024,SP,352260,False,Sem exposicao TSB direta,24887,93150904.48,283
2024,SP,352240,False,Sem exposicao TSB direta,24862,76989844.94,275
2024,SP,355070,False,Sem exposicao TSB direta,24765,105280032.52,216
2024,SP,354330,False,Sem exposicao TSB direta,24624,85763044.87,261
2024,RS,432240,False,Sem exposicao TSB direta,24284,71986797.22,267
2024,PB,250320,False,Sem exposicao TSB direta,24249,73945328.65,258
2024,SP,351570,False,Sem exposicao TSB direta,24232,93442504.57000001,259
2024,MG,314000,False,Sem exposicao TSB direta,24101,82935904.65,207
2024,SP,355540,False,Sem exposicao TSB direta,23973,72514955.37,234
2024,MT,510622,False,Sem exposicao TSB direta,23954,85035449.84,255
2024,SC,421930,False,Sem exposicao TSB direta,23701,87234744.46,288
2024,MG,313420,False,Sem exposicao TSB direta,23678,66790104.89,275
2024,PE,260600,False,Sem exposicao TSB direta,23665,61123046.13,277
2024,MG,315670,False,Sem exposicao TSB direta,23647,84568399.97,235
2024,PE,260680,False,Sem exposicao TSB direta,23587,69880492.66,244
2024,GO,520800,False,Sem exposicao TSB direta,23522,76200108.86,288
2024,RS,430390,False,Sem exposicao TSB direta,23500,89562221.71,282
2024,RS,430160,False,Sem exposicao TSB direta,23413,89947042.55999999,256
2024,MG,312610,False,Sem exposicao TSB direta,23378,58078665.339999996,295
2024,CE,230523,False,Sem exposicao TSB direta,23356,49355112.910000004,191
2024,SP,352500,False,Sem exposicao TSB direta,23300,94172136.76,246
2024,PR,410640,False,Sem exposicao TSB direta,23293,57581998.12,243
2024,MS,500320,False,Sem exposicao TSB direta,23207,78741885.13,244
2024,GO,522185,False,Sem exposicao TSB direta,23201,62938734.44,239
2024,SC,420700,False,Sem exposicao TSB direta,23097,82338599.83,287
2024,MG,317130,False,Sem exposicao TSB direta,23079,90994034.26,285
2024,MG,316250,False,Sem exposicao TSB direta,23029,78216734.82,282
2024,RJ,330600,False,Sem exposicao TSB direta,22956,64849951.87,291
2024,MG,312090,False,Sem exposicao TSB direta,22931,60325383.85,267
2024,RS,431990,False,Sem exposicao TSB direta,22876,68228443.17,282
2024,ES,320510,False,Sem exposicao TSB direta,22725,66239293.1,225
2024,MG,313190,False,Sem exposicao TSB direta,22694,87210333.48,225
2024,RS,432000,False,Sem exposicao TSB direta,22607,75840580.14,283
2024,MG,317120,False,Sem exposicao TSB direta,22582,80141433.67,266
2024,SP,351640,False,Sem exposicao TSB direta,22580,84610397.11,238
2024,PR,411580,False,Sem exposicao TSB direta,22467,77560657.19,258
2024,PR,410490,False,Sem exposicao TSB direta,22411,76767226.19,233
2024,RO,110002,False,Sem exposicao TSB direta,22329,65930820.96,305
2024,CE,230100,False,Sem exposicao TSB direta,22257,64393355.59,237
2024,RO,110004,False,Sem exposicao TSB direta,22237,65619770.1,306
2024,RS,430910,False,Sem exposicao TSB direta,22113,79940216.84,237
2024,MG,311940,False,Sem exposicao TSB direta,22108,50909198.41,254
2024,PB,251370,False,Sem exposicao TSB direta,22106,55670775.67,224
2024,MG,313620,False,Sem exposicao TSB direta,21890,65518595.84,268
2024,CE,231140,False,Sem exposicao TSB direta,21877,35767862.26,155
2024,MG,311340,False,Sem exposicao TSB direta,21806,59384639.63,284
2024,RS,430770,False,Sem exposicao TSB direta,21697,80887686.8,256
2024,RS,432250,False,Sem exposicao TSB direta,21569,65733589.33,265
2024,SE,280290,False,Sem exposicao TSB direta,21539,48185458.89,260
2024,MG,317040,False,Sem exposicao TSB direta,21423,66906802.21,283
2024,MA,211120,False,Sem exposicao TSB direta,21334,59120259.12,233
2024,RS,430060,False,Sem exposicao TSB direta,21237,65015825.99,279
2024,RS,431240,False,Sem exposicao TSB direta,21228,80698859.67,262
2024,MG,312980,False,Sem exposicao TSB direta,21095,62402252.54,237
2024,SP,350850,False,Sem exposicao TSB direta,21049,76724856.01,257
2024,MG,316470,False,Sem exposicao TSB direta,21024,57371551.1,287
2024,GO,522140,False,Sem exposicao TSB direta,20885,62446484.03,292
2024,TO,170950,False,Sem exposicao TSB direta,20667,62171917.6,293
2024,SP,352720,False,Sem exposicao TSB direta,20657,76458008.76,256
2024,SP,355650,False,Sem exposicao TSB direta,20566,79724101.77,261
2024,RJ,330550,False,Sem exposicao TSB direta,20534,60539988.88,244
2024,SP,353390,False,Sem exposicao TSB direta,20372,74282657.12,242
2024,SP,350840,False,Sem exposicao TSB direta,20326,81524120.1,237
2024,SC,421800,False,Sem exposicao TSB direta,20310,77774445.14,276
2024,SC,420130,False,Sem exposicao TSB direta,20304,77793092.3,292
2024,MG,313760,False,Sem exposicao TSB direta,20251,67766739.28,265
2024,CE,230420,False,Sem exposicao TSB direta,20248,48928906.67,250
2024,RS,431750,False,Sem exposicao TSB direta,20197,64652074.58,290
2024,PR,411790,False,Sem exposicao TSB direta,20189,68320280.33,223
2024,SC,420230,False,Sem exposicao TSB direta,20181,69895422.83,292
2024,RS,430930,False,Sem exposicao TSB direta,20140,75341247.64,243
2024,SP,351340,False,Sem exposicao TSB direta,20106,84493582.78,240
2024,PA,150360,False,Sem exposicao TSB direta,20090,65596494.93,245
2024,RJ,330414,False,Sem exposicao TSB direta,20065,53924891.27,214
2024,GO,521310,False,Sem exposicao TSB direta,20015,66628251.49,248
2024,PR,411460,False,Sem exposicao TSB direta,19871,68260035.49,266
2024,AL,270770,False,Sem exposicao TSB direta,19864,51748408.11,182
2024,MA,210005,False,Sem exposicao TSB direta,19864,63019542.52,224
2024,SP,355500,False,Sem exposicao TSB direta,19842,62133897.88,266
2024,SP,351970,False,Sem exposicao TSB direta,19788,55881847.96,227
2024,SP,351040,False,Sem exposicao TSB direta,19727,66080698.74,261
2024,MG,311800,False,Sem exposicao TSB direta,19704,83487350.99,189
2024,PE,260345,False,Sem exposicao TSB direta,19678,50637671.08,241
2024,MG,314930,False,Sem exposicao TSB direta,19593,61445380.96,237
2024,SP,351550,False,Sem exposicao TSB direta,19532,62909330.879999995,272
2024,SP,354260,False,Sem exposicao TSB direta,19407,62725327.160000004,251
2024,RJ,330030,False,Sem exposicao TSB direta,19347,45455063.66,232
2024,SP,353050,False,Sem exposicao TSB direta,19332,63948342.410000004,277
2024,MA,211220,False,Sem exposicao TSB direta,19308,48973003.230000004,247
2024,GO,520860,False,Sem exposicao TSB direta,19294,58661571.81,268
2024,PA,150613,False,Sem exposicao TSB direta,19228,54766983.17,261
2024,SC,421820,False,Sem exposicao TSB direta,19206,74157735.84,287
2024,SP,350210,False,Sem exposicao TSB direta,19180,62926470.78,237
2024,SP,352730,False,Sem exposicao TSB direta,19024,82893261.41,239
2024,MG,315210,False,Sem exposicao TSB direta,18813,50940035.41,242
2024,RJ,330023,False,Sem exposicao TSB direta,18764,47886860.160000004,183
2024,SP,354060,False,Sem exposicao TSB direta,18726,75802409.53,259
2024,MG,316930,False,Sem exposicao TSB direta,18713,50038573.67,279
2024,PB,251080,False,Sem exposicao TSB direta,18677,45138965.95,246
2024,RJ,330285,False,Sem exposicao TSB direta,18648,45046071.93,215
2024,RS,432260,False,Sem exposicao TSB direta,18645,65288717.07,277
2024,GO,520620,False,Sem exposicao TSB direta,18492,61725110.76,221
2024,SP,353730,False,Sem exposicao TSB direta,18478,55813155.76,261
2024,BA,292100,False,Sem exposicao TSB direta,18406,53365606.93,165
2024,MS,500660,False,Sem exposicao TSB direta,18346,54119662.02,261
2024,SP,351960,False,Sem exposicao TSB direta,18208,50383720.91,229
2024,RJ,330555,False,Sem exposicao TSB direta,18158,88678606.76,184
2024,BA,292400,False,Sem exposicao TSB direta,18154,47291987.13,228
2024,SC,420140,False,Sem exposicao TSB direta,18106,57140855.07,306
2024,MT,510263,False,Sem exposicao TSB direta,18100,72317894.62,231
2024,SP,350590,False,Sem exposicao TSB direta,17942,65367042.839999996,258
2024,RJ,330520,False,Sem exposicao TSB direta,17828,45415190.64,226
2024,BA,291170,False,Sem exposicao TSB direta,17729,55446922.05,278
2024,SP,352850,False,Sem exposicao TSB direta,17709,54883718.53,286
2024,MA,210300,False,Sem exposicao TSB direta,17586,37655017.79,211
2024,MT,510180,False,Sem exposicao TSB direta,17519,58118258.26,261
2024,PA,150830,False,Sem exposicao TSB direta,17491,13095458.490000002,52
2024,RJ,330320,False,Sem exposicao TSB direta,17483,38214726.88,210
2024,GO,520025,False,Sem exposicao TSB direta,17387,47146411.86,223
2024,RS,431180,False,Sem exposicao TSB direta,17358,59962423.21,252
2024,RJ,330500,False,Sem exposicao TSB direta,17324,120951559.08,164
2024,PE,260170,False,Sem exposicao TSB direta,17238,46257813.31,196
2024,SC,420320,False,Sem exposicao TSB direta,17166,53957594.12,274
2024,PE,261250,False,Sem exposicao TSB direta,17105,42452314.35,191
2024,PR,410720,False,Sem exposicao TSB direta,17057,59161214.5,248
2024,SC,421720,False,Sem exposicao TSB direta,17028,64336491.5,263
2024,PA,150060,False,Sem exposicao TSB direta,17018,57315764.08,265
2024,MG,314110,False,Sem exposicao TSB direta,16990,40365300.31,189
2024,SP,353030,False,Sem exposicao TSB direta,16969,56563817.12,268
2024,SP,354640,False,Sem exposicao TSB direta,16966,59760107.519999996,254
2024,SP,350635,False,Sem exposicao TSB direta,16961,76904785.77,194
2024,SP,355645,False,Sem exposicao TSB direta,16918,66461902.82,254
2024,MG,311530,False,Sem exposicao TSB direta,16917,49634561.55,256
2024,MT,510250,False,Sem exposicao TSB direta,16805,71034251.17999999,238
2024,RN,241200,False,Sem exposicao TSB direta,16799,42170646.23,231
2024,BA,290650,False,Sem exposicao TSB direta,16758,63767911.1,189
2024,MG,312710,False,Sem exposicao TSB direta,16751,50428977.910000004,242
2024,SP,353180,False,Sem exposicao TSB direta,16736,59446723.510000005,228
2024,PR,412710,False,Sem exposicao TSB direta,16681,55330523.66,215
2024,RS,430676,False,Sem exposicao TSB direta,16647,91079883.21,190
2024,MG,316940,False,Sem exposicao TSB direta,16644,45504813.9,250
2024,SP,354970,False,Sem exposicao TSB direta,16639,50906224.03,270
2024,PR,410980,False,Sem exposicao TSB direta,16625,55829245.72,271
2024,SP,352210,False,Sem exposicao TSB direta,16614,53431153.93,220
2024,CE,230640,False,Sem exposicao TSB direta,16584,38450858.3,177
2024,PR,412820,False,Sem exposicao TSB direta,16584,47215805.589999996,268
2024,PR,412625,False,Sem exposicao TSB direta,16575,54914789.45,265
2024,SP,354070,False,Sem exposicao TSB direta,16571,51999024.93,243
2024,BA,291640,False,Sem exposicao TSB direta,16492,39518563.78,194
2024,PR,410040,False,Sem exposicao TSB direta,16480,48567516.02,274
2024,SP,354940,False,Sem exposicao TSB direta,16443,61728484.38,214
2024,RS,430860,False,Sem exposicao TSB direta,16434,62921023.6,259
2024,SP,351518,False,Sem exposicao TSB direta,16430,50786622.25,231
2024,SE,280670,False,Sem exposicao TSB direta,16359,75536716.6,201
2024,MG,316870,False,Sem exposicao TSB direta,16322,49866742.55,250
2024,SC,420650,False,Sem exposicao TSB direta,16242,67046328.78,256
2024,RJ,330430,False,Sem exposicao TSB direta,16170,40217172.88,253
2024,CE,230550,False,Sem exposicao TSB direta,16152,38805897.28,228
2024,SC,421320,False,Sem exposicao TSB direta,16126,70510917.82000001,227
2024,PI,220800,False,Sem exposicao TSB direta,16089,39502168.91,260
2024,SP,355450,False,Sem exposicao TSB direta,16082,52622644.62,251
2024,SC,421950,False,Sem exposicao TSB direta,16076,59154931.22,295
2024,MG,315120,False,Sem exposicao TSB direta,15958,46401159.81,221
2024,SC,420900,False,Sem exposicao TSB direta,15954,60430493.87,243
2024,RS,431710,False,Sem exposicao TSB direta,15943,44622465.17,247
2024,RS,431405,False,Sem exposicao TSB direta,15896,43233293.51,203
2024,RS,430470,False,Sem exposicao TSB direta,15819,53770319.910000004,277
2024,SP,352480,False,Sem exposicao TSB direta,15738,53357339.31,253
2024,RS,430300,False,Sem exposicao TSB direta,15677,49288294.62,262
2024,SE,280350,False,Sem exposicao TSB direta,15671,47390106.26,219
2024,RS,430463,False,Sem exposicao TSB direta,15654,44935485.69,214
2024,PA,150442,False,Sem exposicao TSB direta,15612,61781593.02,224
2024,AL,270230,False,Sem exposicao TSB direta,15609,46051794.660000004,142
2024,MG,312870,False,Sem exposicao TSB direta,15522,47974890.02,272
2024,RS,431390,False,Sem exposicao TSB direta,15485,65182351.45,237
2024,MT,510025,False,Sem exposicao TSB direta,15396,49251092.37,270
2024,BA,291460,False,Sem exposicao TSB direta,15371,42755229.94,234
2024,SP,355370,False,Sem exposicao TSB direta,15351,46399759.2,239
2024,RS,430040,False,Sem exposicao TSB direta,15258,43452137.99,221
2024,MT,510267,False,Sem exposicao TSB direta,15211,54508846.73,235
2024,CE,230770,False,Sem exposicao TSB direta,15175,38659015.82,194
2024,SP,353130,False,Sem exposicao TSB direta,15160,55038909.63,224
2024,SP,350970,False,Sem exposicao TSB direta,15149,43720392.54,194
2024,BA,291005,False,Sem exposicao TSB direta,15030,41139526.96,192
2024,BA,290460,False,Sem exposicao TSB direta,15013,43081594.410000004,228
2024,PR,411420,False,Sem exposicao TSB direta,14891,49477818.78,244
2024,MG,313720,False,Sem exposicao TSB direta,14881,43296805.85,235
2024,PA,150010,False,Sem exposicao TSB direta,14773,42775322.82,183
2024,MG,314590,False,Sem exposicao TSB direta,14761,45297252.8,200
2024,SC,421620,False,Sem exposicao TSB direta,14754,65579236.78,219
2024,RS,430480,False,Sem exposicao TSB direta,14673,72696244.81,219
2024,PA,150810,False,Sem exposicao TSB direta,14659,37918180.37,179
2024,SP,350010,False,Sem exposicao TSB direta,14619,48116444.31,217
2024,SC,420280,False,Sem exposicao TSB direta,14600,46247531.480000004,247
2024,CE,231340,False,Sem exposicao TSB direta,14598,28150091.32,208
2024,SP,353710,False,Sem exposicao TSB direta,14570,45895158.73,216
2024,PR,411070,False,Sem exposicao TSB direta,14530,42967971.32,251
2024,PE,260400,False,Sem exposicao TSB direta,14528,28042830.009999998,221
2024,RO,110028,False,Sem exposicao TSB direta,14456,38959376.82,253
2024,MT,510787,False,Sem exposicao TSB direta,14447,62587478.41,182
2024,BA,293290,False,Sem exposicao TSB direta,14431,32465900.96,219
2024,SC,421010,False,Sem exposicao TSB direta,14395,49235105.44,267
2024,RS,430610,False,Sem exposicao TSB direta,14376,50027974.5,245
2024,MG,315960,False,Sem exposicao TSB direta,14322,49677767.88,243
2024,SP,351150,False,Sem exposicao TSB direta,14270,50252552.9,240
2024,AP,160060,False,Sem exposicao TSB direta,14193,40139666.94,209
2024,MG,311120,False,Sem exposicao TSB direta,14120,33797571.06,255
2024,MG,313510,False,Sem exposicao TSB direta,14087,38870565.55,236
2024,PE,261390,False,Sem exposicao TSB direta,14074,37933152.58,206
2024,PA,150795,False,Sem exposicao TSB direta,14045,33849721.11,176
2024,SP,353670,False,Sem exposicao TSB direta,14034,49771608.13,228
2024,RS,430760,False,Sem exposicao TSB direta,14024,47131591.98,257
2024,PA,150150,False,Sem exposicao TSB direta,13975,47726562.9,184
2024,MS,500620,False,Sem exposicao TSB direta,13965,42715504.71,231
2024,SP,351310,False,Sem exposicao TSB direta,13962,58379314.42,249
2024,CE,231240,False,Sem exposicao TSB direta,13960,52246957.48,163
2024,AM,130250,False,Sem exposicao TSB direta,13864,24333369.56,131
2024,CE,230190,False,Sem exposicao TSB direta,13840,35063302.54,205
2024,MS,500570,False,Sem exposicao TSB direta,13787,43132960.0,231
2024,SP,353430,False,Sem exposicao TSB direta,13733,51548264.32,213
2024,GO,521040,False,Sem exposicao TSB direta,13675,37847585.39,207
2024,MA,210330,False,Sem exposicao TSB direta,13670,26128469.91,143
2024,AL,270470,False,Sem exposicao TSB direta,13583,44893046.12,189
2024,TO,171820,False,Sem exposicao TSB direta,13543,42637660.94,245
2024,RS,431010,False,Sem exposicao TSB direta,13475,42362645.0,216
2024,MG,310420,False,Sem exposicao TSB direta,13435,42186319.06,253
2024,RJ,330610,False,Sem exposicao TSB direta,13429,37850514.14,208
2024,SP,351740,False,Sem exposicao TSB direta,13425,39531515.08,179
2024,RS,432200,False,Sem exposicao TSB direta,13423,43291223.79,167
2024,SP,350530,False,Sem exposicao TSB direta,13398,47054058.800000004,193
2024,RN,240710,False,Sem exposicao TSB direta,13389,36334827.36,237
2024,MG,313630,False,Sem exposicao TSB direta,13374,32387745.75,219
2024,SC,420730,False,Sem exposicao TSB direta,13336,44198624.85,244
2024,SP,351905,False,Sem exposicao TSB direta,13306,43111552.47,179
2024,GO,521000,False,Sem exposicao TSB direta,13282,32179847.81,259
2024,MS,500790,False,Sem exposicao TSB direta,13247,40473515.589999996,202
2024,SP,350960,False,Sem exposicao TSB direta,13201,53680615.54,218
2024,RS,431800,False,Sem exposicao TSB direta,13193,41216508.27,215
2024,MS,500710,False,Sem exposicao TSB direta,13190,56298745.8,176
2024,SP,352570,False,Sem exposicao TSB direta,13127,39644844.34,229
2024,SC,421500,False,Sem exposicao TSB direta,13123,41020524.48,238
2024,SC,421970,False,Sem exposicao TSB direta,13072,42332909.02,213
2024,RS,430350,False,Sem exposicao TSB direta,13068,41706528.08,237
2024,MS,500540,False,Sem exposicao TSB direta,13039,42139610.33,197
2024,PR,411760,False,Sem exposicao TSB direta,13011,39691633.57,203
2024,RS,430820,False,Sem exposicao TSB direta,12989,53082482.92,245
2024,MT,510675,False,Sem exposicao TSB direta,12953,42681827.58,203
2024,BA,290720,False,Sem exposicao TSB direta,12952,26379187.32,128
2024,SC,420380,False,Sem exposicao TSB direta,12948,41969623.65,266
2024,SP,354750,False,Sem exposicao TSB direta,12819,28587830.25,198
2024,BA,290980,False,Sem exposicao TSB direta,12795,52844709.44,224
2024,PB,250630,False,Sem exposicao TSB direta,12785,27316706.16,204
2024,PR,410400,False,Sem exposicao TSB direta,12773,42536179.0,225
2024,PE,260640,False,Sem exposicao TSB direta,12752,27950858.99,221
2024,SP,351440,False,Sem exposicao TSB direta,12735,39228692.72,241
2024,AC,120020,False,Sem exposicao TSB direta,12728,31936426.3,212
2024,MG,317200,False,Sem exposicao TSB direta,12710,30761873.2,215
2024,AM,130120,False,Sem exposicao TSB direta,12704,32317748.099999998,92
2024,RS,431350,False,Sem exposicao TSB direta,12660,41648985.89,243
2024,RN,240200,False,Sem exposicao TSB direta,12651,30707368.44,228
2024,SP,354020,False,Sem exposicao TSB direta,12643,58596360.19,149
2024,BA,291750,False,Sem exposicao TSB direta,12640,41296493.08,202
2024,MG,310740,False,Sem exposicao TSB direta,12623,32975541.32,265
2024,PR,412410,False,Sem exposicao TSB direta,12515,32717979.38,246
2024,GO,521380,False,Sem exposicao TSB direta,12492,41232337.71,225
2024,SP,354680,False,Sem exposicao TSB direta,12479,39540559.78,213
2024,RS,430640,False,Sem exposicao TSB direta,12461,47673143.28,206
2024,PE,260005,False,Sem exposicao TSB direta,12430,33439157.900000002,200
2024,MG,313440,False,Sem exposicao TSB direta,12421,37228293.77,214
2024,MG,310900,False,Sem exposicao TSB direta,12375,52933996.97,179
2024,AL,270860,False,Sem exposicao TSB direta,12315,33205449.38,157
2024,SP,352320,False,Sem exposicao TSB direta,12307,33769176.6,196
2024,CE,230110,False,Sem exposicao TSB direta,12251,23577893.07,183
2024,SC,420360,False,Sem exposicao TSB direta,12221,44769628.24,213
2024,PR,411560,False,Sem exposicao TSB direta,12181,33144010.79,146
2024,RO,110011,False,Sem exposicao TSB direta,12175,36787365.730000004,209
2024,MA,210750,False,Sem exposicao TSB direta,12164,31430901.7,177
2024,SP,351670,False,Sem exposicao TSB direta,12156,37927967.89,257
2024,PI,220390,False,Sem exposicao TSB direta,12154,30498864.77,220
2024,BA,290850,False,Sem exposicao TSB direta,12147,30505702.029999997,199
2024,RS,430780,False,Sem exposicao TSB direta,12093,41083607.32,257
2024,SE,280210,False,Sem exposicao TSB direta,12083,35078283.19,196
2024,CE,231180,False,Sem exposicao TSB direta,12067,31156667.09,184
2024,RS,432120,False,Sem exposicao TSB direta,12047,35917791.64,257
2024,SP,350380,False,Sem exposicao TSB direta,12047,39928516.3,246
2024,SP,350250,False,Sem exposicao TSB direta,12027,35241357.44,162
2024,MG,312160,False,Sem exposicao TSB direta,12021,47732621.54,207
2024,MG,311660,False,Sem exposicao TSB direta,11971,31183490.15,212
2024,MA,210990,False,Sem exposicao TSB direta,11955,35305584.01,189
2024,GO,521850,False,Sem exposicao TSB direta,11951,36986086.35,195
2024,PA,150650,False,Sem exposicao TSB direta,11717,33527190.09,176
2024,SP,351280,False,Sem exposicao TSB direta,11688,45747784.57,211
2024,SC,421050,False,Sem exposicao TSB direta,11672,37369498.86,208
2024,MG,316370,False,Sem exposicao TSB direta,11658,31131958.88,231
2024,MA,210120,False,Sem exposicao TSB direta,11646,25192622.36,189
2024,MG,316292,False,Sem exposicao TSB direta,11607,37459557.66,163
2024,PA,150840,False,Sem exposicao TSB direta,11567,30809308.34,198
2024,SP,353760,False,Sem exposicao TSB direta,11538,37066094.35,212
2024,RS,432150,False,Sem exposicao TSB direta,11527,33632577.13,224
2024,PR,410345,False,Sem exposicao TSB direta,11486,37168606.04,142
2024,RS,431760,False,Sem exposicao TSB direta,11475,34259742.04,236
2024,SP,351240,False,Sem exposicao TSB direta,11474,46655030.089999996,188
2024,BA,293050,False,Sem exposicao TSB direta,11447,41003475.22,205
2024,CE,230625,False,Sem exposicao TSB direta,11407,34718741.87,186
2024,SP,350170,False,Sem exposicao TSB direta,11403,42434640.129999995,149
2024,RJ,330227,False,Sem exposicao TSB direta,11385,28197850.84,142
2024,RS,432145,False,Sem exposicao TSB direta,11384,39489531.88,236
2024,PR,411950,False,Sem exposicao TSB direta,11360,39560465.35,218
2024,MG,310260,False,Sem exposicao TSB direta,11357,30351361.19,240
2024,PR,410465,False,Sem exposicao TSB direta,11329,38863781.730000004,155
2024,MS,500295,False,Sem exposicao TSB direta,11328,42688847.74,205
2024,RO,110018,False,Sem exposicao TSB direta,11327,30605093.25,216
2024,RS,431337,False,Sem exposicao TSB direta,11322,45914634.07,181
2024,MS,500769,False,Sem exposicao TSB direta,11283,39403945.9,195
2024,MG,313665,False,Sem exposicao TSB direta,11235,37146609.75,153
2024,PA,150470,False,Sem exposicao TSB direta,11210,29690727.62,118
2024,MG,314310,False,Sem exposicao TSB direta,11208,28259920.71,240
2024,SP,350070,False,Sem exposicao TSB direta,11179,37757422.64,189
2024,PR,410200,False,Sem exposicao TSB direta,11154,30401476.12,201
2024,PA,150180,False,Sem exposicao TSB direta,11135,29661181.61,108
2024,PR,412080,False,Sem exposicao TSB direta,11129,49823109.37,188
2024,MS,500720,False,Sem exposicao TSB direta,11114,42507254.5,178
2024,MG,316553,False,Sem exposicao TSB direta,11102,38484806.08,187
2024,PB,251620,False,Sem exposicao TSB direta,11102,27068749.2,219
2024,SC,421250,False,Sem exposicao TSB direta,11099,34471140.14,197
2024,,999999,False,Sem exposicao TSB direta,11086,38145015.8,233
2024,CE,230760,False,Sem exposicao TSB direta,11083,31969340.79,189
2024,SC,420480,False,Sem exposicao TSB direta,11083,34263934.75,223
2024,PR,411180,False,Sem exposicao TSB direta,11081,35536787.41,198
2024,MS,500100,False,Sem exposicao TSB direta,11069,33118786.43,176
2024,BA,291470,False,Sem exposicao TSB direta,11066,29704297.76,200
2024,SP,351370,False,Sem exposicao TSB direta,11063,39602875.36,212
2024,MG,314560,False,Sem exposicao TSB direta,11060,27898412.96,208
2024,CE,231130,False,Sem exposicao TSB direta,11055,24846178.57,171
2024,SC,421350,False,Sem exposicao TSB direta,11048,40039486.92,213
2024,MS,500630,False,Sem exposicao TSB direta,10998,34617996.97,222
2024,RJ,330185,False,Sem exposicao TSB direta,10958,30166059.98,185
2024,RS,430440,False,Sem exposicao TSB direta,10945,38761489.08,216
2024,MG,311750,False,Sem exposicao TSB direta,10926,48474129.07,136
2024,RS,431830,False,Sem exposicao TSB direta,10922,32842619.32,192
2024,RJ,330225,False,Sem exposicao TSB direta,10866,39701048.87,156
2024,PR,411480,False,Sem exposicao TSB direta,10858,38270452.1,244
2024,PE,260120,False,Sem exposicao TSB direta,10836,29759818.509999998,220
2024,SP,352270,False,Sem exposicao TSB direta,10809,34343697.5,221
2024,PR,411200,False,Sem exposicao TSB direta,10806,32683587.9,189
2024,SP,352840,False,Sem exposicao TSB direta,10801,35526080.93,216
2024,SP,353550,False,Sem exposicao TSB direta,10794,37541361.93,192
2024,PB,250370,False,Sem exposicao TSB direta,10781,30425761.86,197
2024,SP,352510,False,Sem exposicao TSB direta,10759,39232790.56,239
2024,SP,352520,False,Sem exposicao TSB direta,10750,45797150.97,206
2024,SP,351630,False,Sem exposicao TSB direta,10732,34988011.45,185
2024,CE,230870,False,Sem exposicao TSB direta,10708,22412725.61,131
2024,GO,520910,False,Sem exposicao TSB direta,10678,39269263.27,195
2024,SP,352040,False,Sem exposicao TSB direta,10671,44052540.29,160
2024,MG,313840,False,Sem exposicao TSB direta,10646,26777259.169999998,227
2024,SP,354670,False,Sem exposicao TSB direta,10617,49040186.86,135
2024,PA,150230,False,Sem exposicao TSB direta,10586,5998572.2700000005,117
2024,BA,292880,False,Sem exposicao TSB direta,10576,28183590.61,150
2024,RS,432160,False,Sem exposicao TSB direta,10563,29689788.79,194
2024,TO,171610,False,Sem exposicao TSB direta,10560,30744865.68,249
2024,BA,290750,False,Sem exposicao TSB direta,10511,46612246.67,157
2024,SC,420210,False,Sem exposicao TSB direta,10495,35348406.45,212
2024,BA,292890,False,Sem exposicao TSB direta,10467,37638758.33,124
2024,SP,354660,False,Sem exposicao TSB direta,10439,33348700.25,219
2024,SP,353350,False,Sem exposicao TSB direta,10436,34049462.84,212
2024,SC,421690,False,Sem exposicao TSB direta,10421,36358168.730000004,203
2024,CE,230960,False,Sem exposicao TSB direta,10414,21722879.52,174
2024,MT,510350,False,Sem exposicao TSB direta,10399,39592363.79,144
2024,SP,351020,False,Sem exposicao TSB direta,10385,27814358.14,211
2024,PA,150800,False,Sem exposicao TSB direta,10383,33031346.15,142
2024,RJ,330380,False,Sem exposicao TSB direta,10382,34954280.8,174
2024,PE,261370,False,Sem exposicao TSB direta,10361,31256752.98,201
2024,SP,354160,False,Sem exposicao TSB direta,10334,32683430.12,175
2024,PR,411320,False,Sem exposicao TSB direta,10330,32102665.259999998,207
2024,PE,260940,False,Sem exposicao TSB direta,10325,26371864.21,158
2024,SP,350275,False,Sem exposicao TSB direta,10306,36367203.62,186
2024,RS,431480,False,Sem exposicao TSB direta,10289,37465440.05,216
2024,PE,260890,False,Sem exposicao TSB direta,10256,15907137.3,205
2024,AL,270630,False,Sem exposicao TSB direta,10247,19927229.73,165
2024,ES,320390,False,Sem exposicao TSB direta,10247,30705938.17,202
2024,PB,250180,False,Sem exposicao TSB direta,10235,31153800.76,186
2024,SC,420390,False,Sem exposicao TSB direta,10224,35874755.93,181
2024,BA,292520,False,Sem exposicao TSB direta,10175,38808541.940000005,140
2024,MG,313900,False,Sem exposicao TSB direta,10171,26692528.05,221
2024,PA,150220,False,Sem exposicao TSB direta,10162,24676991.44,177
2024,RS,432090,False,Sem exposicao TSB direta,10136,32549958.48,206
2024,MG,311230,False,Sem exposicao TSB direta,10122,31346453.8,201
2024,GO,521760,False,Sem exposicao TSB direta,10097,27457204.86,195
2024,CE,230970,False,Sem exposicao TSB direta,10041,25433494.009999998,174
2024,RJ,330360,False,Sem exposicao TSB direta,10041,23731147.07,159
2024,RS,430850,False,Sem exposicao TSB direta,10033,31184850.86,258
2024,RJ,330260,False,Sem exposicao TSB direta,9975,35964639.74,135
2024,GO,522160,False,Sem exposicao TSB direta,9923,29945277.9,220
2024,PA,150530,False,Sem exposicao TSB direta,9912,45600894.1,131
2024,SP,353110,False,Sem exposicao TSB direta,9911,29178406.07,154
2024,SP,351510,False,Sem exposicao TSB direta,9895,35164204.12,209
2024,PR,412560,False,Sem exposicao TSB direta,9859,31753039.53,227
2024,BA,293010,False,Sem exposicao TSB direta,9850,24153701.34,208
2024,GO,521740,False,Sem exposicao TSB direta,9848,24656847.79,193
2024,MT,510515,False,Sem exposicao TSB direta,9832,30041018.57,210
2024,SP,352640,False,Sem exposicao TSB direta,9783,28653247.349999998,178
2024,MG,310710,False,Sem exposicao TSB direta,9763,22510828.93,222
2024,RJ,330620,False,Sem exposicao TSB direta,9708,30234336.27,171
2024,SC,420550,False,Sem exposicao TSB direta,9703,28644945.03,205
2024,SP,351860,False,Sem exposicao TSB direta,9698,33032741.34,178
2024,MG,310540,False,Sem exposicao TSB direta,9660,30702613.71,167
2024,MS,500240,False,Sem exposicao TSB direta,9637,29562291.48,175
2024,SP,353190,False,Sem exposicao TSB direta,9623,34414667.01,145
2024,CE,230350,False,Sem exposicao TSB direta,9619,22261760.67,173
2024,ES,320455,False,Sem exposicao TSB direta,9611,26622868.39,180
2024,RN,240020,False,Sem exposicao TSB direta,9593,24443748.56,178
2024,SC,420545,False,Sem exposicao TSB direta,9558,32949008.73,192
2024,SP,355150,False,Sem exposicao TSB direta,9548,36825702.82,185
2024,PR,412800,False,Sem exposicao TSB direta,9535,26117449.95,172
2024,GO,520549,False,Sem exposicao TSB direta,9516,22015359.18,167
2024,SP,354000,False,Sem exposicao TSB direta,9508,53647780.160000004,174
2024,MG,314080,False,Sem exposicao TSB direta,9503,29906298.990000002,153
2024,MG,313010,False,Sem exposicao TSB direta,9486,26141279.779999997,208
2024,ES,320140,False,Sem exposicao TSB direta,9439,24339755.51,193
2024,RS,430940,False,Sem exposicao TSB direta,9418,29162241.38,232
2024,SP,353780,False,Sem exposicao TSB direta,9417,26604821.5,207
2024,MG,310730,False,Sem exposicao TSB direta,9416,25055272.98,186
2024,SC,421630,False,Sem exposicao TSB direta,9398,29758300.45,215
2024,SP,354800,False,Sem exposicao TSB direta,9394,36882797.3,175
2024,PR,411750,False,Sem exposicao TSB direta,9360,27260042.240000002,216
2024,SP,354400,False,Sem exposicao TSB direta,9343,38802352.07,167
2024,CE,231220,False,Sem exposicao TSB direta,9331,12884955.81,109
2024,MG,315150,False,Sem exposicao TSB direta,9324,24149393.6,228
2024,PR,410960,False,Sem exposicao TSB direta,9295,27479509.490000002,191
2024,MT,510706,False,Sem exposicao TSB direta,9285,35444352.910000004,160
2024,MG,315690,False,Sem exposicao TSB direta,9263,27346638.6,208
2024,MG,316210,False,Sem exposicao TSB direta,9240,30022444.1,209
2024,RS,431265,False,Sem exposicao TSB direta,9240,46101410.010000005,168
2024,PE,260190,False,Sem exposicao TSB direta,9235,23066821.990000002,197
2024,SP,355640,False,Sem exposicao TSB direta,9226,28063847.93,236
2024,RN,241220,False,Sem exposicao TSB direta,9214,23388122.05,180
2024,SP,355010,False,Sem exposicao TSB direta,9187,30820372.7,214
2024,RS,431740,False,Sem exposicao TSB direta,9179,28168691.15,226
2024,PA,150170,False,Sem exposicao TSB direta,9173,33875644.05,171
2024,SP,354090,False,Sem exposicao TSB direta,9147,38364415.63,134
2024,BA,290390,False,Sem exposicao TSB direta,9117,24507193.16,179
2024,SP,351830,False,Sem exposicao TSB direta,9098,36986735.75,204
2024,MA,210160,False,Sem exposicao TSB direta,9090,25097381.42,141
2024,PE,260520,False,Sem exposicao TSB direta,9080,22611034.3,173
2024,SP,355210,False,Sem exposicao TSB direta,9049,25220701.44,247
2024,SP,353460,False,Sem exposicao TSB direta,9030,27081183.48,208
2024,RJ,330025,False,Sem exposicao TSB direta,9007,25172744.849999998,126
2024,BA,292930,False,Sem exposicao TSB direta,9001,23393908.87,169
2024,SP,350520,False,Sem exposicao TSB direta,9000,27092590.689999998,228
2024,CE,230250,False,Sem exposicao TSB direta,8979,23135035.66,133
2024,SC,421170,False,Sem exposicao TSB direta,8952,29624999.49,213
2024,MG,314740,False,Sem exposicao TSB direta,8943,29467687.64,186
2024,ES,320332,False,Sem exposicao TSB direta,8917,27281076.4,165
2024,PR,411010,False,Sem exposicao TSB direta,8893,25291367.669999998,179
2024,SC,421290,False,Sem exposicao TSB direta,8885,31602452.91,232
2024,PR,411770,False,Sem exposicao TSB direta,8882,27417340.56,193
2024,RS,431330,False,Sem exposicao TSB direta,8874,32071288.34,228
2024,RJ,330080,False,Sem exposicao TSB direta,8842,26229220.68,200
2024,SP,352410,False,Sem exposicao TSB direta,8838,27062806.92,204
2024,CE,230450,False,Sem exposicao TSB direta,8817,9971380.52,59
2024,SP,351080,False,Sem exposicao TSB direta,8816,30089147.44,189
2024,RS,432080,False,Sem exposicao TSB direta,8785,27482266.66,200
2024,RJ,330560,False,Sem exposicao TSB direta,8756,23970763.9,119
2024,PE,261420,False,Sem exposicao TSB direta,8752,20310915.57,100
2024,MT,510510,False,Sem exposicao TSB direta,8740,29086167.22,190
2024,ES,320090,False,Sem exposicao TSB direta,8733,24185286.36,182
2024,MT,510020,False,Sem exposicao TSB direta,8731,30367965.81,198
2024,PB,250460,False,Sem exposicao TSB direta,8700,21797280.73,142
2024,MT,510480,False,Sem exposicao TSB direta,8699,28610872.29,186
2024,RJ,330370,False,Sem exposicao TSB direta,8690,21847164.22,203
2024,ES,320280,False,Sem exposicao TSB direta,8688,35477858.66,141
2024,PR,412060,False,Sem exposicao TSB direta,8685,26898814.07,198
2024,MA,210860,False,Sem exposicao TSB direta,8681,10421084.24,127
2024,RS,431060,False,Sem exposicao TSB direta,8627,26159368.77,167
2024,PB,250890,False,Sem exposicao TSB direta,8576,23870412.73,166
2024,SP,355480,False,Sem exposicao TSB direta,8562,31341524.69,185
2024,AL,270670,False,Sem exposicao TSB direta,8539,21478136.2,168
2024,SC,421400,False,Sem exposicao TSB direta,8535,25491733.46,154
2024,MG,312410,False,Sem exposicao TSB direta,8510,22912223.900000002,204
2024,SP,351200,False,Sem exposicao TSB direta,8484,26035994.16,134
2024,SC,421750,False,Sem exposicao TSB direta,8482,28009425.5,142
2024,PE,261220,False,Sem exposicao TSB direta,8481,22328875.7,171
2024,SC,421770,False,Sem exposicao TSB direta,8454,23602643.4,215
2024,RJ,330130,False,Sem exposicao TSB direta,8435,25941563.64,175
2024,MG,313490,False,Sem exposicao TSB direta,8422,21588458.36,193
2024,GO,521450,False,Sem exposicao TSB direta,8413,22677613.099999998,192
2024,PE,261000,False,Sem exposicao TSB direta,8380,22368558.72,162
2024,RJ,330470,False,Sem exposicao TSB direta,8370,20144500.45,187
2024,SP,352100,False,Sem exposicao TSB direta,8333,26315565.51,173
2024,MG,315700,False,Sem exposicao TSB direta,8332,22316359.47,193
2024,MT,510320,False,Sem exposicao TSB direta,8327,27514640.39,192
2024,MG,312800,False,Sem exposicao TSB direta,8323,21188777.4,201
2024,MG,313505,False,Sem exposicao TSB direta,8311,20443513.59,144
2024,MG,315280,False,Sem exposicao TSB direta,8297,23330018.81,182
2024,RN,240310,False,Sem exposicao TSB direta,8253,23072832.88,184
2024,SP,350030,False,Sem exposicao TSB direta,8250,25266105.77,192
2024,SP,353950,False,Sem exposicao TSB direta,8248,30022622.82,159
2024,GO,522010,False,Sem exposicao TSB direta,8228,23711667.79,198
2024,ES,320040,False,Sem exposicao TSB direta,8180,36948555.089999996,166
2024,MG,311060,False,Sem exposicao TSB direta,8175,24216886.580000002,215
2024,GO,521800,False,Sem exposicao TSB direta,8170,22411384.75,205
2024,SC,420630,False,Sem exposicao TSB direta,8163,31379432.46,168
2024,GO,521570,False,Sem exposicao TSB direta,8153,22325697.56,171
2024,CE,230220,False,Sem exposicao TSB direta,8142,18084573.259999998,128
2024,CE,230410,False,Sem exposicao TSB direta,8133,20892266.82,158
2024,RS,431900,False,Sem exposicao TSB direta,8132,32922746.91,205
2024,PE,261450,False,Sem exposicao TSB direta,8121,21559550.87,170
2024,GO,521930,False,Sem exposicao TSB direta,8116,20674411.59,198
2024,SP,352140,False,Sem exposicao TSB direta,8113,31660754.470000003,158
2024,MS,500110,False,Sem exposicao TSB direta,8109,25100495.0,169
2024,SC,420840,False,Sem exposicao TSB direta,8100,25218023.32,154
2024,BA,292200,False,Sem exposicao TSB direta,8089,23880869.88,154
2024,PR,412570,False,Sem exposicao TSB direta,8079,25704103.810000002,189
2024,SP,354220,False,Sem exposicao TSB direta,8040,23227605.68,154
2024,BA,291560,False,Sem exposicao TSB direta,8023,21733150.08,196
2024,PI,220840,False,Sem exposicao TSB direta,7993,18061983.18,170
2024,RS,431080,False,Sem exposicao TSB direta,7973,30991782.18,214
2024,SC,421650,False,Sem exposicao TSB direta,7953,21343174.76,171
2024,SP,353880,False,Sem exposicao TSB direta,7949,23843157.51,196
2024,BA,290840,False,Sem exposicao TSB direta,7935,30033085.999999996,172
2024,PE,260110,False,Sem exposicao TSB direta,7929,29995054.59,171
2024,RS,430660,False,Sem exposicao TSB direta,7919,23578571.18,169
2024,SP,354150,False,Sem exposicao TSB direta,7917,24351938.41,180
2024,RS,432010,False,Sem exposicao TSB direta,7903,26718366.45,205
2024,GO,521460,False,Sem exposicao TSB direta,7902,21597304.58,169
2024,MG,314070,False,Sem exposicao TSB direta,7891,23242219.94,183
2024,RS,430100,False,Sem exposicao TSB direta,7890,26075502.75,192
2024,GO,520880,False,Sem exposicao TSB direta,7874,21859924.18,229
2024,SC,420940,False,Sem exposicao TSB direta,7864,23450287.85,214
2024,PR,411570,False,Sem exposicao TSB direta,7861,23694836.32,164
2024,SC,421570,False,Sem exposicao TSB direta,7859,23899607.73,212
2024,SP,355040,False,Sem exposicao TSB direta,7849,23588519.67,191
2024,RS,430680,False,Sem exposicao TSB direta,7844,24780370.54,210
2024,AM,130190,False,Sem exposicao TSB direta,7840,22385068.240000002,158
2024,PR,410240,False,Sem exposicao TSB direta,7832,23603611.34,203
2024,RJ,330400,False,Sem exposicao TSB direta,7804,23810753.990000002,142
2024,PR,410450,False,Sem exposicao TSB direta,7796,22730287.22,149
2024,SP,351930,False,Sem exposicao TSB direta,7791,26626056.349999998,176
2024,CE,230020,False,Sem exposicao TSB direta,7783,16346570.31,128
2024,PR,410970,False,Sem exposicao TSB direta,7773,19398644.56,208
2024,SC,420245,False,Sem exposicao TSB direta,7767,26801930.73,155
2024,SP,350790,False,Sem exposicao TSB direta,7762,27210148.73,176
2024,AM,130340,False,Sem exposicao TSB direta,7752,20630615.81,133
2024,RJ,330411,False,Sem exposicao TSB direta,7740,34321978.51,120
2024,SP,350290,False,Sem exposicao TSB direta,7730,26097113.54,204
2024,SP,351000,False,Sem exposicao TSB direta,7710,30243060.32,187
2024,BA,290520,False,Sem exposicao TSB direta,7701,22112794.81,174
2024,SC,420850,False,Sem exposicao TSB direta,7676,28591956.97,205
2024,SC,421160,False,Sem exposicao TSB direta,7672,26031427.42,176
2024,RS,432170,False,Sem exposicao TSB direta,7658,22057686.84,161
2024,MS,500020,False,Sem exposicao TSB direta,7652,24413244.71,123
2024,SC,421360,False,Sem exposicao TSB direta,7649,23681159.01,204
2024,PR,410590,False,Sem exposicao TSB direta,7644,25484923.96,161
2024,CE,230280,False,Sem exposicao TSB direta,7633,23280455.75,144
2024,GO,521523,False,Sem exposicao TSB direta,7629,17933245.56,159
2024,SP,350270,False,Sem exposicao TSB direta,7596,20502183.33,140
2024,PR,412660,False,Sem exposicao TSB direta,7595,18779152.62,175
2024,SC,421280,False,Sem exposicao TSB direta,7576,29968428.59,198
2024,RS,431600,False,Sem exposicao TSB direta,7560,23939507.64,166
2024,SE,280450,False,Sem exposicao TSB direta,7553,19136202.14,154
2024,MG,316935,False,Sem exposicao TSB direta,7552,23263806.39,182
2024,MS,500060,False,Sem exposicao TSB direta,7533,21476190.64,182
2024,MT,510270,False,Sem exposicao TSB direta,7529,27378680.19,173
2024,ES,320190,False,Sem exposicao TSB direta,7528,21550168.53,181
2024,SP,354530,False,Sem exposicao TSB direta,7528,26607417.87,176
2024,MG,314600,False,Sem exposicao TSB direta,7511,20625948.12,218
2024,RS,431890,False,Sem exposicao TSB direta,7501,21755695.63,206
2024,GO,520540,False,Sem exposicao TSB direta,7499,23272024.9,165
2024,BA,292920,False,Sem exposicao TSB direta,7485,48310896.870000005,86
2024,PR,412230,False,Sem exposicao TSB direta,7470,24670495.41,216
2024,MG,310630,False,Sem exposicao TSB direta,7468,23868122.06,115
2024,RS,431306,False,Sem exposicao TSB direta,7449,24115802.08,137
2024,SC,420570,False,Sem exposicao TSB direta,7427,22662872.25,190
2024,MT,510335,False,Sem exposicao TSB direta,7411,25522138.51,186
2024,RS,431000,False,Sem exposicao TSB direta,7397,28777642.419999998,171
2024,MS,500085,False,Sem exposicao TSB direta,7389,29045919.96,75
2024,PA,150503,False,Sem exposicao TSB direta,7377,18615006.52,179
2024,AL,270690,False,Sem exposicao TSB direta,7358,19729856.8,137
2024,PA,150730,False,Sem exposicao TSB direta,7340,26859938.54,135
2024,PR,411150,False,Sem exposicao TSB direta,7339,20622494.43,210
2024,PE,261540,False,Sem exposicao TSB direta,7312,18232011.12,127
2024,BA,290930,False,Sem exposicao TSB direta,7311,29774845.9,123
2024,SP,353790,False,Sem exposicao TSB direta,7309,21510694.43,183
2024,MS,500190,False,Sem exposicao TSB direta,7308,23267305.98,184
2024,RS,432280,False,Sem exposicao TSB direta,7275,26251038.64,213
2024,RS,431950,False,Sem exposicao TSB direta,7273,22876073.43,199
2024,SP,350580,False,Sem exposicao TSB direta,7236,20191539.78,142
2024,MG,315550,False,Sem exposicao TSB direta,7233,25999997.029999997,124
2024,RS,432190,False,Sem exposicao TSB direta,7218,21376307.39,196
2024,SP,351160,False,Sem exposicao TSB direta,7185,22035405.22,142
2024,AL,270450,False,Sem exposicao TSB direta,7171,17521532.25,118
2024,SP,350710,False,Sem exposicao TSB direta,7169,25254422.18,181
2024,MG,310170,False,Sem exposicao TSB direta,7164,18293737.31,175
2024,MG,317080,False,Sem exposicao TSB direta,7153,19983526.18,154
2024,SP,351820,False,Sem exposicao TSB direta,7139,22488749.36,184
2024,RS,431730,False,Sem exposicao TSB direta,7136,21978284.2,154
2024,RJ,330060,False,Sem exposicao TSB direta,7098,19354414.31,173
2024,PR,410160,False,Sem exposicao TSB direta,7076,22088520.14,151
2024,RS,431320,False,Sem exposicao TSB direta,7076,27753504.75,200
2024,MA,210170,False,Sem exposicao TSB direta,7074,14934537.86,112
2024,SC,420845,False,Sem exposicao TSB direta,7067,27437428.919999998,163
2024,PR,411350,False,Sem exposicao TSB direta,7060,20278119.61,201
2024,AM,130406,False,Sem exposicao TSB direta,7057,9846214.25,87
2024,CE,230840,False,Sem exposicao TSB direta,7029,9526591.36,75
2024,SC,421150,False,Sem exposicao TSB direta,7005,22507033.51,148
2024,MS,500220,False,Sem exposicao TSB direta,7003,20912435.87,182
2024,PE,260775,False,Sem exposicao TSB direta,6995,18052003.88,80
2024,RS,432180,False,Sem exposicao TSB direta,6984,23600718.96,206
2024,GO,521010,False,Sem exposicao TSB direta,6972,15537753.4,162
2024,MG,314430,False,Sem exposicao TSB direta,6968,17441186.240000002,186
2024,SC,421120,False,Sem exposicao TSB direta,6951,24385441.29,165
2024,SP,352010,False,Sem exposicao TSB direta,6948,22704865.25,162
2024,MG,316190,False,Sem exposicao TSB direta,6937,31260254.169999998,116
2024,MA,210480,False,Sem exposicao TSB direta,6936,12445402.61,140
2024,SP,355160,False,Sem exposicao TSB direta,6915,17705948.68,200
2024,PA,150580,False,Sem exposicao TSB direta,6904,18931690.55,67
2024,MG,311730,False,Sem exposicao TSB direta,6900,23033094.16,145
2024,AL,270850,False,Sem exposicao TSB direta,6889,15004805.479999999,84
2024,CE,230725,False,Sem exposicao TSB direta,6889,10867657.780000001,103
2024,MG,316960,False,Sem exposicao TSB direta,6879,23158733.5,155
2024,SE,280360,False,Sem exposicao TSB direta,6879,19126927.11,73
2024,AM,130185,False,Sem exposicao TSB direta,6876,17944459.19,133
2024,SC,421060,False,Sem exposicao TSB direta,6874,21660831.79,165
2024,GO,520970,False,Sem exposicao TSB direta,6865,22666673.55,184
2024,PE,261190,False,Sem exposicao TSB direta,6859,20681559.56,61
2024,MG,314980,False,Sem exposicao TSB direta,6857,24481901.580000002,142
2024,MS,500330,False,Sem exposicao TSB direta,6857,21616297.05,169
2024,SP,351490,False,Sem exposicao TSB direta,6855,24888772.18,169
2024,RN,240260,False,Sem exposicao TSB direta,6841,19726365.580000002,177
2024,PE,261300,False,Sem exposicao TSB direta,6828,17007928.02,109
2024,AL,270040,False,Sem exposicao TSB direta,6817,16481435.89,100
2024,MA,210232,False,Sem exposicao TSB direta,6800,8070821.7,101
2024,PE,261530,False,Sem exposicao TSB direta,6785,16131790.6,177
2024,PR,411330,False,Sem exposicao TSB direta,6784,19943502.1,185
2024,PA,150760,False,Sem exposicao TSB direta,6769,21287410.38,121
2024,GO,520330,False,Sem exposicao TSB direta,6760,19440246.8,187
2024,PR,411960,False,Sem exposicao TSB direta,6730,19912570.54,197
2024,SP,354130,False,Sem exposicao TSB direta,6727,21313769.27,191
2024,SP,351220,False,Sem exposicao TSB direta,6714,21104648.45,166
2024,RS,431370,False,Sem exposicao TSB direta,6695,22905633.2,204
2024,MG,317100,False,Sem exposicao TSB direta,6693,20973703.330000002,155
2024,PR,411210,False,Sem exposicao TSB direta,6646,20496874.95,206
2024,SC,420330,False,Sem exposicao TSB direta,6644,21013151.55,137
2024,CE,230260,False,Sem exposicao TSB direta,6636,16665511.84,131
2024,MT,510170,False,Sem exposicao TSB direta,6629,21392383.87,162
2024,MT,510630,False,Sem exposicao TSB direta,6627,22829617.74,156
2024,RO,110015,False,Sem exposicao TSB direta,6624,19411865.07,182
2024,SC,420690,False,Sem exposicao TSB direta,6611,23087560.39,151
2024,BA,291490,False,Sem exposicao TSB direta,6604,12517975.99,116
2024,PE,261060,False,Sem exposicao TSB direta,6602,12824846.84,157
2024,RS,430280,False,Sem exposicao TSB direta,6580,20121393.43,183
2024,SP,350925,False,Sem exposicao TSB direta,6576,18967644.37,146
2024,RS,431640,False,Sem exposicao TSB direta,6570,18372031.69,182
2024,ES,320470,False,Sem exposicao TSB direta,6545,17250926.23,161
2024,MG,311050,False,Sem exposicao TSB direta,6543,18759105.96,183
2024,MG,313520,False,Sem exposicao TSB direta,6528,16817698.29,177
2024,RS,431130,False,Sem exposicao TSB direta,6520,18986869.09,192
2024,PR,411190,False,Sem exposicao TSB direta,6511,20246886.51,125
2024,BA,291110,False,Sem exposicao TSB direta,6494,23192781.52,100
2024,AL,270550,False,Sem exposicao TSB direta,6476,10294083.06,98
2024,MG,316200,False,Sem exposicao TSB direta,6475,15944671.53,174
2024,AM,130110,False,Sem exposicao TSB direta,6469,7771330.83,45
2024,MG,311930,False,Sem exposicao TSB direta,6469,20222028.919999998,185
2024,MG,315895,False,Sem exposicao TSB direta,6439,18346185.95,193
2024,BA,292990,False,Sem exposicao TSB direta,6421,16820839.45,142
2024,PR,412220,False,Sem exposicao TSB direta,6419,18768573.31,132
2024,RS,432040,False,Sem exposicao TSB direta,6400,21166519.81,161
2024,MT,510637,False,Sem exposicao TSB direta,6391,22231434.23,119
2024,ES,320506,False,Sem exposicao TSB direta,6384,19793701.7,198
2024,MT,510560,False,Sem exposicao TSB direta,6381,21839219.88,160
2024,PE,260850,False,Sem exposicao TSB direta,6381,15501691.739999998,67
2024,SP,350780,False,Sem exposicao TSB direta,6377,18731085.0,186
2024,SP,350940,False,Sem exposicao TSB direta,6377,19236725.080000002,174
2024,ES,320080,False,Sem exposicao TSB direta,6375,16937784.7,174
2024,SP,351750,False,Sem exposicao TSB direta,6370,23515723.9,153
2024,PA,150210,False,Sem exposicao TSB direta,6367,32779044.830000002,107
2024,MA,210910,False,Sem exposicao TSB direta,6366,18086930.8,152
2024,SC,421700,False,Sem exposicao TSB direta,6350,22974830.56,160
2024,RS,430535,False,Sem exposicao TSB direta,6336,21350628.06,175
2024,PR,410100,False,Sem exposicao TSB direta,6335,19165574.46,166
2024,MG,316290,False,Sem exposicao TSB direta,6317,13722125.21,159
2024,RS,431880,False,Sem exposicao TSB direta,6316,19663794.56,180
2024,MT,510410,False,Sem exposicao TSB direta,6311,20061994.85,196
2024,GO,521975,False,Sem exposicao TSB direta,6299,15463034.1,155
2024,GO,521180,False,Sem exposicao TSB direta,6293,16176608.34,181
2024,SP,350460,False,Sem exposicao TSB direta,6292,17683141.69,187
2024,MG,311000,False,Sem exposicao TSB direta,6284,15810840.8,173
2024,AL,270240,False,Sem exposicao TSB direta,6281,15637412.43,151
2024,BA,290687,False,Sem exposicao TSB direta,6249,14127571.059999999,141
2024,SC,420580,False,Sem exposicao TSB direta,6246,23342433.13,182
2024,SP,355330,False,Sem exposicao TSB direta,6242,19219333.21,177
2024,PE,261090,False,Sem exposicao TSB direta,6226,15592749.98,155
2024,SP,352180,False,Sem exposicao TSB direta,6225,22138426.8,148
2024,MG,315720,False,Sem exposicao TSB direta,6221,19919653.54,159
2024,MG,311787,False,Sem exposicao TSB direta,6213,26914082.61,106
2024,AL,270140,False,Sem exposicao TSB direta,6211,19646618.900000002,84
2024,MG,316070,False,Sem exposicao TSB direta,6187,19716145.5,176
2024,RS,430235,False,Sem exposicao TSB direta,6187,18441265.61,155
2024,SC,421900,False,Sem exposicao TSB direta,6186,23240030.73,187
2024,PR,410880,False,Sem exposicao TSB direta,6182,18642923.23,200
2024,SP,353920,False,Sem exposicao TSB direta,6176,17137380.13,166
2024,PA,150670,False,Sem exposicao TSB direta,6156,19196664.63,138
2024,RS,430420,False,Sem exposicao TSB direta,6146,17141479.580000002,164
2024,MS,500325,False,Sem exposicao TSB direta,6140,19989421.61,176
2024,MS,500460,False,Sem exposicao TSB direta,6132,16789142.7,118
2024,SP,353580,False,Sem exposicao TSB direta,6126,19169694.48,155
2024,MG,312360,False,Sem exposicao TSB direta,6123,15990121.38,174
2024,GO,521020,False,Sem exposicao TSB direta,6122,20388507.88,198
2024,SC,421210,False,Sem exposicao TSB direta,6118,21265533.87,160
2024,PA,150620,False,Sem exposicao TSB direta,6114,13423959.15,114
2024,SC,421370,False,Sem exposicao TSB direta,6101,19829482.5,161
2024,MG,316040,False,Sem exposicao TSB direta,6095,15371108.99,176
2024,SP,354080,False,Sem exposicao TSB direta,6078,22020922.419999998,148
2024,RS,432130,False,Sem exposicao TSB direta,6077,17850311.05,182
2024,AM,130420,False,Sem exposicao TSB direta,6072,23887817.95,95
2024,MG,312830,False,Sem exposicao TSB direta,6051,16833440.07,170
2024,BA,291390,False,Sem exposicao TSB direta,6033,15173207.94,180
2024,SP,350050,False,Sem exposicao TSB direta,6032,16884878.13,157
2024,SP,352360,False,Sem exposicao TSB direta,6031,29993941.470000003,113
2024,MG,316295,False,Sem exposicao TSB direta,6030,21755450.65,173
2024,BA,292300,False,Sem exposicao TSB direta,6005,15642833.55,134
2024,PE,260765,False,Sem exposicao TSB direta,5997,7587416.4799999995,121
2024,PI,221120,False,Sem exposicao TSB direta,5994,19079905.81,139
2024,AL,270830,False,Sem exposicao TSB direta,5991,15484566.78,67
2024,SP,355395,False,Sem exposicao TSB direta,5979,21252835.96,95
2024,BA,292770,False,Sem exposicao TSB direta,5974,10092416.18,126
2024,PB,250060,False,Sem exposicao TSB direta,5970,14869991.05,101
2024,PR,410860,False,Sem exposicao TSB direta,5955,18212504.1,183
2024,MG,313370,False,Sem exposicao TSB direta,5949,27292214.44,114
2024,SP,352760,False,Sem exposicao TSB direta,5948,19403331.03,110
2024,MG,314720,False,Sem exposicao TSB direta,5944,13341110.41,177
2024,SC,420600,False,Sem exposicao TSB direta,5934,19017448.38,127
2024,SP,351410,False,Sem exposicao TSB direta,5926,17376321.5,178
2024,CE,231230,False,Sem exposicao TSB direta,5920,12877413.73,126
2024,MG,310340,False,Sem exposicao TSB direta,5911,17800107.17,168
2024,MG,316800,False,Sem exposicao TSB direta,5908,16538153.99,185
2024,MG,312950,False,Sem exposicao TSB direta,5892,18483929.25,150
2024,MT,510562,False,Sem exposicao TSB direta,5883,18056898.1,165
2024,MG,315200,False,Sem exposicao TSB direta,5880,15694993.03,174
2024,PR,410210,False,Sem exposicao TSB direta,5875,17641440.93,202
2024,PE,261485,False,Sem exposicao TSB direta,5870,16695135.1,112
2024,MT,510800,False,Sem exposicao TSB direta,5863,20623067.450000003,139
2024,MA,210320,False,Sem exposicao TSB direta,5851,17958410.34,144
2024,PA,150543,False,Sem exposicao TSB direta,5840,24749973.59,112
2024,SP,355380,False,Sem exposicao TSB direta,5819,18711522.07,180
2024,PA,150293,False,Sem exposicao TSB direta,5811,19331302.6,140
2024,RO,110009,False,Sem exposicao TSB direta,5809,14816470.530000001,158
2024,RJ,330290,False,Sem exposicao TSB direta,5803,16943457.94,162
2024,SP,353630,False,Sem exposicao TSB direta,5801,20960513.25,118
2024,RS,431820,False,Sem exposicao TSB direta,5800,17798609.73,163
2024,GO,520030,False,Sem exposicao TSB direta,5792,17186570.2,175
2024,RS,430960,False,Sem exposicao TSB direta,5791,26372242.08,182
2024,BA,292660,False,Sem exposicao TSB direta,5789,17934248.07,163
2024,SP,353860,False,Sem exposicao TSB direta,5786,17031150.64,188
2024,MG,311430,False,Sem exposicao TSB direta,5781,18178371.79,182
2024,RS,432380,False,Sem exposicao TSB direta,5766,20128257.98,144
2024,SC,420425,False,Sem exposicao TSB direta,5765,23984795.72,181
2024,ES,320501,False,Sem exposicao TSB direta,5763,15887932.57,132
2024,SP,350560,False,Sem exposicao TSB direta,5760,18798534.43,137
2024,BA,290100,False,Sem exposicao TSB direta,5755,12950407.08,145
2024,SP,354240,False,Sem exposicao TSB direta,5742,17932723.95,178
2024,PR,412350,False,Sem exposicao TSB direta,5715,21854641.330000002,185
2024,SP,355020,False,Sem exposicao TSB direta,5703,14622507.82,157
2024,PE,260990,False,Sem exposicao TSB direta,5697,17035734.9,122
2024,PR,411430,False,Sem exposicao TSB direta,5696,16557630.379999999,172
2024,PR,411280,False,Sem exposicao TSB direta,5685,16321046.959999999,124
2024,BA,291400,False,Sem exposicao TSB direta,5676,16012271.290000001,158
2024,MG,311420,False,Sem exposicao TSB direta,5658,17243624.61,158
2024,SP,351140,False,Sem exposicao TSB direta,5654,19802404.41,149
2024,AL,270800,False,Sem exposicao TSB direta,5636,19486047.61,136
2024,PA,150808,False,Sem exposicao TSB direta,5635,20211292.73,153
2024,PR,410540,False,Sem exposicao TSB direta,5632,18619138.88,173
2024,PR,411690,False,Sem exposicao TSB direta,5629,17772979.47,215
2024,MT,510140,False,Sem exposicao TSB direta,5621,26165809.76,140
2024,SP,353150,False,Sem exposicao TSB direta,5621,18444990.92,164
2024,MG,311330,False,Sem exposicao TSB direta,5618,13247729.85,181
2024,MG,314340,False,Sem exposicao TSB direta,5612,14758984.5,158
2024,SE,280710,False,Sem exposicao TSB direta,5591,15580319.020000001,136
2024,MG,312125,False,Sem exposicao TSB direta,5587,18226362.3,69
2024,SP,350220,False,Sem exposicao TSB direta,5575,18483108.78,153
2024,RS,430450,False,Sem exposicao TSB direta,5571,18786225.12,185
2024,SP,352990,False,Sem exposicao TSB direta,5570,16797324.07,112
2024,ES,320305,False,Sem exposicao TSB direta,5536,18119833.26,140
2024,MG,313250,False,Sem exposicao TSB direta,5534,14559672.88,144
2024,SC,420010,False,Sem exposicao TSB direta,5531,16883508.759999998,139
2024,AL,270930,False,Sem exposicao TSB direta,5526,15613463.78,135
2024,GO,521830,False,Sem exposicao TSB direta,5517,13721535.709999999,179
2024,RJ,330050,False,Sem exposicao TSB direta,5515,15123346.57,163
2024,AL,270400,False,Sem exposicao TSB direta,5510,5005216.0,90
2024,SP,352290,False,Sem exposicao TSB direta,5501,16218264.67,102
2024,MS,500500,False,Sem exposicao TSB direta,5489,14370420.05,150
2024,BA,291770,False,Sem exposicao TSB direta,5483,26913694.47,108
2024,PR,410660,False,Sem exposicao TSB direta,5479,15557149.8,154
2024,MG,314730,False,Sem exposicao TSB direta,5474,14512964.16,143
2024,RN,240360,False,Sem exposicao TSB direta,5473,14687438.459999999,135
2024,MT,510190,False,Sem exposicao TSB direta,5472,21412979.25,115
2024,SP,350800,False,Sem exposicao TSB direta,5466,14744912.709999999,119
2024,AM,130070,False,Sem exposicao TSB direta,5458,6892664.97,65
2024,PA,150390,False,Sem exposicao TSB direta,5457,27082799.470000003,119
2024,RS,432270,False,Sem exposicao TSB direta,5457,17842966.11,179
2024,MG,310930,False,Sem exposicao TSB direta,5455,16881325.95,134
2024,AM,130353,False,Sem exposicao TSB direta,5444,27291891.669999998,97
2024,PR,411125,False,Sem exposicao TSB direta,5440,12162489.36,122
2024,SE,280060,False,Sem exposicao TSB direta,5429,18522285.23,144
2024,PB,251530,False,Sem exposicao TSB direta,5412,14155728.71,124
2024,SP,354770,False,Sem exposicao TSB direta,5409,16859154.07,142
2024,SC,421545,False,Sem exposicao TSB direta,5407,15915190.81,117
2024,BA,291220,False,Sem exposicao TSB direta,5404,12710348.68,84
2024,SP,350860,False,Sem exposicao TSB direta,5395,16560959.98,147
2024,SP,355630,False,Sem exposicao TSB direta,5385,20165496.31,127
2024,MS,500470,False,Sem exposicao TSB direta,5367,16088295.92,170
2024,CE,230810,False,Sem exposicao TSB direta,5355,13999814.969999999,93
2024,SP,353620,False,Sem exposicao TSB direta,5349,16449943.41,128
2024,RS,431570,False,Sem exposicao TSB direta,5340,15242848.21,171
2024,PR,411800,False,Sem exposicao TSB direta,5319,18050215.830000002,108
2024,GO,521730,False,Sem exposicao TSB direta,5303,13496379.87,164
2024,SP,353140,False,Sem exposicao TSB direta,5302,18106791.42,161
2024,BA,292860,False,Sem exposicao TSB direta,5296,18254197.15,141
2024,RS,431033,False,Sem exposicao TSB direta,5283,13597778.06,130
2024,SP,351030,False,Sem exposicao TSB direta,5275,15805330.68,137
2024,SE,280740,False,Sem exposicao TSB direta,5269,13201505.290000001,146
2024,PR,411995,False,Sem exposicao TSB direta,5266,15828937.59,155
2024,MA,210360,False,Sem exposicao TSB direta,5243,14447821.420000002,111
2024,SC,420810,False,Sem exposicao TSB direta,5225,16452069.12,157
2024,PR,412090,False,Sem exposicao TSB direta,5224,15181062.02,169
2024,SP,354630,False,Sem exposicao TSB direta,5222,16221134.04,176
2024,RN,240940,False,Sem exposicao TSB direta,5219,13297409.41,150
2024,PR,411410,False,Sem exposicao TSB direta,5199,17108971.91,199
2024,PR,412720,False,Sem exposicao TSB direta,5195,14513506.47,135
2024,CE,231025,False,Sem exposicao TSB direta,5193,11521959.280000001,99
2024,CE,231330,False,Sem exposicao TSB direta,5191,16654622.5,127
2024,SC,420450,False,Sem exposicao TSB direta,5191,21037355.86,140
2024,BA,291465,False,Sem exposicao TSB direta,5188,8120530.46,128
2024,MG,314990,False,Sem exposicao TSB direta,5188,13412265.870000001,175
2024,PI,220190,False,Sem exposicao TSB direta,5180,20803028.3,163
2024,PI,220040,False,Sem exposicao TSB direta,5179,9075776.72,125
2024,SC,421000,False,Sem exposicao TSB direta,5177,17762645.1,138
2024,SP,352044,False,Sem exposicao TSB direta,5176,23189623.02,161
2024,SP,354995,False,Sem exposicao TSB direta,5176,11125621.56,101
2024,BA,291060,False,Sem exposicao TSB direta,5166,12893046.030000001,109
2024,RS,431840,False,Sem exposicao TSB direta,5166,13310819.9,144
2024,PE,260360,False,Sem exposicao TSB direta,5161,12802892.56,43
2024,SC,421175,False,Sem exposicao TSB direta,5156,15423749.45,141
2024,PI,220220,False,Sem exposicao TSB direta,5141,16730380.83,148
2024,ES,320410,False,Sem exposicao TSB direta,5119,14052831.54,135
2024,RO,110010,False,Sem exposicao TSB direta,5115,13721429.65,170
2024,ES,320460,False,Sem exposicao TSB direta,5112,15100319.0,166
2024,MG,310150,False,Sem exposicao TSB direta,5104,12875689.44,165
2024,SC,420665,False,Sem exposicao TSB direta,5099,15454046.36,96
2024,SP,354560,False,Sem exposicao TSB direta,5097,17699899.15,110
2024,MA,210820,False,Sem exposicao TSB direta,5081,11818980.780000001,135
2024,RJ,330480,False,Sem exposicao TSB direta,5070,14878877.81,146
2024,PR,411730,False,Sem exposicao TSB direta,5036,15317132.18,138
2024,BA,290600,False,Sem exposicao TSB direta,5032,19859509.94,144
2024,AL,270320,False,Sem exposicao TSB direta,5026,12672510.52,45
2024,SP,353010,False,Sem exposicao TSB direta,5014,18391093.51,143
2024,RJ,330515,False,Sem exposicao TSB direta,5005,12312920.9,134
2024,SC,421550,False,Sem exposicao TSB direta,4999,16660586.41,129
2024,PE,260950,False,Sem exposicao TSB direta,4983,14874737.39,117
2024,PR,412650,False,Sem exposicao TSB direta,4971,13233122.120000001,153
2024,RJ,330575,False,Sem exposicao TSB direta,4959,13272158.56,135
2024,RJ,330187,False,Sem exposicao TSB direta,4957,14319028.479999999,118
2024,SP,353890,False,Sem exposicao TSB direta,4952,17453286.009999998,134
2024,BA,292810,False,Sem exposicao TSB direta,4944,12366056.67,146
2024,CE,231080,False,Sem exposicao TSB direta,4936,13308867.72,45
2024,MG,313310,False,Sem exposicao TSB direta,4927,12814787.17,142
2024,ES,320230,False,Sem exposicao TSB direta,4924,12513466.22,192
2024,MT,510650,False,Sem exposicao TSB direta,4923,16690057.84,136
2024,SP,355340,False,Sem exposicao TSB direta,4911,14933864.459999999,172
2024,MG,311160,False,Sem exposicao TSB direta,4905,11417115.08,157
2024,SP,355300,False,Sem exposicao TSB direta,4898,9918416.64,101
2024,AM,130423,False,Sem exposicao TSB direta,4880,4670543.42,8
2024,PR,410650,False,Sem exposicao TSB direta,4875,16095996.37,199
2024,AM,130370,False,Sem exposicao TSB direta,4874,5642842.4799999995,22
2024,MA,210540,False,Sem exposicao TSB direta,4874,16867791.85,117
2024,SC,421740,False,Sem exposicao TSB direta,4869,20226798.49,164
2024,PA,150700,False,Sem exposicao TSB direta,4868,8285264.85,75
2024,SP,352190,False,Sem exposicao TSB direta,4851,14424558.34,143
2024,MG,314300,False,Sem exposicao TSB direta,4850,12890467.14,127
2024,PR,412450,False,Sem exposicao TSB direta,4850,16985746.599999998,80
2024,BA,291760,False,Sem exposicao TSB direta,4842,12779489.129999999,141
2024,MT,510330,False,Sem exposicao TSB direta,4837,15078697.87,152
2024,SC,420395,False,Sem exposicao TSB direta,4824,16309059.74,168
2024,MG,316680,False,Sem exposicao TSB direta,4818,21540658.240000002,117
2024,SC,420880,False,Sem exposicao TSB direta,4817,14872685.24,167
2024,SP,353530,False,Sem exposicao TSB direta,4808,16914966.48,173
2024,RS,431100,False,Sem exposicao TSB direta,4807,13787875.02,151
2024,PA,150345,False,Sem exposicao TSB direta,4801,14421458.309999999,72
2024,TO,170550,False,Sem exposicao TSB direta,4789,15055107.33,159
2024,MS,500290,False,Sem exposicao TSB direta,4782,14812288.68,167
2024,PI,221060,False,Sem exposicao TSB direta,4776,10672340.229999999,143
2024,BA,292950,False,Sem exposicao TSB direta,4774,22935189.330000002,119
2024,PA,150020,False,Sem exposicao TSB direta,4770,19850371.26,78
2024,GO,521400,False,Sem exposicao TSB direta,4766,14943495.91,100
2024,BA,292510,False,Sem exposicao TSB direta,4760,15420313.6,135
2024,MS,500600,False,Sem exposicao TSB direta,4760,15630621.780000001,127
2024,PR,412140,False,Sem exposicao TSB direta,4758,14088518.71,185
2024,GO,521308,False,Sem exposicao TSB direta,4756,20726496.38,138
2024,MT,510642,False,Sem exposicao TSB direta,4754,17199251.63,146
2024,RJ,330385,False,Sem exposicao TSB direta,4748,13018211.2,122
2024,RJ,330150,False,Sem exposicao TSB direta,4747,13428677.129999999,147
2024,SP,352600,False,Sem exposicao TSB direta,4745,16615453.93,151
2024,PE,260140,False,Sem exposicao TSB direta,4744,12822612.17,127
2024,SP,352620,False,Sem exposicao TSB direta,4728,10128922.74,131
2024,PR,411930,False,Sem exposicao TSB direta,4722,14034089.709999999,132
2024,SC,421780,False,Sem exposicao TSB direta,4718,15235608.16,180
2024,SP,352880,False,Sem exposicao TSB direta,4716,14697661.25,101
2024,MA,211000,False,Sem exposicao TSB direta,4699,7063522.63,83
2024,SC,420710,False,Sem exposicao TSB direta,4685,15260137.15,144
2024,MG,314470,False,Sem exposicao TSB direta,4680,15114678.5,131
2024,BA,292550,False,Sem exposicao TSB direta,4669,11252713.56,135
2024,GO,521375,False,Sem exposicao TSB direta,4667,13965630.290000001,118
2024,MT,510460,False,Sem exposicao TSB direta,4663,17877203.919999998,88
2024,ES,320160,False,Sem exposicao TSB direta,4658,12924944.45,100
2024,GO,520320,False,Sem exposicao TSB direta,4650,18181972.31,104
2024,CE,231020,False,Sem exposicao TSB direta,4648,13428344.19,122
2024,CE,231350,False,Sem exposicao TSB direta,4641,14025812.040000001,109
2024,PR,412440,False,Sem exposicao TSB direta,4635,13346194.97,150
2024,AL,270915,False,Sem exposicao TSB direta,4633,13102958.25,116
2024,BA,291050,False,Sem exposicao TSB direta,4629,12784754.0,139
2024,MG,315140,False,Sem exposicao TSB direta,4627,12633243.08,169
2024,PA,150506,False,Sem exposicao TSB direta,4625,16957588.529999997,112
2024,SP,351515,False,Sem exposicao TSB direta,4621,17579393.169999998,129
2024,SC,421850,False,Sem exposicao TSB direta,4619,17781984.45,135
2024,MG,314320,False,Sem exposicao TSB direta,4612,11483742.36,173
2024,BA,293320,False,Sem exposicao TSB direta,4611,12908347.2,124
2024,MG,313880,False,Sem exposicao TSB direta,4610,12750722.28,161
2024,MG,314050,False,Sem exposicao TSB direta,4607,12733118.76,138
2024,MT,510590,False,Sem exposicao TSB direta,4580,16862173.18,147
2024,PR,410360,False,Sem exposicao TSB direta,4577,12889917.93,169
2024,MG,310020,False,Sem exposicao TSB direta,4570,11359200.13,175
2024,PA,150618,False,Sem exposicao TSB direta,4569,14431488.13,121
2024,RS,432020,False,Sem exposicao TSB direta,4555,13766640.77,127
2024,PE,261310,False,Sem exposicao TSB direta,4540,8666036.58,96
2024,PR,410110,False,Sem exposicao TSB direta,4540,13233745.04,160
2024,SP,351685,False,Sem exposicao TSB direta,4540,33563562.28,59
2024,BA,291735,False,Sem exposicao TSB direta,4535,15810116.72,45
2024,CE,230630,False,Sem exposicao TSB direta,4521,10553518.049999999,105
2024,PE,260510,False,Sem exposicao TSB direta,4507,10508157.73,120
2024,SC,421760,False,Sem exposicao TSB direta,4501,15309300.88,147
2024,BA,292190,False,Sem exposicao TSB direta,4496,13077140.92,74
2024,SC,421220,False,Sem exposicao TSB direta,4483,14249926.32,153
2024,SP,350660,False,Sem exposicao TSB direta,4466,11584406.66,127
2024,SP,354760,False,Sem exposicao TSB direta,4464,13864873.25,173
2024,RS,430690,False,Sem exposicao TSB direta,4456,13128643.0,139
2024,GO,522060,False,Sem exposicao TSB direta,4454,13434625.24,170
2024,PA,150616,False,Sem exposicao TSB direta,4454,10147318.05,97
2024,PE,260070,False,Sem exposicao TSB direta,4450,11216843.299999999,99
2024,MG,316110,False,Sem exposicao TSB direta,4449,12808038.67,150
2024,MG,314410,False,Sem exposicao TSB direta,4443,13633755.73,176
2024,PB,250430,False,Sem exposicao TSB direta,4439,11406484.23,128
2024,SP,353020,False,Sem exposicao TSB direta,4435,13310782.870000001,86
2024,ES,320334,False,Sem exposicao TSB direta,4432,11125604.97,163
2024,PE,261100,False,Sem exposicao TSB direta,4428,9271419.88,107
2024,CE,230120,False,Sem exposicao TSB direta,4427,9282461.9,60
2024,CE,230690,False,Sem exposicao TSB direta,4426,14041319.95,128
2024,ES,320260,False,Sem exposicao TSB direta,4416,15581921.120000001,118
2024,SP,352740,False,Sem exposicao TSB direta,4414,13985068.56,143
2024,MT,510625,False,Sem exposicao TSB direta,4413,16128400.28,140
2024,CE,230210,False,Sem exposicao TSB direta,4408,8977848.07,111
2024,BA,291070,False,Sem exposicao TSB direta,4407,27006786.750000004,140
2024,ES,320220,False,Sem exposicao TSB direta,4402,11277871.799999999,135
2024,BA,290580,False,Sem exposicao TSB direta,4400,4607119.05,107
2024,RR,140047,False,Sem exposicao TSB direta,4400,9725990.73,106
2024,MG,314280,False,Sem exposicao TSB direta,4399,12251186.22,140
2024,RJ,330395,False,Sem exposicao TSB direta,4386,10573669.73,132
2024,RS,430466,False,Sem exposicao TSB direta,4386,12699380.4,124
2024,SE,280130,False,Sem exposicao TSB direta,4382,13551988.81,90
2024,ES,320405,False,Sem exposicao TSB direta,4367,10066928.44,115
2024,MS,500800,False,Sem exposicao TSB direta,4364,11741733.95,125
2024,PR,411120,False,Sem exposicao TSB direta,4360,13386366.48,138
2024,PR,410425,False,Sem exposicao TSB direta,4359,16980009.41,147
2024,CE,230470,False,Sem exposicao TSB direta,4358,10579195.35,75
2024,MG,315630,False,Sem exposicao TSB direta,4358,12279050.5,89
2024,PE,260230,False,Sem exposicao TSB direta,4357,9668739.35,128
2024,PR,412480,False,Sem exposicao TSB direta,4357,11914935.69,108
2024,PA,150658,False,Sem exposicao TSB direta,4356,8696625.69,57
2024,SP,354170,False,Sem exposicao TSB direta,4355,14700361.46,108
2024,MG,310940,False,Sem exposicao TSB direta,4349,12755595.95,123
2024,PR,410290,False,Sem exposicao TSB direta,4348,12681879.21,125
2024,CE,230580,False,Sem exposicao TSB direta,4338,8555691.64,111
2024,SP,352800,False,Sem exposicao TSB direta,4338,16204511.76,132
2024,CE,231070,False,Sem exposicao TSB direta,4337,9072477.63,80
2024,PA,150277,False,Sem exposicao TSB direta,4336,14818342.139999999,67
2024,PA,150480,False,Sem exposicao TSB direta,4333,14995245.56,87
2024,RS,430890,False,Sem exposicao TSB direta,4324,14787009.39,186
2024,BA,291950,False,Sem exposicao TSB direta,4320,11536969.85,145
2024,MG,314460,False,Sem exposicao TSB direta,4312,11205927.24,149
2024,RN,240145,False,Sem exposicao TSB direta,4309,13812527.649999999,89
2024,MS,500560,False,Sem exposicao TSB direta,4304,15599096.94,111
2024,CE,231380,False,Sem exposicao TSB direta,4303,6623146.2700000005,45
2024,SP,355090,False,Sem exposicao TSB direta,4302,12048714.66,104
2024,MG,316460,False,Sem exposicao TSB direta,4301,12770326.309999999,92
2024,RN,241420,False,Sem exposicao TSB direta,4300,10254182.120000001,108
2024,MG,311440,False,Sem exposicao TSB direta,4299,10587566.17,170
2024,SC,421880,False,Sem exposicao TSB direta,4298,14907800.16,160
2024,PR,412170,False,Sem exposicao TSB direta,4283,11493447.16,121
2024,PA,150310,False,Sem exposicao TSB direta,4278,13318089.379999999,22
2024,MG,313350,False,Sem exposicao TSB direta,4275,11612599.45,157
2024,SP,353360,False,Sem exposicao TSB direta,4274,12545328.09,91
2024,MS,500793,False,Sem exposicao TSB direta,4272,16501177.31,112
2024,RS,432220,False,Sem exposicao TSB direta,4270,13652265.65,145
2024,MA,211270,False,Sem exposicao TSB direta,4269,9833092.78,62
2024,BA,290680,False,Sem exposicao TSB direta,4268,13048290.639999999,71
2024,PR,412680,False,Sem exposicao TSB direta,4261,13063182.97,124
2024,RN,240720,False,Sem exposicao TSB direta,4256,17254463.98,121
2024,PR,412630,False,Sem exposicao TSB direta,4253,11205863.129999999,111
2024,MT,510268,False,Sem exposicao TSB direta,4246,16476668.790000001,100
2024,GO,520350,False,Sem exposicao TSB direta,4241,12031126.62,146
2024,MG,316970,False,Sem exposicao TSB direta,4241,11915285.05,132
2024,CE,230700,False,Sem exposicao TSB direta,4240,9931150.450000001,100
2024,PA,150270,False,Sem exposicao TSB direta,4235,14597966.19,155
2024,SC,420670,False,Sem exposicao TSB direta,4222,13882449.36,154
2024,SE,280320,False,Sem exposicao TSB direta,4222,12065765.01,110
2024,SP,350880,False,Sem exposicao TSB direta,4222,12579952.38,131
2024,SP,355610,False,Sem exposicao TSB direta,4222,12155814.85,109
2024,PI,220700,False,Sem exposicao TSB direta,4221,11172472.469999999,136
2024,RS,431660,False,Sem exposicao TSB direta,4221,12794607.69,168
2024,SP,353200,False,Sem exposicao TSB direta,4217,12351562.9,129
2024,SC,421830,False,Sem exposicao TSB direta,4216,15919180.49,115
2024,RJ,330475,False,Sem exposicao TSB direta,4206,11129518.47,131
2024,RO,110032,False,Sem exposicao TSB direta,4204,11592996.71,131
2024,PE,261630,False,Sem exposicao TSB direta,4202,11672962.09,89
2024,BA,292630,False,Sem exposicao TSB direta,4199,10313014.23,127
2024,SE,280150,False,Sem exposicao TSB direta,4198,13113121.39,76
2024,SP,351520,False,Sem exposicao TSB direta,4197,13832379.73,101
2024,PR,411060,False,Sem exposicao TSB direta,4191,12553415.559999999,128
2024,RO,110045,False,Sem exposicao TSB direta,4188,12076997.44,146
2024,RS,430810,False,Sem exposicao TSB direta,4172,14011659.49,160
2024,MG,313960,False,Sem exposicao TSB direta,4166,10463127.24,137
2024,RN,240110,False,Sem exposicao TSB direta,4165,12543239.61,110
2024,PB,250300,False,Sem exposicao TSB direta,4151,6522391.61,84
2024,RS,431850,False,Sem exposicao TSB direta,4135,13150263.58,129
2024,RS,431960,False,Sem exposicao TSB direta,4135,12513695.85,157
2024,SC,420960,False,Sem exposicao TSB direta,4133,16372196.040000001,124
2024,SP,353740,False,Sem exposicao TSB direta,4132,12854349.26,153
2024,PE,260260,False,Sem exposicao TSB direta,4131,10029884.530000001,96
2024,MS,500440,False,Sem exposicao TSB direta,4130,17839989.4,109
2024,MG,311370,False,Sem exposicao TSB direta,4129,9088191.31,98
2024,BA,290540,False,Sem exposicao TSB direta,4127,10237301.659999998,81
2024,MG,311320,False,Sem exposicao TSB direta,4126,9990879.36,147
2024,MT,510125,False,Sem exposicao TSB direta,4118,13685118.7,122
2024,RS,431530,False,Sem exposicao TSB direta,4116,10559849.459999999,136
2024,SP,352460,False,Sem exposicao TSB direta,4112,11183219.81,128
2024,SP,355690,False,Sem exposicao TSB direta,4107,17705969.01,81
2024,PE,261180,False,Sem exposicao TSB direta,4105,9390954.049999999,109
2024,GO,521890,False,Sem exposicao TSB direta,4104,13638836.959999999,130
2024,GO,522020,False,Sem exposicao TSB direta,4103,13119398.65,141
2024,PA,150450,False,Sem exposicao TSB direta,4100,9344147.77,19
2024,PE,260010,False,Sem exposicao TSB direta,4100,14029206.62,135
2024,GO,520013,False,Sem exposicao TSB direta,4099,13232276.09,130
2024,CE,230540,False,Sem exposicao TSB direta,4098,11494912.7,114
2024,PE,260880,False,Sem exposicao TSB direta,4090,11116458.9,147
2024,ES,320020,False,Sem exposicao TSB direta,4088,12648984.89,147
2024,MG,312420,False,Sem exposicao TSB direta,4071,9096983.58,146
2024,PE,261140,False,Sem exposicao TSB direta,4068,8866978.8,47
2024,GO,520640,False,Sem exposicao TSB direta,4061,16349936.440000001,111
2024,GO,521220,False,Sem exposicao TSB direta,4059,11157018.86,161
2024,MG,311450,False,Sem exposicao TSB direta,4058,10995383.04,149
2024,MS,500210,False,Sem exposicao TSB direta,4051,12088328.48,125
2024,MG,310490,False,Sem exposicao TSB direta,4049,9265587.94,145
2024,PR,412405,False,Sem exposicao TSB direta,4046,13052411.3,157
2024,MG,313950,False,Sem exposicao TSB direta,4043,9331198.79,148
2024,SP,351540,False,Sem exposicao TSB direta,4031,10348891.99,141
2024,ES,320503,False,Sem exposicao TSB direta,4028,11426848.18,147
2024,GO,521560,False,Sem exposicao TSB direta,4024,12277187.8,142
2024,SE,280570,False,Sem exposicao TSB direta,4018,11682553.38,132
2024,CE,230780,False,Sem exposicao TSB direta,4012,12359227.51,99
2024,SP,351100,False,Sem exposicao TSB direta,4008,13930453.24,94
2024,RJ,330210,False,Sem exposicao TSB direta,4004,9746170.37,135
2024,BA,292600,False,Sem exposicao TSB direta,4003,9837376.5,106
2024,CE,230930,False,Sem exposicao TSB direta,4002,5635942.33,90
2024,CE,231410,False,Sem exposicao TSB direta,3998,7942836.35,87
2024,PB,250600,False,Sem exposicao TSB direta,3998,11226352.65,119
2024,CE,230075,False,Sem exposicao TSB direta,3997,12754287.13,69
2024,RS,431790,False,Sem exposicao TSB direta,3996,13052612.5,159
2024,PR,412750,False,Sem exposicao TSB direta,3991,14275507.15,140
2024,PR,410560,False,Sem exposicao TSB direta,3989,12092573.24,122
2024,PB,251120,False,Sem exposicao TSB direta,3981,10488920.719999999,113
2024,PR,412850,False,Sem exposicao TSB direta,3975,11177078.84,152
2024,SP,351130,False,Sem exposicao TSB direta,3975,13815275.5,160
2024,MG,315980,False,Sem exposicao TSB direta,3972,13468783.26,139
2024,MG,315340,False,Sem exposicao TSB direta,3963,11711933.13,131
2024,MS,500070,False,Sem exposicao TSB direta,3960,10153165.85,116
2024,PA,150275,False,Sem exposicao TSB direta,3957,13403064.82,77
2024,ES,320010,False,Sem exposicao TSB direta,3955,11355046.69,133
2024,MG,315580,False,Sem exposicao TSB direta,3951,12433803.29,148
2024,PR,412270,False,Sem exposicao TSB direta,3947,12206351.23,110
2024,RJ,330540,False,Sem exposicao TSB direta,3947,9663945.17,140
2024,AM,130170,False,Sem exposicao TSB direta,3945,11640607.32,137
2024,SP,351210,False,Sem exposicao TSB direta,3945,14098953.190000001,72
2024,BA,290730,False,Sem exposicao TSB direta,3944,7939653.43,98
2024,PR,411095,False,Sem exposicao TSB direta,3941,12163831.04,117
2024,SC,420400,False,Sem exposicao TSB direta,3940,12963177.34,151
2024,MG,310510,False,Sem exposicao TSB direta,3939,10569944.06,164
2024,GO,520890,False,Sem exposicao TSB direta,3936,13247056.17,138
2024,BA,292720,False,Sem exposicao TSB direta,3923,10005693.99,88
2024,MG,313750,False,Sem exposicao TSB direta,3920,12011497.32,142
2024,RO,110013,False,Sem exposicao TSB direta,3920,9994197.57,135
2024,GO,521710,False,Sem exposicao TSB direta,3918,12530522.87,145
2024,PR,411940,False,Sem exposicao TSB direta,3918,14150729.6,146
2024,PE,260875,False,Sem exposicao TSB direta,3915,9860190.29,85
2024,SP,350130,False,Sem exposicao TSB direta,3912,13885500.53,165
2024,MG,311910,False,Sem exposicao TSB direta,3910,9625400.06,146
2024,GO,521878,False,Sem exposicao TSB direta,3907,12251543.01,65
2024,RJ,330300,False,Sem exposicao TSB direta,3903,11768076.71,136
2024,BA,292620,False,Sem exposicao TSB direta,3901,11684211.44,67
2024,MT,510300,False,Sem exposicao TSB direta,3899,11944320.35,149
2024,MT,510325,False,Sem exposicao TSB direta,3896,11984799.14,135
2024,MG,311110,False,Sem exposicao TSB direta,3895,10780182.42,136
2024,MT,510550,False,Sem exposicao TSB direta,3883,12897074.950000001,83
2024,RN,240120,False,Sem exposicao TSB direta,3880,9914972.59,45
2024,BA,291120,False,Sem exposicao TSB direta,3874,9435538.120000001,129
2024,MS,500230,False,Sem exposicao TSB direta,3874,13147581.639999999,91
2024,ES,320350,False,Sem exposicao TSB direta,3873,10979244.4,125
2024,MA,210350,False,Sem exposicao TSB direta,3873,6688995.94,109
2024,AC,120050,False,Sem exposicao TSB direta,3870,9408848.43,103
2024,PA,150178,False,Sem exposicao TSB direta,3870,13601699.36,101
2024,RS,430270,False,Sem exposicao TSB direta,3867,13462454.58,120
2024,MG,311550,False,Sem exposicao TSB direta,3866,8839652.08,155
2024,RN,240580,False,Sem exposicao TSB direta,3864,14129940.44,141
2024,MS,500450,False,Sem exposicao TSB direta,3863,12742569.42,137
2024,PR,410630,False,Sem exposicao TSB direta,3860,11825598.53,150
2024,PR,410230,False,Sem exposicao TSB direta,3855,12996709.06,130
2024,SP,352920,False,Sem exposicao TSB direta,3848,9637312.04,142
2024,SP,354410,False,Sem exposicao TSB direta,3833,13373300.44,106
2024,RS,431290,False,Sem exposicao TSB direta,3827,13290197.46,107
2024,BA,291790,False,Sem exposicao TSB direta,3825,2439245.94,45
2024,MT,510624,False,Sem exposicao TSB direta,3821,15744013.6,100
2024,RJ,330120,False,Sem exposicao TSB direta,3817,10242324.82,136
2024,BA,290500,False,Sem exposicao TSB direta,3811,9212057.65,133
2024,PB,250970,False,Sem exposicao TSB direta,3811,8475092.99,116
2024,MG,315770,False,Sem exposicao TSB direta,3807,11430102.48,115
2024,CE,230425,False,Sem exposicao TSB direta,3805,11016369.92,111
2024,PR,411670,False,Sem exposicao TSB direta,3800,10914624.75,126
2024,RN,240100,False,Sem exposicao TSB direta,3800,10675175.57,121
2024,MG,310110,False,Sem exposicao TSB direta,3794,10457798.47,130
2024,SP,352170,False,Sem exposicao TSB direta,3787,11969922.21,109
2024,SP,354300,False,Sem exposicao TSB direta,3787,8707114.16,86
2024,SP,353290,False,Sem exposicao TSB direta,3774,13315263.540000001,69
2024,BA,290490,False,Sem exposicao TSB direta,3772,11314961.49,118
2024,BA,290820,False,Sem exposicao TSB direta,3765,10160897.12,98
2024,SP,355430,False,Sem exposicao TSB direta,3765,11102947.709999999,112
2024,AP,160050,False,Sem exposicao TSB direta,3756,5552665.1899999995,84
2024,SP,350100,False,Sem exposicao TSB direta,3754,10747156.08,128
2024,RN,240420,False,Sem exposicao TSB direta,3752,10842851.370000001,129
2024,PR,412260,False,Sem exposicao TSB direta,3745,11234165.53,111
2024,SC,420990,False,Sem exposicao TSB direta,3743,13175085.27,142
2024,MG,310460,False,Sem exposicao TSB direta,3742,7832211.1899999995,126
2024,PR,411440,False,Sem exposicao TSB direta,3742,12019191.139999999,140
2024,AC,120045,False,Sem exposicao TSB direta,3740,8950622.22,98
2024,PA,150380,False,Sem exposicao TSB direta,3732,13438180.32,118
2024,GO,522040,False,Sem exposicao TSB direta,3729,11447063.81,139
2024,MG,314690,False,Sem exposicao TSB direta,3726,8435799.81,137
2024,MG,314500,False,Sem exposicao TSB direta,3722,10588492.379999999,132
2024,GO,521120,False,Sem exposicao TSB direta,3719,9964443.74,166
2024,MT,510040,False,Sem exposicao TSB direta,3719,15576639.47,94
2024,SC,421470,False,Sem exposicao TSB direta,3716,12424207.44,149
2024,SP,350680,False,Sem exposicao TSB direta,3709,12716012.99,102
2024,ES,320340,False,Sem exposicao TSB direta,3699,9316310.43,123
2024,RS,430240,False,Sem exposicao TSB direta,3697,10142151.14,115
2024,RN,241120,False,Sem exposicao TSB direta,3693,14124120.52,140
2024,RS,431120,False,Sem exposicao TSB direta,3687,11300233.07,139
2024,MG,313300,False,Sem exposicao TSB direta,3681,10830647.93,147
2024,SP,352350,False,Sem exposicao TSB direta,3681,11407633.530000001,125
2024,BA,293190,False,Sem exposicao TSB direta,3680,12816725.92,110
2024,BA,291992,False,Sem exposicao TSB direta,3678,17218463.31,78
2024,BA,293250,False,Sem exposicao TSB direta,3675,10191408.09,105
2024,SC,421420,False,Sem exposicao TSB direta,3665,11890221.45,110
2024,PB,251250,False,Sem exposicao TSB direta,3664,10494185.43,141
2024,CE,230655,False,Sem exposicao TSB direta,3659,8879065.950000001,84
2024,MG,317050,False,Sem exposicao TSB direta,3652,8907083.72,76
2024,PI,220290,False,Sem exposicao TSB direta,3651,7813237.69,124
2024,ES,320030,False,Sem exposicao TSB direta,3650,10701200.43,163
2024,BA,290920,False,Sem exposicao TSB direta,3648,5684089.510000001,40
2024,SE,280300,False,Sem exposicao TSB direta,3646,11534509.26,109
2024,SP,351230,False,Sem exposicao TSB direta,3642,8793208.56,124
2024,RS,430750,False,Sem exposicao TSB direta,3640,12456164.31,152
2024,PR,410442,False,Sem exposicao TSB direta,3631,11929430.31,125
2024,PR,410460,False,Sem exposicao TSB direta,3626,12549633.5,139
2024,RN,240890,False,Sem exposicao TSB direta,3625,8809320.74,141
2024,PE,261350,False,Sem exposicao TSB direta,3623,9983853.43,88
2024,PR,410725,False,Sem exposicao TSB direta,3623,13267466.930000002,112
2024,RS,430520,False,Sem exposicao TSB direta,3618,11673616.35,145
2024,GO,520547,False,Sem exposicao TSB direta,3617,15946407.3,130
2024,RJ,330110,False,Sem exposicao TSB direta,3617,9637367.52,114
2024,AM,130310,False,Sem exposicao TSB direta,3613,5986811.53,35
2024,SC,420470,False,Sem exposicao TSB direta,3612,12485088.2,135
2024,CE,230535,False,Sem exposicao TSB direta,3611,10739250.73,87
2024,MT,510030,False,Sem exposicao TSB direta,3611,11274554.19,119
2024,TO,170930,False,Sem exposicao TSB direta,3606,10950405.59,155
2024,RS,430080,False,Sem exposicao TSB direta,3605,11991619.950000001,155
2024,SP,352970,False,Sem exposicao TSB direta,3604,10120808.63,126
2024,MA,211250,False,Sem exposicao TSB direta,3603,10748723.25,90
2024,SC,420020,False,Sem exposicao TSB direta,3601,14258130.73,123
2024,PA,150510,False,Sem exposicao TSB direta,3600,12688056.4,94
2024,MA,210405,False,Sem exposicao TSB direta,3594,9653835.66,138
2024,MG,311090,False,Sem exposicao TSB direta,3593,8715799.73,152
2024,MG,312300,False,Sem exposicao TSB direta,3592,8139142.89,100
2024,MG,315220,False,Sem exposicao TSB direta,3591,9513439.5,139
2024,PB,251390,False,Sem exposicao TSB direta,3590,23140406.61,118
2024,ES,320300,False,Sem exposicao TSB direta,3586,9185030.38,157
2024,GO,521770,False,Sem exposicao TSB direta,3581,8942178.39,141
2024,CE,230240,False,Sem exposicao TSB direta,3580,9407535.5,101
2024,SP,351770,False,Sem exposicao TSB direta,3578,11014578.05,125
2024,PB,251290,False,Sem exposicao TSB direta,3573,8791505.1,69
2024,SP,355600,False,Sem exposicao TSB direta,3573,11031577.959999999,137
2024,PI,220120,False,Sem exposicao TSB direta,3572,9950200.41,98
2024,PA,150812,False,Sem exposicao TSB direta,3570,11806726.1,101
2024,MS,500740,False,Sem exposicao TSB direta,3567,11767284.25,130
2024,ES,320420,False,Sem exposicao TSB direta,3564,12141548.959999999,144
2024,SP,353700,False,Sem exposicao TSB direta,3563,9474872.040000001,133
2024,AL,270940,False,Sem exposicao TSB direta,3559,8381808.84,86
2024,SP,352450,False,Sem exposicao TSB direta,3556,11952481.780000001,84
2024,CE,230170,False,Sem exposicao TSB direta,3555,3950386.9200000004,53
2024,MT,510700,False,Sem exposicao TSB direta,3552,10566327.66,99
2024,PR,411710,False,Sem exposicao TSB direta,3543,10241974.75,129
2024,PI,220115,False,Sem exposicao TSB direta,3538,15141017.5,83
2024,SP,353220,False,Sem exposicao TSB direta,3537,13515348.54,42
2024,MG,313020,False,Sem exposicao TSB direta,3536,9158208.35,102
2024,BA,290810,False,Sem exposicao TSB direta,3532,10709810.45,68
2024,SP,353300,False,Sem exposicao TSB direta,3528,10730357.32,132
2024,PA,150745,False,Sem exposicao TSB direta,3525,11655474.95,94
2024,PR,411540,False,Sem exposicao TSB direta,3519,11828014.22,162
2024,ES,320070,False,Sem exposicao TSB direta,3509,10049213.790000001,98
2024,SC,420770,False,Sem exposicao TSB direta,3504,11308089.26,85
2024,MG,313980,False,Sem exposicao TSB direta,3502,6239989.890000001,99
2024,SC,420120,False,Sem exposicao TSB direta,3492,12915872.87,145
2024,SP,352030,False,Sem exposicao TSB direta,3486,11479835.12,129
2024,AC,120010,False,Sem exposicao TSB direta,3484,9044976.83,110
2024,RJ,330415,False,Sem exposicao TSB direta,3484,15673782.98,117
2024,MS,500568,False,Sem exposicao TSB direta,3479,11031060.459999999,147
2024,MG,313360,False,Sem exposicao TSB direta,3478,10703389.03,123
2024,PE,260570,False,Sem exposicao TSB direta,3477,10622646.38,85
2024,CE,231360,False,Sem exposicao TSB direta,3465,10028656.16,105
2024,RS,432225,False,Sem exposicao TSB direta,3463,13908110.3,84
2024,MA,210375,False,Sem exposicao TSB direta,3459,5749467.92,63
2024,PI,221110,False,Sem exposicao TSB direta,3458,23861255.63,105
2024,SC,420530,False,Sem exposicao TSB direta,3456,12244966.33,124
2024,SP,352490,False,Sem exposicao TSB direta,3454,11181896.4,78
2024,SP,353910,False,Sem exposicao TSB direta,3453,10399707.64,93
2024,CE,231150,False,Sem exposicao TSB direta,3452,9141745.92,83
2024,BA,291370,False,Sem exposicao TSB direta,3449,9351656.69,113
2024,MT,510850,False,Sem exposicao TSB direta,3445,10761217.67,106
2024,SP,352090,False,Sem exposicao TSB direta,3443,10797894.16,119
2024,MG,314760,False,Sem exposicao TSB direta,3437,9955908.41,138
2024,SP,350670,False,Sem exposicao TSB direta,3434,9604908.540000001,109
2024,RJ,330140,False,Sem exposicao TSB direta,3432,7279534.49,98
2024,RO,110080,False,Sem exposicao TSB direta,3429,9239156.0,111
2024,SP,353600,False,Sem exposicao TSB direta,3429,11070571.86,112
2024,RS,431250,False,Sem exposicao TSB direta,3427,8058240.88,89
2024,MT,510794,False,Sem exposicao TSB direta,3426,10931112.030000001,81
2024,PR,412740,False,Sem exposicao TSB direta,3423,10160368.69,153
2024,PA,150034,False,Sem exposicao TSB direta,3422,14461647.13,64
2024,SP,355680,False,Sem exposicao TSB direta,3417,9059356.55,135
2024,BA,292050,False,Sem exposicao TSB direta,3413,14825474.68,117
2024,MG,313375,False,Sem exposicao TSB direta,3413,9546226.95,138
2024,RS,431780,False,Sem exposicao TSB direta,3398,9925459.67,149
2024,SP,355510,False,Sem exposicao TSB direta,3395,11025798.35,137
2024,MG,313220,False,Sem exposicao TSB direta,3394,8654387.2,141
2024,BA,292700,False,Sem exposicao TSB direta,3389,10766776.01,104
2024,SP,353240,False,Sem exposicao TSB direta,3387,11354892.99,115
2024,PA,150085,False,Sem exposicao TSB direta,3385,8463502.42,86
2024,GO,521500,False,Sem exposicao TSB direta,3370,7851288.88,112
2024,PR,410050,False,Sem exposicao TSB direta,3369,8947721.09,132
2024,BA,293300,False,Sem exposicao TSB direta,3357,7585872.49,112
2024,AL,270500,False,Sem exposicao TSB direta,3354,4038780.93,39
2024,RJ,330022,False,Sem exposicao TSB direta,3351,12382175.9,117
2024,PE,261340,False,Sem exposicao TSB direta,3345,3108329.34,91
2024,CE,231270,False,Sem exposicao TSB direta,3344,7989523.96,88
2024,AL,270160,False,Sem exposicao TSB direta,3343,3506035.7100000004,28
2024,GO,521530,False,Sem exposicao TSB direta,3339,9900299.39,119
2024,MG,313340,False,Sem exposicao TSB direta,3339,10654248.48,109
2024,AM,130290,False,Sem exposicao TSB direta,3337,6322082.76,69
2024,BA,292800,False,Sem exposicao TSB direta,3335,12162040.71,103
2024,PR,410570,False,Sem exposicao TSB direta,3329,10169362.58,147
2024,BA,291320,False,Sem exposicao TSB direta,3326,8636514.069999998,106
2024,MG,315990,False,Sem exposicao TSB direta,3322,8746102.65,117
2024,MA,210780,False,Sem exposicao TSB direta,3319,7468704.02,58
2024,RS,430900,False,Sem exposicao TSB direta,3318,10124606.54,147
2024,GO,520055,False,Sem exposicao TSB direta,3314,17959434.8,86
2024,MG,312020,False,Sem exposicao TSB direta,3314,6369864.25,99
2024,ES,320245,False,Sem exposicao TSB direta,3307,9511068.69,138
2024,RS,430490,False,Sem exposicao TSB direta,3307,11213416.47,153
2024,MA,210960,False,Sem exposicao TSB direta,3302,9557716.91,85
2024,PR,410800,False,Sem exposicao TSB direta,3299,9478571.18,91
2024,GO,521640,False,Sem exposicao TSB direta,3295,12120953.18,115
2024,MG,311510,False,Sem exposicao TSB direta,3291,8956990.04,164
2024,MG,312080,False,Sem exposicao TSB direta,3291,8064203.18,132
2024,MS,500380,False,Sem exposicao TSB direta,3291,10207226.200000001,152
2024,RO,110092,False,Sem exposicao TSB direta,3291,10331392.11,81
2024,BA,290270,False,Sem exposicao TSB direta,3286,11451958.5,100
2024,RO,110025,False,Sem exposicao TSB direta,3280,10953890.0,132
2024,MG,313120,False,Sem exposicao TSB direta,3279,7171552.55,131
2024,RO,110001,False,Sem exposicao TSB direta,3279,8946735.16,123
2024,MG,315070,False,Sem exposicao TSB direta,3278,16641555.31,69
2024,SC,420370,False,Sem exposicao TSB direta,3278,9351085.57,132
2024,AL,270510,False,Sem exposicao TSB direta,3276,6846291.850000001,84
2024,SP,351850,False,Sem exposicao TSB direta,3276,10697486.36,101
2024,SP,353810,False,Sem exposicao TSB direta,3276,12280793.969999999,123
2024,MT,510780,False,Sem exposicao TSB direta,3274,7745072.260000001,107
2024,MT,510860,False,Sem exposicao TSB direta,3270,9921129.84,128
2024,GO,521483,False,Sem exposicao TSB direta,3269,11325110.19,107
2024,SP,351430,False,Sem exposicao TSB direta,3246,12851787.65,94
2024,MT,510710,False,Sem exposicao TSB direta,3245,9190709.18,129
2024,SP,353420,False,Sem exposicao TSB direta,3241,13536310.34,65
2024,MG,311140,False,Sem exposicao TSB direta,3240,11876454.97,78
2024,SP,351390,False,Sem exposicao TSB direta,3239,8920848.48,126
2024,GO,520995,False,Sem exposicao TSB direta,3236,9808914.54,136
2024,MG,311260,False,Sem exposicao TSB direta,3233,9156365.52,124
2024,BA,293020,False,Sem exposicao TSB direta,3230,9669905.37,72
2024,PR,410120,False,Sem exposicao TSB direta,3225,9746101.23,102
2024,MG,310590,False,Sem exposicao TSB direta,3219,9735424.41,125
2024,RS,432140,False,Sem exposicao TSB direta,3217,10007145.92,135
2024,GO,522200,False,Sem exposicao TSB direta,3214,9671620.33,128
2024,PE,261560,False,Sem exposicao TSB direta,3213,7903229.239999999,84
2024,BA,293220,False,Sem exposicao TSB direta,3212,6379781.39,91
2024,RS,432166,False,Sem exposicao TSB direta,3211,9143532.459999999,120
2024,PR,412730,False,Sem exposicao TSB direta,3209,10383373.17,125
2024,PA,150330,False,Sem exposicao TSB direta,3205,14380098.209999999,77
2024,MG,316900,False,Sem exposicao TSB direta,3204,8096697.67,140
2024,PA,150430,False,Sem exposicao TSB direta,3203,9099931.8,31
2024,CE,231400,False,Sem exposicao TSB direta,3202,8941950.42,102
2024,SE,280120,False,Sem exposicao TSB direta,3202,12961633.940000001,83
2024,BA,291980,False,Sem exposicao TSB direta,3201,8428434.13,97
2024,MA,210340,False,Sem exposicao TSB direta,3194,11371654.959999999,79
2024,MG,313860,False,Sem exposicao TSB direta,3191,6798514.83,125
2024,AM,130060,False,Sem exposicao TSB direta,3187,9046879.7,50
2024,PA,150090,False,Sem exposicao TSB direta,3183,9633588.27,40
2024,MG,313270,False,Sem exposicao TSB direta,3182,7605242.9799999995,88
2024,RS,431395,False,Sem exposicao TSB direta,3181,8847075.5,105
2024,ES,320430,False,Sem exposicao TSB direta,3180,15739949.98,83
2024,BA,290560,False,Sem exposicao TSB direta,3179,9862824.77,108
2024,RS,431400,False,Sem exposicao TSB direta,3179,10374402.47,127
2024,MG,311200,False,Sem exposicao TSB direta,3175,7284684.92,124
2024,SP,350810,False,Sem exposicao TSB direta,3174,9959783.49,146
2024,MA,211160,False,Sem exposicao TSB direta,3172,6328676.31,88
2024,GO,520440,False,Sem exposicao TSB direta,3169,10780493.4,111
2024,SC,421670,False,Sem exposicao TSB direta,3169,9559520.61,148
2024,SP,353500,False,Sem exposicao TSB direta,3169,11070572.030000001,80
2024,SP,353540,False,Sem exposicao TSB direta,3155,8118883.74,114
2024,GO,520545,False,Sem exposicao TSB direta,3146,6077603.57,95
2024,MG,310830,False,Sem exposicao TSB direta,3146,7747703.79,135
2024,MG,310860,False,Sem exposicao TSB direta,3146,9219647.51,119
2024,AL,270360,False,Sem exposicao TSB direta,3145,5209087.48,51
2024,MG,311280,False,Sem exposicao TSB direta,3139,7703936.42,130
2024,MG,310375,False,Sem exposicao TSB direta,3136,11120652.07,73
2024,MG,310190,False,Sem exposicao TSB direta,3135,8690565.14,130
2024,SP,350630,False,Sem exposicao TSB direta,3132,10358876.68,109
2024,MS,500430,False,Sem exposicao TSB direta,3129,9641706.73,117
2024,PE,261130,False,Sem exposicao TSB direta,3129,8143428.47,105
2024,MG,313780,False,Sem exposicao TSB direta,3127,8208407.01,155
2024,RO,110005,False,Sem exposicao TSB direta,3125,9297448.08,149
2024,MG,311390,False,Sem exposicao TSB direta,3115,6907988.59,92
2024,SP,353960,False,Sem exposicao TSB direta,3107,13027127.99,49
2024,SP,355270,False,Sem exposicao TSB direta,3103,8119386.47,105
2024,PR,412402,False,Sem exposicao TSB direta,3102,11032939.55,150
2024,SP,351290,False,Sem exposicao TSB direta,3102,10429545.4,90
2024,BA,291520,False,Sem exposicao TSB direta,3095,8895648.11,68
2024,SP,351170,False,Sem exposicao TSB direta,3094,11078766.14,116
2024,SC,421600,False,Sem exposicao TSB direta,3091,9358726.14,124
2024,SP,350740,False,Sem exposicao TSB direta,3079,8560187.32,151
2024,MT,510785,False,Sem exposicao TSB direta,3073,13370653.74,85
2024,PI,220370,False,Sem exposicao TSB direta,3071,10018459.22,115
2024,MA,210542,False,Sem exposicao TSB direta,3069,4990153.67,93
2024,MG,311100,False,Sem exposicao TSB direta,3068,7997942.97,140
2024,MG,316150,False,Sem exposicao TSB direta,3067,7641699.93,97
2024,MA,210455,False,Sem exposicao TSB direta,3066,5344964.39,72
2024,MG,314970,False,Sem exposicao TSB direta,3059,8161156.33,109
2024,PA,150307,False,Sem exposicao TSB direta,3059,3874252.3,42
2024,MA,210280,False,Sem exposicao TSB direta,3056,7384400.25,97
2024,RJ,330450,False,Sem exposicao TSB direta,3055,8562982.6,54
2024,MS,500260,False,Sem exposicao TSB direta,3053,11037287.059999999,119
2024,MS,500690,False,Sem exposicao TSB direta,3047,10079174.61,78
2024,SP,354210,False,Sem exposicao TSB direta,3047,11438813.49,106
2024,MA,210900,False,Sem exposicao TSB direta,3046,10596467.34,102
2024,PE,261500,False,Sem exposicao TSB direta,3043,6424466.569999999,79
2024,BA,293360,False,Sem exposicao TSB direta,3031,9710467.600000001,100
2024,BA,292240,False,Sem exposicao TSB direta,3029,8573694.05,84
2024,SC,420125,False,Sem exposicao TSB direta,3029,10275125.0,117
2024,PA,150600,False,Sem exposicao TSB direta,3028,7912054.26,37
2024,RN,240220,False,Sem exposicao TSB direta,3028,8277553.029999999,91
2024,MT,510730,False,Sem exposicao TSB direta,3025,10229597.6,118
2024,MG,312320,False,Sem exposicao TSB direta,3021,7161992.7,138
2024,PR,410530,False,Sem exposicao TSB direta,3021,9901440.72,132
2024,RN,241440,False,Sem exposicao TSB direta,3021,9288018.98,103
2024,CE,231085,False,Sem exposicao TSB direta,3014,6328533.5200000005,101
2024,MG,312430,False,Sem exposicao TSB direta,3012,8099549.89,112
2024,PA,150040,False,Sem exposicao TSB direta,3012,11863475.670000002,81
2024,BA,290080,False,Sem exposicao TSB direta,3009,5532521.090000001,79
2024,RJ,330095,False,Sem exposicao TSB direta,3008,7047237.21,96
2024,SP,352950,False,Sem exposicao TSB direta,3008,10763175.59,78
2024,SC,420620,False,Sem exposicao TSB direta,3005,8518760.21,143
2024,PA,150815,False,Sem exposicao TSB direta,3000,13078697.059999999,111
2024,RS,430620,False,Sem exposicao TSB direta,3000,10813479.35,119
2024,MG,314650,False,Sem exposicao TSB direta,2999,10184787.59,101
2024,RS,430230,False,Sem exposicao TSB direta,2998,8788682.75,107
2024,SP,351790,False,Sem exposicao TSB direta,2998,11610066.2,84
2024,SC,421100,False,Sem exposicao TSB direta,2995,10092891.67,117
2024,BA,290290,False,Sem exposicao TSB direta,2994,8140623.47,130
2024,ES,320250,False,Sem exposicao TSB direta,2985,8102891.47,107
2024,GO,520010,False,Sem exposicao TSB direta,2985,7729178.41,128
2024,RJ,330280,False,Sem exposicao TSB direta,2984,7862856.04,105
2024,BA,290340,False,Sem exposicao TSB direta,2983,5978538.83,70
2024,MG,311840,False,Sem exposicao TSB direta,2982,7699339.2,114
2024,CE,231160,False,Sem exposicao TSB direta,2981,17127848.1,85
2024,RN,240070,False,Sem exposicao TSB direta,2981,10218548.81,79
2024,SC,422000,False,Sem exposicao TSB direta,2978,7885358.17,124
2024,GO,520130,False,Sem exposicao TSB direta,2977,6687015.37,129
2024,PE,261260,False,Sem exposicao TSB direta,2976,9212676.83,70
2024,PR,410760,False,Sem exposicao TSB direta,2975,9143559.76,146
2024,PE,260220,False,Sem exposicao TSB direta,2973,6134371.529999999,87
2024,PR,410170,False,Sem exposicao TSB direta,2971,10449300.34,114
2024,PB,250700,False,Sem exposicao TSB direta,2962,8267650.7,101
2024,PE,260210,False,Sem exposicao TSB direta,2961,7996935.45,102
2024,PA,150370,False,Sem exposicao TSB direta,2960,8813681.61,77
2024,SP,353475,False,Sem exposicao TSB direta,2960,11709735.12,96
2024,MG,316880,False,Sem exposicao TSB direta,2957,6880219.19,109
2024,PR,412300,False,Sem exposicao TSB direta,2956,7373217.8,128
2024,MG,314400,False,Sem exposicao TSB direta,2950,8830740.34,121
2024,RS,431550,False,Sem exposicao TSB direta,2947,8520885.34,131
2024,SC,420150,False,Sem exposicao TSB direta,2947,8163639.74,123
2024,PE,260500,False,Sem exposicao TSB direta,2940,8633966.870000001,94
2024,BA,291580,False,Sem exposicao TSB direta,2938,7298019.609999999,84
2024,TO,171190,False,Sem exposicao TSB direta,2938,10908429.48,109
2024,SP,350420,False,Sem exposicao TSB direta,2937,7893820.48,145
2024,BA,292150,False,Sem exposicao TSB direta,2935,13191221.63,84
2024,CE,230500,False,Sem exposicao TSB direta,2934,10391836.32,100
2024,BA,291190,False,Sem exposicao TSB direta,2928,7605193.66,80
2024,MT,510452,False,Sem exposicao TSB direta,2925,11801145.32,90
2024,CE,231300,False,Sem exposicao TSB direta,2920,4868235.93,68
2024,SC,420500,False,Sem exposicao TSB direta,2920,9210148.36,139
2024,PI,220550,False,Sem exposicao TSB direta,2919,7719785.44,97
2024,PA,150715,False,Sem exposicao TSB direta,2917,6729285.3,79
2024,MS,500375,False,Sem exposicao TSB direta,2915,8083868.57,109
2024,MS,500755,False,Sem exposicao TSB direta,2912,8676908.84,65
2024,SC,421730,False,Sem exposicao TSB direta,2912,10891885.57,107
2024,GO,520590,False,Sem exposicao TSB direta,2911,9069118.799999999,83
2024,MS,500345,False,Sem exposicao TSB direta,2909,7915145.71,104
2024,MG,313070,False,Sem exposicao TSB direta,2908,13700985.61,71
2024,PR,411575,False,Sem exposicao TSB direta,2908,7733082.05,98
2024,SP,355080,False,Sem exposicao TSB direta,2908,7319059.08,126
2024,MG,314090,False,Sem exposicao TSB direta,2903,6730284.66,112
2024,CE,230030,False,Sem exposicao TSB direta,2896,8995421.17,81
2024,PE,260280,False,Sem exposicao TSB direta,2896,10984747.39,87
2024,SP,354490,False,Sem exposicao TSB direta,2894,9055439.72,114
2024,PR,411910,False,Sem exposicao TSB direta,2891,10564087.71,112
2024,ES,320313,False,Sem exposicao TSB direta,2890,7984448.7299999995,135
2024,MG,313770,False,Sem exposicao TSB direta,2890,8542379.35,115
2024,BA,291680,False,Sem exposicao TSB direta,2887,5350451.12,76
2024,TO,170820,False,Sem exposicao TSB direta,2886,9741138.52,114
2024,BA,290690,False,Sem exposicao TSB direta,2885,5657270.01,73
2024,RN,240820,False,Sem exposicao TSB direta,2883,9108265.49,109
2024,PR,412340,False,Sem exposicao TSB direta,2881,7422003.32,127
2024,BA,290210,False,Sem exposicao TSB direta,2878,15928631.72,90
2024,RS,432195,False,Sem exposicao TSB direta,2877,8513244.73,90
2024,BA,290630,False,Sem exposicao TSB direta,2874,6452560.48,114
2024,TO,170700,False,Sem exposicao TSB direta,2874,8888463.89,127
2024,BA,291685,False,Sem exposicao TSB direta,2873,6500155.6899999995,82
2024,PR,412180,False,Sem exposicao TSB direta,2867,8809850.89,111
2024,RS,431460,False,Sem exposicao TSB direta,2865,8928555.19,104
2024,SC,420455,False,Sem exposicao TSB direta,2865,7942608.63,129
2024,MG,314870,False,Sem exposicao TSB direta,2863,7943113.96,90
2024,BA,291730,False,Sem exposicao TSB direta,2862,4022602.48,110
2024,PE,260845,False,Sem exposicao TSB direta,2860,4869712.600000001,83
2024,SP,355360,False,Sem exposicao TSB direta,2860,8194516.51,115
2024,SP,354180,False,Sem exposicao TSB direta,2859,8886438.45,37
2024,PR,410190,False,Sem exposicao TSB direta,2856,6903077.75,136
2024,SP,355110,False,Sem exposicao TSB direta,2856,7318190.59,102
2024,AC,120038,False,Sem exposicao TSB direta,2855,6715337.4,50
2024,SC,420220,False,Sem exposicao TSB direta,2849,9337301.13,100
2024,BA,291650,False,Sem exposicao TSB direta,2847,10326999.75,67
2024,RS,430010,False,Sem exposicao TSB direta,2845,9012126.98,121
2024,SP,355190,False,Sem exposicao TSB direta,2841,6734922.82,91
2024,MT,510610,False,Sem exposicao TSB direta,2839,10308286.61,84
2024,SC,420170,False,Sem exposicao TSB direta,2837,8930860.16,118
2024,MG,313330,False,Sem exposicao TSB direta,2834,6954399.69,118
2024,AL,270060,False,Sem exposicao TSB direta,2827,6410546.74,73
2024,MG,311180,False,Sem exposicao TSB direta,2827,10024209.69,92
2024,CE,231030,False,Sem exposicao TSB direta,2825,5021685.57,42
2024,MG,310800,False,Sem exposicao TSB direta,2824,6790929.26,122
2024,PR,410280,False,Sem exposicao TSB direta,2824,7575209.67,124
2024,SP,350115,False,Sem exposicao TSB direta,2822,11065726.68,91
2024,PA,150405,False,Sem exposicao TSB direta,2821,10258546.2,91
2024,CE,230850,False,Sem exposicao TSB direta,2818,7108714.279999999,93
2024,MG,312400,False,Sem exposicao TSB direta,2818,6627822.029999999,119
2024,SP,353400,False,Sem exposicao TSB direta,2818,9263470.86,56
2024,SP,353560,False,Sem exposicao TSB direta,2818,8274452.93,117
2024,PR,410620,False,Sem exposicao TSB direta,2815,9180778.040000001,148
2024,PA,150320,False,Sem exposicao TSB direta,2812,6167022.57,81
2024,SC,421510,False,Sem exposicao TSB direta,2812,8462705.08,131
2024,MG,310300,False,Sem exposicao TSB direta,2811,9325974.76,62
2024,RS,432070,False,Sem exposicao TSB direta,2809,7928327.14,151
2024,BA,291160,False,Sem exposicao TSB direta,2803,7132093.920000001,97
2024,SP,352130,False,Sem exposicao TSB direta,2803,8255839.22,100
2024,BA,292360,False,Sem exposicao TSB direta,2802,4003678.86,103
2024,MT,510558,False,Sem exposicao TSB direta,2800,7963592.12,95
2024,MA,211070,False,Sem exposicao TSB direta,2797,2635273.56,78
2024,SP,353750,False,Sem exposicao TSB direta,2797,7625291.11,84
2024,SP,354430,False,Sem exposicao TSB direta,2797,8389033.040000001,94
2024,RS,430190,False,Sem exposicao TSB direta,2796,7521247.53,107
2024,RS,430130,False,Sem exposicao TSB direta,2790,9424480.54,131
2024,SP,350370,False,Sem exposicao TSB direta,2786,10549520.71,80
2024,BA,292820,False,Sem exposicao TSB direta,2782,6386469.37,89
2024,PR,412380,False,Sem exposicao TSB direta,2776,8130081.83,118
2024,SP,353940,False,Sem exposicao TSB direta,2774,7863305.83,142
2024,PB,251210,False,Sem exposicao TSB direta,2771,9336471.32,120
2024,ES,320435,False,Sem exposicao TSB direta,2769,8104456.96,113
2024,RS,431580,False,Sem exposicao TSB direta,2769,8156277.32,116
2024,AL,270235,False,Sem exposicao TSB direta,2768,10773923.18,64
2024,PR,411620,False,Sem exposicao TSB direta,2764,8556369.24,130
2024,PR,411810,False,Sem exposicao TSB direta,2762,9467414.450000001,101
2024,SP,351480,False,Sem exposicao TSB direta,2759,6647684.51,77
2024,MG,314220,False,Sem exposicao TSB direta,2758,6854498.71,107
2024,MG,311270,False,Sem exposicao TSB direta,2755,7757821.91,67
2024,PA,150050,False,Sem exposicao TSB direta,2751,13906167.120000001,86
2024,GO,520430,False,Sem exposicao TSB direta,2748,8459920.42,125
2024,RO,110033,False,Sem exposicao TSB direta,2747,7567274.75,95
2024,TO,172120,False,Sem exposicao TSB direta,2746,8739738.88,88
2024,BA,292170,False,Sem exposicao TSB direta,2745,8387686.09,106
2024,MA,211200,False,Sem exposicao TSB direta,2745,8099468.06,51
2024,PE,260560,False,Sem exposicao TSB direta,2745,2936992.5799999996,58
2024,PA,150548,False,Sem exposicao TSB direta,2740,8560466.73,86
2024,MA,211260,False,Sem exposicao TSB direta,2739,7112537.5,54
2024,GO,522205,False,Sem exposicao TSB direta,2736,10086128.5,79
2024,RJ,330412,False,Sem exposicao TSB direta,2730,7018022.77,88
2024,RN,240610,False,Sem exposicao TSB direta,2729,6406300.7700000005,88
2024,SP,352610,False,Sem exposicao TSB direta,2729,7177195.78,109
2024,SP,351360,False,Sem exposicao TSB direta,2728,7643934.0200000005,130
2024,BA,292110,False,Sem exposicao TSB direta,2726,7642909.08,99
2024,SP,353900,False,Sem exposicao TSB direta,2724,8580085.65,106
2024,MT,510680,False,Sem exposicao TSB direta,2720,10450564.540000001,85
2024,SP,352000,False,Sem exposicao TSB direta,2713,8056704.319999999,118
2024,BA,291535,False,Sem exposicao TSB direta,2712,2860438.01,39
2024,PR,410310,False,Sem exposicao TSB direta,2710,7280113.22,100
2024,MG,315400,False,Sem exposicao TSB direta,2707,7525951.22,143
2024,BA,290110,False,Sem exposicao TSB direta,2705,8616624.540000001,96
2024,MG,314350,False,Sem exposicao TSB direta,2703,8183322.78,99
2024,SC,420640,False,Sem exposicao TSB direta,2703,8720475.53,131
2024,MA,210570,False,Sem exposicao TSB direta,2699,3770821.62,101
2024,BA,292070,False,Sem exposicao TSB direta,2694,6478334.99,102
2024,SP,352550,False,Sem exposicao TSB direta,2687,6977423.06,121
2024,MG,310690,False,Sem exposicao TSB direta,2686,5644653.069999999,133
2024,AM,130030,False,Sem exposicao TSB direta,2682,10641202.35,40
2024,MG,311150,False,Sem exposicao TSB direta,2680,8360801.95,119
2024,SP,353610,False,Sem exposicao TSB direta,2676,7865205.85,88
2024,MG,316100,False,Sem exposicao TSB direta,2674,6399733.76,134
2024,ES,320517,False,Sem exposicao TSB direta,2665,7015573.16,101
2024,AM,130380,False,Sem exposicao TSB direta,2662,4170623.0700000003,47
2024,MA,210203,False,Sem exposicao TSB direta,2660,4563657.42,54
2024,PA,150295,False,Sem exposicao TSB direta,2660,7092932.79,68
2024,MG,311690,False,Sem exposicao TSB direta,2659,7146127.97,31
2024,PR,410930,False,Sem exposicao TSB direta,2658,8312351.37,135
2024,AC,120025,False,Sem exposicao TSB direta,2657,8784953.23,98
2024,MG,315570,False,Sem exposicao TSB direta,2655,8498194.66,90
2024,RS,432100,False,Sem exposicao TSB direta,2655,10636994.73,131
2024,MA,210047,False,Sem exposicao TSB direta,2654,7174817.42,23
2024,MG,310230,False,Sem exposicao TSB direta,2654,7435054.2,108
2024,AM,130080,False,Sem exposicao TSB direta,2652,7655891.890000001,33
2024,PI,220570,False,Sem exposicao TSB direta,2651,6878983.95,88
2024,GO,520390,False,Sem exposicao TSB direta,2649,7270226.16,97
2024,SP,354120,False,Sem exposicao TSB direta,2649,9727591.56,99
2024,SP,351940,False,Sem exposicao TSB direta,2645,7820145.4,103
2024,PR,412760,False,Sem exposicao TSB direta,2642,7975380.63,120
2024,AP,160027,False,Sem exposicao TSB direta,2641,12175884.01,101
2024,PA,150304,False,Sem exposicao TSB direta,2641,6108481.890000001,53
2024,PE,260900,False,Sem exposicao TSB direta,2639,5200093.34,85
2024,RN,240830,False,Sem exposicao TSB direta,2635,7658438.68,106
2024,PE,260610,False,Sem exposicao TSB direta,2632,8858817.79,93
2024,SC,421230,False,Sem exposicao TSB direta,2632,8181466.64,108
2024,BA,292905,False,Sem exposicao TSB direta,2629,6735540.34,84
2024,PR,410470,False,Sem exposicao TSB direta,2628,6850326.32,126
2024,MA,211400,False,Sem exposicao TSB direta,2626,7680236.3100000005,83
2024,SC,420270,False,Sem exposicao TSB direta,2626,11577615.7,72
2024,GO,521550,False,Sem exposicao TSB direta,2624,11987046.43,77
2024,SC,420440,False,Sem exposicao TSB direta,2623,7727928.18,124
2024,ES,320210,False,Sem exposicao TSB direta,2617,7958484.1899999995,106
2024,RO,110006,False,Sem exposicao TSB direta,2615,7511605.95,139
2024,RS,430600,False,Sem exposicao TSB direta,2612,7340811.31,132
2024,SP,354425,False,Sem exposicao TSB direta,2612,9688952.46,115
2024,BA,291450,False,Sem exposicao TSB direta,2611,7455752.96,90
2024,MG,312670,False,Sem exposicao TSB direta,2610,6773428.93,101
2024,PB,250680,False,Sem exposicao TSB direta,2610,5040534.26,60
2024,PR,411390,False,Sem exposicao TSB direta,2609,7275777.159999999,109
2024,SP,350440,False,Sem exposicao TSB direta,2609,9909388.27,76
2024,PR,411240,False,Sem exposicao TSB direta,2604,7966597.38,106
2024,RS,431514,False,Sem exposicao TSB direta,2598,8058890.24,71
2024,MG,312820,False,Sem exposicao TSB direta,2596,6039332.870000001,75
2024,AC,120060,False,Sem exposicao TSB direta,2594,8840268.06,87
2024,MG,313460,False,Sem exposicao TSB direta,2591,7165078.22,130
2024,PA,150309,False,Sem exposicao TSB direta,2589,10761476.49,88
2024,CE,231320,False,Sem exposicao TSB direta,2583,4176902.9,34
2024,MG,312570,False,Sem exposicao TSB direta,2582,6993819.15,105
2024,BA,290780,False,Sem exposicao TSB direta,2580,9889575.73,94
2024,GO,520840,False,Sem exposicao TSB direta,2580,7242334.81,107
2024,RJ,330440,False,Sem exposicao TSB direta,2579,14017197.049999999,87
2024,MG,311400,False,Sem exposicao TSB direta,2578,7527319.01,99
2024,PE,261360,False,Sem exposicao TSB direta,2577,7288611.72,122
2024,SC,420190,False,Sem exposicao TSB direta,2572,9508657.56,90
2024,MS,500150,False,Sem exposicao TSB direta,2567,7690581.41,90
2024,PE,261050,False,Sem exposicao TSB direta,2567,2157561.67,77
2024,SP,350480,False,Sem exposicao TSB direta,2566,7947866.16,101
2024,MG,311780,False,Sem exposicao TSB direta,2565,5999648.39,101
2024,PE,260545,False,Sem exposicao TSB direta,2565,7035802.73,67
2024,PB,250860,False,Sem exposicao TSB direta,2564,5285476.35,55
2024,RS,431650,False,Sem exposicao TSB direta,2564,9137021.33,100
2024,BA,290280,False,Sem exposicao TSB direta,2561,6831127.66,109
2024,BA,292500,False,Sem exposicao TSB direta,2561,5649487.930000001,76
2024,TO,170220,False,Sem exposicao TSB direta,2560,7656563.79,105
2024,PE,260050,False,Sem exposicao TSB direta,2559,7249345.25,82
2024,BA,292250,False,Sem exposicao TSB direta,2556,8905527.0,104
2024,MG,310855,False,Sem exposicao TSB direta,2551,7004959.39,121
2024,MG,311410,False,Sem exposicao TSB direta,2549,5977806.24,126
2024,BA,290960,False,Sem exposicao TSB direta,2545,18603103.459999997,41
2024,RJ,330310,False,Sem exposicao TSB direta,2544,7001695.01,109
2024,TO,171320,False,Sem exposicao TSB direta,2544,7288872.1,111
2024,GO,521090,False,Sem exposicao TSB direta,2541,7262627.16,116
2024,MG,310840,False,Sem exposicao TSB direta,2541,6001901.79,126
2024,GO,520425,False,Sem exposicao TSB direta,2530,9613133.26,73
2024,PA,150619,False,Sem exposicao TSB direta,2528,8517456.17,77
2024,GO,520005,False,Sem exposicao TSB direta,2527,6676534.9799999995,136
2024,MA,210850,False,Sem exposicao TSB direta,2527,7904389.71,57
2024,PA,150350,False,Sem exposicao TSB direta,2527,6200071.06,36
2024,MT,510885,False,Sem exposicao TSB direta,2518,9029116.0,50
2024,AM,130270,False,Sem exposicao TSB direta,2517,3640077.36,87
2024,SE,280440,False,Sem exposicao TSB direta,2515,6942106.26,84
2024,PR,410390,False,Sem exposicao TSB direta,2513,6929371.86,109
2024,RJ,330205,False,Sem exposicao TSB direta,2513,6749946.5600000005,93
2024,AC,120030,False,Sem exposicao TSB direta,2509,6615516.47,72
2024,MT,510623,False,Sem exposicao TSB direta,2508,7397517.5,102
2024,MG,311455,False,Sem exposicao TSB direta,2505,8325124.66,77
2024,CE,230860,False,Sem exposicao TSB direta,2500,4916442.83,42
2024,SC,421840,False,Sem exposicao TSB direta,2500,8338275.04,103
2024,BA,292230,False,Sem exposicao TSB direta,2497,6395485.26,110
2024,SP,350870,False,Sem exposicao TSB direta,2497,7276416.43,116
2024,BA,292710,False,Sem exposicao TSB direta,2494,883007.36,28
2024,SP,352280,False,Sem exposicao TSB direta,2489,6624195.06,107
2024,BA,291970,False,Sem exposicao TSB direta,2485,5349743.87,56
2024,MT,510621,False,Sem exposicao TSB direta,2485,7491570.24,93
2024,MT,510677,False,Sem exposicao TSB direta,2484,9452238.22,86
2024,MT,510370,False,Sem exposicao TSB direta,2482,8671797.48,82
2024,MG,316710,False,Sem exposicao TSB direta,2481,6218440.78,109
2024,PE,260160,False,Sem exposicao TSB direta,2481,6870989.67,61
2024,SP,354600,False,Sem exposicao TSB direta,2481,6769927.88,98
2024,SP,352700,False,Sem exposicao TSB direta,2477,7607224.53,99
2024,RS,430530,False,Sem exposicao TSB direta,2473,7515182.7299999995,118
2024,PR,410750,False,Sem exposicao TSB direta,2470,7354194.44,131
2024,PR,412870,False,Sem exposicao TSB direta,2470,7981083.08,113
2024,MG,316270,False,Sem exposicao TSB direta,2469,5688811.46,103
2024,MG,312970,False,Sem exposicao TSB direta,2464,6695947.7,97
2024,MG,313690,False,Sem exposicao TSB direta,2464,5923608.7,102
2024,MA,211110,False,Sem exposicao TSB direta,2462,6927133.66,112
2024,BA,292960,False,Sem exposicao TSB direta,2460,5904332.2,83
2024,PB,251600,False,Sem exposicao TSB direta,2460,7211199.819999999,98
2024,MG,313090,False,Sem exposicao TSB direta,2458,6949885.7,132
2024,PR,411050,False,Sem exposicao TSB direta,2453,7528421.11,109
2024,MG,312810,False,Sem exposicao TSB direta,2451,6400474.2,126
2024,PB,251610,False,Sem exposicao TSB direta,2446,4025833.89,61
2024,SC,421340,False,Sem exposicao TSB direta,2446,7307114.6,115
2024,SC,421530,False,Sem exposicao TSB direta,2446,8398692.47,105
2024,MT,510310,False,Sem exposicao TSB direta,2444,9624920.03,62
2024,RJ,330410,False,Sem exposicao TSB direta,2443,7007094.45,96
2024,SP,355720,False,Sem exposicao TSB direta,2441,7373076.07,95
2024,BA,293210,False,Sem exposicao TSB direta,2439,8346602.2,78
2024,MG,313862,False,Sem exposicao TSB direta,2439,9851498.26,74
2024,MS,500200,False,Sem exposicao TSB direta,2439,6984608.29,86
2024,PR,412853,False,Sem exposicao TSB direta,2432,7108074.4399999995,65
2024,SC,420435,False,Sem exposicao TSB direta,2432,9122953.57,104
2024,BA,291280,False,Sem exposicao TSB direta,2430,6762253.5,59
2024,RN,240450,False,Sem exposicao TSB direta,2430,17171824.19,78
2024,SE,280490,False,Sem exposicao TSB direta,2426,5331463.399999999,36
2024,SP,351450,False,Sem exposicao TSB direta,2423,7237171.33,119
2024,PR,412520,False,Sem exposicao TSB direta,2422,7031603.21,119
2024,RS,430105,False,Sem exposicao TSB direta,2421,6751367.67,102
2024,BA,293280,False,Sem exposicao TSB direta,2418,6635598.57,59
2024,SE,280560,False,Sem exposicao TSB direta,2418,6300406.58,60
2024,MG,315170,False,Sem exposicao TSB direta,2416,6252038.12,119
2024,CE,230270,False,Sem exposicao TSB direta,2415,5460248.21,65
2024,SC,420350,False,Sem exposicao TSB direta,2415,7209963.47,116
2024,SE,280760,False,Sem exposicao TSB direta,2414,8517147.34,98
2024,PR,410260,False,Sem exposicao TSB direta,2410,6644842.86,131
2024,MA,211300,False,Sem exposicao TSB direta,2405,2334120.62,61
2024,SE,280550,False,Sem exposicao TSB direta,2405,7206284.05,79
2024,CE,231310,False,Sem exposicao TSB direta,2404,7974923.58,100
2024,SP,354290,False,Sem exposicao TSB direta,2402,6525156.36,110
2024,SE,280460,False,Sem exposicao TSB direta,2397,8046498.25,110
2024,MG,315130,False,Sem exposicao TSB direta,2395,5781188.83,122
2024,MS,500580,False,Sem exposicao TSB direta,2395,5477247.42,71
2024,MT,510385,False,Sem exposicao TSB direta,2394,8372010.39,88
2024,MG,310410,False,Sem exposicao TSB direta,2389,7703135.95,111
2024,TO,170255,False,Sem exposicao TSB direta,2389,5296643.51,96
2024,AM,130068,False,Sem exposicao TSB direta,2388,5268767.140000001,21
2024,SP,354570,False,Sem exposicao TSB direta,2386,8921203.42,68
2024,RS,430087,False,Sem exposicao TSB direta,2385,7367983.31,92
2024,GO,520740,False,Sem exposicao TSB direta,2375,8241020.66,115
2024,SP,351720,False,Sem exposicao TSB direta,2375,7923009.21,85
2024,GO,520490,False,Sem exposicao TSB direta,2371,5915320.67,122
2024,SC,420870,False,Sem exposicao TSB direta,2369,8595216.64,103
2024,RJ,330093,False,Sem exposicao TSB direta,2367,8407169.84,82
2024,MG,310450,False,Sem exposicao TSB direta,2364,8163744.9799999995,113
2024,PB,250910,False,Sem exposicao TSB direta,2364,5364349.260000001,63
2024,ES,320100,False,Sem exposicao TSB direta,2363,6787463.9799999995,106
2024,MG,313580,False,Sem exposicao TSB direta,2363,5588732.56,101
2024,MG,312120,False,Sem exposicao TSB direta,2362,6242638.12,79
2024,AL,270740,False,Sem exposicao TSB direta,2361,5097932.01,57
2024,BA,290890,False,Sem exposicao TSB direta,2361,6955486.22,97
2024,PE,260300,False,Sem exposicao TSB direta,2361,8379831.2299999995,88
2024,PR,411980,False,Sem exposicao TSB direta,2359,7177046.62,108
2024,PR,412200,False,Sem exposicao TSB direta,2359,8516604.31,101
2024,PE,260420,False,Sem exposicao TSB direta,2357,5627972.35,71
2024,RS,431675,False,Sem exposicao TSB direta,2357,6804682.89,94
2024,SP,355255,False,Sem exposicao TSB direta,2356,7236948.8,35
2024,PR,410060,False,Sem exposicao TSB direta,2355,6250366.18,127
2024,AL,270420,False,Sem exposicao TSB direta,2353,5438595.81,77
2024,SP,353320,False,Sem exposicao TSB direta,2353,10355710.88,51
2024,PA,150660,False,Sem exposicao TSB direta,2352,6922738.28,101
2024,MG,315490,False,Sem exposicao TSB direta,2350,5293708.15,116
2024,RS,431442,False,Sem exposicao TSB direta,2347,7932256.09,85
2024,SP,354500,False,Sem exposicao TSB direta,2346,5876402.2700000005,96
2024,RS,432110,False,Sem exposicao TSB direta,2341,6703297.55,116
2024,MG,311770,False,Sem exposicao TSB direta,2339,5638200.67,100
2024,PI,220790,False,Sem exposicao TSB direta,2339,8159943.649999999,105
2024,SP,353490,False,Sem exposicao TSB direta,2338,9672362.58,81
2024,AL,270880,False,Sem exposicao TSB direta,2334,6444377.69,87
2024,RS,431940,False,Sem exposicao TSB direta,2333,6288768.680000001,124
2024,CE,230495,False,Sem exposicao TSB direta,2331,6395620.78,66
2024,CE,230445,False,Sem exposicao TSB direta,2330,5589242.5600000005,73
2024,MT,510305,False,Sem exposicao TSB direta,2327,8007448.98,103
2024,MG,316810,False,Sem exposicao TSB direta,2326,11437331.26,53
2024,RS,430965,False,Sem exposicao TSB direta,2326,8615534.950000001,46
2024,BA,291710,False,Sem exposicao TSB direta,2322,4630267.81,85
2024,PR,412000,False,Sem exposicao TSB direta,2321,5345053.53,106
2024,BA,293015,False,Sem exposicao TSB direta,2315,6858327.760000001,79
2024,SP,351760,False,Sem exposicao TSB direta,2313,6054653.72,84
2024,CE,231395,False,Sem exposicao TSB direta,2312,5535798.22,79
2024,RS,432143,False,Sem exposicao TSB direta,2312,5762861.2299999995,108
2024,GO,521280,False,Sem exposicao TSB direta,2305,8568430.73,106
2024,MG,313740,False,Sem exposicao TSB direta,2304,6102149.12,101
2024,MG,314450,False,Sem exposicao TSB direta,2304,7734695.11,87
2024,PB,250830,False,Sem exposicao TSB direta,2304,5746161.91,97
2024,PA,150820,False,Sem exposicao TSB direta,2303,7999014.85,80
2024,MG,315430,False,Sem exposicao TSB direta,2297,6492204.66,117
2024,MG,310990,False,Sem exposicao TSB direta,2295,6062057.82,103
2024,MG,314180,False,Sem exposicao TSB direta,2294,7514523.22,101
2024,BA,290990,False,Sem exposicao TSB direta,2293,9865505.34,81
2024,MG,311030,False,Sem exposicao TSB direta,2292,8365388.61,134
2024,PE,260515,False,Sem exposicao TSB direta,2289,6261778.45,74
2024,RJ,330245,False,Sem exposicao TSB direta,2289,5815713.84,75
2024,MG,314015,False,Sem exposicao TSB direta,2287,4963917.4,98
2024,PA,150790,False,Sem exposicao TSB direta,2283,5197097.600000001,55
2024,SP,355470,False,Sem exposicao TSB direta,2283,6213712.29,110
2024,RS,430435,False,Sem exposicao TSB direta,2281,9023291.98,95
2024,PA,150445,False,Sem exposicao TSB direta,2277,6365451.82,71
2024,BA,291210,False,Sem exposicao TSB direta,2276,5053170.4399999995,87
2024,PE,260460,False,Sem exposicao TSB direta,2276,5853425.87,92
2024,SP,353570,False,Sem exposicao TSB direta,2276,9408453.48,73
2024,PR,412150,False,Sem exposicao TSB direta,2274,6569451.97,127
2024,MG,312200,False,Sem exposicao TSB direta,2273,5256870.59,113
2024,PA,150440,False,Sem exposicao TSB direta,2273,1283499.04,51
2024,BA,291810,False,Sem exposicao TSB direta,2265,8834056.97,87
2024,AM,130300,False,Sem exposicao TSB direta,2264,3950809.19,24
2024,ES,320335,False,Sem exposicao TSB direta,2264,6199339.26,109
2024,GO,521973,False,Sem exposicao TSB direta,2264,10148414.02,132
2024,RS,431260,False,Sem exposicao TSB direta,2263,6166790.99,75
2024,RS,431162,False,Sem exposicao TSB direta,2262,6980358.58,59
2024,SP,353820,False,Sem exposicao TSB direta,2260,6161321.69,133
2024,PA,150635,False,Sem exposicao TSB direta,2259,6016320.73,63
2024,PR,411450,False,Sem exposicao TSB direta,2256,8169896.54,118
2024,MA,210220,False,Sem exposicao TSB direta,2255,1423395.26,33
2024,MA,211280,False,Sem exposicao TSB direta,2251,9959322.9,82
2024,RS,430543,False,Sem exposicao TSB direta,2251,5669156.64,96
2024,SP,351460,False,Sem exposicao TSB direta,2251,8332896.12,90
2024,SP,351925,False,Sem exposicao TSB direta,2249,8989438.13,49
2024,ES,320290,False,Sem exposicao TSB direta,2248,7434330.26,85
2024,SP,355385,False,Sem exposicao TSB direta,2248,7022093.7,66
2024,MG,312760,False,Sem exposicao TSB direta,2247,4930625.27,99
2024,AL,270870,False,Sem exposicao TSB direta,2246,5795883.99,53
2024,RJ,330180,False,Sem exposicao TSB direta,2246,5794718.21,80
2024,SP,354250,False,Sem exposicao TSB direta,2246,7821381.279999999,63
2024,RS,431810,False,Sem exposicao TSB direta,2245,7088352.15,101
2024,RJ,330570,False,Sem exposicao TSB direta,2242,7410494.86,75
2024,BA,291550,False,Sem exposicao TSB direta,2240,5219017.7700000005,74
2024,MG,313400,False,Sem exposicao TSB direta,2240,9736307.85,69
2024,PR,411400,False,Sem exposicao TSB direta,2234,7819888.63,107
2024,PB,250030,False,Sem exposicao TSB direta,2229,8626701.64,73
2024,SC,420950,False,Sem exposicao TSB direta,2227,7931493.55,122
2024,MG,310970,False,Sem exposicao TSB direta,2226,6087332.84,98
2024,MT,510060,False,Sem exposicao TSB direta,2226,8556132.25,99
2024,BA,290135,False,Sem exposicao TSB direta,2225,10236389.19,58
2024,PA,150720,False,Sem exposicao TSB direta,2225,6129785.84,46
2024,SC,421040,False,Sem exposicao TSB direta,2224,6850104.53,92
2024,SP,354380,False,Sem exposicao TSB direta,2224,7300638.74,96
2024,MT,510517,False,Sem exposicao TSB direta,2223,7619932.28,89
2024,MG,316180,False,Sem exposicao TSB direta,2221,6029274.59,117
2024,RS,430570,False,Sem exposicao TSB direta,2220,8171296.74,85
2024,GO,521860,False,Sem exposicao TSB direta,2216,6367406.67,127
2024,GO,520551,False,Sem exposicao TSB direta,2215,6151175.5200000005,105
2024,MT,510615,False,Sem exposicao TSB direta,2214,7621484.41,97
2024,PR,410700,False,Sem exposicao TSB direta,2212,5677263.58,91
2024,RS,430545,False,Sem exposicao TSB direta,2209,6504953.17,98
2024,MA,210945,False,Sem exposicao TSB direta,2208,4686858.04,86
2024,PE,260040,False,Sem exposicao TSB direta,2206,6348915.26,64
2024,PA,150276,False,Sem exposicao TSB direta,2204,7923589.92,38
2024,PR,411722,False,Sem exposicao TSB direta,2202,7062331.08,112
2024,MG,310430,False,Sem exposicao TSB direta,2200,5935434.99,131
2024,SC,421860,False,Sem exposicao TSB direta,2200,8898710.72,113
2024,PA,150630,False,Sem exposicao TSB direta,2199,806415.4,49
2024,SP,355260,False,Sem exposicao TSB direta,2194,6170062.45,92
2024,MA,211210,False,Sem exposicao TSB direta,2189,4056982.04,39
2024,SC,420610,False,Sem exposicao TSB direta,2188,6602344.56,93
2024,GO,520060,False,Sem exposicao TSB direta,2185,5773649.75,108
2024,BA,292640,False,Sem exposicao TSB direta,2183,4903539.2299999995,73
2024,CE,230435,False,Sem exposicao TSB direta,2182,5598473.41,80
2024,SP,351885,False,Sem exposicao TSB direta,2180,4963511.609999999,67
2024,SP,352042,False,Sem exposicao TSB direta,2180,7373790.6,88
2024,MA,210100,False,Sem exposicao TSB direta,2179,4756444.7,63
2024,SP,355180,False,Sem exposicao TSB direta,2178,5601240.24,77
2024,PR,412667,False,Sem exposicao TSB direta,2176,6074890.98,104
2024,PE,260030,False,Sem exposicao TSB direta,2175,6527146.4,98
2024,BA,292120,False,Sem exposicao TSB direta,2170,7806291.0200000005,90
2024,RS,430580,False,Sem exposicao TSB direta,2170,7072847.17,129
2024,AL,270100,False,Sem exposicao TSB direta,2167,5926540.78,75
2024,SC,421890,False,Sem exposicao TSB direta,2166,6371428.7,122
2024,RS,432340,False,Sem exposicao TSB direta,2162,7422532.1,97
2024,SC,420780,False,Sem exposicao TSB direta,2162,6489414.03,116
2024,MT,510735,False,Sem exposicao TSB direta,2159,7942410.33,50
2024,RS,431270,False,Sem exposicao TSB direta,2158,6646036.12,130
2024,MG,310280,False,Sem exposicao TSB direta,2156,5110916.17,100
2024,PI,220830,False,Sem exposicao TSB direta,2154,6212700.2,115
2024,RO,110014,False,Sem exposicao TSB direta,2151,6594011.09,108
2024,AL,270840,False,Sem exposicao TSB direta,2147,8248646.180000001,64
2024,AL,270920,False,Sem exposicao TSB direta,2146,4116308.5300000003,27
2024,SC,420260,False,Sem exposicao TSB direta,2145,6068788.03,109
2024,AP,160053,False,Sem exposicao TSB direta,2144,7191352.43,59
2024,SC,420070,False,Sem exposicao TSB direta,2144,4989056.2,112
2024,SP,351320,False,Sem exposicao TSB direta,2140,5895956.279999999,96
2024,MG,314630,False,Sem exposicao TSB direta,2138,5021558.18,85
2024,MG,312450,False,Sem exposicao TSB direta,2136,6657095.12,95
2024,CE,230070,False,Sem exposicao TSB direta,2135,4406352.51,47
2024,CE,230800,False,Sem exposicao TSB direta,2133,8718020.21,70
2024,SC,421105,False,Sem exposicao TSB direta,2130,4948645.74,91
2024,PA,150145,False,Sem exposicao TSB direta,2129,5425173.78,57
2024,BA,292970,False,Sem exposicao TSB direta,2128,6144728.02,56
2024,MA,211150,False,Sem exposicao TSB direta,2127,6078154.76,79
2024,SP,355730,False,Sem exposicao TSB direta,2127,6655501.28,92
2024,BA,293230,False,Sem exposicao TSB direta,2126,5123034.62,83
2024,PR,411890,False,Sem exposicao TSB direta,2126,5694130.16,119
2024,PI,221000,False,Sem exposicao TSB direta,2124,6729991.1899999995,98
2024,RO,110149,False,Sem exposicao TSB direta,2124,7236923.21,100
2024,PE,260730,False,Sem exposicao TSB direta,2122,4585108.64,51
2024,ES,320370,False,Sem exposicao TSB direta,2121,7770008.500000001,103
2024,SP,352860,False,Sem exposicao TSB direta,2121,5448920.25,101
2024,SE,280600,False,Sem exposicao TSB direta,2120,5898419.68,100
2024,CE,231050,False,Sem exposicao TSB direta,2118,8615839.39,74
2024,MG,310030,False,Sem exposicao TSB direta,2118,4895090.25,109
2024,MG,313050,False,Sem exposicao TSB direta,2116,4965916.44,103
2024,MA,210060,False,Sem exposicao TSB direta,2112,5359552.659999999,56
2024,MS,500124,False,Sem exposicao TSB direta,2109,6505475.31,65
2024,RJ,330115,False,Sem exposicao TSB direta,2109,5280748.08,88
2024,MS,500348,False,Sem exposicao TSB direta,2105,6438504.24,71
2024,ES,320495,False,Sem exposicao TSB direta,2102,5347290.28,87
2024,PA,150290,False,Sem exposicao TSB direta,2097,8065452.7700000005,59
2024,SC,420765,False,Sem exposicao TSB direta,2097,7016797.42,135
2024,SE,280067,False,Sem exposicao TSB direta,2097,7242790.05,88
2024,MG,312700,False,Sem exposicao TSB direta,2096,5811480.07,99
2024,CE,230750,False,Sem exposicao TSB direta,2095,7074133.7,50
2024,MG,316500,False,Sem exposicao TSB direta,2095,4983486.65,105
2024,AM,130160,False,Sem exposicao TSB direta,2091,871877.31,21
2024,PB,250250,False,Sem exposicao TSB direta,2090,5015071.3100000005,65
2024,PI,220230,False,Sem exposicao TSB direta,2090,5563963.21,85
2024,MS,500525,False,Sem exposicao TSB direta,2089,7690447.49,62
2024,GO,521230,False,Sem exposicao TSB direta,2088,6262302.67,78
2024,RR,140045,False,Sem exposicao TSB direta,2085,4077640.5999999996,50
2024,PR,411610,False,Sem exposicao TSB direta,2084,6199897.21,92
2024,BA,291630,False,Sem exposicao TSB direta,2080,3704879.62,34
2024,PR,411725,False,Sem exposicao TSB direta,2080,6072158.23,119
2024,BA,290120,False,Sem exposicao TSB direta,2079,1327285.87,74
2024,PI,221130,False,Sem exposicao TSB direta,2079,5397672.22,107
2024,RR,140040,False,Sem exposicao TSB direta,2078,2781121.3200000003,18
2024,AL,270710,False,Sem exposicao TSB direta,2073,6534055.149999999,73
2024,BA,291130,False,Sem exposicao TSB direta,2073,7929045.010000001,34
2024,PR,410850,False,Sem exposicao TSB direta,2073,5462480.08,98
2024,PR,412796,False,Sem exposicao TSB direta,2072,6049048.99,106
2024,CE,230890,False,Sem exposicao TSB direta,2070,4908689.850000001,43
2024,SC,420207,False,Sem exposicao TSB direta,2067,6186412.24,101
2024,SE,280610,False,Sem exposicao TSB direta,2067,10861452.38,45
2024,SC,420040,False,Sem exposicao TSB direta,2065,7363883.38,90
2024,MT,510895,False,Sem exposicao TSB direta,2062,6875665.17,91
2024,RS,430905,False,Sem exposicao TSB direta,2060,7150984.819999999,103
2024,SE,280170,False,Sem exposicao TSB direta,2059,4312750.100000001,55
2024,BA,292650,False,Sem exposicao TSB direta,2056,5493936.82,29
2024,RS,431365,False,Sem exposicao TSB direta,2056,6416725.6,97
2024,BA,290830,False,Sem exposicao TSB direta,2054,5249485.22,87
2024,SE,280330,False,Sem exposicao TSB direta,2054,11806794.27,63
2024,AL,270520,False,Sem exposicao TSB direta,2050,1628264.7,66
2024,MG,313810,False,Sem exposicao TSB direta,2049,5305584.17,59
2024,CE,230830,False,Sem exposicao TSB direta,2048,6313214.169999999,68
2024,RS,430755,False,Sem exposicao TSB direta,2048,8545091.26,103
2024,SP,354190,False,Sem exposicao TSB direta,2048,5610122.33,70
2024,SP,354515,False,Sem exposicao TSB direta,2048,7755203.46,119
2024,SP,350690,False,Sem exposicao TSB direta,2046,6865693.71,94
2024,RJ,330015,False,Sem exposicao TSB direta,2045,6096309.680000001,91
2024,BA,290860,False,Sem exposicao TSB direta,2044,8420308.83,68
2024,MT,510779,False,Sem exposicao TSB direta,2044,8770451.13,53
2024,PB,250040,False,Sem exposicao TSB direta,2043,4869014.69,52
2024,PB,250690,False,Sem exposicao TSB direta,2043,6419291.45,90
2024,MG,312780,False,Sem exposicao TSB direta,2041,4990351.359999999,66
2024,RS,430120,False,Sem exposicao TSB direta,2039,5479025.8,110
2024,SP,352110,False,Sem exposicao TSB direta,2038,6912847.19,75
2024,GO,522000,False,Sem exposicao TSB direta,2037,6591733.45,87
2024,RS,430290,False,Sem exposicao TSB direta,2037,4677679.22,96
2024,MG,314770,False,Sem exposicao TSB direta,2034,5708800.3,89
2024,AM,130356,False,Sem exposicao TSB direta,2033,6157287.03,87
2024,PE,260970,False,Sem exposicao TSB direta,2033,5887363.279999999,63
2024,RO,110007,False,Sem exposicao TSB direta,2031,6664621.38,70
2024,MG,311070,False,Sem exposicao TSB direta,2027,4424093.51,111
2024,MA,210950,False,Sem exposicao TSB direta,2025,5536462.41,71
2024,RS,431670,False,Sem exposicao TSB direta,2022,7459060.59,91
2024,MG,312390,False,Sem exposicao TSB direta,2019,6736616.72,113
2024,MT,510629,False,Sem exposicao TSB direta,2019,6816144.74,98
2024,RR,140017,False,Sem exposicao TSB direta,2019,5045326.42,57
2024,SC,420970,False,Sem exposicao TSB direta,2019,5603330.78,89
2024,MG,313920,False,Sem exposicao TSB direta,2017,4780898.78,97
2024,BA,290190,False,Sem exposicao TSB direta,2012,4844400.890000001,33
2024,AL,270730,False,Sem exposicao TSB direta,2010,5424814.19,96
2024,MG,311760,False,Sem exposicao TSB direta,2009,8042991.13,62
2024,MG,310090,False,Sem exposicao TSB direta,2008,5736493.14,93
2024,PB,251270,False,Sem exposicao TSB direta,2008,3688117.5500000003,62
2024,AL,270650,False,Sem exposicao TSB direta,2006,5333978.1,61
2024,AM,130020,False,Sem exposicao TSB direta,2006,4624031.83,16
2024,SP,350730,False,Sem exposicao TSB direta,2006,7265560.83,66
2024,PE,260370,False,Sem exposicao TSB direta,2004,5950271.72,71
2024,PR,412700,False,Sem exposicao TSB direta,2000,6266955.28,98
2024,BA,293270,False,Sem exposicao TSB direta,1995,5243834.64,104
2024,SC,421540,False,Sem exposicao TSB direta,1994,6485001.21,84
2024,PB,250490,False,Sem exposicao TSB direta,1992,4025636.5500000003,47
2024,BA,292370,False,Sem exposicao TSB direta,1991,2117634.99,59
2024,MA,210090,False,Sem exposicao TSB direta,1988,1032318.39,59
2024,MT,510520,False,Sem exposicao TSB direta,1985,6774487.05,78
2024,AM,130440,False,Sem exposicao TSB direta,1983,3282703.08,20
2024,PR,412120,False,Sem exposicao TSB direta,1981,6581858.96,103
2024,RO,110094,False,Sem exposicao TSB direta,1980,5632054.2,91
2024,MG,315050,False,Sem exposicao TSB direta,1978,4713204.35,85
2024,BA,290360,False,Sem exposicao TSB direta,1976,4872153.65,36
2024,SP,354805,False,Sem exposicao TSB direta,1975,6293383.649999999,61
2024,CE,230230,False,Sem exposicao TSB direta,1974,5315725.7299999995,64
2024,SP,350820,False,Sem exposicao TSB direta,1974,8260513.970000001,61
2024,GO,520410,False,Sem exposicao TSB direta,1971,6123950.47,94
2024,MG,315830,False,Sem exposicao TSB direta,1970,4738512.18,96
2024,PE,261410,False,Sem exposicao TSB direta,1970,5887101.4,98
2024,GO,520920,False,Sem exposicao TSB direta,1969,6954997.36,108
2024,MG,315260,False,Sem exposicao TSB direta,1969,5333619.56,90
2024,SC,420310,False,Sem exposicao TSB direta,1967,7535549.89,101
2024,SC,420768,False,Sem exposicao TSB direta,1967,4693852.48,64
2024,BA,292060,False,Sem exposicao TSB direta,1964,7740473.8,80
2024,MT,510890,False,Sem exposicao TSB direta,1964,7608656.649999999,69
2024,MG,310950,False,Sem exposicao TSB direta,1961,4450293.54,105
2024,MG,311995,False,Sem exposicao TSB direta,1961,5936313.87,100
2024,PA,150590,False,Sem exposicao TSB direta,1961,11458983.790000001,41
2024,MG,316440,False,Sem exposicao TSB direta,1960,5966925.52,79
2024,PA,150803,False,Sem exposicao TSB direta,1960,5804959.91,31
2024,BA,290240,False,Sem exposicao TSB direta,1959,3968410.6900000004,34
2024,RS,430165,False,Sem exposicao TSB direta,1959,7870352.46,99
2024,SP,353280,False,Sem exposicao TSB direta,1959,5832507.25,77
2024,BA,291230,False,Sem exposicao TSB direta,1958,3472875.99,70
2024,RS,431280,False,Sem exposicao TSB direta,1958,5609930.22,74
2024,PB,251150,False,Sem exposicao TSB direta,1956,3828582.14,47
2024,MG,314530,False,Sem exposicao TSB direta,1955,5298734.84,81
2024,MA,211010,False,Sem exposicao TSB direta,1954,4851719.0600000005,43
2024,MG,317160,False,Sem exposicao TSB direta,1954,4013626.4499999997,59
2024,AM,130220,False,Sem exposicao TSB direta,1953,1044990.49,12
2024,PR,411605,False,Sem exposicao TSB direta,1952,7143861.45,134
2024,SP,351910,False,Sem exposicao TSB direta,1952,6171986.54,124
2024,SP,352810,False,Sem exposicao TSB direta,1952,8057883.83,84
2024,PR,411080,False,Sem exposicao TSB direta,1951,5824078.59,79
2024,PR,412785,False,Sem exposicao TSB direta,1950,6053678.37,93
2024,BA,293077,False,Sem exposicao TSB direta,1946,8603613.360000001,83
2024,SP,355000,False,Sem exposicao TSB direta,1946,5084223.55,91
2024,SE,280020,False,Sem exposicao TSB direta,1945,5308773.12,74
2024,RS,430110,False,Sem exposicao TSB direta,1942,5808676.18,105
2024,CE,230205,False,Sem exposicao TSB direta,1941,4037628.6,44
2024,PR,412010,False,Sem exposicao TSB direta,1938,6609658.81,67
2024,SP,353260,False,Sem exposicao TSB direta,1935,6553781.09,117
2024,CE,231335,False,Sem exposicao TSB direta,1934,3108511.7399999998,26
2024,RN,240990,False,Sem exposicao TSB direta,1930,5432835.600000001,45
2024,SP,352980,False,Sem exposicao TSB direta,1930,5027600.61,116
2024,MS,500080,False,Sem exposicao TSB direta,1929,5308603.2299999995,89
2024,RS,430220,False,Sem exposicao TSB direta,1929,5237648.65,126
2024,CE,231110,False,Sem exposicao TSB direta,1927,4197866.88,38
2024,PR,411880,False,Sem exposicao TSB direta,1927,6177550.6,115
2024,SP,350640,False,Sem exposicao TSB direta,1926,6037660.56,96
2024,MA,210200,False,Sem exposicao TSB direta,1923,2475157.03,44
2024,PR,410680,False,Sem exposicao TSB direta,1923,5456238.47,105
2024,PI,220020,False,Sem exposicao TSB direta,1922,5371730.0600000005,97
2024,MG,315560,False,Sem exposicao TSB direta,1919,5482120.97,95
2024,SE,280140,False,Sem exposicao TSB direta,1918,6007138.13,78
2024,SP,354860,False,Sem exposicao TSB direta,1917,5099881.18,106
2024,MG,314510,False,Sem exposicao TSB direta,1916,5529105.779999999,107
2024,AL,270130,False,Sem exposicao TSB direta,1915,4602248.91,64
2024,CE,231195,False,Sem exposicao TSB direta,1915,3134800.7600000002,25
2024,RS,431247,False,Sem exposicao TSB direta,1915,6302652.7700000005,97
2024,SP,350055,False,Sem exposicao TSB direta,1913,5883773.21,73
2024,BA,293260,False,Sem exposicao TSB direta,1912,7405010.15,74
2024,PB,251230,False,Sem exposicao TSB direta,1912,4585375.23,82
2024,SP,352020,False,Sem exposicao TSB direta,1912,5414723.51,92
2024,PR,410350,False,Sem exposicao TSB direta,1910,4916365.38,105
2024,MG,310200,False,Sem exposicao TSB direta,1909,4670404.14,113
2024,MG,315360,False,Sem exposicao TSB direta,1909,5127006.87,104
2024,PB,251340,False,Sem exposicao TSB direta,1908,4897225.34,85
2024,MG,315800,False,Sem exposicao TSB direta,1907,4801438.68,92
2024,GO,520485,False,Sem exposicao TSB direta,1905,4601568.37,83
2024,MG,315270,False,Sem exposicao TSB direta,1905,3986660.94,95
2024,GO,520250,False,Sem exposicao TSB direta,1901,6396466.53,89
2024,MG,315480,False,Sem exposicao TSB direta,1901,6119184.890000001,94
2024,BA,291700,False,Sem exposicao TSB direta,1899,9972401.410000002,62
2024,MG,316240,False,Sem exposicao TSB direta,1896,6446061.12,69
2024,CE,231126,False,Sem exposicao TSB direta,1895,6174680.0600000005,34
2024,PR,410380,False,Sem exposicao TSB direta,1895,6313149.34,103
2024,AM,130115,False,Sem exposicao TSB direta,1893,3514120.6,13
2024,MG,311130,False,Sem exposicao TSB direta,1893,4803738.31,99
2024,CE,230940,False,Sem exposicao TSB direta,1892,4594798.94,50
2024,MS,500750,False,Sem exposicao TSB direta,1890,5983402.23,54
2024,PR,411155,False,Sem exposicao TSB direta,1890,5719871.34,64
2024,PA,150500,False,Sem exposicao TSB direta,1887,3423362.04,45
2024,RR,140015,False,Sem exposicao TSB direta,1885,5422415.25,47
2024,BA,291290,False,Sem exposicao TSB direta,1883,4717884.95,75
2024,PE,261170,False,Sem exposicao TSB direta,1881,4993273.720000001,58
2024,PR,412580,False,Sem exposicao TSB direta,1880,5484441.350000001,104
2024,BA,291610,False,Sem exposicao TSB direta,1879,5975427.81,63
2024,CE,231390,False,Sem exposicao TSB direta,1879,4602260.25,33
2024,MG,312860,False,Sem exposicao TSB direta,1879,6239853.430000001,85
2024,ES,320400,False,Sem exposicao TSB direta,1877,4932790.66,98
2024,TO,170070,False,Sem exposicao TSB direta,1875,6161574.79,97
2024,SE,280100,False,Sem exposicao TSB direta,1874,5617533.55,98
2024,MT,510805,False,Sem exposicao TSB direta,1873,6424995.35,100
2024,SP,351900,False,Sem exposicao TSB direta,1873,5653112.76,85
2024,SE,280070,False,Sem exposicao TSB direta,1872,2139890.9000000004,22
2024,MG,311790,False,Sem exposicao TSB direta,1871,4857572.74,110
2024,AM,130083,False,Sem exposicao TSB direta,1870,2270984.68,7
2024,BA,291880,False,Sem exposicao TSB direta,1869,4835672.84,67
2024,MA,210150,False,Sem exposicao TSB direta,1869,2792540.75,77
2024,SC,420800,False,Sem exposicao TSB direta,1869,7155804.07,111
2024,SP,354075,False,Sem exposicao TSB direta,1869,6915334.529999999,82
2024,RN,240780,False,Sem exposicao TSB direta,1867,5112025.76,82
2024,TO,171650,False,Sem exposicao TSB direta,1866,6415522.4399999995,98
2024,GO,520480,False,Sem exposicao TSB direta,1865,6053245.22,82
2024,MT,510718,False,Sem exposicao TSB direta,1865,6548153.64,92
2024,AM,130390,False,Sem exposicao TSB direta,1864,16196767.03,23
2024,MG,310890,False,Sem exposicao TSB direta,1863,4344554.02,114
2024,AL,270680,False,Sem exposicao TSB direta,1861,2176064.23,46
2024,BA,291180,False,Sem exposicao TSB direta,1859,5226847.510000001,56
2024,ES,320110,False,Sem exposicao TSB direta,1858,4927238.609999999,100
2024,PR,412250,False,Sem exposicao TSB direta,1858,5870951.28,100
2024,PE,260800,False,Sem exposicao TSB direta,1857,3675702.86,47
2024,SC,421003,False,Sem exposicao TSB direta,1857,7678127.25,123
2024,SC,421240,False,Sem exposicao TSB direta,1857,5870104.15,77
2024,AM,130140,False,Sem exposicao TSB direta,1853,5055583.47,37
2024,SP,350490,False,Sem exposicao TSB direta,1853,4757151.47,91
2024,MG,316280,False,Sem exposicao TSB direta,1851,4506396.42,115
2024,AM,130100,False,Sem exposicao TSB direta,1849,4182842.7,30
2024,BA,290327,False,Sem exposicao TSB direta,1847,8052340.78,50
2024,AC,120042,False,Sem exposicao TSB direta,1845,5436571.370000001,24
2024,GO,522050,False,Sem exposicao TSB direta,1845,5517035.38,83
2024,PA,150540,False,Sem exposicao TSB direta,1843,2867756.33,38
2024,PR,410080,False,Sem exposicao TSB direta,1842,5631424.100000001,103
2024,PR,411250,False,Sem exposicao TSB direta,1842,5898932.65,103
2024,RS,430140,False,Sem exposicao TSB direta,1842,5391919.43,124
2024,MG,316530,False,Sem exposicao TSB direta,1840,4294545.03,91
2024,PB,251190,False,Sem exposicao TSB direta,1840,5645313.450000001,53
2024,RO,110040,False,Sem exposicao TSB direta,1838,5760769.36,104
2024,MG,313290,False,Sem exposicao TSB direta,1837,5707242.91,88
2024,MT,510185,False,Sem exposicao TSB direta,1835,6701945.42,60
2024,AL,270570,False,Sem exposicao TSB direta,1834,7180871.36,85
2024,AL,270890,False,Sem exposicao TSB direta,1833,6143930.53,98
2024,PB,250050,False,Sem exposicao TSB direta,1831,3013774.71,46
2024,MG,311350,False,Sem exposicao TSB direta,1827,4385696.45,81
2024,PE,260020,False,Sem exposicao TSB direta,1827,3547085.43,70
2024,MG,313470,False,Sem exposicao TSB direta,1825,2953690.51,57
2024,MT,510776,False,Sem exposicao TSB direta,1825,7168262.4799999995,46
2024,PB,250150,False,Sem exposicao TSB direta,1825,5387040.21,72
2024,SP,354540,False,Sem exposicao TSB direta,1825,5690713.33,87
2024,PA,150460,False,Sem exposicao TSB direta,1822,8126984.81,46
2024,PE,260760,False,Sem exposicao TSB direta,1822,2854174.3,63
2024,PR,412190,False,Sem exposicao TSB direta,1821,5251877.5,114
2024,SC,421380,False,Sem exposicao TSB direta,1820,5983685.32,109
2024,SP,351560,False,Sem exposicao TSB direta,1820,4973400.41,71
2024,MA,211003,False,Sem exposicao TSB direta,1819,5864575.01,52
2024,AM,130130,False,Sem exposicao TSB direta,1818,4434645.66,25
2024,SE,280340,False,Sem exposicao TSB direta,1816,4541425.85,44
2024,MG,310290,False,Sem exposicao TSB direta,1815,5187074.64,80
2024,MG,313930,False,Sem exposicao TSB direta,1815,4915319.64,87
2024,TO,171330,False,Sem exposicao TSB direta,1814,5884089.36,92
2024,SP,351600,False,Sem exposicao TSB direta,1813,6751616.76,89
2024,MS,500627,False,Sem exposicao TSB direta,1811,6776495.22,68
2024,RS,430163,False,Sem exposicao TSB direta,1811,5153543.180000001,69
2024,MA,210210,False,Sem exposicao TSB direta,1810,1497867.03,60
2024,MT,510420,False,Sem exposicao TSB direta,1808,6285173.84,82
2024,SP,354270,False,Sem exposicao TSB direta,1808,6424871.0,68
2024,MT,510628,False,Sem exposicao TSB direta,1806,7095110.69,59
2024,MG,311535,False,Sem exposicao TSB direta,1805,7683636.73,59
2024,MG,314140,False,Sem exposicao TSB direta,1805,5726401.12,90
2024,PB,251200,False,Sem exposicao TSB direta,1805,8835174.87,48
2024,SC,421605,False,Sem exposicao TSB direta,1805,5279633.32,73
2024,CE,230590,False,Sem exposicao TSB direta,1802,6071335.0600000005,53
2024,BA,292575,False,Sem exposicao TSB direta,1801,5902250.7299999995,86
2024,MG,313753,False,Sem exposicao TSB direta,1801,4925696.68,85
2024,SC,421610,False,Sem exposicao TSB direta,1798,5351186.26,104
2024,MG,313210,False,Sem exposicao TSB direta,1795,5276116.57,72
2024,PB,250110,False,Sem exposicao TSB direta,1795,6281740.069999999,88
2024,RS,431645,False,Sem exposicao TSB direta,1794,5706815.52,92
2024,MG,310390,False,Sem exposicao TSB direta,1792,4486237.08,118
2024,SP,350930,False,Sem exposicao TSB direta,1788,4980024.9799999995,87
2024,PR,410440,False,Sem exposicao TSB direta,1787,5543740.0,92
2024,PE,260910,False,Sem exposicao TSB direta,1786,2838422.31,46
2024,MG,315680,False,Sem exposicao TSB direta,1784,4297600.93,96
2024,AM,130240,False,Sem exposicao TSB direta,1783,8226399.59,58
2024,RS,430693,False,Sem exposicao TSB direta,1783,6059483.819999999,101
2024,SC,421635,False,Sem exposicao TSB direta,1778,6601043.29,72
2024,TO,172210,False,Sem exposicao TSB direta,1778,4498580.46,70
2024,MG,313140,False,Sem exposicao TSB direta,1773,6207707.21,38
2024,SP,352330,False,Sem exposicao TSB direta,1772,5207292.08,88
2024,PE,261460,False,Sem exposicao TSB direta,1771,5564429.92,95
2024,ES,320440,False,Sem exposicao TSB direta,1769,5635285.74,98
2024,BA,293200,False,Sem exposicao TSB direta,1767,7422841.57,69
2024,MG,314860,False,Sem exposicao TSB direta,1766,2632942.38,81
2024,SC,421200,False,Sem exposicao TSB direta,1766,5495552.59,82
2024,MG,312050,False,Sem exposicao TSB direta,1765,3664748.18,89
2024,PR,411780,False,Sem exposicao TSB direta,1762,5020836.53,88
2024,RR,140030,False,Sem exposicao TSB direta,1758,5048431.9399999995,60
2024,SC,421080,False,Sem exposicao TSB direta,1758,5636443.4399999995,113
2024,SC,421790,False,Sem exposicao TSB direta,1757,6338412.06,103
2024,BA,292290,False,Sem exposicao TSB direta,1754,5755564.58,70
2024,MT,510724,False,Sem exposicao TSB direta,1754,6042564.43,81
2024,PR,412840,False,Sem exposicao TSB direta,1753,4690735.21,104
2024,PR,412390,False,Sem exposicao TSB direta,1752,5692337.61,97
2024,MA,211020,False,Sem exposicao TSB direta,1749,4630228.87,74
2024,SE,280400,False,Sem exposicao TSB direta,1747,6760765.069999999,56
2024,CE,230610,False,Sem exposicao TSB direta,1746,3884851.65,57
2024,PA,150120,False,Sem exposicao TSB direta,1746,8746364.469999999,44
2024,MA,210430,False,Sem exposicao TSB direta,1743,8175742.51,30
2024,BA,291660,False,Sem exposicao TSB direta,1742,828269.6,24
2024,CE,231170,False,Sem exposicao TSB direta,1742,3110833.16,60
2024,MS,500780,False,Sem exposicao TSB direta,1742,6283731.59,73
2024,BA,291100,False,Sem exposicao TSB direta,1736,1862309.08,41
2024,CE,230365,False,Sem exposicao TSB direta,1735,1300777.1,29
2024,GO,520990,False,Sem exposicao TSB direta,1735,4816787.65,72
2024,RS,432254,False,Sem exposicao TSB direta,1732,5547531.14,82
2024,AL,270050,False,Sem exposicao TSB direta,1730,4251454.47,68
2024,RS,431695,False,Sem exposicao TSB direta,1730,5451718.96,79
2024,SE,280540,False,Sem exposicao TSB direta,1730,2733502.09,50
2024,PA,150640,False,Sem exposicao TSB direta,1729,2186197.95,12
2024,SP,354420,False,Sem exposicao TSB direta,1728,6612089.55,73
2024,MT,510770,False,Sem exposicao TSB direta,1725,4824940.02,77
2024,PI,220200,False,Sem exposicao TSB direta,1725,4342342.0,61
2024,SC,421225,False,Sem exposicao TSB direta,1724,5823816.55,117
2024,AL,270600,False,Sem exposicao TSB direta,1722,2792680.37,19
2024,GO,521970,False,Sem exposicao TSB direta,1720,5270611.0200000005,78
2024,RS,431415,False,Sem exposicao TSB direta,1720,4964864.5,93
2024,SP,350990,False,Sem exposicao TSB direta,1720,5670407.62,75
2024,PA,150835,False,Sem exposicao TSB direta,1719,13472089.68,49
2024,MS,500090,False,Sem exposicao TSB direta,1718,4493811.59,61
2024,MG,315160,False,Sem exposicao TSB direta,1717,5359804.54,91
2024,PE,260550,False,Sem exposicao TSB direta,1717,3150614.26,49
2024,BA,291915,False,Sem exposicao TSB direta,1715,6413218.040000001,61
2024,SC,421625,False,Sem exposicao TSB direta,1714,6294060.52,96
2024,MA,211030,False,Sem exposicao TSB direta,1713,6209207.51,49
2024,CE,230390,False,Sem exposicao TSB direta,1712,2502525.3,25
2024,CE,231190,False,Sem exposicao TSB direta,1712,2835106.91,20
2024,AM,130330,False,Sem exposicao TSB direta,1711,3589027.08,27
2024,ES,320270,False,Sem exposicao TSB direta,1711,4823139.25,87
2024,MG,313550,False,Sem exposicao TSB direta,1711,4037349.16,69
2024,GO,521900,False,Sem exposicao TSB direta,1708,3487894.16,91
2024,RJ,330090,False,Sem exposicao TSB direta,1707,6057798.1,75
2024,RO,110110,False,Sem exposicao TSB direta,1707,4869509.29,70
2024,SP,354050,False,Sem exposicao TSB direta,1705,4596777.1,90
2024,MG,316430,False,Sem exposicao TSB direta,1704,5083118.11,90
2024,GO,521720,False,Sem exposicao TSB direta,1703,5252218.26,94
2024,MG,316220,False,Sem exposicao TSB direta,1701,4638940.14,91
2024,MS,500520,False,Sem exposicao TSB direta,1699,6483871.45,67
2024,RS,431590,False,Sem exposicao TSB direta,1697,5618316.03,96
2024,AL,270310,False,Sem exposicao TSB direta,1696,4349649.96,45
2024,PI,220780,False,Sem exposicao TSB direta,1696,4721143.62,91
2024,RS,430955,False,Sem exposicao TSB direta,1696,5729590.74,85
2024,SP,354370,False,Sem exposicao TSB direta,1696,4857630.65,87
2024,PA,150030,False,Sem exposicao TSB direta,1695,9501033.780000001,35
2024,SC,421460,False,Sem exposicao TSB direta,1695,5189658.16,90
2024,PR,411270,False,Sem exposicao TSB direta,1694,5220499.59,99
2024,CE,230395,False,Sem exposicao TSB direta,1693,5275375.57,67
2024,MS,500410,False,Sem exposicao TSB direta,1692,4673910.36,85
2024,MA,210255,False,Sem exposicao TSB direta,1691,3469818.1100000003,44
2024,AM,130280,False,Sem exposicao TSB direta,1688,1459100.2,10
2024,MG,312490,False,Sem exposicao TSB direta,1688,3809439.96,81
2024,PA,150497,False,Sem exposicao TSB direta,1688,4486913.48,41
2024,SC,421310,False,Sem exposicao TSB direta,1687,5386605.3,102
2024,MG,314290,False,Sem exposicao TSB direta,1686,4563489.69,92
2024,TO,171750,False,Sem exposicao TSB direta,1686,4438050.68,38
2024,AC,120013,False,Sem exposicao TSB direta,1685,4074703.3,37
2024,MA,211060,False,Sem exposicao TSB direta,1681,4649103.66,62
2024,PR,410500,False,Sem exposicao TSB direta,1680,5403082.67,96
2024,RS,431303,False,Sem exposicao TSB direta,1680,4533691.91,63
2024,RS,431470,False,Sem exposicao TSB direta,1680,4972335.08,97
2024,RN,241150,False,Sem exposicao TSB direta,1677,4611793.88,71
2024,RS,431770,False,Sem exposicao TSB direta,1677,4505853.6,77
2024,SP,354200,False,Sem exposicao TSB direta,1677,6210736.4,66
2024,BA,290590,False,Sem exposicao TSB direta,1676,4144675.6799999997,65
2024,PE,260450,False,Sem exposicao TSB direta,1675,5472580.25,86
2024,BA,291090,False,Sem exposicao TSB direta,1674,2095104.85,31
2024,MA,211050,False,Sem exposicao TSB direta,1674,2327486.69,59
2024,RS,431510,False,Sem exposicao TSB direta,1674,4964263.04,108
2024,ES,320380,False,Sem exposicao TSB direta,1673,4189931.12,96
2024,PB,251140,False,Sem exposicao TSB direta,1672,5506509.159999999,69
2024,BA,293100,False,Sem exposicao TSB direta,1668,3869750.9699999997,94
2024,PR,412860,False,Sem exposicao TSB direta,1667,5373254.9799999995,86
2024,CE,231000,False,Sem exposicao TSB direta,1666,2535685.3400000003,35
2024,PR,411020,False,Sem exposicao TSB direta,1666,4743264.53,78
2024,PB,250100,False,Sem exposicao TSB direta,1665,6838592.8100000005,50
2024,SP,350360,False,Sem exposicao TSB direta,1665,5071170.93,78
2024,PR,410445,False,Sem exposicao TSB direta,1664,4757725.65,107
2024,PE,260530,False,Sem exposicao TSB direta,1663,8739367.57,55
2024,BA,292440,False,Sem exposicao TSB direta,1662,2670873.42,47
2024,PR,412500,False,Sem exposicao TSB direta,1660,4896334.58,94
2024,MT,510682,False,Sem exposicao TSB direta,1659,5533206.82,57
2024,SP,351700,False,Sem exposicao TSB direta,1659,5943936.87,67
2024,RS,430360,False,Sem exposicao TSB direta,1657,4798688.04,71
2024,SP,355050,False,Sem exposicao TSB direta,1657,4973193.28,58
2024,MG,310770,False,Sem exposicao TSB direta,1656,4980317.92,68
2024,GO,521440,False,Sem exposicao TSB direta,1655,5093807.59,77
2024,RO,110170,False,Sem exposicao TSB direta,1655,4282066.44,71
2024,PB,250770,False,Sem exposicao TSB direta,1653,4314929.9,60
2024,PR,410520,False,Sem exposicao TSB direta,1653,4935484.4799999995,84
2024,PR,411845,False,Sem exposicao TSB direta,1653,5264766.76,105
2024,BA,292380,False,Sem exposicao TSB direta,1651,9183331.05,86
2024,MA,210610,False,Sem exposicao TSB direta,1651,6332016.35,36
2024,CE,230530,False,Sem exposicao TSB direta,1650,4927149.92,65
2024,SP,351980,False,Sem exposicao TSB direta,1649,5397764.15,74
2024,MA,210800,False,Sem exposicao TSB direta,1647,2632318.05,61
2024,MT,510455,False,Sem exposicao TSB direta,1645,5877820.39,61
2024,PI,220350,False,Sem exposicao TSB direta,1645,3496757.87,61
2024,PR,412600,False,Sem exposicao TSB direta,1645,3257645.56,77
2024,RS,431860,False,Sem exposicao TSB direta,1644,4917691.91,113
2024,MA,210550,False,Sem exposicao TSB direta,1642,3897406.1399999997,78
2024,RS,431110,False,Sem exposicao TSB direta,1641,4650761.92,111
2024,PE,261380,False,Sem exposicao TSB direta,1640,3129154.28,59
2024,PB,251110,False,Sem exposicao TSB direta,1639,4887791.32,26
2024,MG,316170,False,Sem exposicao TSB direta,1638,4347126.74,74
2024,MG,313540,False,Sem exposicao TSB direta,1637,7563934.8,64
2024,CE,230680,False,Sem exposicao TSB direta,1636,3726283.86,39
2024,MG,310600,False,Sem exposicao TSB direta,1634,4859795.07,70
2024,MG,315080,False,Sem exposicao TSB direta,1632,3927615.02,99
2024,BA,290755,False,Sem exposicao TSB direta,1631,909377.8400000001,23
2024,RN,240350,False,Sem exposicao TSB direta,1631,3482224.5100000002,35
2024,RN,241260,False,Sem exposicao TSB direta,1630,4457166.720000001,67
2024,GO,522230,False,Sem exposicao TSB direta,1629,4981960.37,43
2024,RR,140020,False,Sem exposicao TSB direta,1629,4711389.13,69
2024,PR,411140,False,Sem exposicao TSB direta,1628,4231818.22,109
2024,RN,240570,False,Sem exposicao TSB direta,1626,3976398.99,86
2024,MA,210980,False,Sem exposicao TSB direta,1625,2652331.57,53
2024,PR,412050,False,Sem exposicao TSB direta,1622,5076276.62,94
2024,MG,313150,False,Sem exposicao TSB direta,1619,4187157.86,93
2024,PE,260590,False,Sem exposicao TSB direta,1616,4429080.11,41
2024,SP,350340,False,Sem exposicao TSB direta,1616,4249581.5,93
2024,SP,351660,False,Sem exposicao TSB direta,1614,4343179.63,66
2024,BA,292840,False,Sem exposicao TSB direta,1613,5065027.64,61
2024,MA,210370,False,Sem exposicao TSB direta,1613,1672119.07,41
2024,RN,240470,False,Sem exposicao TSB direta,1613,4236648.81,54
2024,AM,130210,False,Sem exposicao TSB direta,1612,3265312.04,13
2024,SP,350080,False,Sem exposicao TSB direta,1610,4625461.09,52
2024,AL,270480,False,Sem exposicao TSB direta,1606,3933380.5100000002,61
2024,SP,353282,False,Sem exposicao TSB direta,1605,4956341.61,57
2024,TO,172090,False,Sem exposicao TSB direta,1605,4062475.5999999996,73
2024,SC,421835,False,Sem exposicao TSB direta,1604,7532387.02,49
2024,MA,210390,False,Sem exposicao TSB direta,1603,1766529.1099999999,19
2024,MA,211290,False,Sem exposicao TSB direta,1603,4737587.42,67
2024,MA,211230,False,Sem exposicao TSB direta,1602,2111143.78,59
2024,CE,231200,False,Sem exposicao TSB direta,1601,5079434.61,52
2024,PB,250710,False,Sem exposicao TSB direta,1596,4774501.989999999,60
2024,CE,230290,False,Sem exposicao TSB direta,1595,3514662.89,33
2024,SC,421565,False,Sem exposicao TSB direta,1595,4390604.819999999,102
2024,SP,351070,False,Sem exposicao TSB direta,1595,5067976.29,96
2024,GO,522155,False,Sem exposicao TSB direta,1594,6021381.899999999,44
2024,PE,260200,False,Sem exposicao TSB direta,1594,4817716.220000001,54
2024,RS,431610,False,Sem exposicao TSB direta,1594,4785880.4,113
2024,SP,355490,False,Sem exposicao TSB direta,1591,2744026.46,82
2024,TO,170030,False,Sem exposicao TSB direta,1590,4032428.7399999998,30
2024,BA,291250,False,Sem exposicao TSB direta,1589,4047244.67,40
2024,SC,420195,False,Sem exposicao TSB direta,1589,4913840.91,91
2024,SP,352585,False,Sem exposicao TSB direta,1589,5423444.45,54
2024,ES,320170,False,Sem exposicao TSB direta,1587,5008721.69,105
2024,MG,315420,False,Sem exposicao TSB direta,1586,3753138.37,111
2024,PR,412460,False,Sem exposicao TSB direta,1585,4917885.78,83
2024,AL,270210,False,Sem exposicao TSB direta,1583,4561952.11,47
2024,BA,292335,False,Sem exposicao TSB direta,1577,5051308.66,63
2024,GO,521370,False,Sem exposicao TSB direta,1575,4867395.1,94
2024,MG,316520,False,Sem exposicao TSB direta,1575,3849026.04,77
2024,MA,210080,False,Sem exposicao TSB direta,1574,3035934.14,42
2024,PR,412620,False,Sem exposicao TSB direta,1574,4281436.4799999995,63
2024,PE,261200,False,Sem exposicao TSB direta,1572,3253523.0,62
2024,MG,313040,False,Sem exposicao TSB direta,1571,4140450.33,87
2024,PR,412370,False,Sem exposicao TSB direta,1571,4497683.85,108
2024,SP,353250,False,Sem exposicao TSB direta,1571,4404989.109999999,102
2024,BA,290870,False,Sem exposicao TSB direta,1570,3831163.81,59
2024,MS,500490,False,Sem exposicao TSB direta,1570,4836836.19,72
2024,BA,290470,False,Sem exposicao TSB direta,1567,4423604.37,63
2024,RO,110140,False,Sem exposicao TSB direta,1566,4562160.22,80
2024,BA,291075,False,Sem exposicao TSB direta,1563,4610821.48,33
2024,CE,231375,False,Sem exposicao TSB direta,1563,3632690.4499999997,38
2024,SE,280230,False,Sem exposicao TSB direta,1563,5665036.04,79
2024,MG,313990,False,Sem exposicao TSB direta,1561,4442055.71,116
2024,PR,411007,False,Sem exposicao TSB direta,1561,4669948.49,89
2024,RS,430170,False,Sem exposicao TSB direta,1560,5552386.24,117
2024,PE,260090,False,Sem exposicao TSB direta,1559,3615290.13,69
2024,SP,355660,False,Sem exposicao TSB direta,1559,4615630.08,100
2024,MA,210660,False,Sem exposicao TSB direta,1558,4767470.71,45
2024,PR,410753,False,Sem exposicao TSB direta,1558,5260290.0200000005,94
2024,SC,421440,False,Sem exposicao TSB direta,1555,4702836.74,75
2024,AM,130350,False,Sem exposicao TSB direta,1554,3670746.9,14
2024,PR,410250,False,Sem exposicao TSB direta,1553,4589538.24,97
2024,PR,412070,False,Sem exposicao TSB direta,1553,4454139.91,83
2024,CE,230380,False,Sem exposicao TSB direta,1552,4220450.46,53
2024,SP,355580,False,Sem exposicao TSB direta,1552,4620673.35,89
2024,RS,430800,False,Sem exposicao TSB direta,1551,4824694.72,101
2024,SC,421140,False,Sem exposicao TSB direta,1551,5116989.8,90
2024,ES,320310,False,Sem exposicao TSB direta,1550,5701352.89,83
2024,MG,316850,False,Sem exposicao TSB direta,1548,3666431.0500000003,115
2024,BA,291600,False,Sem exposicao TSB direta,1546,3714381.4,72
2024,RS,432330,False,Sem exposicao TSB direta,1543,5844996.16,75
2024,MT,510360,False,Sem exposicao TSB direta,1542,5098553.93,63
2024,PE,261650,False,Sem exposicao TSB direta,1542,3185436.44,38
2024,MA,210050,False,Sem exposicao TSB direta,1541,5481581.54,61
2024,SC,421300,False,Sem exposicao TSB direta,1541,5112187.85,76
2024,TO,170040,False,Sem exposicao TSB direta,1541,5550976.42,57
2024,MS,500215,False,Sem exposicao TSB direta,1540,5052125.66,77
2024,PR,412780,False,Sem exposicao TSB direta,1539,4146570.69,85
2024,MA,210020,False,Sem exposicao TSB direta,1538,4627075.78,30
2024,RJ,330160,False,Sem exposicao TSB direta,1538,3835517.1,79
2024,MA,210380,False,Sem exposicao TSB direta,1536,1865474.83,62
2024,BA,290225,False,Sem exposicao TSB direta,1535,3001261.64,24
2024,MG,317170,False,Sem exposicao TSB direta,1535,3472423.93,64
2024,RO,110150,False,Sem exposicao TSB direta,1534,3908482.2399999998,85
2024,PR,412035,False,Sem exposicao TSB direta,1532,4740479.2,80
2024,CE,230300,False,Sem exposicao TSB direta,1530,2962078.28,44
2024,TO,171488,False,Sem exposicao TSB direta,1530,4875341.59,55
2024,BA,290205,False,Sem exposicao TSB direta,1525,2959872.83,54
2024,MG,313970,False,Sem exposicao TSB direta,1525,3926616.31,90
2024,MG,314910,False,Sem exposicao TSB direta,1524,3627322.49,92
2024,BA,290800,False,Sem exposicao TSB direta,1521,2505002.6399999997,62
2024,GO,520400,False,Sem exposicao TSB direta,1521,4684883.68,63
2024,MA,210290,False,Sem exposicao TSB direta,1520,3848107.8000000003,48
2024,CE,230560,False,Sem exposicao TSB direta,1519,4030813.5,56
2024,RN,240650,False,Sem exposicao TSB direta,1519,4660788.21,71
2024,SP,353850,False,Sem exposicao TSB direta,1519,5282638.45,80
2024,MT,510130,False,Sem exposicao TSB direta,1518,4618940.44,92
2024,PI,220270,False,Sem exposicao TSB direta,1518,5002053.11,71
2024,SP,355560,False,Sem exposicao TSB direta,1518,4538635.79,119
2024,PR,411490,False,Sem exposicao TSB direta,1517,4835911.03,88
2024,PR,410990,False,Sem exposicao TSB direta,1515,4379644.01,100
2024,RS,430468,False,Sem exposicao TSB direta,1515,4256757.58,80
2024,MA,211140,False,Sem exposicao TSB direta,1514,3939058.21,21
2024,MG,314890,False,Sem exposicao TSB direta,1514,3613743.4699999997,53
2024,MG,315290,False,Sem exposicao TSB direta,1514,3853493.34,96
2024,AP,160020,False,Sem exposicao TSB direta,1512,3705023.11,31
2024,PR,410510,False,Sem exposicao TSB direta,1512,4577960.0,95
2024,PB,250510,False,Sem exposicao TSB direta,1511,4169212.07,66
2024,PA,150190,False,Sem exposicao TSB direta,1509,5463379.23,39
2024,RS,431915,False,Sem exposicao TSB direta,1509,4800918.61,78
2024,AP,160040,False,Sem exposicao TSB direta,1506,6239119.71,45
2024,MG,316510,False,Sem exposicao TSB direta,1506,3936488.3499999996,68
2024,CE,230920,False,Sem exposicao TSB direta,1505,3903743.03,63
2024,PE,260310,False,Sem exposicao TSB direta,1505,3318457.06,73
2024,RN,240560,False,Sem exposicao TSB direta,1504,4058334.8000000003,67
2024,MA,210312,False,Sem exposicao TSB direta,1502,36766.39,4
2024,PR,411530,False,Sem exposicao TSB direta,1502,5024604.54,96
2024,CE,230710,False,Sem exposicao TSB direta,1500,5660476.350000001,48
2024,SC,420060,False,Sem exposicao TSB direta,1500,4944132.49,87
2024,MA,210870,False,Sem exposicao TSB direta,1499,4572924.07,36
2024,MG,315110,False,Sem exposicao TSB direta,1499,3808862.41,97
2024,RJ,330460,False,Sem exposicao TSB direta,1499,4620355.34,69
2024,CE,230763,False,Sem exposicao TSB direta,1498,3681940.13,55
2024,MT,510279,False,Sem exposicao TSB direta,1498,4416341.49,75
2024,PA,150160,False,Sem exposicao TSB direta,1498,3025377.56,28
2024,ES,320115,False,Sem exposicao TSB direta,1495,3479137.56,82
2024,RS,430070,False,Sem exposicao TSB direta,1495,5169953.45,97
2024,SC,420340,False,Sem exposicao TSB direta,1495,4392855.41,74
2024,CE,230740,False,Sem exposicao TSB direta,1494,5320159.61,64
2024,GO,522220,False,Sem exposicao TSB direta,1493,2332764.04,34
2024,MG,316540,False,Sem exposicao TSB direta,1491,3829454.84,78
2024,PI,220150,False,Sem exposicao TSB direta,1491,4944126.5600000005,56
2024,PR,411535,False,Sem exposicao TSB direta,1489,5200874.05,93
2024,RS,430064,False,Sem exposicao TSB direta,1489,3859975.87,93
2024,TO,170200,False,Sem exposicao TSB direta,1489,4544181.64,72
2024,GO,520170,False,Sem exposicao TSB direta,1488,4736193.62,107
2024,RS,431225,False,Sem exposicao TSB direta,1486,3999244.4899999998,80
2024,MA,211240,False,Sem exposicao TSB direta,1485,420912.63,23
2024,SE,280420,False,Sem exposicao TSB direta,1485,4252432.17,48
2024,SP,354105,False,Sem exposicao TSB direta,1484,5058104.72,72
2024,GO,522028,False,Sem exposicao TSB direta,1482,5675376.01,29
2024,MG,316294,False,Sem exposicao TSB direta,1482,5397070.22,82
2024,MT,510618,False,Sem exposicao TSB direta,1482,5387161.87,62
2024,PR,412330,False,Sem exposicao TSB direta,1482,4045821.42,97
2024,RS,431862,False,Sem exposicao TSB direta,1482,3493096.16,61
2024,AM,130063,False,Sem exposicao TSB direta,1480,3748644.19,15
2024,BA,291830,False,Sem exposicao TSB direta,1480,3308835.52,58
2024,PR,411275,False,Sem exposicao TSB direta,1480,5074820.01,100
2024,RS,431150,False,Sem exposicao TSB direta,1480,4085824.4499999997,62
2024,MG,313115,False,Sem exposicao TSB direta,1479,3534961.28,85
2024,MG,316890,False,Sem exposicao TSB direta,1479,5457350.7299999995,64
2024,PA,150797,False,Sem exposicao TSB direta,1479,5400341.040000001,44
2024,PB,250080,False,Sem exposicao TSB direta,1479,3551046.42,44
2024,PA,150410,False,Sem exposicao TSB direta,1476,1607466.8800000001,17
2024,MG,312600,False,Sem exposicao TSB direta,1475,3656530.35,85
2024,AM,130002,False,Sem exposicao TSB direta,1474,4114250.8299999996,13
2024,ES,320480,False,Sem exposicao TSB direta,1473,5885606.300000001,91
2024,ES,320465,False,Sem exposicao TSB direta,1472,5839247.5200000005,76
2024,SP,350200,False,Sem exposicao TSB direta,1471,4420563.09,62
2024,PI,220880,False,Sem exposicao TSB direta,1470,4754059.07,57
2024,BA,290670,False,Sem exposicao TSB direta,1467,3967388.72,74
2024,BA,293105,False,Sem exposicao TSB direta,1465,1931008.99,76
2024,PE,260805,False,Sem exposicao TSB direta,1465,3685973.52,48
2024,TO,170384,False,Sem exposicao TSB direta,1465,5738532.87,54
2024,BA,293245,False,Sem exposicao TSB direta,1464,4133267.6,49
2024,CE,231355,False,Sem exposicao TSB direta,1463,3477646.77,24
2024,MG,317075,False,Sem exposicao TSB direta,1463,4713736.0,73
2024,BA,290710,False,Sem exposicao TSB direta,1462,5053034.6899999995,67
2024,CE,230570,False,Sem exposicao TSB direta,1462,4320105.66,33
2024,MA,210125,False,Sem exposicao TSB direta,1462,4519925.29,49
2024,MT,510080,False,Sem exposicao TSB direta,1462,4844025.89,79
2024,MT,510260,False,Sem exposicao TSB direta,1461,6284780.09,67
2024,PE,260810,False,Sem exposicao TSB direta,1461,5367689.03,76
2024,GO,521300,False,Sem exposicao TSB direta,1459,4862356.44,68
2024,MG,311870,False,Sem exposicao TSB direta,1459,4083003.61,95
2024,RS,430020,False,Sem exposicao TSB direta,1458,4935241.91,83
2024,AL,270644,False,Sem exposicao TSB direta,1457,2799890.1,82
2024,SP,350310,False,Sem exposicao TSB direta,1457,4430085.78,71
2024,MG,311880,False,Sem exposicao TSB direta,1456,5275809.7,93
2024,PI,220672,False,Sem exposicao TSB direta,1456,2849863.83,36
2024,CE,231090,False,Sem exposicao TSB direta,1455,2914514.1100000003,37
2024,BA,290620,False,Sem exposicao TSB direta,1451,4635312.65,53
2024,RN,241250,False,Sem exposicao TSB direta,1451,5157391.09,78
2024,MG,311240,False,Sem exposicao TSB direta,1449,3284091.95,64
2024,MG,310010,False,Sem exposicao TSB direta,1447,3255560.04,78
2024,PE,260660,False,Sem exposicao TSB direta,1447,3833450.69,66
2024,PR,412160,False,Sem exposicao TSB direta,1447,4968514.45,86
2024,SP,352650,False,Sem exposicao TSB direta,1447,7713545.21,48
2024,MG,310120,False,Sem exposicao TSB direta,1445,2975078.4,79
2024,RS,432377,False,Sem exposicao TSB direta,1445,4606085.91,55
2024,SP,352115,False,Sem exposicao TSB direta,1445,4203679.2,86
2024,RO,110034,False,Sem exposicao TSB direta,1444,3937772.1,92
2024,PR,411373,False,Sem exposicao TSB direta,1443,4658246.69,56
2024,RS,431575,False,Sem exposicao TSB direta,1443,4102287.2800000003,53
2024,GO,520580,False,Sem exposicao TSB direta,1442,3710542.15,85
2024,SP,355230,False,Sem exposicao TSB direta,1442,4670419.93,63
2024,MS,500400,False,Sem exposicao TSB direta,1441,4064155.46,93
2024,BA,293030,False,Sem exposicao TSB direta,1439,3397789.1199999996,48
2024,MG,312290,False,Sem exposicao TSB direta,1438,3078969.57,63
2024,AC,120080,False,Sem exposicao TSB direta,1435,3541804.87,40
2024,BA,292000,False,Sem exposicao TSB direta,1435,3363294.46,45
2024,MG,314545,False,Sem exposicao TSB direta,1434,3170859.86,44
2024,PE,261470,False,Sem exposicao TSB direta,1434,3644533.7899999996,46
2024,SP,353120,False,Sem exposicao TSB direta,1434,4296842.65,95
2024,MG,314505,False,Sem exposicao TSB direta,1433,3263623.96,74
2024,CE,230820,False,Sem exposicao TSB direta,1432,901331.5599999999,49
2024,MG,315920,False,Sem exposicao TSB direta,1432,3816102.39,86
2024,RN,241255,False,Sem exposicao TSB direta,1432,5209767.76,75
2024,PA,150195,False,Sem exposicao TSB direta,1431,3870191.95,27
2024,BA,292580,False,Sem exposicao TSB direta,1430,4478198.65,64
2024,GO,520180,False,Sem exposicao TSB direta,1430,3714305.57,99
2024,MG,313100,False,Sem exposicao TSB direta,1427,3878604.0100000002,75
2024,RN,240910,False,Sem exposicao TSB direta,1427,3022775.74,50
2024,SP,351690,False,Sem exposicao TSB direta,1426,4592925.6,106
2024,BA,292320,False,Sem exposicao TSB direta,1425,3687692.3499999996,65
2024,GO,521140,False,Sem exposicao TSB direta,1425,3708794.98,93
2024,BA,291835,False,Sem exposicao TSB direta,1424,4747288.16,64
2024,PE,260540,False,Sem exposicao TSB direta,1422,4051680.48,85
2024,PR,412100,False,Sem exposicao TSB direta,1422,4771650.18,79
2024,SE,280590,False,Sem exposicao TSB direta,1422,3674917.49,43
2024,MA,210675,False,Sem exposicao TSB direta,1421,4722186.76,55
2024,SC,420205,False,Sem exposicao TSB direta,1421,5620668.430000001,94
2024,BA,290790,False,Sem exposicao TSB direta,1419,5644435.82,58
2024,BA,291350,False,Sem exposicao TSB direta,1419,2390194.94,76
2024,SP,353640,False,Sem exposicao TSB direta,1419,4472963.73,75
2024,MA,210400,False,Sem exposicao TSB direta,1417,1960806.26,44
2024,GO,520470,False,Sem exposicao TSB direta,1416,4121680.28,105
2024,AL,270410,False,Sem exposicao TSB direta,1415,5974486.93,52
2024,RS,432230,False,Sem exposicao TSB direta,1415,4175116.9,103
2024,PI,220208,False,Sem exposicao TSB direta,1414,3341973.47,58
2024,CE,230320,False,Sem exposicao TSB direta,1413,4528934.06,53
2024,PE,261320,False,Sem exposicao TSB direta,1413,4832298.45,64
2024,RS,430467,False,Sem exposicao TSB direta,1412,5508287.28,79
2024,BA,291440,False,Sem exposicao TSB direta,1410,4804243.36,67
2024,CE,230015,False,Sem exposicao TSB direta,1410,4429793.49,47
2024,MG,313160,False,Sem exposicao TSB direta,1410,5053551.54,83
2024,PR,412085,False,Sem exposicao TSB direta,1410,5287037.17,92
2024,SP,355140,False,Sem exposicao TSB direta,1410,5893970.850000001,72
2024,PR,410890,False,Sem exposicao TSB direta,1409,4709208.98,60
2024,BA,292460,False,Sem exposicao TSB direta,1405,4646067.3,51
2024,PA,150157,False,Sem exposicao TSB direta,1405,5780258.9399999995,54
2024,PR,412788,False,Sem exposicao TSB direta,1404,3484487.1100000003,62
2024,RS,430430,False,Sem exposicao TSB direta,1404,5129942.12,82
2024,PR,411295,False,Sem exposicao TSB direta,1399,4094809.38,81
2024,SP,354360,False,Sem exposicao TSB direta,1397,4515670.12,72
2024,RS,431450,False,Sem exposicao TSB direta,1395,4012013.05,75
2024,PB,250070,False,Sem exposicao TSB direta,1394,3635688.6100000003,61
2024,SP,354790,False,Sem exposicao TSB direta,1394,3324030.25,79
2024,AL,270170,False,Sem exposicao TSB direta,1393,5001441.9,62
2024,SP,355635,False,Sem exposicao TSB direta,1392,3831931.31,101
2024,TO,170386,False,Sem exposicao TSB direta,1392,5340453.06,48
2024,RN,240670,False,Sem exposicao TSB direta,1391,5100152.78,58
2024,SC,421940,False,Sem exposicao TSB direta,1391,4566715.67,62
2024,CE,230520,False,Sem exposicao TSB direta,1390,3597289.96,47
2024,RO,110130,False,Sem exposicao TSB direta,1390,3977270.61,76
2024,SC,421490,False,Sem exposicao TSB direta,1390,4084258.4899999998,98
2024,PA,150095,False,Sem exposicao TSB direta,1389,4673387.5600000005,38
2024,SC,421910,False,Sem exposicao TSB direta,1388,5112301.58,58
2024,RN,240240,False,Sem exposicao TSB direta,1387,2792273.86,61
2024,SP,353520,False,Sem exposicao TSB direta,1386,3353865.46,85
2024,PR,412795,False,Sem exposicao TSB direta,1385,5534254.12,78
2024,PI,220620,False,Sem exposicao TSB direta,1384,5134749.6899999995,51
2024,CE,230670,False,Sem exposicao TSB direta,1382,2911920.7,46
2024,SC,421640,False,Sem exposicao TSB direta,1382,4669541.83,100
2024,AM,130050,False,Sem exposicao TSB direta,1381,9153048.82,38
2024,BA,292975,False,Sem exposicao TSB direta,1381,3035143.96,40
2024,SP,350060,False,Sem exposicao TSB direta,1381,4408685.63,54
2024,BA,290400,False,Sem exposicao TSB direta,1378,3501941.45,34
2024,SC,420510,False,Sem exposicao TSB direta,1378,4475697.59,59
2024,SC,421030,False,Sem exposicao TSB direta,1378,3320352.24,73
2024,MS,500640,False,Sem exposicao TSB direta,1376,4504675.4399999995,71
2024,BA,291150,False,Sem exposicao TSB direta,1375,2696114.8000000003,26
2024,MG,314260,False,Sem exposicao TSB direta,1375,4116662.31,94
2024,MG,317180,False,Sem exposicao TSB direta,1375,2966891.31,90
2024,GO,521130,False,Sem exposicao TSB direta,1373,3468954.24,69
2024,RS,431215,False,Sem exposicao TSB direta,1373,3809416.7,77
2024,MA,210410,False,Sem exposicao TSB direta,1372,3368060.4,71
2024,RS,430500,False,Sem exposicao TSB direta,1372,4719393.06,88
2024,ES,320013,False,Sem exposicao TSB direta,1365,4036402.14,79
2024,PR,411040,False,Sem exposicao TSB direta,1365,4344960.23,51
2024,PR,411695,False,Sem exposicao TSB direta,1365,4048649.68,74
2024,PR,412215,False,Sem exposicao TSB direta,1365,4227212.02,81
2024,MG,312840,False,Sem exposicao TSB direta,1364,4700532.13,96
2024,PI,220660,False,Sem exposicao TSB direta,1364,4588337.27,36
2024,BA,292910,False,Sem exposicao TSB direta,1363,4456804.100000001,95
2024,PB,250640,False,Sem exposicao TSB direta,1363,4441254.2,44
2024,PE,260980,False,Sem exposicao TSB direta,1363,2139462.66,34
2024,PI,220520,False,Sem exposicao TSB direta,1362,2892579.31,56
2024,PI,220920,False,Sem exposicao TSB direta,1362,4696727.79,30
2024,PR,410790,False,Sem exposicao TSB direta,1362,4302974.66,105
2024,RS,431380,False,Sem exposicao TSB direta,1361,3635557.26,109
2024,ES,320450,False,Sem exposicao TSB direta,1359,3637416.42,73
2024,PI,220580,False,Sem exposicao TSB direta,1359,4035840.43,65
2024,RS,431980,False,Sem exposicao TSB direta,1358,3868341.7399999998,82
2024,GO,520500,False,Sem exposicao TSB direta,1357,4911897.23,67
2024,MT,510337,False,Sem exposicao TSB direta,1357,4504230.79,71
2024,RN,240485,False,Sem exposicao TSB direta,1357,2997152.18,45
2024,AP,160015,False,Sem exposicao TSB direta,1356,2892392.79,39
2024,PE,261080,False,Sem exposicao TSB direta,1355,3275720.67,43
2024,SE,280050,False,Sem exposicao TSB direta,1355,5588737.88,54
2024,TO,171660,False,Sem exposicao TSB direta,1354,3640801.06,67
2024,RN,240300,False,Sem exposicao TSB direta,1353,2334540.52,57
2024,SC,420490,False,Sem exposicao TSB direta,1352,4390608.04,98
2024,SP,355550,False,Sem exposicao TSB direta,1351,3024720.77,61
2024,PB,250215,False,Sem exposicao TSB direta,1349,3655675.1300000004,32
2024,RS,430003,False,Sem exposicao TSB direta,1349,4938223.5,58
2024,RS,431053,False,Sem exposicao TSB direta,1349,5323412.5,73
2024,CE,230340,False,Sem exposicao TSB direta,1348,3175066.34,42
2024,BA,290020,False,Sem exposicao TSB direta,1347,4316514.52,31
2024,MT,510626,False,Sem exposicao TSB direta,1346,4451793.5,56
2024,PA,150710,False,Sem exposicao TSB direta,1346,4089663.8099999996,34
2024,RS,431043,False,Sem exposicao TSB direta,1344,4409658.49,93
2024,MG,315733,False,Sem exposicao TSB direta,1343,3243265.85,94
2024,PR,410030,False,Sem exposicao TSB direta,1342,3606985.82,80
2024,MG,314200,False,Sem exposicao TSB direta,1341,2971826.84,76
2024,BA,292340,False,Sem exposicao TSB direta,1340,3222068.03,63
2024,PI,221063,False,Sem exposicao TSB direta,1340,4142208.65,29
2024,RO,110037,False,Sem exposicao TSB direta,1340,4386421.91,74
2024,SP,351190,False,Sem exposicao TSB direta,1340,6283621.96,71
2024,MG,311615,False,Sem exposicao TSB direta,1339,4634058.14,75
2024,PB,251630,False,Sem exposicao TSB direta,1339,3919672.35,91
2024,SC,421825,False,Sem exposicao TSB direta,1339,3425007.7399999998,67
2024,PI,220330,False,Sem exposicao TSB direta,1338,4688540.95,71
2024,MG,313030,False,Sem exposicao TSB direta,1337,4590580.56,95
2024,PR,411700,False,Sem exposicao TSB direta,1337,4089393.14,72
2024,CE,231095,False,Sem exposicao TSB direta,1336,1817462.74,21
2024,MG,314085,False,Sem exposicao TSB direta,1336,3341295.54,39
2024,MG,315390,False,Sem exposicao TSB direta,1335,3803329.48,69
2024,MG,316690,False,Sem exposicao TSB direta,1335,3243263.2399999998,81
2024,CE,231100,False,Sem exposicao TSB direta,1334,2957298.59,27
2024,AM,130230,False,Sem exposicao TSB direta,1331,1382097.25,20
2024,RN,240010,False,Sem exposicao TSB direta,1331,2992978.79,83
2024,RS,431910,False,Sem exposicao TSB direta,1331,3681818.56,98
2024,SP,351990,False,Sem exposicao TSB direta,1331,4263675.74,78
2024,GO,521925,False,Sem exposicao TSB direta,1329,4194280.33,51
2024,SP,350040,False,Sem exposicao TSB direta,1327,3774441.56,82
2024,MG,314210,False,Sem exposicao TSB direta,1326,2946702.74,76
2024,GO,520080,False,Sem exposicao TSB direta,1325,4055765.11,73
2024,SC,420100,False,Sem exposicao TSB direta,1322,4184113.89,88
2024,GO,521680,False,Sem exposicao TSB direta,1320,3183676.76,86
2024,RO,110120,False,Sem exposicao TSB direta,1319,3361204.5500000003,68
2024,SP,354810,False,Sem exposicao TSB direta,1319,3595449.72,81
2024,MG,317005,False,Sem exposicao TSB direta,1318,3248659.37,95
2024,PR,410305,False,Sem exposicao TSB direta,1318,3358705.31,96
2024,RS,431420,False,Sem exposicao TSB direta,1318,3788360.9,58
2024,MA,210409,False,Sem exposicao TSB direta,1317,3122026.1,41
2024,AL,270110,False,Sem exposicao TSB direta,1316,3105021.96,29
2024,AL,270260,False,Sem exposicao TSB direta,1316,3159499.35,40
2024,BA,293170,False,Sem exposicao TSB direta,1316,4318652.26,46
2024,GO,520017,False,Sem exposicao TSB direta,1316,4592547.7,51
2024,MA,210790,False,Sem exposicao TSB direta,1316,3312140.8100000005,47
2024,PR,410740,False,Sem exposicao TSB direta,1316,4454624.75,77
2024,PI,220890,False,Sem exposicao TSB direta,1315,4866245.42,43
2024,SC,420285,False,Sem exposicao TSB direta,1314,5384580.5200000005,72
2024,MG,312370,False,Sem exposicao TSB direta,1313,3399078.72,78
2024,BA,292937,False,Sem exposicao TSB direta,1307,3195277.07,38
2024,RN,241340,False,Sem exposicao TSB direta,1307,2802166.68,37
2024,MG,310100,False,Sem exposicao TSB direta,1305,4540696.54,48
2024,AL,270120,False,Sem exposicao TSB direta,1304,2711478.41,27
2024,MA,210670,False,Sem exposicao TSB direta,1302,1617844.8299999998,46
2024,MG,312880,False,Sem exposicao TSB direta,1300,3098550.29,68
2024,PR,412510,False,Sem exposicao TSB direta,1299,4714092.21,90
2024,RN,241460,False,Sem exposicao TSB direta,1299,3858553.49,51
2024,SP,354820,False,Sem exposicao TSB direta,1298,3571778.44,88
2024,PE,260350,False,Sem exposicao TSB direta,1297,2987093.89,64
2024,RN,241335,False,Sem exposicao TSB direta,1297,4111469.9,54
2024,BA,292090,False,Sem exposicao TSB direta,1294,3877130.43,36
2024,MG,310750,False,Sem exposicao TSB direta,1294,2965080.65,75
2024,SC,420660,False,Sem exposicao TSB direta,1294,4220074.96,84
2024,MA,211223,False,Sem exposicao TSB direta,1293,5373892.73,99
2024,GO,521971,False,Sem exposicao TSB direta,1292,5162703.56,59
2024,BA,291590,False,Sem exposicao TSB direta,1291,2610266.5300000003,35
2024,MG,314160,False,Sem exposicao TSB direta,1291,2850720.87,89
2024,RJ,330230,False,Sem exposicao TSB direta,1291,4235003.4799999995,52
2024,SE,280620,False,Sem exposicao TSB direta,1291,4535010.9,75
2024,MG,311710,False,Sem exposicao TSB direta,1290,3576589.88,85
2024,CE,230200,False,Sem exposicao TSB direta,1289,3143750.75,54
2024,ES,320265,False,Sem exposicao TSB direta,1288,3605449.3900000006,75
2024,MA,210355,False,Sem exposicao TSB direta,1288,2033254.79,13
2024,MA,210467,False,Sem exposicao TSB direta,1288,4249264.65,45
2024,SC,420030,False,Sem exposicao TSB direta,1288,4530535.2700000005,97
2024,SP,351270,False,Sem exposicao TSB direta,1288,5122937.1,60
2024,CE,230195,False,Sem exposicao TSB direta,1287,4138672.33,67
2024,PE,261240,False,Sem exposicao TSB direta,1287,4124559.34,60
2024,GO,520150,False,Sem exposicao TSB direta,1286,4532772.79,52
2024,MG,313180,False,Sem exposicao TSB direta,1286,2784857.59,82
2024,MG,315410,False,Sem exposicao TSB direta,1286,2448507.21,77
2024,PR,410975,False,Sem exposicao TSB direta,1286,3693405.42,70
2024,RS,431036,False,Sem exposicao TSB direta,1285,5719622.52,61
2024,GO,520790,False,Sem exposicao TSB direta,1284,3559339.66,37
2024,MG,311580,False,Sem exposicao TSB direta,1284,3482586.61,74
2024,PE,260700,False,Sem exposicao TSB direta,1283,3621535.98,40
2024,PE,261570,False,Sem exposicao TSB direta,1282,3748009.61,73
2024,RN,240430,False,Sem exposicao TSB direta,1282,4016203.78,53
2024,BA,292310,False,Sem exposicao TSB direta,1281,4465157.97,70
2024,BA,293075,False,Sem exposicao TSB direta,1281,2563849.25,30
2024,SP,351810,False,Sem exposicao TSB direta,1279,3395909.63,50
2024,BA,291720,False,Sem exposicao TSB direta,1278,3912302.9699999997,73
2024,BA,292595,False,Sem exposicao TSB direta,1276,2601926.33,49
2024,PA,150280,False,Sem exposicao TSB direta,1276,9325477.48,16
2024,RS,430605,False,Sem exposicao TSB direta,1276,3618132.25,70
2024,SP,351470,False,Sem exposicao TSB direta,1276,3377805.71,76
2024,GO,521630,False,Sem exposicao TSB direta,1275,3005182.64,90
2024,PB,250190,False,Sem exposicao TSB direta,1275,3911446.02,62
2024,RS,430830,False,Sem exposicao TSB direta,1274,4429783.04,90
2024,MS,500840,False,Sem exposicao TSB direta,1272,3760197.42,61
2024,BA,291000,False,Sem exposicao TSB direta,1271,2659617.4299999997,31
2024,BA,292020,False,Sem exposicao TSB direta,1271,2573697.55,32
2024,MG,315450,False,Sem exposicao TSB direta,1271,4891286.78,35
2024,PI,220310,False,Sem exposicao TSB direta,1270,2726665.5,58
2024,SP,354030,False,Sem exposicao TSB direta,1270,5142939.28,32
2024,BA,293350,False,Sem exposicao TSB direta,1269,4336542.39,51
2024,PR,412175,False,Sem exposicao TSB direta,1269,3779145.92,54
2024,PR,410410,False,Sem exposicao TSB direta,1268,3598321.29,82
2024,PR,411745,False,Sem exposicao TSB direta,1268,4147944.1599999997,67
2024,BA,291510,False,Sem exposicao TSB direta,1265,3440835.48,44
2024,MS,500770,False,Sem exposicao TSB direta,1265,4483211.68,95
2024,PA,150490,False,Sem exposicao TSB direta,1265,7610786.17,27
2024,PR,412855,False,Sem exposicao TSB direta,1265,3803616.3,93
2024,PR,411000,False,Sem exposicao TSB direta,1264,4470704.19,84
2024,SP,352380,False,Sem exposicao TSB direta,1264,3539062.2399999998,84
2024,MS,500510,False,Sem exposicao TSB direta,1263,4754686.859999999,32
2024,PA,150747,False,Sem exposicao TSB direta,1262,4259111.88,39
2024,BA,291990,False,Sem exposicao TSB direta,1258,2252550.67,25
2024,RS,430400,False,Sem exposicao TSB direta,1258,4367078.7,73
2024,AC,120070,False,Sem exposicao TSB direta,1257,4169738.1799999997,53
2024,RS,430150,False,Sem exposicao TSB direta,1257,4295097.77,90
2024,RN,240440,False,Sem exposicao TSB direta,1256,3293206.75,37
2024,RS,430090,False,Sem exposicao TSB direta,1255,4502438.09,104
2024,RS,431407,False,Sem exposicao TSB direta,1253,3997954.73,82
2024,BA,291085,False,Sem exposicao TSB direta,1252,4395331.66,52
2024,RS,431040,False,Sem exposicao TSB direta,1252,4305879.85,67
2024,SC,420790,False,Sem exposicao TSB direta,1252,4720049.64,109
2024,BA,290035,False,Sem exposicao TSB direta,1251,3265279.56,44
2024,PR,411860,False,Sem exposicao TSB direta,1250,3449749.68,63
2024,MG,314270,False,Sem exposicao TSB direta,1249,3391232.08,68
2024,BA,290410,False,Sem exposicao TSB direta,1248,1361728.9200000002,53
2024,MG,313600,False,Sem exposicao TSB direta,1248,3032144.76,63
2024,PR,411585,False,Sem exposicao TSB direta,1247,4255629.66,83
2024,SC,420720,False,Sem exposicao TSB direta,1247,3906199.53,75
2024,PB,250930,False,Sem exposicao TSB direta,1245,4797292.74,41
2024,MG,310910,False,Sem exposicao TSB direta,1244,3531351.5300000003,87
2024,SP,351250,False,Sem exposicao TSB direta,1242,4763625.68,70
2024,TO,172080,False,Sem exposicao TSB direta,1242,2177779.93,42
2024,SP,355390,False,Sem exposicao TSB direta,1241,3426077.44,70
2024,PA,150563,False,Sem exposicao TSB direta,1238,4819977.7299999995,48
2024,SC,420080,False,Sem exposicao TSB direta,1237,3753903.1399999997,75
2024,SP,354620,False,Sem exposicao TSB direta,1236,3732289.75,71
2024,BA,291820,False,Sem exposicao TSB direta,1235,3037187.92,42
2024,CE,230160,False,Sem exposicao TSB direta,1235,4739872.63,52
2024,RJ,330590,False,Sem exposicao TSB direta,1235,4445624.75,59
2024,RJ,330615,False,Sem exposicao TSB direta,1233,3736775.6599999997,74
2024,BA,292540,False,Sem exposicao TSB direta,1232,1470405.2,44
2024,CE,230945,False,Sem exposicao TSB direta,1232,5123558.66,58
2024,RS,430950,False,Sem exposicao TSB direta,1230,3779958.42,87
2024,SP,353510,False,Sem exposicao TSB direta,1230,2899880.71,60
2024,GO,520725,False,Sem exposicao TSB direta,1229,4019750.16,66
2024,PE,261580,False,Sem exposicao TSB direta,1228,4931542.0200000005,35
2024,TO,171420,False,Sem exposicao TSB direta,1228,4911520.359999999,75
2024,ES,320016,False,Sem exposicao TSB direta,1226,3496637.5500000003,61
2024,MA,210598,False,Sem exposicao TSB direta,1226,1105893.6099999999,25
2024,MA,210515,False,Sem exposicao TSB direta,1225,3427645.79,23
2024,MG,311250,False,Sem exposicao TSB direta,1225,2760616.2800000003,92
2024,PB,251650,False,Sem exposicao TSB direta,1224,2668084.8899999997,44
2024,BA,293040,False,Sem exposicao TSB direta,1223,3305288.87,42
2024,GO,521210,False,Sem exposicao TSB direta,1223,3563852.3,74
2024,MT,510454,False,Sem exposicao TSB direta,1223,3986620.11,82
2024,MG,316130,False,Sem exposicao TSB direta,1222,3819816.4,69
2024,BA,291530,False,Sem exposicao TSB direta,1221,3847412.19,41
2024,PB,250940,False,Sem exposicao TSB direta,1221,5393620.8100000005,39
2024,RN,240230,False,Sem exposicao TSB direta,1220,3933137.54,73
2024,RN,241390,False,Sem exposicao TSB direta,1219,2262880.9899999998,31
2024,SP,350995,False,Sem exposicao TSB direta,1219,3813451.02,62
2024,SP,353660,False,Sem exposicao TSB direta,1219,4588635.39,68
2024,GO,521100,False,Sem exposicao TSB direta,1218,3008419.92,64
2024,PE,260080,False,Sem exposicao TSB direta,1218,3517252.21,50
2024,SC,420740,False,Sem exposicao TSB direta,1218,3812279.43,79
2024,GO,522180,False,Sem exposicao TSB direta,1216,6771646.79,36
2024,PA,150172,False,Sem exposicao TSB direta,1214,5813238.81,69
2024,RS,430990,False,Sem exposicao TSB direta,1213,4819621.67,88
2024,CE,230130,False,Sem exposicao TSB direta,1212,3747315.9699999997,33
2024,AL,270070,False,Sem exposicao TSB direta,1210,5403240.140000001,66
2024,CE,230510,False,Sem exposicao TSB direta,1210,2240649.16,45
2024,SC,421110,False,Sem exposicao TSB direta,1208,3034005.98,94
2024,CE,231260,False,Sem exposicao TSB direta,1206,1928778.2499999998,37
2024,BA,291240,False,Sem exposicao TSB direta,1203,2647818.7800000003,39
2024,GO,520355,False,Sem exposicao TSB direta,1203,2783920.81,94
2024,SC,421270,False,Sem exposicao TSB direta,1203,3823606.09,85
2024,RS,430650,False,Sem exposicao TSB direta,1201,3762163.11,78
2024,PA,150070,False,Sem exposicao TSB direta,1200,9240259.45,31
2024,MG,313870,False,Sem exposicao TSB direta,1199,2898841.2399999998,63
2024,PE,261020,False,Sem exposicao TSB direta,1199,5282372.8,57
2024,PR,410070,False,Sem exposicao TSB direta,1199,3808242.27,87
2024,MG,312890,False,Sem exposicao TSB direta,1197,3418916.55,91
2024,RS,431177,False,Sem exposicao TSB direta,1196,3455132.24,77
2024,RN,240180,False,Sem exposicao TSB direta,1194,2364688.82,55
2024,GO,522119,False,Sem exposicao TSB direta,1193,3029662.49,91
2024,BA,292750,False,Sem exposicao TSB direta,1192,3940904.2199999997,64
2024,BA,293150,False,Sem exposicao TSB direta,1192,4100984.2699999996,51
2024,MG,312930,False,Sem exposicao TSB direta,1192,3055446.77,95
2024,BA,293180,False,Sem exposicao TSB direta,1191,3807600.46,40
2024,AL,270910,False,Sem exposicao TSB direta,1190,6293869.58,59
2024,BA,293160,False,Sem exposicao TSB direta,1190,2244585.75,46
2024,MA,210500,False,Sem exposicao TSB direta,1190,4574246.55,33
2024,TO,171575,False,Sem exposicao TSB direta,1188,2845024.55,76
2024,PB,251310,False,Sem exposicao TSB direta,1187,2477902.42,32
2024,MT,510285,False,Sem exposicao TSB direta,1184,3891422.4499999997,73
2024,PE,261040,False,Sem exposicao TSB direta,1184,3495272.8800000004,47
2024,MG,310470,False,Sem exposicao TSB direta,1183,3483490.0500000003,54
2024,GO,520780,False,Sem exposicao TSB direta,1182,3046210.34,87
2024,MA,211105,False,Sem exposicao TSB direta,1182,1158572.05,34
2024,PR,410645,False,Sem exposicao TSB direta,1182,3583114.25,55
2024,MA,210043,False,Sem exposicao TSB direta,1179,1797788.66,57
2024,BA,292010,False,Sem exposicao TSB direta,1178,3557650.38,45
2024,GO,521405,False,Sem exposicao TSB direta,1177,3459130.0700000003,49
2024,MG,313910,False,Sem exposicao TSB direta,1177,3121861.5,60
2024,PE,260750,False,Sem exposicao TSB direta,1177,1139710.1099999999,49
2024,MG,312690,False,Sem exposicao TSB direta,1176,3002359.6999999997,70
2024,SC,421180,False,Sem exposicao TSB direta,1176,3643353.12,101
2024,SP,350720,False,Sem exposicao TSB direta,1176,4403169.7700000005,18
2024,SP,353040,False,Sem exposicao TSB direta,1176,3677973.43,48
2024,PR,410600,False,Sem exposicao TSB direta,1174,3341212.66,77
2024,BA,291930,False,Sem exposicao TSB direta,1172,3793117.4699999997,59
2024,PR,410330,False,Sem exposicao TSB direta,1172,3330024.36,90
2024,RR,140050,False,Sem exposicao TSB direta,1172,3628135.95,38
2024,MA,210030,False,Sem exposicao TSB direta,1170,4155837.13,32
2024,MA,210095,False,Sem exposicao TSB direta,1169,650397.48,35
2024,MG,312900,False,Sem exposicao TSB direta,1169,2555932.02,77
2024,MG,315100,False,Sem exposicao TSB direta,1169,2911626.6,94
2024,SP,354700,False,Sem exposicao TSB direta,1169,2838788.61,61
2024,BA,291270,False,Sem exposicao TSB direta,1168,3627774.6900000004,48
2024,MG,313710,False,Sem exposicao TSB direta,1168,2879994.47,73
2024,PR,412640,False,Sem exposicao TSB direta,1168,4174290.85,77
2024,SP,353990,False,Sem exposicao TSB direta,1168,3357550.16,67
2024,BA,290130,False,Sem exposicao TSB direta,1167,4026314.16,50
2024,SP,351780,False,Sem exposicao TSB direta,1166,3329678.5300000003,74
2024,MG,316760,False,Sem exposicao TSB direta,1162,4669508.55,94
2024,PE,260390,False,Sem exposicao TSB direta,1161,5840483.5600000005,50
2024,RJ,330513,False,Sem exposicao TSB direta,1161,3225068.2600000002,69
2024,MS,500280,False,Sem exposicao TSB direta,1159,3245900.25,45
2024,PE,261330,False,Sem exposicao TSB direta,1159,3811667.4899999998,46
2024,ES,320225,False,Sem exposicao TSB direta,1158,4109950.14,74
2024,PE,260105,False,Sem exposicao TSB direta,1158,3995535.4699999997,59
2024,PR,410820,False,Sem exposicao TSB direta,1158,4093485.56,102
2024,SP,351950,False,Sem exposicao TSB direta,1157,4037940.76,64
2024,PI,221070,False,Sem exposicao TSB direta,1156,3584188.84,39
2024,MG,315540,False,Sem exposicao TSB direta,1155,2420035.09,81
2024,MG,316420,False,Sem exposicao TSB direta,1154,3185217.81,52
2024,SP,350830,False,Sem exposicao TSB direta,1154,3508818.4699999997,46
2024,TO,170240,False,Sem exposicao TSB direta,1154,3309066.21,57
2024,PR,412470,False,Sem exposicao TSB direta,1153,3070074.98,67
2024,SP,355350,False,Sem exposicao TSB direta,1153,3306343.88,65
2024,RS,430187,False,Sem exposicao TSB direta,1151,3964909.47,53
2024,BA,292610,False,Sem exposicao TSB direta,1150,3328916.53,59
2024,CE,230790,False,Sem exposicao TSB direta,1150,3147964.8000000003,26
2024,MT,510830,False,Sem exposicao TSB direta,1150,3717630.63,41
2024,MA,211180,False,Sem exposicao TSB direta,1149,3200381.14,34
2024,MT,510523,False,Sem exposicao TSB direta,1149,3608805.2600000002,40
2024,PB,250820,False,Sem exposicao TSB direta,1149,1961024.86,29
2024,RN,241030,False,Sem exposicao TSB direta,1148,3542559.5800000005,34
2024,GO,520993,False,Sem exposicao TSB direta,1147,2893089.69,65
2024,MG,314100,False,Sem exposicao TSB direta,1147,2690860.5300000003,72
2024,RO,110029,False,Sem exposicao TSB direta,1147,3120911.19,68
2024,RO,110070,False,Sem exposicao TSB direta,1147,3866052.1399999997,57
2024,BA,291200,False,Sem exposicao TSB direta,1146,2021098.05,49
2024,SP,350230,False,Sem exposicao TSB direta,1146,3341036.88,48
2024,SP,352150,False,Sem exposicao TSB direta,1146,2886247.56,76
2024,PI,220260,False,Sem exposicao TSB direta,1145,3083219.01,73
2024,RS,430250,False,Sem exposicao TSB direta,1145,3363224.44,61
2024,PA,150340,False,Sem exposicao TSB direta,1143,2562071.94,32
2024,MG,310820,False,Sem exposicao TSB direta,1142,3695061.42,71
2024,MS,500310,False,Sem exposicao TSB direta,1139,2978079.43,45
2024,SP,350075,False,Sem exposicao TSB direta,1138,3048150.02,70
2024,MA,210970,False,Sem exposicao TSB direta,1137,3583584.1,29
2024,MT,510345,False,Sem exposicao TSB direta,1135,3089357.04,53
2024,MG,317090,False,Sem exposicao TSB direta,1133,3227688.45,54
2024,AC,120001,False,Sem exposicao TSB direta,1131,3648744.11,60
2024,PI,221040,False,Sem exposicao TSB direta,1130,2932047.1199999996,47
2024,PR,412627,False,Sem exposicao TSB direta,1129,4137247.33,66
2024,TO,170390,False,Sem exposicao TSB direta,1127,3970998.25,37
2024,BA,290760,False,Sem exposicao TSB direta,1126,3230297.7199999997,27
2024,BA,292450,False,Sem exposicao TSB direta,1126,3069054.1600000006,48
2024,PA,150520,False,Sem exposicao TSB direta,1126,8429239.57,21
2024,PR,411160,False,Sem exposicao TSB direta,1126,3449947.2,38
2024,SC,420250,False,Sem exposicao TSB direta,1126,2279369.21,64
2024,PB,250440,False,Sem exposicao TSB direta,1125,5217815.9,51
2024,SP,351920,False,Sem exposicao TSB direta,1125,3184719.2,67
2024,SE,280660,False,Sem exposicao TSB direta,1124,3721650.56,54
2024,BA,290330,False,Sem exposicao TSB direta,1123,2635853.4,31
2024,MG,312140,False,Sem exposicao TSB direta,1122,4859164.56,68
2024,PE,260480,False,Sem exposicao TSB direta,1122,2609267.37,35
2024,MG,316400,False,Sem exposicao TSB direta,1121,2582282.63,69
2024,RS,430517,False,Sem exposicao TSB direta,1120,3506140.32,75
2024,RS,430330,False,Sem exposicao TSB direta,1119,4194969.97,81
2024,CE,230430,False,Sem exposicao TSB direta,1118,3746652.37,41
2024,GO,520215,False,Sem exposicao TSB direta,1118,2856394.96,64
2024,MG,314240,False,Sem exposicao TSB direta,1118,2866776.7,88
2024,PB,251550,False,Sem exposicao TSB direta,1118,3364445.7100000004,58
2024,MG,312920,False,Sem exposicao TSB direta,1117,2568782.99,58
2024,MG,316840,False,Sem exposicao TSB direta,1117,3098258.79,82
2024,PR,412385,False,Sem exposicao TSB direta,1117,3578440.27,67
2024,CE,230400,False,Sem exposicao TSB direta,1115,3921323.11,48
2024,MG,310163,False,Sem exposicao TSB direta,1115,2708924.88,64
2024,BA,290530,False,Sem exposicao TSB direta,1114,3686930.27,46
2024,CE,230090,False,Sem exposicao TSB direta,1114,2421706.99,40
2024,MS,500795,False,Sem exposicao TSB direta,1114,5229026.54,59
2024,PE,260830,False,Sem exposicao TSB direta,1114,2725578.48,49
2024,PR,410020,False,Sem exposicao TSB direta,1114,3713436.79,58
2024,BA,291620,False,Sem exposicao TSB direta,1113,2799336.6,51
2024,RO,110008,False,Sem exposicao TSB direta,1112,3391932.4899999998,69
2024,BA,291040,False,Sem exposicao TSB direta,1111,1465612.1500000001,45
2024,BA,293310,False,Sem exposicao TSB direta,1111,2840354.42,36
2024,MG,313110,False,Sem exposicao TSB direta,1111,2253991.8899999997,63
2024,RR,140002,False,Sem exposicao TSB direta,1111,1329525.42,27
2024,RR,140028,False,Sem exposicao TSB direta,1111,2758786.1500000004,20
2024,SP,353680,False,Sem exposicao TSB direta,1111,2612647.68,72
2024,PA,150400,False,Sem exposicao TSB direta,1108,6694177.25,17
2024,PR,411720,False,Sem exposicao TSB direta,1108,3000379.08,65
2024,AL,270640,False,Sem exposicao TSB direta,1107,5278220.649999999,45
2024,GO,521910,False,Sem exposicao TSB direta,1107,2704747.97,94
2024,MG,315820,False,Sem exposicao TSB direta,1107,3772939.99,83
2024,RS,432030,False,Sem exposicao TSB direta,1106,3892637.92,76
2024,MG,315935,False,Sem exposicao TSB direta,1105,2770151.77,70
2024,AL,270560,False,Sem exposicao TSB direta,1103,3317216.94,35
2024,BA,291165,False,Sem exposicao TSB direta,1103,1721246.0199999998,22
2024,MS,500315,False,Sem exposicao TSB direta,1103,4498149.07,78
2024,RS,431275,False,Sem exposicao TSB direta,1103,4669945.51,60
2024,MG,310780,False,Sem exposicao TSB direta,1102,2671227.65,75
2024,PR,410775,False,Sem exposicao TSB direta,1102,2963225.9299999997,83
2024,SP,355440,False,Sem exposicao TSB direta,1102,3257740.98,65
2024,BA,292760,False,Sem exposicao TSB direta,1101,2410880.7399999998,31
2024,SC,421450,False,Sem exposicao TSB direta,1101,3762805.66,84
2024,PR,412535,False,Sem exposicao TSB direta,1099,3066375.69,83
2024,MA,210650,False,Sem exposicao TSB direta,1098,3465823.0999999996,38
2024,RS,430590,False,Sem exposicao TSB direta,1098,3342507.0,68
2024,BA,291940,False,Sem exposicao TSB direta,1097,2475095.86,61
2024,CE,231060,False,Sem exposicao TSB direta,1096,2191694.12,31
2024,SE,280640,False,Sem exposicao TSB direta,1096,2253666.16,17
2024,MG,313800,False,Sem exposicao TSB direta,1095,2436799.4899999998,69
2024,RN,241400,False,Sem exposicao TSB direta,1094,3283042.5799999996,57
2024,PE,261400,False,Sem exposicao TSB direta,1092,2784753.97,37
2024,BA,291345,False,Sem exposicao TSB direta,1091,4303819.62,36
2024,MA,210890,False,Sem exposicao TSB direta,1090,3890522.0500000003,27
2024,RS,430471,False,Sem exposicao TSB direta,1090,3135672.52,52
2024,PR,411300,False,Sem exposicao TSB direta,1087,3575484.08,74
2024,BA,292925,False,Sem exposicao TSB direta,1086,3530191.1199999996,49
2024,MG,317103,False,Sem exposicao TSB direta,1085,2911379.6,34
2024,MS,500025,False,Sem exposicao TSB direta,1085,4159486.31,63
2024,SC,420127,False,Sem exposicao TSB direta,1085,3879967.5300000003,57
2024,SP,350350,False,Sem exposicao TSB direta,1085,2429802.17,35
2024,BA,290040,False,Sem exposicao TSB direta,1084,3798770.0500000003,53
2024,MG,316255,False,Sem exposicao TSB direta,1084,3310651.0300000003,66
2024,BA,290940,False,Sem exposicao TSB direta,1082,3112909.12,44
2024,BA,292225,False,Sem exposicao TSB direta,1082,3312393.89,36
2024,RJ,330530,False,Sem exposicao TSB direta,1082,4068521.9899999998,38
2024,BA,292330,False,Sem exposicao TSB direta,1081,1751022.56,27
2024,MA,210720,False,Sem exposicao TSB direta,1080,820223.9700000001,13
2024,BA,291300,False,Sem exposicao TSB direta,1079,3665886.02,38
2024,MG,312720,False,Sem exposicao TSB direta,1079,2678810.01,55
2024,SP,350910,False,Sem exposicao TSB direta,1079,4912513.56,29
2024,AM,130150,False,Sem exposicao TSB direta,1078,3010528.18,20
2024,PE,261280,False,Sem exposicao TSB direta,1077,2238303.07,33
2024,AL,270380,False,Sem exposicao TSB direta,1075,3571727.1999999997,48
2024,SP,354480,False,Sem exposicao TSB direta,1074,3282803.5,82
2024,MG,317107,False,Sem exposicao TSB direta,1073,3030873.33,40
2024,PB,251130,False,Sem exposicao TSB direta,1073,3411782.18,56
2024,PE,260240,False,Sem exposicao TSB direta,1073,2314419.21,30
2024,MG,316570,False,Sem exposicao TSB direta,1072,2286387.67,75
2024,BA,293315,False,Sem exposicao TSB direta,1071,2743967.44,40
2024,MA,210260,False,Sem exposicao TSB direta,1071,2595839.6700000004,27
2024,PA,150250,False,Sem exposicao TSB direta,1071,2735561.49,23
2024,RN,240140,False,Sem exposicao TSB direta,1070,3318800.74,45
2024,RN,241090,False,Sem exposicao TSB direta,1070,1942656.5200000003,22
2024,RN,241140,False,Sem exposicao TSB direta,1068,2913842.55,43
2024,BA,292850,False,Sem exposicao TSB direta,1067,2178876.53,38
2024,PB,251700,False,Sem exposicao TSB direta,1067,3139285.4899999998,23
2024,CE,230185,False,Sem exposicao TSB direta,1066,4020744.69,46
2024,CE,230310,False,Sem exposicao TSB direta,1066,2683245.98,44
2024,GO,521990,False,Sem exposicao TSB direta,1065,2795975.63,59
2024,TO,170650,False,Sem exposicao TSB direta,1065,2272282.64,39
2024,PE,261620,False,Sem exposicao TSB direta,1064,3387627.58,62
2024,SC,420520,False,Sem exposicao TSB direta,1064,2964888.16,77
2024,BA,290140,False,Sem exposicao TSB direta,1062,3024004.99,47
2024,BA,293060,False,Sem exposicao TSB direta,1062,2928963.85,57
2024,BA,292130,False,Sem exposicao TSB direta,1061,2775869.08,53
2024,MA,210325,False,Sem exposicao TSB direta,1061,1752549.26,50
2024,PI,220191,False,Sem exposicao TSB direta,1061,1341606.1,21
2024,PB,251090,False,Sem exposicao TSB direta,1059,3697281.2800000003,30
2024,MA,210770,False,Sem exposicao TSB direta,1058,2910636.84,49
2024,PE,260770,False,Sem exposicao TSB direta,1058,2935434.75,47
2024,RS,430807,False,Sem exposicao TSB direta,1058,2895913.71,70
2024,PE,260270,False,Sem exposicao TSB direta,1057,1442471.12,43
2024,SP,353770,False,Sem exposicao TSB direta,1057,2710859.89,67
2024,MA,210270,False,Sem exposicao TSB direta,1056,4754730.010000001,32
2024,MA,211040,False,Sem exposicao TSB direta,1056,698761.05,28
2024,SC,421875,False,Sem exposicao TSB direta,1056,3532646.25,79
2024,ES,320515,False,Sem exposicao TSB direta,1055,2975440.38,60
2024,PE,260470,False,Sem exposicao TSB direta,1055,3006001.34,33
2024,PR,411550,False,Sem exposicao TSB direta,1054,2078948.23,75
2024,SP,350620,False,Sem exposicao TSB direta,1054,4800497.16,22
2024,AL,270760,False,Sem exposicao TSB direta,1053,4023706.7700000005,32
2024,PR,410780,False,Sem exposicao TSB direta,1053,3072541.66,70
2024,RO,110050,False,Sem exposicao TSB direta,1053,2930460.5700000003,62
2024,AL,270610,False,Sem exposicao TSB direta,1052,2687082.9699999997,29
2024,BA,290485,False,Sem exposicao TSB direta,1049,3738870.04,52
2024,BA,291780,False,Sem exposicao TSB direta,1049,5040457.649999999,43
2024,SP,352160,False,Sem exposicao TSB direta,1048,4505179.61,58
2024,BA,291740,False,Sem exposicao TSB direta,1047,1548344.72,48
2024,SC,421090,False,Sem exposicao TSB direta,1047,3802489.89,73
2024,AM,130195,False,Sem exposicao TSB direta,1046,1127396.77,9
2024,MG,310500,False,Sem exposicao TSB direta,1045,2525199.27,68
2024,SP,350020,False,Sem exposicao TSB direta,1044,2920817.18,51
2024,MG,310640,False,Sem exposicao TSB direta,1043,4993591.53,78
2024,PR,411885,False,Sem exposicao TSB direta,1043,3333605.66,81
2024,PE,260915,False,Sem exposicao TSB direta,1042,2505900.4,30
2024,SP,355290,False,Sem exposicao TSB direta,1042,3139612.6100000003,62
2024,MA,210690,False,Sem exposicao TSB direta,1041,572443.94,22
2024,MG,313570,False,Sem exposicao TSB direta,1041,2632015.14,83
2024,PR,412790,False,Sem exposicao TSB direta,1041,2655129.94,67
2024,MG,315790,False,Sem exposicao TSB direta,1040,3254028.36,70
2024,PA,150570,False,Sem exposicao TSB direta,1040,3174500.2699999996,26
2024,SP,350430,False,Sem exposicao TSB direta,1040,3279027.3800000004,50
2024,MG,316120,False,Sem exposicao TSB direta,1039,2656777.5,61
2024,PR,411705,False,Sem exposicao TSB direta,1036,3154699.9899999998,70
2024,PR,411500,False,Sem exposicao TSB direta,1035,2781450.2199999997,68
2024,AP,160010,False,Sem exposicao TSB direta,1034,2530121.9200000004,24
2024,MA,210510,False,Sem exposicao TSB direta,1034,5012111.34,21
2024,MA,210630,False,Sem exposicao TSB direta,1034,653074.46,31
2024,PR,412575,False,Sem exposicao TSB direta,1033,4265439.609999999,59
2024,SP,353370,False,Sem exposicao TSB direta,1032,2979359.59,52
2024,BA,292480,False,Sem exposicao TSB direta,1031,2720056.32,58
2024,MG,312130,False,Sem exposicao TSB direta,1030,2196178.62,36
2024,PR,410773,False,Sem exposicao TSB direta,1030,3142759.39,53
2024,SC,420915,False,Sem exposicao TSB direta,1030,3483444.05,62
2024,SE,280280,False,Sem exposicao TSB direta,1030,5047508.13,51
2024,SP,353410,False,Sem exposicao TSB direta,1029,4039625.17,68
2024,AM,130090,False,Sem exposicao TSB direta,1028,3387612.18,21
2024,SP,352750,False,Sem exposicao TSB direta,1028,2773132.78,31
2024,MA,210317,False,Sem exposicao TSB direta,1027,1771124.26,21
2024,PA,150740,False,Sem exposicao TSB direta,1027,3561431.72,55
2024,PR,411510,False,Sem exposicao TSB direta,1027,3101941.36,74
2024,AM,130014,False,Sem exposicao TSB direta,1026,3684661.4699999997,52
2024,CE,230125,False,Sem exposicao TSB direta,1026,2410663.52,23
2024,MG,312270,False,Sem exposicao TSB direta,1026,2770408.77,75
2024,RN,240030,False,Sem exposicao TSB direta,1026,3064402.86,35
2024,MG,310945,False,Sem exposicao TSB direta,1025,3217347.29,38
2024,MG,312590,False,Sem exposicao TSB direta,1025,2396858.72,66
2024,AL,270440,False,Sem exposicao TSB direta,1024,4924851.13,56
2024,PI,220050,False,Sem exposicao TSB direta,1023,2805837.77,64
2024,PE,260320,False,Sem exposicao TSB direta,1022,4916397.57,43
2024,SP,351260,False,Sem exposicao TSB direta,1022,2690704.95,41
2024,SP,353720,False,Sem exposicao TSB direta,1022,2867745.3,66
2024,MG,312480,False,Sem exposicao TSB direta,1020,3432382.09,56
2024,SC,421335,False,Sem exposicao TSB direta,1020,2410559.64,49
2024,AM,130255,False,Sem exposicao TSB direta,1019,9900963.25,16
2024,MT,510600,False,Sem exposicao TSB direta,1019,3657984.91,51
2024,PE,260840,False,Sem exposicao TSB direta,1018,2883025.3000000003,39
2024,GO,520380,False,Sem exposicao TSB direta,1017,2969700.74,77
2024,PA,150475,False,Sem exposicao TSB direta,1017,5299683.2700000005,59
2024,PI,221080,False,Sem exposicao TSB direta,1017,3960628.93,59
2024,TO,171620,False,Sem exposicao TSB direta,1016,3558214.99,42
2024,PB,250280,False,Sem exposicao TSB direta,1015,5299831.95,41
2024,SC,421265,False,Sem exposicao TSB direta,1015,3344259.62,81
2024,AC,120033,False,Sem exposicao TSB direta,1014,3726582.48,47
2024,TO,170290,False,Sem exposicao TSB direta,1014,817045.9,37
2024,BA,293305,False,Sem exposicao TSB direta,1013,3196161.75,48
2024,MG,314465,False,Sem exposicao TSB direta,1013,2535184.16,36
2024,PR,412530,False,Sem exposicao TSB direta,1013,3465720.2800000003,75
2024,SC,420860,False,Sem exposicao TSB direta,1013,3535620.69,64
2024,MG,316310,False,Sem exposicao TSB direta,1012,2410412.5100000002,45
2024,SP,355320,False,Sem exposicao TSB direta,1012,3744166.86,73
2024,MG,313480,False,Sem exposicao TSB direta,1011,2439990.91,89
2024,RS,431310,False,Sem exposicao TSB direta,1011,3699068.52,75
2024,SC,420757,False,Sem exposicao TSB direta,1011,3327196.0300000003,57
2024,GO,522170,False,Sem exposicao TSB direta,1010,3183926.73,91
2024,PA,150610,False,Sem exposicao TSB direta,1009,2819985.17,36
2024,BA,292730,False,Sem exposicao TSB direta,1008,5445123.54,47
2024,PB,251240,False,Sem exposicao TSB direta,1008,3479209.88,55
2024,PR,410220,False,Sem exposicao TSB direta,1008,3143309.7800000003,66
2024,SC,420519,False,Sem exposicao TSB direta,1008,3202014.63,45
2024,RS,431175,False,Sem exposicao TSB direta,1007,2983893.49,67
2024,SE,280630,False,Sem exposicao TSB direta,1007,4236964.71,35
2024,AL,270010,False,Sem exposicao TSB direta,1006,5326210.09,37
2024,BA,291380,False,Sem exposicao TSB direta,1004,2892812.94,32
2024,GO,522026,False,Sem exposicao TSB direta,1004,2540321.06,60
2024,BA,293090,False,Sem exposicao TSB direta,1003,2467048.09,43
2024,MG,311300,False,Sem exposicao TSB direta,1003,3257595.93,49
2024,BA,290405,False,Sem exposicao TSB direta,1002,3228423.39,41
2024,PE,261600,False,Sem exposicao TSB direta,1002,3286104.99,60
2024,RN,240080,False,Sem exposicao TSB direta,1002,2955619.36,77
2024,RS,430200,False,Sem exposicao TSB direta,1002,2639281.67,82
2024,MA,211153,False,Sem exposicao TSB direta,1001,1071309.59,31
2024,MG,311360,False,Sem exposicao TSB direta,1001,2983104.3,76
2024,PA,150750,False,Sem exposicao TSB direta,1001,3792383.15,28
2024,BA,290150,False,Sem exposicao TSB direta,1000,7069125.58,45
2024,PA,150495,False,Sem exposicao TSB direta,999,4500348.75,35
2024,SP,350980,False,Sem exposicao TSB direta,998,3197293.38,49
2024,MS,500635,False,Sem exposicao TSB direta,997,3702566.0199999996,57
2024,PR,412690,False,Sem exposicao TSB direta,997,2885757.9,67
2024,MG,310920,False,Sem exposicao TSB direta,996,2538130.43,79
2024,PE,260060,False,Sem exposicao TSB direta,995,2448370.01,39
2024,RS,431445,False,Sem exposicao TSB direta,995,3401689.02,54
2024,MG,315060,False,Sem exposicao TSB direta,994,2392420.93,71
2024,RS,430195,False,Sem exposicao TSB direta,994,3317257.72,60
2024,SC,421330,False,Sem exposicao TSB direta,994,2675256.81,68
2024,BA,290475,False,Sem exposicao TSB direta,993,2762240.85,29
2024,MA,211176,False,Sem exposicao TSB direta,991,1457971.4,35
2024,MG,312620,False,Sem exposicao TSB direta,991,3689531.56,54
2024,BA,290220,False,Sem exposicao TSB direta,990,2261114.38,48
2024,MG,311820,False,Sem exposicao TSB direta,990,3620815.01,73
2024,MG,311670,False,Sem exposicao TSB direta,989,2267947.64,94
2024,RN,240510,False,Sem exposicao TSB direta,988,2901458.02,32
2024,MA,211085,False,Sem exposicao TSB direta,987,1084919.95,28
2024,PE,260380,False,Sem exposicao TSB direta,987,3892902.21,45
2024,BA,293240,False,Sem exposicao TSB direta,985,2908633.83,34
2024,PA,150611,False,Sem exposicao TSB direta,985,1994675.57,21
2024,BA,290260,False,Sem exposicao TSB direta,984,3462784.02,58
2024,BA,290250,False,Sem exposicao TSB direta,982,3330008.98,46
2024,PB,251510,False,Sem exposicao TSB direta,982,2270268.42,34
2024,SP,350260,False,Sem exposicao TSB direta,982,2635974.1999999997,48
2024,SC,420515,False,Sem exposicao TSB direta,981,3099055.85,61
2024,AL,270020,False,Sem exposicao TSB direta,980,5396819.69,48
2024,MG,313060,False,Sem exposicao TSB direta,979,2420459.4899999998,93
2024,MG,310790,False,Sem exposicao TSB direta,978,3123089.81,76
2024,MG,312060,False,Sem exposicao TSB direta,977,1795795.66,59
2024,MG,312110,False,Sem exposicao TSB direta,977,2701910.64,76
2024,MG,316980,False,Sem exposicao TSB direta,977,2276576.15,68
2024,MT,510500,False,Sem exposicao TSB direta,977,3496590.69,62
2024,GO,521270,False,Sem exposicao TSB direta,976,2318566.31,68
2024,PB,251660,False,Sem exposicao TSB direta,976,2643482.5700000003,31
2024,SP,352080,False,Sem exposicao TSB direta,976,2977114.22,56
2024,SP,352420,False,Sem exposicao TSB direta,976,2898029.7399999998,57
2024,BA,290910,False,Sem exposicao TSB direta,975,2078282.1,42
2024,PB,251450,False,Sem exposicao TSB direta,975,3736225.1699999995,57
2024,RN,241240,False,Sem exposicao TSB direta,975,2209906.46,44
2024,RS,430597,False,Sem exposicao TSB direta,975,4757467.22,44
2024,SP,354950,False,Sem exposicao TSB direta,975,2910268.07,54
2024,MG,312040,False,Sem exposicao TSB direta,974,2463389.38,49
2024,PR,411970,False,Sem exposicao TSB direta,972,2875592.85,75
2024,PA,150775,False,Sem exposicao TSB direta,971,2094237.24,27
2024,PA,150285,False,Sem exposicao TSB direta,970,3483603.3899999997,21
2024,RS,430970,False,Sem exposicao TSB direta,970,2730984.34,86
2024,PI,220320,False,Sem exposicao TSB direta,968,2795835.74,51
2024,PI,220450,False,Sem exposicao TSB direta,968,3425639.73,66
2024,PR,410832,False,Sem exposicao TSB direta,968,2403450.49,65
2024,BA,292430,False,Sem exposicao TSB direta,967,3310991.04,55
2024,TO,172010,False,Sem exposicao TSB direta,967,1845741.6600000001,25
2024,PR,411900,False,Sem exposicao TSB direta,966,2893775.86,80
2024,RO,110100,False,Sem exposicao TSB direta,966,2551033.1599999997,44
2024,BA,293317,False,Sem exposicao TSB direta,965,2660538.3,46
2024,MA,211285,False,Sem exposicao TSB direta,965,3589977.1,38
2024,CE,230330,False,Sem exposicao TSB direta,964,2516738.32,43
2024,MG,311890,False,Sem exposicao TSB direta,964,2153428.37,70
2024,RS,431848,False,Sem exposicao TSB direta,964,3365347.52,67
2024,MG,316557,False,Sem exposicao TSB direta,963,2608941.31,55
2024,SP,350140,False,Sem exposicao TSB direta,962,4167004.0900000003,20
2024,ES,320360,False,Sem exposicao TSB direta,960,2340036.05,43
2024,MG,315640,False,Sem exposicao TSB direta,960,2582058.57,37
2024,MG,316257,False,Sem exposicao TSB direta,960,2330151.6199999996,54
2024,PA,150100,False,Sem exposicao TSB direta,960,2866007.7600000002,19
2024,PR,410304,False,Sem exposicao TSB direta,960,3434212.11,49
2024,SC,421935,False,Sem exposicao TSB direta,960,3028447.45,73
2024,BA,291855,False,Sem exposicao TSB direta,959,1610069.96,33
2024,ES,320330,False,Sem exposicao TSB direta,959,3321839.52,86
2024,ES,320425,False,Sem exposicao TSB direta,959,1995868.1300000001,64
2024,MG,315015,False,Sem exposicao TSB direta,959,2357200.27,82
2024,MG,316920,False,Sem exposicao TSB direta,959,2873491.6,79
2024,MT,510619,False,Sem exposicao TSB direta,959,3409821.3899999997,51
2024,PB,251690,False,Sem exposicao TSB direta,959,4406201.62,75
2024,GO,522150,False,Sem exposicao TSB direta,958,2507688.25,48
2024,RS,430870,False,Sem exposicao TSB direta,958,3502596.56,74
2024,TO,170035,False,Sem exposicao TSB direta,957,2114275.56,47
2024,BA,290480,False,Sem exposicao TSB direta,956,2031898.3699999999,32
2024,CE,231210,False,Sem exposicao TSB direta,955,3266959.6900000004,38
2024,PE,261270,False,Sem exposicao TSB direta,955,1436112.4400000002,28
2024,SE,280040,False,Sem exposicao TSB direta,955,3114771.9,51
2024,SE,280160,False,Sem exposicao TSB direta,955,1650384.0000000002,24
2024,SP,350090,False,Sem exposicao TSB direta,955,3320050.9099999997,30
2024,RN,241105,False,Sem exposicao TSB direta,953,2557917.71,52
2024,MG,315240,False,Sem exposicao TSB direta,952,3063722.4699999997,62
2024,GO,521810,False,Sem exposicao TSB direta,950,3413974.68,54
2024,GO,522068,False,Sem exposicao TSB direta,950,2155648.11,52
2024,MG,311460,False,Sem exposicao TSB direta,950,2244161.33,56
2024,PE,261150,False,Sem exposicao TSB direta,950,3620099.52,41
2024,RN,240980,False,Sem exposicao TSB direta,950,3246244.5599999996,54
2024,GO,520760,False,Sem exposicao TSB direta,949,1689249.0199999998,62
2024,SC,421810,False,Sem exposicao TSB direta,948,2854460.75,70
2024,MT,510100,False,Sem exposicao TSB direta,947,3186398.64,31
2024,RS,430540,False,Sem exposicao TSB direta,946,2907069.81,64
2024,BA,290610,False,Sem exposicao TSB direta,945,1848860.63,29
2024,MG,310060,False,Sem exposicao TSB direta,945,2772487.84,65
2024,MT,510183,False,Sem exposicao TSB direta,945,4039553.7899999996,37
2024,PB,250520,False,Sem exposicao TSB direta,945,1626647.4300000002,33
2024,MS,500515,False,Sem exposicao TSB direta,944,3724308.02,65
2024,SC,421507,False,Sem exposicao TSB direta,944,2810146.56,72
2024,PI,220205,False,Sem exposicao TSB direta,943,1706777.99,26
2024,CE,230565,False,Sem exposicao TSB direta,942,1480830.45,25
2024,MG,314380,False,Sem exposicao TSB direta,942,2515228.74,60
2024,PR,410895,False,Sem exposicao TSB direta,942,2755021.4,73
2024,RR,140005,False,Sem exposicao TSB direta,942,3556642.09,47
2024,GO,520340,False,Sem exposicao TSB direta,941,2453848.34,62
2024,MG,312660,False,Sem exposicao TSB direta,941,2631971.44,44
2024,PA,150200,False,Sem exposicao TSB direta,941,4199135.66,27
2024,CE,230490,False,Sem exposicao TSB direta,940,2570765.6,46
2024,BA,292900,False,Sem exposicao TSB direta,939,3186630.55,43
2024,RS,432055,False,Sem exposicao TSB direta,939,3385364.24,61
2024,PB,250360,False,Sem exposicao TSB direta,938,1583004.34,28
2024,MG,314130,False,Sem exposicao TSB direta,937,2622886.04,51
2024,PI,220440,False,Sem exposicao TSB direta,936,3156069.05,67
2024,AL,270750,False,Sem exposicao TSB direta,935,3412613.69,38
2024,BA,290970,False,Sem exposicao TSB direta,935,3685502.9699999997,34
2024,CE,230650,False,Sem exposicao TSB direta,935,3253804.25,32
2024,MG,313320,False,Sem exposicao TSB direta,934,2782560.38,61
2024,RS,430730,False,Sem exposicao TSB direta,934,2601538.29,78
2024,BA,291140,False,Sem exposicao TSB direta,933,2852252.3899999997,43
2024,RO,110026,False,Sem exposicao TSB direta,932,2659605.38,34
2024,BA,290380,False,Sem exposicao TSB direta,931,3127400.12,41
2024,PR,411345,False,Sem exposicao TSB direta,931,3130127.34,56
2024,PR,412020,False,Sem exposicao TSB direta,931,3519238.9699999997,75
2024,MG,316740,False,Sem exposicao TSB direta,930,2381194.96,54
2024,TO,170100,False,Sem exposicao TSB direta,930,2199850.63,55
2024,CE,230837,False,Sem exposicao TSB direta,929,1728548.5999999999,16
2024,RS,431115,False,Sem exposicao TSB direta,929,3274758.7800000003,66
2024,RS,431403,False,Sem exposicao TSB direta,929,3100067.4000000004,62
2024,SP,353090,False,Sem exposicao TSB direta,929,3112370.0100000002,48
2024,SP,355200,False,Sem exposicao TSB direta,929,2444553.62,43
2024,GO,521645,False,Sem exposicao TSB direta,928,4089216.8499999996,42
2024,PR,410320,False,Sem exposicao TSB direta,928,2485010.44,76
2024,CE,230950,False,Sem exposicao TSB direta,927,3272739.6099999994,52
2024,PR,410845,False,Sem exposicao TSB direta,927,2448116.67,64
2024,PR,411110,False,Sem exposicao TSB direta,927,2745638.5700000003,67
2024,RS,432210,False,Sem exposicao TSB direta,927,2735225.86,90
2024,TO,170900,False,Sem exposicao TSB direta,927,3706008.27,45
2024,BA,292180,False,Sem exposicao TSB direta,926,3137383.59,62
2024,CE,230980,False,Sem exposicao TSB direta,926,2737412.49,40
2024,MA,210315,False,Sem exposicao TSB direta,926,620022.44,16
2024,SC,421710,False,Sem exposicao TSB direta,924,2812966.0,71
2024,SP,352200,False,Sem exposicao TSB direta,924,2699763.13,47
2024,SP,353480,False,Sem exposicao TSB direta,924,2751567.39,62
2024,GO,521940,False,Sem exposicao TSB direta,923,2659675.03,68
2024,RS,430380,False,Sem exposicao TSB direta,923,3386166.3499999996,81
2024,MG,311640,False,Sem exposicao TSB direta,922,2855577.07,47
2024,PR,411380,False,Sem exposicao TSB direta,921,2454884.5,68
2024,PR,411920,False,Sem exposicao TSB direta,921,2416804.8,72
2024,AL,270375,False,Sem exposicao TSB direta,920,3911767.78,36
2024,AM,130320,False,Sem exposicao TSB direta,920,5417701.73,40
2024,PR,410965,False,Sem exposicao TSB direta,920,3196866.21,52
2024,BA,292590,False,Sem exposicao TSB direta,919,3446816.3999999994,44
2024,MA,210083,False,Sem exposicao TSB direta,919,1320130.73,13
2024,BA,292140,False,Sem exposicao TSB direta,918,3962613.97,31
2024,BA,292270,False,Sem exposicao TSB direta,917,3006305.39,46
2024,MG,315217,False,Sem exposicao TSB direta,917,2079519.1700000002,47
2024,PR,412610,False,Sem exposicao TSB direta,917,2819606.4,60
2024,GO,520530,False,Sem exposicao TSB direta,916,2726320.86,54
2024,MS,500730,False,Sem exposicao TSB direta,916,2650465.87,57
2024,TO,170610,False,Sem exposicao TSB direta,916,2317151.46,57
2024,MG,312180,False,Sem exposicao TSB direta,915,2218854.1,64
2024,BA,291010,False,Sem exposicao TSB direta,914,2538120.02,46
2024,MA,210845,False,Sem exposicao TSB direta,914,1001569.48,37
2024,PR,412880,False,Sem exposicao TSB direta,914,2266311.1700000004,60
2024,RN,241480,False,Sem exposicao TSB direta,914,2896228.65,57
2024,AL,270280,False,Sem exposicao TSB direta,913,3389633.96,34
2024,MA,210230,False,Sem exposicao TSB direta,913,2342359.02,45
2024,CE,230526,False,Sem exposicao TSB direta,912,2577028.3499999996,27
2024,CE,231135,False,Sem exposicao TSB direta,912,3516287.2600000002,42
2024,MA,210130,False,Sem exposicao TSB direta,912,4300468.34,15
2024,SC,420160,False,Sem exposicao TSB direta,911,3041436.2600000002,84
2024,BA,291410,False,Sem exposicao TSB direta,910,1993336.15,44
2024,PB,250090,False,Sem exposicao TSB direta,908,2387111.2399999998,36
2024,MG,311545,False,Sem exposicao TSB direta,907,2206928.6,54
2024,MG,314020,False,Sem exposicao TSB direta,906,1674086.29,47
2024,RN,241040,False,Sem exposicao TSB direta,906,1961714.2300000002,35
2024,MG,315440,False,Sem exposicao TSB direta,905,2634832.86,59
2024,RN,240410,False,Sem exposicao TSB direta,905,2815313.4800000004,18
2024,MG,317150,False,Sem exposicao TSB direta,904,5493632.79,25
2024,SP,351650,False,Sem exposicao TSB direta,904,2392721.09,47
2024,MG,313450,False,Sem exposicao TSB direta,903,2479644.71,56
2024,MS,500390,False,Sem exposicao TSB direta,903,2901990.69,55
2024,RN,240740,False,Sem exposicao TSB direta,903,2553967.9899999998,46
2024,RS,431050,False,Sem exposicao TSB direta,903,2571342.98,77
2024,BA,292570,False,Sem exposicao TSB direta,902,1605988.5100000002,36
2024,MG,317052,False,Sem exposicao TSB direta,902,3256536.7900000005,61
2024,PR,410730,False,Sem exposicao TSB direta,902,2628984.0300000003,81
2024,PR,411680,False,Sem exposicao TSB direta,902,2700105.34,62
2024,PR,412400,False,Sem exposicao TSB direta,902,2481122.93,55
2024,SC,421223,False,Sem exposicao TSB direta,902,3233566.53,56
2024,MG,312910,False,Sem exposicao TSB direta,901,2421661.0900000003,50
2024,SC,421567,False,Sem exposicao TSB direta,901,2846559.46,63
2024,MG,315470,False,Sem exposicao TSB direta,900,2198408.48,54
2024,MA,210830,False,Sem exposicao TSB direta,899,3396279.0300000003,32
2024,MG,310180,False,Sem exposicao TSB direta,899,2022886.27,65
2024,PE,260130,False,Sem exposicao TSB direta,899,2835322.2,36
2024,TO,170710,False,Sem exposicao TSB direta,899,3346736.38,63
2024,MG,314820,False,Sem exposicao TSB direta,898,2079798.8800000001,60
2024,RS,430840,False,Sem exposicao TSB direta,898,2776965.89,62
2024,SP,351710,False,Sem exposicao TSB direta,898,2538747.28,44
2024,RS,432067,False,Sem exposicao TSB direta,895,2989138.58,62
2024,SE,280530,False,Sem exposicao TSB direta,895,3567959.67,49
2024,TO,170305,False,Sem exposicao TSB direta,895,3422982.56,26
2024,MG,314190,False,Sem exposicao TSB direta,894,2160140.95,57
2024,AP,160023,False,Sem exposicao TSB direta,893,3116022.54,23
2024,ES,320316,False,Sem exposicao TSB direta,893,3235369.25,67
2024,SP,350540,False,Sem exposicao TSB direta,893,2703672.24,41
2024,CE,230050,False,Sem exposicao TSB direta,891,2006748.96,29
2024,PR,411470,False,Sem exposicao TSB direta,891,2275296.48,59
2024,RO,110003,False,Sem exposicao TSB direta,891,2676257.44,59
2024,BA,292210,False,Sem exposicao TSB direta,890,2939785.0100000002,62
2024,SP,350945,False,Sem exposicao TSB direta,889,3110867.32,58
2024,PR,411360,False,Sem exposicao TSB direta,888,2896232.11,63
2024,PR,412670,False,Sem exposicao TSB direta,888,3110954.25,65
2024,RS,431935,False,Sem exposicao TSB direta,888,3123323.4899999998,56
2024,RS,432085,False,Sem exposicao TSB direta,888,2302452.31,64
2024,AM,130200,False,Sem exposicao TSB direta,887,2214842.08,23
2024,BA,290660,False,Sem exposicao TSB direta,887,2387318.66,51
2024,PR,410010,False,Sem exposicao TSB direta,887,2802780.8800000004,67
2024,PR,412033,False,Sem exposicao TSB direta,887,2543551.23,55
2024,CE,230600,False,Sem exposicao TSB direta,886,3901528.54,47
2024,GO,520850,False,Sem exposicao TSB direta,886,2124976.03,61
2024,SP,352885,False,Sem exposicao TSB direta,886,2712380.83,62
2024,MA,210640,False,Sem exposicao TSB direta,885,2685186.58,31
2024,PR,410920,False,Sem exposicao TSB direta,885,2902716.32,71
2024,TO,171886,False,Sem exposicao TSB direta,885,2402678.48,44
2024,PA,150770,False,Sem exposicao TSB direta,884,6761367.91,17
2024,SC,421227,False,Sem exposicao TSB direta,884,3082870.82,60
2024,MA,210190,False,Sem exposicao TSB direta,883,632988.75,28
2024,PR,411727,False,Sem exposicao TSB direta,883,2524462.22,49
2024,BA,292525,False,Sem exposicao TSB direta,881,2827483.29,57
2024,MT,510035,False,Sem exposicao TSB direta,881,3169462.41,51
2024,RS,432253,False,Sem exposicao TSB direta,881,2992982.8,70
2024,AL,270350,False,Sem exposicao TSB direta,880,1944750.83,15
2024,BA,290430,False,Sem exposicao TSB direta,880,2452761.88,45
2024,MG,310285,False,Sem exposicao TSB direta,880,2536063.58,46
2024,PE,261550,False,Sem exposicao TSB direta,878,1670859.91,45
2024,SC,421920,False,Sem exposicao TSB direta,878,3300793.1500000004,81
2024,BA,290682,False,Sem exposicao TSB direta,877,3396646.24,53
2024,CE,230990,False,Sem exposicao TSB direta,877,1400275.7400000002,23
2024,TO,170730,False,Sem exposicao TSB direta,877,2252398.4699999997,46
2024,PR,412490,False,Sem exposicao TSB direta,876,2792314.0900000003,56
2024,TO,171250,False,Sem exposicao TSB direta,876,3263231.54,51
2024,PR,412065,False,Sem exposicao TSB direta,875,2890750.38,49
2024,RN,241025,False,Sem exposicao TSB direta,874,2776350.29,26
2024,PE,260870,False,Sem exposicao TSB direta,873,2538360.37,39
2024,PE,261480,False,Sem exposicao TSB direta,873,4129942.52,46
2024,PE,261255,False,Sem exposicao TSB direta,872,2408087.12,28
2024,TO,171670,False,Sem exposicao TSB direta,872,2459778.17,76
2024,GO,521295,False,Sem exposicao TSB direta,871,2286913.38,51
2024,RO,110160,False,Sem exposicao TSB direta,871,2615680.87,38
2024,RS,430057,False,Sem exposicao TSB direta,871,3375752.38,39
2024,SP,353230,False,Sem exposicao TSB direta,871,2327972.63,53
2024,BA,290370,False,Sem exposicao TSB direta,870,3083691.74,40
2024,BA,292670,False,Sem exposicao TSB direta,869,1865360.68,69
2024,AM,130040,False,Sem exposicao TSB direta,868,1625395.0699999998,32
2024,PB,250920,False,Sem exposicao TSB direta,868,3237898.4699999997,41
2024,RN,240380,False,Sem exposicao TSB direta,868,2082546.8099999998,42
2024,RS,430050,False,Sem exposicao TSB direta,868,2844354.4400000004,74
2024,MA,210637,False,Sem exposicao TSB direta,867,967169.17,14
2024,MT,510757,False,Sem exposicao TSB direta,867,2555074.56,28
2024,BA,293345,False,Sem exposicao TSB direta,866,2640346.65,45
2024,SP,350300,False,Sem exposicao TSB direta,866,2919229.56,52
2024,PA,150300,False,Sem exposicao TSB direta,865,2682928.72,19
2024,BA,290200,False,Sem exposicao TSB direta,864,1960618.24,51
2024,MT,510820,False,Sem exposicao TSB direta,864,2191923.71,44
2024,PR,411100,False,Sem exposicao TSB direta,864,2418958.3499999996,64
2024,TO,172065,False,Sem exposicao TSB direta,864,2137488.67,41
2024,PB,250730,False,Sem exposicao TSB direta,862,3369561.43,48
2024,TO,172208,False,Sem exposicao TSB direta,862,2365364.17,42
2024,PI,220750,False,Sem exposicao TSB direta,861,2809320.4000000004,32
2024,RS,430370,False,Sem exposicao TSB direta,860,2451744.7,77
2024,BA,291690,False,Sem exposicao TSB direta,858,2151450.5300000003,52
2024,CE,230140,False,Sem exposicao TSB direta,858,3012854.3099999996,32
2024,SC,421680,False,Sem exposicao TSB direta,858,2393164.32,73
2024,SP,355420,False,Sem exposicao TSB direta,858,2077544.9800000002,36
2024,GO,520753,False,Sem exposicao TSB direta,856,2032275.93,49
2024,PB,250720,False,Sem exposicao TSB direta,856,2980004.89,29
2024,BA,292040,False,Sem exposicao TSB direta,854,2668887.77,48
2024,RS,431630,False,Sem exposicao TSB direta,853,2479444.19,74
2024,GO,521170,False,Sem exposicao TSB direta,852,3243797.6300000004,69
2024,PE,261245,False,Sem exposicao TSB direta,852,3029612.0700000003,28
2024,SP,352630,False,Sem exposicao TSB direta,852,1972386.2,54
2024,CE,230880,False,Sem exposicao TSB direta,851,1353181.73,18
2024,MG,310480,False,Sem exposicao TSB direta,851,2005508.8699999999,43
2024,BA,292805,False,Sem exposicao TSB direta,850,2816251.7399999998,40
2024,RS,430595,False,Sem exposicao TSB direta,849,3165066.58,57
2024,RS,430845,False,Sem exposicao TSB direta,849,2910157.17,59
2024,BA,290350,False,Sem exposicao TSB direta,848,2051747.17,62
2024,MG,313865,False,Sem exposicao TSB direta,848,2216387.95,44
2024,MG,317210,False,Sem exposicao TSB direta,848,2587661.6,37
2024,RS,431245,False,Sem exposicao TSB direta,848,2981855.76,61
2024,MG,311500,False,Sem exposicao TSB direta,847,2256561.41,33
2024,MA,210805,False,Sem exposicao TSB direta,846,2143695.6599999997,26
2024,PR,410322,False,Sem exposicao TSB direta,846,3260811.63,56
2024,BA,291540,False,Sem exposicao TSB direta,845,1987755.1800000002,32
2024,RS,431647,False,Sem exposicao TSB direta,845,3148749.04,51
2024,MA,210632,False,Sem exposicao TSB direta,844,779958.46,49
2024,MG,317000,False,Sem exposicao TSB direta,844,2088425.36,34
2024,PA,150805,False,Sem exposicao TSB direta,844,3381744.31,57
2024,RN,241450,False,Sem exposicao TSB direta,844,2309184.35,45
2024,RS,431843,False,Sem exposicao TSB direta,844,2606434.69,68
2024,BA,290160,False,Sem exposicao TSB direta,843,3892227.97,43
2024,BA,293130,False,Sem exposicao TSB direta,843,4431371.34,43
2024,MG,315600,False,Sem exposicao TSB direta,842,2313812.45,61
2024,SP,352540,False,Sem exposicao TSB direta,842,2616493.89,58
2024,GO,521350,False,Sem exposicao TSB direta,841,1810240.07,24
2024,MG,313005,False,Sem exposicao TSB direta,841,1703222.3,38
2024,PB,250160,False,Sem exposicao TSB direta,841,3273850.52,37
2024,PI,220500,False,Sem exposicao TSB direta,841,1652756.88,29
2024,SP,352370,False,Sem exposicao TSB direta,840,2301770.05,49
2024,BA,292405,False,Sem exposicao TSB direta,838,3035679.96,47
2024,SC,421205,False,Sem exposicao TSB direta,838,2775313.06,42
2024,MG,311920,False,Sem exposicao TSB direta,837,1783640.93,50
2024,SC,421415,False,Sem exposicao TSB direta,837,3117911.5,35
2024,MT,510665,False,Sem exposicao TSB direta,836,2472555.99,61
2024,RS,431171,False,Sem exposicao TSB direta,836,3438533.69,37
2024,MG,311950,False,Sem exposicao TSB direta,835,1818700.37,43
2024,SP,352870,False,Sem exposicao TSB direta,835,4175040.63,26
2024,BA,291340,False,Sem exposicao TSB direta,833,2227598.92,49
2024,GO,521056,False,Sem exposicao TSB direta,833,1780436.21,57
2024,MG,312070,False,Sem exposicao TSB direta,833,2478345.5,51
2024,MG,312240,False,Sem exposicao TSB direta,833,2277200.43,65
2024,MG,315890,False,Sem exposicao TSB direta,833,2414724.1300000004,74
2024,PA,150565,False,Sem exposicao TSB direta,833,5077120.58,42
2024,RS,431170,False,Sem exposicao TSB direta,833,2513222.63,84
2024,SP,351400,False,Sem exposicao TSB direta,833,3249822.95,58
2024,SP,353590,False,Sem exposicao TSB direta,833,2547871.6,44
2024,TO,171360,False,Sem exposicao TSB direta,833,2670236.7600000002,44
2024,AL,270330,False,Sem exposicao TSB direta,832,2236114.75,25
2024,SP,351519,False,Sem exposicao TSB direta,832,2517140.13,42
2024,MT,510390,False,Sem exposicao TSB direta,831,2940088.98,34
2024,GO,521390,False,Sem exposicao TSB direta,829,2270912.07,45
2024,MG,313230,False,Sem exposicao TSB direta,829,2488145.4600000004,63
2024,PR,410900,False,Sem exposicao TSB direta,829,2583920.9699999997,61
2024,PB,251670,False,Sem exposicao TSB direta,828,2442802.8400000003,45
2024,BA,293120,False,Sem exposicao TSB direta,826,5053828.18,48
2024,MG,315415,False,Sem exposicao TSB direta,826,2143643.9299999997,65
2024,RS,431535,False,Sem exposicao TSB direta,826,2956320.21,66
2024,TO,170300,False,Sem exposicao TSB direta,826,2367610.05,39
2024,MG,310530,False,Sem exposicao TSB direta,825,2224987.66,62
2024,BA,291850,False,Sem exposicao TSB direta,824,2207339.57,35
2024,BA,292420,False,Sem exposicao TSB direta,824,3542583.97,22
2024,SP,355535,False,Sem exposicao TSB direta,824,2462692.8,48
2024,PR,411870,False,Sem exposicao TSB direta,823,2712932.44,70
2024,SP,351010,False,Sem exposicao TSB direta,823,2279065.31,40
2024,SP,354610,False,Sem exposicao TSB direta,823,2688362.44,37
2024,PE,260820,False,Sem exposicao TSB direta,822,2183596.33,37
2024,PR,410657,False,Sem exposicao TSB direta,822,2633637.34,53
2024,RO,110180,False,Sem exposicao TSB direta,822,2124907.64,47
2024,GO,521080,False,Sem exposicao TSB direta,820,2328622.59,46
2024,MG,315880,False,Sem exposicao TSB direta,820,2002395.1600000001,51
2024,SP,352660,False,Sem exposicao TSB direta,820,2163806.9000000004,40
2024,PB,250500,False,Sem exposicao TSB direta,819,2068569.6099999999,22
2024,MG,315020,False,Sem exposicao TSB direta,817,2222246.13,39
2024,MT,510777,False,Sem exposicao TSB direta,817,3457070.75,38
2024,SC,421145,False,Sem exposicao TSB direta,817,2961591.74,68
2024,MG,310210,False,Sem exposicao TSB direta,816,2048985.05,72
2024,MG,315300,False,Sem exposicao TSB direta,816,2627138.06,43
2024,AL,270250,False,Sem exposicao TSB direta,815,2549861.7,17
2024,ES,320255,False,Sem exposicao TSB direta,815,3040355.27,60
2024,MG,315900,False,Sem exposicao TSB direta,815,2275374.82,61
2024,AC,120035,False,Sem exposicao TSB direta,813,3316383.21,16
2024,TO,171570,False,Sem exposicao TSB direta,812,2564165.17,37
2024,CE,230060,False,Sem exposicao TSB direta,811,2117914.9899999998,22
2024,MA,211190,False,Sem exposicao TSB direta,811,892215.67,24
2024,PI,220323,False,Sem exposicao TSB direta,811,1600496.41,16
2024,PR,410870,False,Sem exposicao TSB direta,811,2172333.71,57
2024,RS,430710,False,Sem exposicao TSB direta,811,1999329.5800000003,54
2024,SP,355715,False,Sem exposicao TSB direta,811,2382592.87,39
2024,BA,290685,False,Sem exposicao TSB direta,810,1951676.46,52
2024,BA,292350,False,Sem exposicao TSB direta,810,3071559.04,50
2024,MG,315850,False,Sem exposicao TSB direta,810,1518969.08,50
2024,PB,250980,False,Sem exposicao TSB direta,809,2908694.56,27
2024,SP,352060,False,Sem exposicao TSB direta,809,2095236.1500000001,65
2024,SP,354310,False,Sem exposicao TSB direta,809,2877419.62,47
2024,AL,270790,False,Sem exposicao TSB direta,808,2203468.6199999996,35
2024,PE,260670,False,Sem exposicao TSB direta,808,1429451.9900000002,24
2024,RS,431930,False,Sem exposicao TSB direta,807,2339120.27,59
2024,MG,313500,False,Sem exposicao TSB direta,806,1798380.97,39
2024,MG,316260,False,Sem exposicao TSB direta,805,1961965.93,63
2024,RN,241290,False,Sem exposicao TSB direta,805,2329855.64,42
2024,MA,210760,False,Sem exposicao TSB direta,803,230779.38,24
2024,MG,316670,False,Sem exposicao TSB direta,803,2663052.18,51
2024,RS,431849,False,Sem exposicao TSB direta,803,3555466.9499999997,60
2024,BA,290420,False,Sem exposicao TSB direta,801,1859033.67,37
2024,SC,421260,False,Sem exposicao TSB direta,801,2897771.2399999998,79
2024,MG,315610,False,Sem exposicao TSB direta,800,2033729.99,51
2024,RS,431261,False,Sem exposicao TSB direta,800,2705928.77,44
2024,MG,311190,False,Sem exposicao TSB direta,799,1772709.57,55
2024,PB,251180,False,Sem exposicao TSB direta,798,2150957.52,46
2024,PR,412110,False,Sem exposicao TSB direta,798,2407928.38,62
2024,RS,430980,False,Sem exposicao TSB direta,798,2567606.15,78
2024,PA,150110,False,Sem exposicao TSB direta,797,208480.94,15
2024,PR,411220,False,Sem exposicao TSB direta,797,2281107.58,59
2024,MA,210880,False,Sem exposicao TSB direta,796,3427184.16,20
2024,MA,211170,False,Sem exposicao TSB direta,795,304783.64,30
2024,PA,150375,False,Sem exposicao TSB direta,795,7314978.13,54
2024,BA,291890,False,Sem exposicao TSB direta,794,1395944.71,32
2024,CE,230660,False,Sem exposicao TSB direta,794,4253833.74,33
2024,SP,353205,False,Sem exposicao TSB direta,794,2564754.9699999997,50
2024,SP,353325,False,Sem exposicao TSB direta,794,2485684.0,46
2024,MG,314850,False,Sem exposicao TSB direta,792,1863519.74,46
2024,MG,316620,False,Sem exposicao TSB direta,792,1667006.46,59
2024,MT,510490,False,Sem exposicao TSB direta,792,2036675.56,50
2024,RS,430720,False,Sem exposicao TSB direta,792,2190350.8,64
2024,SP,354690,False,Sem exposicao TSB direta,791,2384466.03,43
2024,MG,313560,False,Sem exposicao TSB direta,790,2325196.87,49
2024,PE,260650,False,Sem exposicao TSB direta,790,3704145.69,36
2024,RS,432050,False,Sem exposicao TSB direta,790,3094984.15,70
2024,MG,315950,False,Sem exposicao TSB direta,789,1960145.79,32
2024,ES,320200,False,Sem exposicao TSB direta,787,2499403.9899999998,77
2024,RO,110146,False,Sem exposicao TSB direta,787,2506652.58,28
2024,AP,160070,False,Sem exposicao TSB direta,786,3624033.61,34
2024,MG,314230,False,Sem exposicao TSB direta,786,2172552.31,67
2024,PB,251400,False,Sem exposicao TSB direta,786,1419126.61,24
2024,PR,412540,False,Sem exposicao TSB direta,786,2502986.33,56
2024,MG,314995,False,Sem exposicao TSB direta,785,2017697.5899999999,39
2024,BA,292265,False,Sem exposicao TSB direta,784,3155946.78,39
2024,ES,320050,False,Sem exposicao TSB direta,784,2037889.31,58
2024,MG,313650,False,Sem exposicao TSB direta,784,2056688.95,47
2024,CE,230010,False,Sem exposicao TSB direta,783,2102015.83,27
2024,PR,410785,False,Sem exposicao TSB direta,783,2207666.6799999997,58
2024,MT,510774,False,Sem exposicao TSB direta,782,2513191.52,46
2024,PI,220030,False,Sem exposicao TSB direta,782,2039076.22,43
2024,PR,410130,False,Sem exposicao TSB direta,782,2331621.71,60
2024,SC,421430,False,Sem exposicao TSB direta,782,3137611.08,83
2024,BA,292680,False,Sem exposicao TSB direta,781,2349131.7199999997,40
2024,SP,350745,False,Sem exposicao TSB direta,781,2423385.32,35
2024,PA,150780,False,Sem exposicao TSB direta,780,5776613.21,35
2024,BA,290700,False,Sem exposicao TSB direta,779,2455710.89,33
2024,PA,150655,False,Sem exposicao TSB direta,778,4848914.85,34
2024,RS,430265,False,Sem exposicao TSB direta,778,2397498.13,76
2024,BA,292390,False,Sem exposicao TSB direta,777,2607341.4200000004,35
2024,PA,150690,False,Sem exposicao TSB direta,777,1947517.39,15
2024,PR,410335,False,Sem exposicao TSB direta,777,2202498.27,67
2024,MG,311980,False,Sem exposicao TSB direta,776,1895420.88,45
2024,PE,261610,False,Sem exposicao TSB direta,776,1937888.43,35
2024,SC,420325,False,Sem exposicao TSB direta,776,2626647.75,35
2024,BA,292690,False,Sem exposicao TSB direta,775,1818966.09,41
2024,PR,412590,False,Sem exposicao TSB direta,775,2519748.46,50
2024,AM,130395,False,Sem exposicao TSB direta,774,1626813.24,18
2024,RS,431295,False,Sem exposicao TSB direta,774,2524918.0300000003,39
2024,BA,291845,False,Sem exposicao TSB direta,773,1681294.0200000003,26
2024,GO,520735,False,Sem exposicao TSB direta,773,2285593.38,48
2024,RS,431937,False,Sem exposicao TSB direta,773,2477095.9899999998,70
2024,SP,351535,False,Sem exposicao TSB direta,773,2282747.68,50
2024,PE,261247,False,Sem exposicao TSB direta,771,2475233.05,35
2024,BA,290323,False,Sem exposicao TSB direta,770,1972979.1300000001,30
2024,BA,291875,False,Sem exposicao TSB direta,770,1628062.5899999999,40
2024,RN,240750,False,Sem exposicao TSB direta,770,2309800.81,48
2024,RS,431430,False,Sem exposicao TSB direta,770,2575610.68,55
2024,AM,130426,False,Sem exposicao TSB direta,769,148478.74,13
2024,PA,150175,False,Sem exposicao TSB direta,768,772995.51,20
2024,RS,432163,False,Sem exposicao TSB direta,768,2272268.07,55
2024,SP,350510,False,Sem exposicao TSB direta,768,2114780.78,50
2024,PI,220470,False,Sem exposicao TSB direta,767,2275171.56,51
2024,RO,110145,False,Sem exposicao TSB direta,767,2773055.37,39
2024,RS,431230,False,Sem exposicao TSB direta,767,2192497.52,46
2024,PR,412635,False,Sem exposicao TSB direta,766,2737976.29,63
2024,SP,351120,False,Sem exposicao TSB direta,766,2558849.22,57
2024,RN,240270,False,Sem exposicao TSB direta,765,2488299.37,42
2024,BA,292030,False,Sem exposicao TSB direta,764,4796050.16,43
2024,MA,210840,False,Sem exposicao TSB direta,764,1114541.14,19
2024,MT,510880,False,Sem exposicao TSB direta,764,2689931.72,47
2024,CE,230423,False,Sem exposicao TSB direta,763,3241294.06,42
2024,PR,412030,False,Sem exposicao TSB direta,763,1827836.96,43
2024,GO,521980,False,Sem exposicao TSB direta,762,2452894.87,47
2024,MG,314960,False,Sem exposicao TSB direta,762,2078278.83,57
2024,PR,410754,False,Sem exposicao TSB direta,761,2364948.16,47
2024,RS,431190,False,Sem exposicao TSB direta,761,2795256.64,77
2024,SP,354450,False,Sem exposicao TSB direta,761,2284912.1799999997,39
2024,SP,353715,False,Sem exposicao TSB direta,760,2540660.46,54
2024,SP,354325,False,Sem exposicao TSB direta,760,1903513.01,44
2024,MA,210070,False,Sem exposicao TSB direta,759,3048310.93,25
2024,MG,310080,False,Sem exposicao TSB direta,759,2169377.79,49
2024,MG,316630,False,Sem exposicao TSB direta,759,1392599.41,45
2024,PI,220595,False,Sem exposicao TSB direta,759,2202017.9000000004,40
2024,PR,410710,False,Sem exposicao TSB direta,759,2275629.54,65
2024,RS,431515,False,Sem exposicao TSB direta,759,2054809.73,59
2024,SP,351730,False,Sem exposicao TSB direta,759,2147632.38,51
2024,SP,354320,False,Sem exposicao TSB direta,759,2602133.88,60
2024,MG,312440,False,Sem exposicao TSB direta,758,2118569.01,47
2024,MG,314053,False,Sem exposicao TSB direta,758,2848824.73,60
2024,PR,412862,False,Sem exposicao TSB direta,758,2637686.76,44
2024,RO,110143,False,Sem exposicao TSB direta,758,1631982.92,47
2024,SP,354230,False,Sem exposicao TSB direta,757,1951035.12,38
2024,CE,230080,False,Sem exposicao TSB direta,756,2022210.97,25
2024,PE,261120,False,Sem exposicao TSB direta,756,2287767.23,43
2024,RO,110175,False,Sem exposicao TSB direta,756,2133759.27,47
2024,AL,270895,False,Sem exposicao TSB direta,755,3278507.96,22
2024,SP,352960,False,Sem exposicao TSB direta,755,2826891.09,45
2024,PR,412210,False,Sem exposicao TSB direta,754,1515208.19,47
2024,PR,412280,False,Sem exposicao TSB direta,753,1909930.62,51
2024,SP,355310,False,Sem exposicao TSB direta,753,2234146.38,53
2024,PB,250790,False,Sem exposicao TSB direta,751,2294599.92,43
2024,RS,430085,False,Sem exposicao TSB direta,751,2430430.6799999997,39
2024,SC,421917,False,Sem exposicao TSB direta,751,2659119.3,66
2024,BA,290050,False,Sem exposicao TSB direta,750,2187680.65,27
2024,MG,312595,False,Sem exposicao TSB direta,750,1676726.71,72
2024,PB,250480,False,Sem exposicao TSB direta,750,1950137.4200000002,57
2024,SC,420680,False,Sem exposicao TSB direta,750,2515916.71,61
2024,AL,270300,False,Sem exposicao TSB direta,749,2444870.93,47
2024,RS,430005,False,Sem exposicao TSB direta,749,2949796.87,66
2024,SC,421755,False,Sem exposicao TSB direta,749,2478288.33,62
2024,SP,353160,False,Sem exposicao TSB direta,749,1668600.39,33
2024,MG,315760,False,Sem exposicao TSB direta,748,1748081.8599999999,29
2024,PR,412040,False,Sem exposicao TSB direta,747,2232836.19,70
2024,SP,355495,False,Sem exposicao TSB direta,747,2119106.5,58
2024,BA,291185,False,Sem exposicao TSB direta,746,3504279.5300000003,36
2024,CE,230910,False,Sem exposicao TSB direta,746,3012936.9799999995,36
2024,MG,312380,False,Sem exposicao TSB direta,745,1989132.82,49
2024,PR,411729,False,Sem exposicao TSB direta,745,2081396.23,44
2024,RS,430880,False,Sem exposicao TSB direta,745,2157132.8400000003,61
2024,RS,432320,False,Sem exposicao TSB direta,745,2653188.86,50
2024,SC,420985,False,Sem exposicao TSB direta,745,2789074.12,68
2024,BA,290450,False,Sem exposicao TSB direta,744,2604100.62,38
2024,MG,313530,False,Sem exposicao TSB direta,744,2249122.76,50
2024,BA,292665,False,Sem exposicao TSB direta,743,2012139.72,26
2024,MG,313660,False,Sem exposicao TSB direta,743,1991464.19,61
2024,AL,270540,False,Sem exposicao TSB direta,742,1551366.61,22
2024,MA,211027,False,Sem exposicao TSB direta,742,381282.27,22
2024,SE,280430,False,Sem exposicao TSB direta,742,2832409.81,32
2024,AM,130008,False,Sem exposicao TSB direta,741,1515391.5499999998,8
2024,GO,521805,False,Sem exposicao TSB direta,741,1998285.8399999999,53
2024,PE,261230,False,Sem exposicao TSB direta,741,3348790.96,42
2024,PI,220430,False,Sem exposicao TSB direta,741,467069.53,36
2024,RS,431700,False,Sem exposicao TSB direta,741,2212049.88,59
2024,MG,314170,False,Sem exposicao TSB direta,740,1326280.8900000001,34
2024,MG,314345,False,Sem exposicao TSB direta,740,1758125.52,27
2024,PR,410865,False,Sem exposicao TSB direta,740,2463102.79,49
2024,SC,421590,False,Sem exposicao TSB direta,740,2243794.42,48
2024,BA,290440,False,Sem exposicao TSB direta,739,1702311.98,16
2024,MA,211065,False,Sem exposicao TSB direta,738,2708500.66,30
2024,MG,312310,False,Sem exposicao TSB direta,737,2128517.77,39
2024,MG,314950,False,Sem exposicao TSB direta,737,1539467.27,44
2024,MG,315445,False,Sem exposicao TSB direta,737,2114750.68,51
2024,MG,312738,False,Sem exposicao TSB direta,735,1913578.29,56
2024,PB,250527,False,Sem exposicao TSB direta,735,1956696.1,10
2024,BA,292260,False,Sem exposicao TSB direta,734,2131725.35,41
2024,SC,420055,False,Sem exposicao TSB direta,734,3053533.92,46
2024,MG,316780,False,Sem exposicao TSB direta,733,1761473.3099999998,65
2024,PI,221050,False,Sem exposicao TSB direta,733,2792891.38,42
2024,PR,412290,False,Sem exposicao TSB direta,732,1886488.57,44
2024,MG,310720,False,Sem exposicao TSB direta,731,1673596.1500000001,52
2024,RS,431402,False,Sem exposicao TSB direta,731,2235281.42,62
2024,AC,120017,False,Sem exposicao TSB direta,730,2427444.29,35
2024,BA,290030,False,Sem exposicao TSB direta,730,4936748.2700000005,49
2024,CE,231010,False,Sem exposicao TSB direta,730,2421128.4800000004,34
2024,MT,510620,False,Sem exposicao TSB direta,730,2187646.36,44
2024,PE,260930,False,Sem exposicao TSB direta,730,2127960.83,34
2024,AL,270080,False,Sem exposicao TSB direta,729,2803170.6500000004,22
2024,CE,230426,False,Sem exposicao TSB direta,728,2120102.21,24
2024,GO,521590,False,Sem exposicao TSB direta,728,2245063.4899999998,42
2024,MG,314435,False,Sem exposicao TSB direta,728,1729420.58,49
2024,RS,432035,False,Sem exposicao TSB direta,728,2097090.62,48
2024,RS,432146,False,Sem exposicao TSB direta,728,2697080.87,54
2024,TO,170190,False,Sem exposicao TSB direta,728,2254666.13,31
2024,GO,520085,False,Sem exposicao TSB direta,727,1427203.4,47
2024,GO,520915,False,Sem exposicao TSB direta,727,2128606.59,48
2024,RS,430047,False,Sem exposicao TSB direta,726,2499779.58,43
2024,SP,354550,False,Sem exposicao TSB direta,726,2432427.76,34
2024,SP,355120,False,Sem exposicao TSB direta,725,1758359.74,36
2024,BA,292080,False,Sem exposicao TSB direta,724,2423116.24,37
2024,BA,292105,False,Sem exposicao TSB direta,724,1503273.8699999999,29
2024,SC,420090,False,Sem exposicao TSB direta,724,2244661.85,70
2024,BA,292780,False,Sem exposicao TSB direta,723,995370.5100000001,31
2024,RN,240340,False,Sem exposicao TSB direta,723,1738512.24,25
2024,PA,150549,False,Sem exposicao TSB direta,722,2099712.4,25
2024,MA,210110,False,Sem exposicao TSB direta,721,903722.58,23
2024,MG,312850,False,Sem exposicao TSB direta,721,1520736.8,48
2024,AC,120005,False,Sem exposicao TSB direta,720,2211764.28,36
2024,BA,292220,False,Sem exposicao TSB direta,720,1529407.58,36
2024,RN,240250,False,Sem exposicao TSB direta,720,2333365.4099999997,35
2024,MG,311080,False,Sem exposicao TSB direta,719,1343031.1,31
2024,MG,311290,False,Sem exposicao TSB direta,718,2272390.49,53
2024,SP,350715,False,Sem exposicao TSB direta,717,2253671.0100000002,37
2024,PA,150013,False,Sem exposicao TSB direta,715,2434701.5700000003,40
2024,MA,210594,False,Sem exposicao TSB direta,714,1098226.4100000001,25
2024,PE,260780,False,Sem exposicao TSB direta,714,2906770.38,52
2024,PR,410300,False,Sem exposicao TSB direta,714,2639620.2199999997,50
2024,RS,431030,False,Sem exposicao TSB direta,714,2131550.11,71
2024,SP,354710,False,Sem exposicao TSB direta,714,2139699.7,29
2024,TO,170230,False,Sem exposicao TSB direta,714,2296426.06,43
2024,MG,317043,False,Sem exposicao TSB direta,713,2212857.84,38
2024,MS,500350,False,Sem exposicao TSB direta,713,2738819.52,60
2024,MT,510050,False,Sem exposicao TSB direta,713,2179526.0500000003,31
2024,PR,412265,False,Sem exposicao TSB direta,713,1780526.7100000002,52
2024,RS,431112,False,Sem exposicao TSB direta,713,2065458.9,52
2024,MA,210927,False,Sem exposicao TSB direta,712,1470855.53,15
2024,PR,411310,False,Sem exposicao TSB direta,712,1906229.42,57
2024,CE,231040,False,Sem exposicao TSB direta,711,2007240.1300000001,32
2024,MT,510269,False,Sem exposicao TSB direta,711,3004483.39,30
2024,SC,420315,False,Sem exposicao TSB direta,711,2116795.87,35
2024,MG,312330,False,Sem exposicao TSB direta,710,1214926.74,45
2024,RS,431301,False,Sem exposicao TSB direta,710,2473065.94,57
2024,SP,354460,False,Sem exposicao TSB direta,710,2325276.9299999997,49
2024,SP,352780,False,Sem exposicao TSB direta,709,2325925.98,44
2024,MG,311020,False,Sem exposicao TSB direta,708,1513689.19,47
2024,MG,313700,False,Sem exposicao TSB direta,708,2753811.73,41
2024,MG,315090,False,Sem exposicao TSB direta,708,2187656.89,62
2024,RS,431540,False,Sem exposicao TSB direta,708,2145888.25,55
2024,BA,292465,False,Sem exposicao TSB direta,707,2405293.15,43
2024,PR,410090,False,Sem exposicao TSB direta,707,2243787.13,43
2024,RN,241160,False,Sem exposicao TSB direta,707,2349642.2399999998,24
2024,SC,420920,False,Sem exposicao TSB direta,706,2536392.98,50
2024,BA,292940,False,Sem exposicao TSB direta,705,2100673.46,43
2024,MA,211100,False,Sem exposicao TSB direta,705,2406766.09,23
2024,MG,314830,False,Sem exposicao TSB direta,705,1511664.19,67
2024,MT,510645,False,Sem exposicao TSB direta,705,2682590.53,37
2024,PA,150555,False,Sem exposicao TSB direta,705,2105001.91,38
2024,PR,411170,False,Sem exposicao TSB direta,705,1834907.38,64
2024,BA,293000,False,Sem exposicao TSB direta,704,1806601.06,31
2024,RS,430225,False,Sem exposicao TSB direta,704,2626917.71,35
2024,MG,315230,False,Sem exposicao TSB direta,703,1610696.89,91
2024,SC,420410,False,Sem exposicao TSB direta,703,2945912.52,61
2024,MG,310810,False,Sem exposicao TSB direta,701,1986871.79,71
2024,MG,315030,False,Sem exposicao TSB direta,701,1869558.29,55
2024,SE,280390,False,Sem exposicao TSB direta,701,1655731.15,39
2024,BA,290900,False,Sem exposicao TSB direta,700,1680474.42,38
2024,PI,220045,False,Sem exposicao TSB direta,700,832008.16,17
2024,PR,410315,False,Sem exposicao TSB direta,700,2066043.62,51
2024,SP,354165,False,Sem exposicao TSB direta,700,2216232.0100000002,46
2024,BA,290180,False,Sem exposicao TSB direta,699,2191369.86,37
2024,GO,522100,False,Sem exposicao TSB direta,699,1527622.0,51
2024,MG,310270,False,Sem exposicao TSB direta,699,1861151.9200000002,36
2024,MG,313590,False,Sem exposicao TSB direta,699,1606168.35,43
2024,PB,250990,False,Sem exposicao TSB direta,699,1820504.1199999999,16
2024,PB,251597,False,Sem exposicao TSB direta,699,1891748.07,24
2024,SC,421575,False,Sem exposicao TSB direta,699,1493754.43,38
2024,AL,270720,False,Sem exposicao TSB direta,697,3279620.5,21
2024,PE,261290,False,Sem exposicao TSB direta,697,2310644.18,32
2024,PI,220820,False,Sem exposicao TSB direta,697,2300634.06,51
2024,PR,410347,False,Sem exposicao TSB direta,696,1960312.24,49
2024,MA,211245,False,Sem exposicao TSB direta,695,277655.78,22
2024,RN,240050,False,Sem exposicao TSB direta,695,2292887.7,52
2024,SC,420213,False,Sem exposicao TSB direta,695,2086418.0299999998,55
2024,TO,170765,False,Sem exposicao TSB direta,695,2053809.69,48
2024,MG,310240,False,Sem exposicao TSB direta,694,2472892.0,29
2024,BA,292305,False,Sem exposicao TSB direta,693,3927791.55,24
2024,RN,240930,False,Sem exposicao TSB direta,693,2785133.99,50
2024,RS,431842,False,Sem exposicao TSB direta,692,1975440.78,81
2024,SP,351890,False,Sem exposicao TSB direta,692,1868009.02,40
2024,SP,353830,False,Sem exposicao TSB direta,692,1946292.22,31
2024,BA,293325,False,Sem exposicao TSB direta,691,1778080.18,22
2024,RN,240895,False,Sem exposicao TSB direta,690,3190537.5500000003,47
2024,SP,355365,False,Sem exposicao TSB direta,690,1918148.15,31
2024,AC,120039,False,Sem exposicao TSB direta,689,2848764.46,20
2024,PR,412395,False,Sem exposicao TSB direta,689,2093037.72,35
2024,RS,430645,False,Sem exposicao TSB direta,689,2374813.27,67
2024,BA,291733,False,Sem exposicao TSB direta,688,1641897.79,40
2024,MG,310980,False,Sem exposicao TSB direta,688,3118034.02,26
2024,PB,251445,False,Sem exposicao TSB direta,687,1607830.34,18
2024,SP,352830,False,Sem exposicao TSB direta,687,2051633.71,36
2024,BA,290310,False,Sem exposicao TSB direta,686,1944297.3499999999,18
2024,MS,500625,False,Sem exposicao TSB direta,686,2491389.62,52
2024,PR,411340,False,Sem exposicao TSB direta,686,2268075.1599999997,38
2024,CE,231120,False,Sem exposicao TSB direta,685,1947114.9200000002,25
2024,PR,410670,False,Sem exposicao TSB direta,685,2047213.12,49
2024,SP,352265,False,Sem exposicao TSB direta,685,1727527.15,34
2024,GO,520357,False,Sem exposicao TSB direta,684,2141250.26,38
2024,MG,310380,False,Sem exposicao TSB direta,684,2533010.5,31
2024,PI,220551,False,Sem exposicao TSB direta,684,1211666.46,19
2024,SP,353170,False,Sem exposicao TSB direta,684,1778847.17,53
2024,MG,317110,False,Sem exposicao TSB direta,683,2012572.1300000001,37
2024,BA,291500,False,Sem exposicao TSB direta,682,3626315.92,31
2024,MG,315660,False,Sem exposicao TSB direta,682,2701844.23,45
2024,PI,220240,False,Sem exposicao TSB direta,680,1957649.51,38
2024,SE,280750,False,Sem exposicao TSB direta,680,3303701.1399999997,32
2024,TO,171510,False,Sem exposicao TSB direta,680,2197769.72,38
2024,MG,312730,False,Sem exposicao TSB direta,679,2704347.77,50
2024,MG,315350,False,Sem exposicao TSB direta,679,2139120.57,63
2024,MG,316790,False,Sem exposicao TSB direta,679,1577815.24,39
2024,SP,350500,False,Sem exposicao TSB direta,679,1660429.87,29
2024,BA,292593,False,Sem exposicao TSB direta,678,6907742.1,35
2024,RS,430245,False,Sem exposicao TSB direta,678,1762927.0,66
2024,CE,230835,False,Sem exposicao TSB direta,677,3194180.52,35
2024,RS,430180,False,Sem exposicao TSB direta,677,2078388.18,68
2024,RS,430355,False,Sem exposicao TSB direta,677,2586092.57,58
2024,RS,430550,False,Sem exposicao TSB direta,677,1836293.5,63
2024,RS,430630,False,Sem exposicao TSB direta,677,2029103.7899999998,73
2024,MG,311205,False,Sem exposicao TSB direta,676,1300890.22,37
2024,MG,311570,False,Sem exposicao TSB direta,676,1771188.2800000003,58
2024,MG,310570,False,Sem exposicao TSB direta,675,1922339.63,53
2024,MG,313080,False,Sem exposicao TSB direta,675,1805820.2899999998,40
2024,PE,260180,False,Sem exposicao TSB direta,675,2443301.56,23
2024,RN,240660,False,Sem exposicao TSB direta,675,1715454.2799999998,33
2024,RS,432345,False,Sem exposicao TSB direta,675,2070231.1400000001,51
2024,PB,251680,False,Sem exposicao TSB direta,673,1709477.12,22
2024,PR,410105,False,Sem exposicao TSB direta,673,1821065.18,33
2024,RN,240460,False,Sem exposicao TSB direta,673,3469476.19,29
2024,RS,432185,False,Sem exposicao TSB direta,673,1991820.46,62
2024,MG,312245,False,Sem exposicao TSB direta,672,2033589.0200000003,43
2024,SC,420050,False,Sem exposicao TSB direta,672,2105550.98,60
2024,GO,521600,False,Sem exposicao TSB direta,671,1843027.58,40
2024,MG,314120,False,Sem exposicao TSB direta,671,1993490.4100000001,48
2024,SC,421725,False,Sem exposicao TSB direta,670,2669170.7199999997,78
2024,BA,292980,False,Sem exposicao TSB direta,669,1552482.03,27
2024,PI,220540,False,Sem exposicao TSB direta,669,2220609.0,39
2024,PE,260430,False,Sem exposicao TSB direta,668,1620501.54,27
2024,PI,220640,False,Sem exposicao TSB direta,668,1783411.72,39
2024,MG,312100,False,Sem exposicao TSB direta,667,1752081.77,48
2024,MG,314670,False,Sem exposicao TSB direta,667,1623267.97,63
2024,RS,432135,False,Sem exposicao TSB direta,667,1758578.99,54
2024,SE,280580,False,Sem exposicao TSB direta,667,3707992.27,38
2024,SE,280680,False,Sem exposicao TSB direta,667,2587495.54,40
2024,PB,251020,False,Sem exposicao TSB direta,666,1216953.9899999998,19
2024,SP,352300,False,Sem exposicao TSB direta,665,2250128.88,32
2024,MG,311970,False,Sem exposicao TSB direta,664,3287666.9099999997,56
2024,PB,251480,False,Sem exposicao TSB direta,664,1283851.91,14
2024,TO,170770,False,Sem exposicao TSB direta,664,1917402.14,32
2024,TO,171890,False,Sem exposicao TSB direta,663,2376706.09,40
2024,AL,270180,False,Sem exposicao TSB direta,662,1979249.16,19
2024,AL,270780,False,Sem exposicao TSB direta,662,1915536.0599999998,21
2024,RR,140023,False,Sem exposicao TSB direta,662,1748699.5399999998,32
2024,GO,521525,False,Sem exposicao TSB direta,661,1858156.34,42
2024,MG,312740,False,Sem exposicao TSB direta,661,2023669.46,65
2024,CE,230533,False,Sem exposicao TSB direta,660,2614408.8200000003,32
2024,GO,520145,False,Sem exposicao TSB direta,659,1931692.55,44
2024,MG,313657,False,Sem exposicao TSB direta,659,1790784.47,15
2024,MG,316380,False,Sem exposicao TSB direta,659,1678107.61,62
2024,PR,411230,False,Sem exposicao TSB direta,659,1745627.57,49
2024,BA,292830,False,Sem exposicao TSB direta,657,1967885.5399999998,35
2024,GO,521945,False,Sem exposicao TSB direta,656,1760903.73,26
2024,PI,220510,False,Sem exposicao TSB direta,656,1751608.42,51
2024,BA,292273,False,Sem exposicao TSB direta,655,1814083.7499999998,44
2024,RS,431210,False,Sem exposicao TSB direta,655,930852.7,59
2024,GO,520360,False,Sem exposicao TSB direta,654,1524623.1500000001,47
2024,PE,261520,False,Sem exposicao TSB direta,654,2388081.04,20
2024,MG,315725,False,Sem exposicao TSB direta,652,1934253.49,59
2024,PB,250053,False,Sem exposicao TSB direta,652,1414431.57,17
2024,PR,410115,False,Sem exposicao TSB direta,652,1948773.89,56
2024,GO,520235,False,Sem exposicao TSB direta,651,1815010.8800000001,37
2024,MG,316095,False,Sem exposicao TSB direta,651,1480222.56,48
2024,MA,210955,False,Sem exposicao TSB direta,650,1862059.69,27
2024,MG,315710,False,Sem exposicao TSB direta,649,2591373.0100000002,42
2024,PI,221090,False,Sem exposicao TSB direta,649,918136.1,12
2024,MG,310360,False,Sem exposicao TSB direta,648,1438590.83,35
2024,MG,316390,False,Sem exposicao TSB direta,648,1824837.4000000001,59
2024,MS,500797,False,Sem exposicao TSB direta,648,2326034.5799999996,33
2024,PB,250077,False,Sem exposicao TSB direta,647,1790685.82,40
2024,PE,261030,False,Sem exposicao TSB direta,647,1939623.42,29
2024,CE,230900,False,Sem exposicao TSB direta,646,3089441.1399999997,43
2024,PR,411375,False,Sem exposicao TSB direta,646,1894794.4699999997,53
2024,RS,431975,False,Sem exposicao TSB direta,646,2497989.28,61
2024,MG,310610,False,Sem exposicao TSB direta,645,1355032.76,32
2024,MG,314150,False,Sem exposicao TSB direta,645,1344010.71,48
2024,PR,410395,False,Sem exposicao TSB direta,645,1933959.96,42
2024,AL,270820,False,Sem exposicao TSB direta,644,1402505.53,15
2024,PI,220080,False,Sem exposicao TSB direta,643,1667235.6,22
2024,SP,354350,False,Sem exposicao TSB direta,643,1883259.01,46
2024,CE,230465,False,Sem exposicao TSB direta,642,2724722.95,22
2024,PE,260440,False,Sem exposicao TSB direta,642,3147860.9699999997,47
2024,BA,292205,False,Sem exposicao TSB direta,641,2386856.25,28
2024,MG,312675,False,Sem exposicao TSB direta,641,1931086.87,24
2024,MG,315620,False,Sem exposicao TSB direta,641,1447699.7,30
2024,AL,270290,False,Sem exposicao TSB direta,640,1340976.92,66
2024,AP,160025,False,Sem exposicao TSB direta,640,1649532.56,20
2024,MG,316010,False,Sem exposicao TSB direta,639,1594937.2899999998,46
2024,MG,316770,False,Sem exposicao TSB direta,639,1515679.21,34
2024,PI,220255,False,Sem exposicao TSB direta,639,1434324.08,18
2024,RO,110148,False,Sem exposicao TSB direta,639,1691781.91,49
2024,SP,352820,False,Sem exposicao TSB direta,638,1849313.7899999998,40
2024,SP,351610,False,Sem exposicao TSB direta,637,2717398.3000000003,34
2024,PR,412865,False,Sem exposicao TSB direta,636,1993316.96,56
2024,RO,110060,False,Sem exposicao TSB direta,636,2109526.44,42
2024,RS,430223,False,Sem exposicao TSB direta,636,1865210.03,35
2024,SP,355130,False,Sem exposicao TSB direta,636,1897501.0099999998,44
2024,MG,316910,False,Sem exposicao TSB direta,635,1245149.67,67
2024,PB,250350,False,Sem exposicao TSB direta,635,2908007.75,33
2024,PR,410770,False,Sem exposicao TSB direta,635,2146084.58,45
2024,RS,431090,False,Sem exposicao TSB direta,635,2373278.61,62
2024,SE,280310,False,Sem exposicao TSB direta,635,1327433.2100000002,33
2024,SP,354650,False,Sem exposicao TSB direta,635,1913099.8900000001,46
2024,MA,211167,False,Sem exposicao TSB direta,634,1154325.44,6
2024,MG,313200,False,Sem exposicao TSB direta,633,1807210.15,27
2024,RN,241020,False,Sem exposicao TSB direta,632,1682238.2499999998,34
2024,AC,120034,False,Sem exposicao TSB direta,631,2402659.1,26
2024,PB,250200,False,Sem exposicao TSB direta,631,2151325.75,19
2024,SP,351090,False,Sem exposicao TSB direta,631,1512072.2999999998,35
2024,MA,210745,False,Sem exposicao TSB direta,630,1523796.54,22
2024,RS,431205,False,Sem exposicao TSB direta,630,1892458.01,68
2024,BA,291870,False,Sem exposicao TSB direta,629,1130272.7,35
2024,BA,293140,False,Sem exposicao TSB direta,629,2132860.48,30
2024,PB,250330,False,Sem exposicao TSB direta,629,1779066.93,29
2024,TO,170825,False,Sem exposicao TSB direta,629,2044220.55,39
2024,PI,220465,False,Sem exposicao TSB direta,628,2721647.27,33
2024,SP,350180,False,Sem exposicao TSB direta,628,2027495.4,55
2024,MG,311650,False,Sem exposicao TSB direta,627,1568911.47,41
2024,RS,431449,False,Sem exposicao TSB direta,627,1729640.87,59
2024,BA,290300,False,Sem exposicao TSB direta,626,1868806.65,43
2024,MG,310050,False,Sem exposicao TSB direta,626,1682136.86,47
2024,MT,510775,False,Sem exposicao TSB direta,626,1692317.0999999999,40
2024,SC,421960,False,Sem exposicao TSB direta,626,2355010.87,49
2024,TO,170720,False,Sem exposicao TSB direta,626,2164678.91,45
2024,CE,230460,False,Sem exposicao TSB direta,625,1719685.02,25
2024,PR,410610,False,Sem exposicao TSB direta,625,1763702.78,53
2024,RN,240770,False,Sem exposicao TSB direta,625,2790378.2700000005,37
2024,MG,311680,False,Sem exposicao TSB direta,624,1654366.83,60
2024,MG,314440,False,Sem exposicao TSB direta,624,1530511.23,57
2024,MG,314585,False,Sem exposicao TSB direta,624,1592094.9500000002,42
2024,PA,150560,False,Sem exposicao TSB direta,624,2454503.8200000003,21
2024,MT,510380,False,Sem exposicao TSB direta,623,2035029.04,35
2024,PB,250120,False,Sem exposicao TSB direta,623,2926191.89,24
2024,MG,313850,False,Sem exposicao TSB direta,622,1723695.23,56
2024,PE,260920,False,Sem exposicao TSB direta,622,1737634.69,28
2024,RS,431477,False,Sem exposicao TSB direta,622,2405603.7800000003,52
2024,RS,431620,False,Sem exposicao TSB direta,622,2196535.9699999997,61
2024,BA,290230,False,Sem exposicao TSB direta,621,1998932.25,37
2024,MG,315645,False,Sem exposicao TSB direta,621,1272035.36,51
2024,PR,412555,False,Sem exposicao TSB direta,621,1757723.13,33
2024,RS,431520,False,Sem exposicao TSB direta,621,1921911.24,58
2024,BA,291570,False,Sem exposicao TSB direta,620,1447942.96,22
2024,MG,310825,False,Sem exposicao TSB direta,620,2475421.6799999997,33
2024,PE,260250,False,Sem exposicao TSB direta,620,1994176.89,28
2024,MA,210735,False,Sem exposicao TSB direta,619,494959.16,22
2024,MG,314010,False,Sem exposicao TSB direta,619,1689456.2,35
2024,MG,314535,False,Sem exposicao TSB direta,619,2056025.4000000001,42
2024,MG,314915,False,Sem exposicao TSB direta,619,2145974.97,35
2024,RS,431300,False,Sem exposicao TSB direta,619,2110918.77,62
2024,MG,314920,False,Sem exposicao TSB direta,618,2158313.87,55
2024,SP,352770,False,Sem exposicao TSB direta,618,2076714.2700000003,54
2024,SC,421315,False,Sem exposicao TSB direta,616,2240408.1,51
2024,MG,312235,False,Sem exposicao TSB direta,615,1942947.9000000001,39
2024,PI,220490,False,Sem exposicao TSB direta,615,1294439.45,16
2024,BA,291330,False,Sem exposicao TSB direta,614,1657038.29,33
2024,BA,292275,False,Sem exposicao TSB direta,614,1619770.84,15
2024,PB,251396,False,Sem exposicao TSB direta,614,1369152.69,13
2024,RN,241142,False,Sem exposicao TSB direta,614,1084771.62,28
2024,RS,430410,False,Sem exposicao TSB direta,614,1830718.3900000001,58
2024,SP,352070,False,Sem exposicao TSB direta,614,1997573.0100000002,48
2024,AL,270270,False,Sem exposicao TSB direta,612,1382725.9,25
2024,MG,314587,False,Sem exposicao TSB direta,612,1663268.5999999999,41
2024,PA,150125,False,Sem exposicao TSB direta,612,2036966.33,25
2024,PR,410337,False,Sem exposicao TSB direta,612,1994655.54,45
2024,RS,431970,False,Sem exposicao TSB direta,612,1610001.74,45
2024,MS,500480,False,Sem exposicao TSB direta,610,2098024.5700000003,27
2024,GO,521920,False,Sem exposicao TSB direta,609,1467846.21,36
2024,MG,316000,False,Sem exposicao TSB direta,609,1359314.6600000001,33
2024,MT,510810,False,Sem exposicao TSB direta,609,1932398.57,23
2024,PR,410405,False,Sem exposicao TSB direta,609,2007027.19,45
2024,PB,250390,False,Sem exposicao TSB direta,608,1474723.04,19
2024,PI,220245,False,Sem exposicao TSB direta,608,2746951.19,22
2024,RS,430705,False,Sem exposicao TSB direta,608,2007640.6300000001,68
2024,AL,270620,False,Sem exposicao TSB direta,607,1664511.9899999998,6
2024,ES,320035,False,Sem exposicao TSB direta,607,1878363.8,50
2024,MG,316340,False,Sem exposicao TSB direta,607,1678690.29,60
2024,PE,260795,False,Sem exposicao TSB direta,607,2144168.2,30
2024,SE,280380,False,Sem exposicao TSB direta,607,2102342.05,22
2024,SP,350110,False,Sem exposicao TSB direta,607,2134385.94,46
2024,TO,171889,False,Sem exposicao TSB direta,607,1614083.62,26
2024,BA,290170,False,Sem exposicao TSB direta,606,2389719.89,29
2024,MG,310140,False,Sem exposicao TSB direta,605,1581236.07,38
2024,MT,510160,False,Sem exposicao TSB direta,605,2215437.9499999997,32
2024,SC,420415,False,Sem exposicao TSB direta,605,1727281.96,44
2024,MG,310205,False,Sem exposicao TSB direta,604,1861941.69,55
2024,RO,110147,False,Sem exposicao TSB direta,604,1749440.39,30
2024,MG,312015,False,Sem exposicao TSB direta,603,1639637.67,18
2024,PB,250610,False,Sem exposicao TSB direta,602,3403495.75,27
2024,RS,430465,False,Sem exposicao TSB direta,602,2331458.3499999996,29
2024,SC,420180,False,Sem exposicao TSB direta,601,2536898.75,55
2024,SP,350470,False,Sem exposicao TSB direta,601,3064568.54,16
2024,RS,430673,False,Sem exposicao TSB direta,600,2110068.9200000004,54
2024,BA,292280,False,Sem exposicao TSB direta,599,1398521.55,29
2024,MG,315057,False,Sem exposicao TSB direta,599,1620760.7299999997,43
2024,SC,420785,False,Sem exposicao TSB direta,599,1883410.27,30
2024,BA,291310,False,Sem exposicao TSB direta,597,2063813.18,29
2024,GO,521060,False,Sem exposicao TSB direta,597,1578309.67,50
2024,MA,210010,False,Sem exposicao TSB direta,597,1502656.3699999999,17
2024,MG,314537,False,Sem exposicao TSB direta,597,1717424.14,35
2024,MG,315590,False,Sem exposicao TSB direta,597,1186663.9900000002,48
2024,TO,170370,False,Sem exposicao TSB direta,597,1938011.78,35
2024,TO,171790,False,Sem exposicao TSB direta,595,2364294.03,38
2024,AM,130006,False,Sem exposicao TSB direta,594,2428013.86,8
2024,MT,510336,False,Sem exposicao TSB direta,594,2167187.26,44
2024,BA,290265,False,Sem exposicao TSB direta,593,3285034.37,28
2024,MA,210420,False,Sem exposicao TSB direta,593,943693.4,27
2024,RS,431335,False,Sem exposicao TSB direta,593,2578956.61,55
2024,GO,520940,False,Sem exposicao TSB direta,592,1857667.21,40
2024,MG,310760,False,Sem exposicao TSB direta,592,1925164.3200000003,51
2024,PB,250850,False,Sem exposicao TSB direta,592,1655916.79,17
2024,RN,241010,False,Sem exposicao TSB direta,592,3167574.5300000003,34
2024,MG,315053,False,Sem exposicao TSB direta,591,1375422.58,36
2024,TO,172049,False,Sem exposicao TSB direta,591,1930774.5499999998,35
2024,MT,510343,False,Sem exposicao TSB direta,590,2232686.4,53
2024,MT,510720,False,Sem exposicao TSB direta,590,2071133.56,52
2024,PB,250570,False,Sem exposicao TSB direta,590,1585965.52,24
2024,RN,240330,False,Sem exposicao TSB direta,590,1159565.15,21
2024,GO,522015,False,Sem exposicao TSB direta,589,1625269.85,46
2024,MA,210460,False,Sem exposicao TSB direta,589,2431878.39,25
2024,RS,431220,False,Sem exposicao TSB direta,588,1967269.68,59
2024,SP,354110,False,Sem exposicao TSB direta,588,1569530.83,35
2024,MG,310850,False,Sem exposicao TSB direta,587,1519191.39,35
2024,SP,350240,False,Sem exposicao TSB direta,587,1561503.8399999999,43
2024,SP,354510,False,Sem exposicao TSB direta,587,1970966.1600000001,37
2024,SP,354625,False,Sem exposicao TSB direta,587,1501597.64,31
2024,MG,312190,False,Sem exposicao TSB direta,586,1137662.77,48
2024,MG,317057,False,Sem exposicao TSB direta,586,1739076.36,50
2024,PE,261430,False,Sem exposicao TSB direta,586,821544.1000000001,24
2024,PI,220850,False,Sem exposicao TSB direta,586,2076595.72,28
2024,PI,220720,False,Sem exposicao TSB direta,585,1596250.09,25
2024,PR,411342,False,Sem exposicao TSB direta,585,1739739.47,58
2024,TO,170600,False,Sem exposicao TSB direta,585,2442523.65,37
2024,SE,280445,False,Sem exposicao TSB direta,584,1809070.24,42
2024,SP,350120,False,Sem exposicao TSB direta,584,1875602.0999999999,44
2024,SP,354840,False,Sem exposicao TSB direta,584,1897767.37,51
2024,AL,270810,False,Sem exposicao TSB direta,583,2717371.8899999997,26
2024,BA,293076,False,Sem exposicao TSB direta,583,2537239.2,24
2024,SC,420760,False,Sem exposicao TSB direta,583,2090669.15,62
2024,MA,211172,False,Sem exposicao TSB direta,582,1773898.76,15
2024,MT,510726,False,Sem exposicao TSB direta,582,2275603.23,24
2024,PI,220250,False,Sem exposicao TSB direta,582,2222264.48,32
2024,PR,412382,False,Sem exposicao TSB direta,582,1759366.97,48
2024,PR,411630,False,Sem exposicao TSB direta,581,1626297.04,58
2024,RS,432370,False,Sem exposicao TSB direta,581,1716478.34,49
2024,SE,280410,False,Sem exposicao TSB direta,581,2407600.5100000002,58
2024,SP,353270,False,Sem exposicao TSB direta,581,1665016.11,51
2024,MG,310320,False,Sem exposicao TSB direta,580,1326922.02,30
2024,PA,150260,False,Sem exposicao TSB direta,580,2622332.3499999996,25
2024,MG,315530,False,Sem exposicao TSB direta,579,1762725.22,59
2024,PR,411325,False,Sem exposicao TSB direta,579,1729879.1399999997,40
2024,SP,354960,False,Sem exposicao TSB direta,579,1771410.0,40
2024,AM,130180,False,Sem exposicao TSB direta,578,979646.1,12
2024,MG,312260,False,Sem exposicao TSB direta,578,1570116.9000000001,42
2024,PI,220610,False,Sem exposicao TSB direta,578,1533339.92,32
2024,RS,431360,False,Sem exposicao TSB direta,578,1782894.96,60
2024,TO,171720,False,Sem exposicao TSB direta,578,1784317.94,18
2024,PE,260580,False,Sem exposicao TSB direta,577,2978395.33,41
2024,SP,351492,False,Sem exposicao TSB direta,577,2483649.07,41
2024,BA,291430,False,Sem exposicao TSB direta,576,2025836.0199999998,31
2024,MG,311960,False,Sem exposicao TSB direta,576,1353884.93,43
2024,MG,316447,False,Sem exposicao TSB direta,576,1491967.9300000002,32
2024,RS,431237,False,Sem exposicao TSB direta,576,1349787.9400000002,26
2024,SE,280720,False,Sem exposicao TSB direta,576,2473086.1,34
2024,MG,311480,False,Sem exposicao TSB direta,574,1443428.68,61
2024,PR,412665,False,Sem exposicao TSB direta,574,1946811.99,54
2024,MA,210440,False,Sem exposicao TSB direta,573,840532.12,31
2024,RS,430786,False,Sem exposicao TSB direta,573,2176476.53,47
2024,SC,420560,False,Sem exposicao TSB direta,573,1730475.84,50
2024,MG,311210,False,Sem exposicao TSB direta,572,1280570.49,40
2024,TO,171270,False,Sem exposicao TSB direta,572,2148885.16,34
2024,SP,350770,False,Sem exposicao TSB direta,571,2108643.39,51
2024,TO,170110,False,Sem exposicao TSB direta,571,2017204.36,39
2024,BA,293110,False,Sem exposicao TSB direta,570,1995924.0099999998,43
2024,MA,210207,False,Sem exposicao TSB direta,570,2918997.71,19
2024,MG,316950,False,Sem exposicao TSB direta,570,1049591.4,34
2024,MG,312560,False,Sem exposicao TSB direta,569,1606454.32,31
2024,MG,316090,False,Sem exposicao TSB direta,569,2052954.13,59
2024,PR,410950,False,Sem exposicao TSB direta,569,1451317.11,41
2024,RN,241300,False,Sem exposicao TSB direta,569,1390243.41,37
2024,MG,315970,False,Sem exposicao TSB direta,567,1456811.91,30
2024,PB,251490,False,Sem exposicao TSB direta,567,1655506.16,27
2024,TO,172097,False,Sem exposicao TSB direta,567,1597163.3,28
2024,BA,292470,False,Sem exposicao TSB direta,566,3315422.94,24
2024,MG,312630,False,Sem exposicao TSB direta,566,1836729.31,39
2024,MG,315730,False,Sem exposicao TSB direta,566,1313968.21,47
2024,PB,251593,False,Sem exposicao TSB direta,566,1754876.39,17
2024,SC,420110,False,Sem exposicao TSB direta,566,1988691.78,63
2024,MA,210923,False,Sem exposicao TSB direta,565,1513444.71,14
2024,PB,251315,False,Sem exposicao TSB direta,565,1562051.5699999998,18
2024,RS,431113,False,Sem exposicao TSB direta,565,1957264.6300000001,31
2024,RS,432232,False,Sem exposicao TSB direta,565,1810580.47,37
2024,SP,355475,False,Sem exposicao TSB direta,565,1530727.02,27
2024,AC,120032,False,Sem exposicao TSB direta,564,1819263.9000000001,15
2024,BA,292145,False,Sem exposicao TSB direta,564,1531024.3,25
2024,GO,521870,False,Sem exposicao TSB direta,564,1437673.92,54
2024,MG,312790,False,Sem exposicao TSB direta,564,1182476.05,23
2024,MG,313260,False,Sem exposicao TSB direta,564,1437807.75,46
2024,RS,431697,False,Sem exposicao TSB direta,564,1654847.24,30
2024,SC,420253,False,Sem exposicao TSB direta,564,1926143.79,57
2024,MG,310550,False,Sem exposicao TSB direta,563,1360007.21,31
2024,PB,251272,False,Sem exposicao TSB direta,563,1411297.99,16
2024,CE,230720,False,Sem exposicao TSB direta,562,2067577.8699999999,16
2024,CE,231280,False,Sem exposicao TSB direta,562,1193995.8900000001,22
2024,GO,520750,False,Sem exposicao TSB direta,561,1336079.99,35
2024,MG,312083,False,Sem exposicao TSB direta,561,1227034.43,30
2024,MG,312087,False,Sem exposicao TSB direta,561,1688249.87,31
2024,MG,314055,False,Sem exposicao TSB direta,561,1590637.8299999998,29
2024,MG,314875,False,Sem exposicao TSB direta,561,1272483.1,32
2024,MG,310370,False,Sem exposicao TSB direta,560,1533910.9600000002,47
2024,CE,231325,False,Sem exposicao TSB direta,559,1593109.93,18
2024,MA,210560,False,Sem exposicao TSB direta,559,1682126.5699999998,26
2024,MG,310650,False,Sem exposicao TSB direta,559,1903699.91,49
2024,PE,260415,False,Sem exposicao TSB direta,559,3696599.4699999997,24
2024,BA,290115,False,Sem exposicao TSB direta,558,2184252.91,27
2024,PB,251010,False,Sem exposicao TSB direta,558,2133765.9,38
2024,RS,430740,False,Sem exposicao TSB direta,558,2083924.94,50
2024,AM,130430,False,Sem exposicao TSB direta,557,2930476.5000000005,26
2024,RN,241410,False,Sem exposicao TSB direta,557,1376013.77,31
2024,BA,292467,False,Sem exposicao TSB direta,556,1687053.4000000001,26
2024,MA,211102,False,Sem exposicao TSB direta,556,139560.24,16
2024,MG,312640,False,Sem exposicao TSB direta,556,1558104.23,45
2024,PR,411573,False,Sem exposicao TSB direta,556,1563870.9700000002,28
2024,RS,430215,False,Sem exposicao TSB direta,556,1682500.76,42
2024,SP,354040,False,Sem exposicao TSB direta,556,1696349.21,43
2024,MG,315930,False,Sem exposicao TSB direta,555,1545806.61,45
2024,PB,251330,False,Sem exposicao TSB direta,555,1390908.45,20
2024,PI,220552,False,Sem exposicao TSB direta,555,1491593.86,15
2024,PR,412217,False,Sem exposicao TSB direta,555,1670537.78,40
2024,SE,280240,False,Sem exposicao TSB direta,555,2668731.4399999995,26
2024,GO,520520,False,Sem exposicao TSB direta,554,1776482.3599999999,64
2024,MG,313055,False,Sem exposicao TSB direta,554,1403710.56,34
2024,PB,250760,False,Sem exposicao TSB direta,554,1408139.98,23
2024,PB,250950,False,Sem exposicao TSB direta,553,1657298.1800000002,22
2024,PB,251207,False,Sem exposicao TSB direta,553,1456700.11,21
2024,PI,220865,False,Sem exposicao TSB direta,552,2268450.25,40
2024,PR,411435,False,Sem exposicao TSB direta,552,1548441.35,37
2024,RS,430030,False,Sem exposicao TSB direta,552,1682856.35,63
2024,MA,210250,False,Sem exposicao TSB direta,551,1508712.8399999999,15
2024,RS,430512,False,Sem exposicao TSB direta,551,1591365.63,38
2024,MG,311010,False,Sem exposicao TSB direta,550,1165844.9,51
2024,MG,315740,False,Sem exposicao TSB direta,550,1323078.77,38
2024,PI,220760,False,Sem exposicao TSB direta,550,1672093.84,26
2024,GO,520815,False,Sem exposicao TSB direta,549,1737853.56,45
2024,MG,313065,False,Sem exposicao TSB direta,549,1282795.42,30
2024,MG,315320,False,Sem exposicao TSB direta,549,1287965.2,43
2024,MT,510788,False,Sem exposicao TSB direta,549,1431795.68,12
2024,RN,240970,False,Sem exposicao TSB direta,549,1894075.04,24
2024,SC,421535,False,Sem exposicao TSB direta,549,1626693.43,42
2024,PB,250290,False,Sem exposicao TSB direta,548,1588913.2200000002,21
2024,PB,251160,False,Sem exposicao TSB direta,548,1590983.28,27
2024,RS,430367,False,Sem exposicao TSB direta,548,1812031.14,43
2024,PB,250905,False,Sem exposicao TSB direta,546,1892832.88,19
2024,PR,410810,False,Sem exposicao TSB direta,546,1586723.64,50
2024,AC,120043,False,Sem exposicao TSB direta,545,988588.37,11
2024,MG,310960,False,Sem exposicao TSB direta,545,1352153.44,50
2024,MG,316600,False,Sem exposicao TSB direta,545,1140460.02,55
2024,PB,250355,False,Sem exposicao TSB direta,545,1571006.56,16
2024,SC,420243,False,Sem exposicao TSB direta,545,1759025.41,44
2024,MA,210680,False,Sem exposicao TSB direta,544,1604430.74,30
2024,SP,354010,False,Sem exposicao TSB direta,544,1584635.27,54
2024,BA,292045,False,Sem exposicao TSB direta,542,1745077.5400000003,18
2024,MG,312250,False,Sem exposicao TSB direta,542,1544475.78,55
2024,MG,312540,False,Sem exposicao TSB direta,542,1439075.8499999999,40
2024,MG,312960,False,Sem exposicao TSB direta,542,1584988.91,39
2024,MT,510010,False,Sem exposicao TSB direta,542,1810973.2,34
2024,TO,172020,False,Sem exposicao TSB direta,542,2355797.38,37
2024,GO,522190,False,Sem exposicao TSB direta,541,1516612.47,41
2024,MA,211080,False,Sem exposicao TSB direta,541,932368.8,16
2024,PE,261618,False,Sem exposicao TSB direta,541,2160945.98,24
2024,MG,314640,False,Sem exposicao TSB direta,540,1859146.4,55
2024,RS,432132,False,Sem exposicao TSB direta,540,1621975.87,58
2024,TO,170380,False,Sem exposicao TSB direta,540,1863136.3299999998,35
2024,BA,290640,False,Sem exposicao TSB direta,538,1702778.03,28
2024,RO,110090,False,Sem exposicao TSB direta,538,1449101.2400000002,22
2024,BA,290195,False,Sem exposicao TSB direta,537,5284684.14,30
2024,MG,312010,False,Sem exposicao TSB direta,537,1539899.42,51
2024,MT,510685,False,Sem exposicao TSB direta,537,2036325.48,29
2024,RS,430469,False,Sem exposicao TSB direta,537,1620745.1800000002,47
2024,SE,280510,False,Sem exposicao TSB direta,537,2655390.2699999996,27
2024,TO,171884,False,Sem exposicao TSB direta,537,1668491.0699999998,30
2024,SE,280260,False,Sem exposicao TSB direta,536,1384236.5999999999,29
2024,RS,431805,False,Sem exposicao TSB direta,535,1536270.77,56
2024,RS,432162,False,Sem exposicao TSB direta,535,1468300.27,40
2024,SP,354280,False,Sem exposicao TSB direta,535,1421402.74,30
2024,GO,521486,False,Sem exposicao TSB direta,534,1354956.86,59
2024,MG,316750,False,Sem exposicao TSB direta,534,1253411.7,40
2024,AP,160080,False,Sem exposicao TSB direta,533,4105971.83,21
2024,PR,411090,False,Sem exposicao TSB direta,533,1551023.78,50
2024,MG,312680,False,Sem exposicao TSB direta,532,1440327.7899999998,30
2024,RS,430495,False,Sem exposicao TSB direta,532,1730684.4500000002,58
2024,SC,421020,False,Sem exposicao TSB direta,532,1557948.76,63
2024,BA,292560,False,Sem exposicao TSB direta,531,1657740.6099999999,42
2024,GO,521305,False,Sem exposicao TSB direta,531,1525063.81,28
2024,PB,251278,False,Sem exposicao TSB direta,530,1240630.93,7
2024,GO,521160,False,Sem exposicao TSB direta,529,1392893.8599999999,30
2024,MG,314780,False,Sem exposicao TSB direta,529,1266361.81,28
2024,RS,432350,False,Sem exposicao TSB direta,529,1607366.4,43
2024,TO,170310,False,Sem exposicao TSB direta,529,1715971.02,44
2024,MG,310070,False,Sem exposicao TSB direta,528,1821495.07,28
2024,AL,270150,False,Sem exposicao TSB direta,527,1882485.79,20
2024,PB,250670,False,Sem exposicao TSB direta,527,1677296.64,18
2024,RS,431055,False,Sem exposicao TSB direta,527,1702005.4,39
2024,RS,431643,False,Sem exposicao TSB direta,527,2124024.91,36
2024,BA,290550,False,Sem exposicao TSB direta,526,2041520.42,22
2024,MG,316350,False,Sem exposicao TSB direta,526,1420307.19,35
2024,PI,220665,False,Sem exposicao TSB direta,526,1128202.03,8
2024,BA,292410,False,Sem exposicao TSB direta,525,1099833.9000000001,20
2024,MG,311630,False,Sem exposicao TSB direta,525,1297786.25,38
2024,MG,312000,False,Sem exposicao TSB direta,525,1163143.53,30
2024,PI,220556,False,Sem exposicao TSB direta,525,2243952.81,25
2024,SC,421895,False,Sem exposicao TSB direta,525,1622548.52,41
2024,BA,291077,False,Sem exposicao TSB direta,524,1335591.26,28
2024,PB,251275,False,Sem exposicao TSB direta,524,1375331.82,16
2024,RN,240850,False,Sem exposicao TSB direta,524,1367337.43,35
2024,AL,270490,False,Sem exposicao TSB direta,523,1089657.99,18
2024,CE,230620,False,Sem exposicao TSB direta,523,1806363.3599999999,32
2024,MG,312940,False,Sem exposicao TSB direta,523,1122244.46,42
2024,MG,315190,False,Sem exposicao TSB direta,523,1602542.31,54
2024,MG,316030,False,Sem exposicao TSB direta,523,1858990.8299999998,35
2024,RS,430587,False,Sem exposicao TSB direta,523,2146337.14,37
2024,CE,230040,False,Sem exposicao TSB direta,522,2222180.19,24
2024,GO,521520,False,Sem exposicao TSB direta,522,1289798.9500000002,30
2024,MA,210825,False,Sem exposicao TSB direta,522,1079208.66,11
2024,SE,280520,False,Sem exposicao TSB direta,522,1585184.71,31
2024,AL,270255,False,Sem exposicao TSB direta,521,4354302.86,21
2024,MG,317065,False,Sem exposicao TSB direta,521,1456562.58,30
2024,RS,432060,False,Sem exposicao TSB direta,521,2105573.27,55
2024,MG,316550,False,Sem exposicao TSB direta,519,1539773.5,52
2024,SC,421555,False,Sem exposicao TSB direta,519,1532547.9700000002,42
2024,MG,316300,False,Sem exposicao TSB direta,518,1241576.83,23
2024,RS,430063,False,Sem exposicao TSB direta,518,1553794.27,35
2024,PB,250403,False,Sem exposicao TSB direta,517,1329942.29,29
2024,BA,291905,False,Sem exposicao TSB direta,516,2097329.85,27
2024,GO,520630,False,Sem exposicao TSB direta,516,1418894.42,43
2024,MG,313535,False,Sem exposicao TSB direta,516,1525406.98,39
2024,PI,220160,False,Sem exposicao TSB direta,516,1694175.06,39
2024,RS,430560,False,Sem exposicao TSB direta,516,2223598.22,51
2024,SP,353690,False,Sem exposicao TSB direta,516,1848304.74,37
2024,MG,313835,False,Sem exposicao TSB direta,515,1208247.1700000002,34
2024,MG,316830,False,Sem exposicao TSB direta,515,1447163.24,40
2024,PR,410715,False,Sem exposicao TSB direta,515,1801620.69,48
2024,TO,170130,False,Sem exposicao TSB direta,515,1235901.99,25
2024,BA,291030,False,Sem exposicao TSB direta,514,1362910.29,49
2024,PB,250380,False,Sem exposicao TSB direta,514,1687100.4300000002,20
2024,PE,260860,False,Sem exposicao TSB direta,514,2011853.05,26
2024,SC,421165,False,Sem exposicao TSB direta,514,1757624.3,35
2024,MG,311900,False,Sem exposicao TSB direta,513,1300910.17,35
2024,MG,315040,False,Sem exposicao TSB direta,513,1235215.8,49
2024,MG,317060,False,Sem exposicao TSB direta,513,1342973.99,29
2024,PB,250780,False,Sem exposicao TSB direta,512,1609787.06,33
2024,RN,240210,False,Sem exposicao TSB direta,512,2382887.45,28
2024,PI,220110,False,Sem exposicao TSB direta,511,1609263.8800000001,19
2024,AL,270580,False,Sem exposicao TSB direta,510,2072088.4000000001,27
2024,BA,293080,False,Sem exposicao TSB direta,510,2965505.89,22
2024,MA,210520,False,Sem exposicao TSB direta,510,1584747.19,35
2024,PI,220140,False,Sem exposicao TSB direta,510,1387505.02,24
2024,SP,353450,False,Sem exposicao TSB direta,510,1603001.38,39
2024,GO,520980,False,Sem exposicao TSB direta,509,1087674.92,37
2024,RS,431775,False,Sem exposicao TSB direta,509,1991000.87,34
2024,GO,521290,False,Sem exposicao TSB direta,508,1250046.79,37
2024,MA,211107,False,Sem exposicao TSB direta,508,1912005.66,20
2024,MG,312030,False,Sem exposicao TSB direta,508,1614689.32,28
2024,RS,431160,False,Sem exposicao TSB direta,508,1686915.0,51
2024,SP,350535,False,Sem exposicao TSB direta,508,1444370.65,27
2024,PB,250590,False,Sem exposicao TSB direta,507,868736.01,9
2024,PB,250810,False,Sem exposicao TSB direta,507,1051775.28,14
2024,RS,431339,False,Sem exposicao TSB direta,507,1835074.77,43
2024,SC,420917,False,Sem exposicao TSB direta,507,1550864.58,36
2024,PB,250415,False,Sem exposicao TSB direta,506,1641202.98,17
2024,SP,354085,False,Sem exposicao TSB direta,506,2079108.3499999999,25
2024,MG,313410,False,Sem exposicao TSB direta,505,1984690.17,54
2024,PB,251274,False,Sem exposicao TSB direta,505,1031280.8500000001,13
2024,PE,261210,False,Sem exposicao TSB direta,505,1486936.9500000002,28
2024,PI,220210,False,Sem exposicao TSB direta,505,1094913.97,14
2024,PR,411130,False,Sem exposicao TSB direta,505,1509973.3599999999,41
2024,AL,270190,False,Sem exposicao TSB direta,504,2163231.28,18
2024,AL,270642,False,Sem exposicao TSB direta,504,2100512.0100000002,15
2024,GO,520160,False,Sem exposicao TSB direta,504,1242237.1300000001,40
2024,PR,410165,False,Sem exposicao TSB direta,504,1574576.05,37
2024,PR,410685,False,Sem exposicao TSB direta,504,1760139.57,34
2024,RS,431500,False,Sem exposicao TSB direta,504,1534050.74,53
2024,SC,421915,False,Sem exposicao TSB direta,504,1319633.86,39
2024,MA,210173,False,Sem exposicao TSB direta,503,1863981.5899999999,6
2024,SC,421125,False,Sem exposicao TSB direta,503,1647555.15,39
2024,SP,352790,False,Sem exposicao TSB direta,503,1449436.44,36
2024,AP,160005,False,Sem exposicao TSB direta,502,1860010.0,18
2024,SP,351385,False,Sem exposicao TSB direta,502,2051947.7,16
2024,SP,351530,False,Sem exposicao TSB direta,502,1236279.89,30
2024,SP,353657,False,Sem exposicao TSB direta,502,1207500.4100000001,27
2024,TO,171900,False,Sem exposicao TSB direta,502,700873.63,19
2024,MG,311610,False,Sem exposicao TSB direta,501,1731455.49,41
2024,MG,312220,False,Sem exposicao TSB direta,501,1296828.53,52
2024,PE,260490,False,Sem exposicao TSB direta,501,2932154.33,39
2024,SE,280270,False,Sem exposicao TSB direta,501,2076291.1199999999,23
2024,BA,291420,False,Sem exposicao TSB direta,500,1394932.53,22
2024,MG,314580,False,Sem exposicao TSB direta,500,1251165.3399999999,28
2024,PI,221093,False,Sem exposicao TSB direta,500,819839.8200000001,32
2024,BA,291860,False,Sem exposicao TSB direta,499,1703895.27,29
2024,MG,311170,False,Sem exposicao TSB direta,499,1150665.35,49
2024,PR,411590,False,Sem exposicao TSB direta,499,1472715.41,23
2024,PR,412430,False,Sem exposicao TSB direta,499,1403256.58,32
2024,RS,432290,False,Sem exposicao TSB direta,499,1796582.84,55
2024,BA,290060,False,Sem exposicao TSB direta,498,1693965.4300000002,23
2024,MG,312352,False,Sem exposicao TSB direta,498,1354232.86,44
2024,PE,260100,False,Sem exposicao TSB direta,498,2469292.19,35
2024,PR,410045,False,Sem exposicao TSB direta,498,1600472.12,36
2024,RS,430340,False,Sem exposicao TSB direta,498,1629840.66,55
2024,RS,431861,False,Sem exposicao TSB direta,498,1645970.0,47
2024,SC,420208,False,Sem exposicao TSB direta,498,1741754.0699999998,37
2024,AL,270200,False,Sem exposicao TSB direta,497,1653849.55,34
2024,PR,410755,False,Sem exposicao TSB direta,497,1810642.51,34
2024,RS,432335,False,Sem exposicao TSB direta,497,1775713.78,34
2024,MG,315310,False,Sem exposicao TSB direta,496,1085083.32,40
2024,PR,412545,False,Sem exposicao TSB direta,496,1488963.49,53
2024,RN,240700,False,Sem exposicao TSB direta,496,1130430.67,22
2024,SC,420775,False,Sem exposicao TSB direta,496,2150813.44,56
2024,AL,270135,False,Sem exposicao TSB direta,495,1703007.6600000001,27
2024,BA,292895,False,Sem exposicao TSB direta,495,1825251.27,45
2024,CE,230360,False,Sem exposicao TSB direta,495,2610365.8200000003,26
2024,PB,251500,False,Sem exposicao TSB direta,495,1823412.03,25
2024,PR,410655,False,Sem exposicao TSB direta,495,1409011.46,37
2024,SP,353000,False,Sem exposicao TSB direta,495,1468630.67,44
2024,MG,312385,False,Sem exposicao TSB direta,494,1421520.92,53
2024,SC,421189,False,Sem exposicao TSB direta,494,1399432.0,31
2024,MG,315000,False,Sem exposicao TSB direta,493,1226595.71,25
2024,RN,241180,False,Sem exposicao TSB direta,493,1301842.7,34
2024,SP,352580,False,Sem exposicao TSB direta,493,1492437.1400000001,34
2024,MG,310040,False,Sem exposicao TSB direta,492,1470540.4,42
2024,SC,421568,False,Sem exposicao TSB direta,492,1235249.8,35
2024,SP,352560,False,Sem exposicao TSB direta,492,1562789.79,42
2024,MT,510617,False,Sem exposicao TSB direta,491,1881508.98,24
2024,RS,431417,False,Sem exposicao TSB direta,491,1892542.71,27
2024,GO,521935,False,Sem exposicao TSB direta,490,1274830.82,31
2024,MG,314437,False,Sem exposicao TSB direta,490,1487609.05,34
2024,RN,240760,False,Sem exposicao TSB direta,490,1149020.2000000002,16
2024,MG,315860,False,Sem exposicao TSB direta,489,1267612.9100000001,32
2024,PB,250650,False,Sem exposicao TSB direta,489,888832.5999999999,14
2024,PR,411290,False,Sem exposicao TSB direta,489,1423143.3,42
2024,PR,411925,False,Sem exposicao TSB direta,489,1403098.8499999999,35
2024,GO,520505,False,Sem exposicao TSB direta,488,1339510.92,38
2024,RS,430637,False,Sem exposicao TSB direta,488,1634724.04,32
2024,TO,171245,False,Sem exposicao TSB direta,488,1026822.8300000001,24
2024,PR,411965,False,Sem exposicao TSB direta,487,1526823.49,35
2024,RN,240160,False,Sem exposicao TSB direta,487,1259236.52,17
2024,RS,430781,False,Sem exposicao TSB direta,487,2226515.98,36
2024,TO,170755,False,Sem exposicao TSB direta,487,1635572.1500000001,35
2024,TO,171150,False,Sem exposicao TSB direta,487,1436321.13,36
2024,MA,210490,False,Sem exposicao TSB direta,486,955081.7999999999,16
2024,MA,211157,False,Sem exposicao TSB direta,486,1108186.55,20
2024,MG,315940,False,Sem exposicao TSB direta,486,1162035.42,26
2024,PR,411721,False,Sem exposicao TSB direta,486,1715662.33,50
2024,PR,412130,False,Sem exposicao TSB direta,486,1746003.97,46
2024,RN,241230,False,Sem exposicao TSB direta,486,3567782.0599999996,34
2024,GO,522130,False,Sem exposicao TSB direta,485,1280549.46,49
2024,MG,312825,False,Sem exposicao TSB direta,485,1190684.3,35
2024,MG,316320,False,Sem exposicao TSB direta,485,1168626.1099999999,47
2024,PB,250625,False,Sem exposicao TSB direta,485,1646683.45,14
2024,RS,431920,False,Sem exposicao TSB direta,485,1805270.75,48
2024,SP,354440,False,Sem exposicao TSB direta,485,1523478.01,31
2024,TO,171665,False,Sem exposicao TSB direta,485,1425679.99,28
2024,MA,210240,False,Sem exposicao TSB direta,484,808853.8200000001,6
2024,RS,430175,False,Sem exposicao TSB direta,484,1492872.15,36
2024,GO,521540,False,Sem exposicao TSB direta,483,1422897.87,49
2024,MG,312500,False,Sem exposicao TSB direta,483,1333591.74,36
2024,PB,250800,False,Sem exposicao TSB direta,483,1788806.1099999999,26
2024,SP,351015,False,Sem exposicao TSB direta,483,1611520.94,35
2024,MA,210930,False,Sem exposicao TSB direta,482,1850466.15,13
2024,MG,311590,False,Sem exposicao TSB direta,482,1082667.31,39
2024,SP,353970,False,Sem exposicao TSB direta,482,1615373.5499999998,24
2024,AM,130165,False,Sem exposicao TSB direta,481,210418.85,22
2024,GO,521490,False,Sem exposicao TSB direta,481,1362395.74,28
2024,RR,140060,False,Sem exposicao TSB direta,481,1802660.1900000002,35
2024,TO,170215,False,Sem exposicao TSB direta,481,1745602.62,27
2024,AM,130010,False,Sem exposicao TSB direta,480,3062661.32,13
2024,GO,520020,False,Sem exposicao TSB direta,480,1300999.84,24
2024,SE,280220,False,Sem exposicao TSB direta,480,1610230.44,25
2024,SP,352120,False,Sem exposicao TSB direta,480,1329306.06,32
2024,BA,290510,False,Sem exposicao TSB direta,479,1800292.53,27
2024,PE,260330,False,Sem exposicao TSB direta,479,1908799.3599999999,26
2024,PI,220670,False,Sem exposicao TSB direta,479,1534270.79,30
2024,PR,411640,False,Sem exposicao TSB direta,479,1310469.71,36
2024,RN,240170,False,Sem exposicao TSB direta,479,1750893.0,40
2024,RS,430222,False,Sem exposicao TSB direta,478,1957787.7899999998,28
2024,SE,280370,False,Sem exposicao TSB direta,478,1804936.19,38
2024,GO,520455,False,Sem exposicao TSB direta,477,1254002.95,40
2024,RS,431349,False,Sem exposicao TSB direta,477,1381752.71,47
2024,MG,313890,False,Sem exposicao TSB direta,476,1725921.6800000002,40
2024,SP,353210,False,Sem exposicao TSB direta,476,1474767.53,43
2024,BA,291670,False,Sem exposicao TSB direta,474,1161468.1099999999,22
2024,GO,521839,False,Sem exposicao TSB direta,474,1229918.46,41
2024,MA,210920,False,Sem exposicao TSB direta,474,439660.64,21
2024,RN,241470,False,Sem exposicao TSB direta,474,1195637.28,25
2024,RO,110155,False,Sem exposicao TSB direta,474,1371295.96,35
2024,SP,351330,False,Sem exposicao TSB direta,474,1523135.5699999998,37
2024,MG,313390,False,Sem exposicao TSB direta,473,1633801.02,50
2024,PB,250205,False,Sem exposicao TSB direta,473,1029883.07,15
2024,PB,251000,False,Sem exposicao TSB direta,473,1344651.01,24
2024,PI,220530,False,Sem exposicao TSB direta,473,1101538.91,25
2024,SE,280650,False,Sem exposicao TSB direta,473,1047121.05,12
2024,SP,353215,False,Sem exposicao TSB direta,473,1714773.17,28
2024,TO,171870,False,Sem exposicao TSB direta,473,969394.54,22
2024,MA,210235,False,Sem exposicao TSB direta,472,815140.3400000001,19
2024,MG,313430,False,Sem exposicao TSB direta,472,1489227.32,54
2024,RN,241415,False,Sem exposicao TSB direta,472,1732304.81,38
2024,SP,350775,False,Sem exposicao TSB direta,472,1379855.72,27
2024,BA,291960,False,Sem exposicao TSB direta,471,1936148.4300000002,31
2024,MA,211023,False,Sem exposicao TSB direta,471,1630399.37,15
2024,MG,314360,False,Sem exposicao TSB direta,471,1129577.9100000001,20
2024,MG,315727,False,Sem exposicao TSB direta,471,928207.1900000001,29
2024,PE,260392,False,Sem exposicao TSB direta,471,1432254.35,14
2024,RN,241330,False,Sem exposicao TSB direta,471,990610.42,27
2024,PB,250010,False,Sem exposicao TSB direta,470,1440950.1,22
2024,PI,220211,False,Sem exposicao TSB direta,470,1012065.13,21
2024,PR,412863,False,Sem exposicao TSB direta,468,1495019.25,31
2024,BA,292285,False,Sem exposicao TSB direta,467,1049072.8699999999,21
2024,MG,312990,False,Sem exposicao TSB direta,467,1257288.78,55
2024,PI,220810,False,Sem exposicao TSB direta,466,1270926.79,28
2024,SC,421560,False,Sem exposicao TSB direta,466,1541551.1099999999,41
2024,MA,210590,False,Sem exposicao TSB direta,465,824050.64,16
2024,MG,316105,False,Sem exposicao TSB direta,465,1171378.48,23
2024,PR,412125,False,Sem exposicao TSB direta,465,1501680.93,40
2024,PR,412320,False,Sem exposicao TSB direta,465,1392838.71,36
2024,RS,430155,False,Sem exposicao TSB direta,465,1513202.96,50
2024,SC,421055,False,Sem exposicao TSB direta,465,792579.7,36
2024,SC,420287,False,Sem exposicao TSB direta,464,1833265.33,38
2024,BA,293340,False,Sem exposicao TSB direta,463,1666898.54,33
2024,GO,520260,False,Sem exposicao TSB direta,463,1244167.12,40
2024,MA,210592,False,Sem exposicao TSB direta,463,1044270.78,17
2024,MG,310665,False,Sem exposicao TSB direta,463,1358829.6800000002,27
2024,PR,411830,False,Sem exposicao TSB direta,463,1321652.65,37
2024,TO,170830,False,Sem exposicao TSB direta,463,1965576.58,33
2024,BA,290770,False,Sem exposicao TSB direta,462,2747739.25,18
2024,PI,220196,False,Sem exposicao TSB direta,462,3800534.78,35
2024,PI,220558,False,Sem exposicao TSB direta,462,1387879.0,28
2024,MG,314880,False,Sem exposicao TSB direta,461,1198181.55,34
2024,PI,220997,False,Sem exposicao TSB direta,461,1503423.16,15
2024,MG,314030,False,Sem exposicao TSB direta,460,1564614.8499999999,45
2024,TO,171395,False,Sem exposicao TSB direta,460,1341580.4300000002,27
2024,PR,412310,False,Sem exposicao TSB direta,459,1346255.28,41
2024,BA,292790,False,Sem exposicao TSB direta,458,2704712.46,47
2024,MA,211174,False,Sem exposicao TSB direta,458,592208.52,20
2024,MG,314490,False,Sem exposicao TSB direta,458,1595702.0,26
2024,PB,250230,False,Sem exposicao TSB direta,458,1092143.32,12
2024,RS,431971,False,Sem exposicao TSB direta,458,1548684.59,42
2024,RS,431447,False,Sem exposicao TSB direta,457,1723676.69,48
2024,SE,280690,False,Sem exposicao TSB direta,457,1639123.3900000001,17
2024,PA,150796,False,Sem exposicao TSB direta,456,2047224.3800000001,37
2024,PE,260630,False,Sem exposicao TSB direta,456,1423024.2400000002,18
2024,RN,241100,False,Sem exposicao TSB direta,456,1046038.51,18
2024,PB,250740,False,Sem exposicao TSB direta,455,1119540.95,25
2024,SC,420535,False,Sem exposicao TSB direta,455,1891689.25,31
2024,RN,240185,False,Sem exposicao TSB direta,454,1559147.34,23
2024,RS,431846,False,Sem exposicao TSB direta,454,1447820.78,38
2024,PB,251220,False,Sem exposicao TSB direta,453,1194037.21,21
2024,RS,430995,False,Sem exposicao TSB direta,453,1449041.97,48
2024,SP,353100,False,Sem exposicao TSB direta,453,1457313.0399999998,36
2024,PR,410302,False,Sem exposicao TSB direta,452,1334625.16,45
2024,RS,431844,False,Sem exposicao TSB direta,452,1328526.8800000001,57
2024,TO,171070,False,Sem exposicao TSB direta,452,1460367.56,23
2024,GO,520495,False,Sem exposicao TSB direta,451,1129355.34,36
2024,MA,210710,False,Sem exposicao TSB direta,451,923667.14,29
2024,MG,310130,False,Sem exposicao TSB direta,451,1126689.08,44
2024,CE,231370,False,Sem exposicao TSB direta,450,1149123.2,20
2024,PI,220870,False,Sem exposicao TSB direta,450,1392645.25,26
2024,BA,292160,False,Sem exposicao TSB direta,449,1972196.9500000002,29
2024,MA,210580,False,Sem exposicao TSB direta,449,1282937.12,16
2024,SC,420980,False,Sem exposicao TSB direta,449,1346656.14,43
2024,RN,240933,False,Sem exposicao TSB direta,448,1337073.19,22
2024,SC,421505,False,Sem exposicao TSB direta,448,1380865.29,35
2024,MG,315810,False,Sem exposicao TSB direta,447,1230182.0,20
2024,PB,250157,False,Sem exposicao TSB direta,447,1880800.16,20
2024,PI,220930,False,Sem exposicao TSB direta,447,2450840.54,22
2024,PR,411065,False,Sem exposicao TSB direta,446,1454232.42,33
2024,AL,270660,False,Sem exposicao TSB direta,445,1541996.72,26
2024,GO,520650,False,Sem exposicao TSB direta,445,1350225.31,56
2024,MG,315213,False,Sem exposicao TSB direta,445,1303358.9,28
2024,SP,353625,False,Sem exposicao TSB direta,445,1226907.48,36
2024,CE,230480,False,Sem exposicao TSB direta,444,906109.75,14
2024,GO,521565,False,Sem exposicao TSB direta,444,1338725.25,26
2024,MG,311600,False,Sem exposicao TSB direta,444,1277272.29,45
2024,MG,315500,False,Sem exposicao TSB direta,444,1369515.03,40
2024,PR,410275,False,Sem exposicao TSB direta,444,1310095.3099999998,34
2024,RN,240150,False,Sem exposicao TSB direta,444,1296609.35,15
2024,PB,251280,False,Sem exposicao TSB direta,443,1901524.0399999998,25
2024,PE,261440,False,Sem exposicao TSB direta,443,1865957.4900000002,13
2024,PI,220090,False,Sem exposicao TSB direta,443,983888.1399999999,26
2024,PI,220285,False,Sem exposicao TSB direta,443,848071.7,20
2024,RS,430320,False,Sem exposicao TSB direta,442,1207736.51,49
2024,GO,520393,False,Sem exposicao TSB direta,441,1132870.12,35
2024,MG,312470,False,Sem exposicao TSB direta,441,1255413.24,43
2024,ES,320180,False,Sem exposicao TSB direta,440,1605111.8800000001,45
2024,MG,316080,False,Sem exposicao TSB direta,440,1331781.12,46
2024,PA,150746,False,Sem exposicao TSB direta,440,1171754.9500000002,25
2024,MG,312550,False,Sem exposicao TSB direta,439,1252707.71,32
2024,MG,316245,False,Sem exposicao TSB direta,439,1892807.21,26
2024,PB,251320,False,Sem exposicao TSB direta,439,1361322.55,27
2024,RS,431085,False,Sem exposicao TSB direta,439,1513974.78,49
2024,PR,412015,False,Sem exposicao TSB direta,438,2344478.55,28
2024,SC,420005,False,Sem exposicao TSB direta,438,1814679.89,36
2024,MA,210700,False,Sem exposicao TSB direta,437,711364.25,22
2024,MG,314840,False,Sem exposicao TSB direta,437,1369141.8299999998,43
2024,PI,220202,False,Sem exposicao TSB direta,437,2505100.55,21
2024,PR,411740,False,Sem exposicao TSB direta,437,1440524.8,53
2024,SC,420165,False,Sem exposicao TSB direta,437,1615220.63,40
2024,SC,421085,False,Sem exposicao TSB direta,437,1505662.2000000002,34
2024,MG,313655,False,Sem exposicao TSB direta,436,1476305.33,32
2024,MT,510627,False,Sem exposicao TSB direta,436,1583152.47,42
2024,PB,250260,False,Sem exposicao TSB direta,436,2001222.6,13
2024,PI,220553,False,Sem exposicao TSB direta,436,1275332.85,10
2024,PI,220555,False,Sem exposicao TSB direta,436,1452590.75,28
2024,CE,230393,False,Sem exposicao TSB direta,435,2019689.1800000002,21
2024,MA,210408,False,Sem exposicao TSB direta,435,1548639.57,14
2024,MG,313730,False,Sem exposicao TSB direta,435,1113778.3900000001,24
2024,MG,316060,False,Sem exposicao TSB direta,435,1102840.62,35
2024,PR,412135,False,Sem exposicao TSB direta,435,1740166.49,30
2024,SP,355460,False,Sem exposicao TSB direta,435,1307551.2,32
2024,TO,170320,False,Sem exposicao TSB direta,435,1569753.89,23
2024,SC,421885,False,Sem exposicao TSB direta,434,1830988.04,40
2024,SP,351590,False,Sem exposicao TSB direta,434,1001321.56,41
2024,SP,354025,False,Sem exposicao TSB direta,434,1625719.9,34
2024,MG,314620,False,Sem exposicao TSB direta,433,1700134.4,30
2024,MG,317047,False,Sem exposicao TSB direta,433,1478996.96,30
2024,MG,317140,False,Sem exposicao TSB direta,433,1140048.9300000002,28
2024,PR,412420,False,Sem exposicao TSB direta,433,1304268.98,33
2024,RS,431213,False,Sem exposicao TSB direta,433,1464606.59,35
2024,MG,313695,False,Sem exposicao TSB direta,432,1217562.28,24
2024,PI,220070,False,Sem exposicao TSB direta,432,1719151.73,36
2024,RS,430558,False,Sem exposicao TSB direta,432,1664391.42,49
2024,SP,354470,False,Sem exposicao TSB direta,432,1457624.1400000001,23
2024,MG,316490,False,Sem exposicao TSB direta,431,1110245.54,46
2024,PI,220345,False,Sem exposicao TSB direta,431,1590491.4,25
2024,TO,171630,False,Sem exposicao TSB direta,431,1529464.16,29
2024,MA,210740,False,Sem exposicao TSB direta,430,1270663.18,37
2024,PI,220600,False,Sem exposicao TSB direta,430,1104116.73,29
2024,PR,411660,False,Sem exposicao TSB direta,430,1635823.73,40
2024,SC,420215,False,Sem exposicao TSB direta,430,1522858.22,38
2024,BA,290010,False,Sem exposicao TSB direta,429,969079.1400000001,28
2024,BA,290090,False,Sem exposicao TSB direta,429,1540322.35,19
2024,TO,171050,False,Sem exposicao TSB direta,429,1721743.99,40
2024,CE,230180,False,Sem exposicao TSB direta,428,934219.99,13
2024,MG,311520,False,Sem exposicao TSB direta,428,1200255.43,32
2024,SC,421070,False,Sem exposicao TSB direta,428,1273311.17,37
2024,SE,280190,False,Sem exposicao TSB direta,428,1149792.79,25
2024,AM,130400,False,Sem exposicao TSB direta,427,1816198.07,16
2024,PB,250915,False,Sem exposicao TSB direta,427,1372410.58,25
2024,PB,251640,False,Sem exposicao TSB direta,427,2091149.25,23
2024,RS,431755,False,Sem exposicao TSB direta,427,1444315.98,36
2024,TO,172025,False,Sem exposicao TSB direta,427,1068711.47,28
2024,MT,510719,False,Sem exposicao TSB direta,426,1575497.7499999998,36
2024,RN,240540,False,Sem exposicao TSB direta,426,1151092.5099999998,13
2024,RS,430783,False,Sem exposicao TSB direta,426,1498415.04,41
2024,RS,430865,False,Sem exposicao TSB direta,426,1917901.64,28
2024,GO,520082,False,Sem exposicao TSB direta,424,1117921.03,27
2024,TO,171200,False,Sem exposicao TSB direta,424,1646298.27,44
2024,MG,316450,False,Sem exposicao TSB direta,423,1563825.8499999999,42
2024,PB,250240,False,Sem exposicao TSB direta,423,1600947.11,26
2024,RS,432026,False,Sem exposicao TSB direta,423,1744589.17,50
2024,SC,421520,False,Sem exposicao TSB direta,423,1563718.99,51
2024,MG,310925,False,Sem exposicao TSB direta,422,1087813.48,32
2024,MG,312735,False,Sem exposicao TSB direta,422,1010141.65,20
2024,MG,315910,False,Sem exposicao TSB direta,422,1194987.57,28
2024,PR,410270,False,Sem exposicao TSB direta,422,1463338.67,42
2024,RS,432215,False,Sem exposicao TSB direta,422,1211068.98,30
2024,RS,432252,False,Sem exposicao TSB direta,422,1518770.81,42
2024,MG,314540,False,Sem exposicao TSB direta,421,968235.24,30
2024,MG,315650,False,Sem exposicao TSB direta,421,1343900.82,27
2024,SC,421390,False,Sem exposicao TSB direta,421,1248266.38,31
2024,RN,240320,False,Sem exposicao TSB direta,420,1656559.0300000003,19
2024,MA,210055,False,Sem exposicao TSB direta,419,1293964.47,11
2024,MG,314655,False,Sem exposicao TSB direta,419,1242899.4200000002,16
2024,RS,430632,False,Sem exposicao TSB direta,419,1432455.76,47
2024,BA,292490,False,Sem exposicao TSB direta,418,1415864.0,27
2024,GO,521690,False,Sem exposicao TSB direta,418,1075679.3199999998,17
2024,MA,210596,False,Sem exposicao TSB direta,418,1474185.4000000001,15
2024,PB,250435,False,Sem exposicao TSB direta,418,1236274.8900000001,21
2024,PB,251360,False,Sem exposicao TSB direta,418,1280945.9,14
2024,RS,431446,False,Sem exposicao TSB direta,418,1999835.28,40
2024,SC,420475,False,Sem exposicao TSB direta,418,1438620.01,43
2024,SC,421185,False,Sem exposicao TSB direta,418,881235.27,28
2024,GO,521377,False,Sem exposicao TSB direta,417,1188233.69,26
2024,RS,432147,False,Sem exposicao TSB direta,417,1448170.4200000002,48
2024,MG,313640,False,Sem exposicao TSB direta,416,1533502.34,31
2024,PB,250880,False,Sem exposicao TSB direta,416,1398468.17,21
2024,PB,251540,False,Sem exposicao TSB direta,416,2137455.49,20
2024,RN,241360,False,Sem exposicao TSB direta,416,1359929.7399999998,24
2024,RS,431308,False,Sem exposicao TSB direta,416,1544251.77,55
2024,RS,431475,False,Sem exposicao TSB direta,416,1250632.65,48
2024,TO,171865,False,Sem exposicao TSB direta,416,1160945.65,14
2024,GO,520680,False,Sem exposicao TSB direta,415,944348.78,45
2024,MT,510395,False,Sem exposicao TSB direta,415,1340754.44,31
2024,SP,350890,False,Sem exposicao TSB direta,415,1220338.99,35
2024,SP,354830,False,Sem exposicao TSB direta,414,1183742.6600000001,24
2024,MG,316230,False,Sem exposicao TSB direta,412,920577.7899999999,43
2024,PB,251590,False,Sem exposicao TSB direta,412,1521940.24,14
2024,RS,430513,False,Sem exposicao TSB direta,412,1417773.6099999999,46
2024,RS,431454,False,Sem exposicao TSB direta,412,1786429.79,47
2024,MG,310870,False,Sem exposicao TSB direta,411,844651.07,40
2024,MG,316555,False,Sem exposicao TSB direta,411,1519067.3,35
2024,PI,220060,False,Sem exposicao TSB direta,411,1147180.32,38
2024,SP,351565,False,Sem exposicao TSB direta,411,1301102.6099999999,29
2024,RN,240680,False,Sem exposicao TSB direta,410,1795843.6600000001,15
2024,RS,432023,False,Sem exposicao TSB direta,410,1395558.49,39
2024,AL,270370,False,Sem exposicao TSB direta,409,2177990.5900000003,18
2024,PR,411545,False,Sem exposicao TSB direta,408,1392355.54,42
2024,TO,171700,False,Sem exposicao TSB direta,408,1646739.78,23
2024,PI,220669,False,Sem exposicao TSB direta,407,1886170.9799999997,16
2024,RN,240500,False,Sem exposicao TSB direta,407,1404275.7399999998,32
2024,MG,311220,False,Sem exposicao TSB direta,406,1169118.25,43
2024,MG,312650,False,Sem exposicao TSB direta,406,1516399.75,38
2024,MG,315840,False,Sem exposicao TSB direta,406,1193699.61,42
2024,RN,240130,False,Sem exposicao TSB direta,406,1264247.72,31
2024,RN,241270,False,Sem exposicao TSB direta,406,1122907.67,22
2024,SP,351512,False,Sem exposicao TSB direta,406,1209162.94,29
2024,CE,231250,False,Sem exposicao TSB direta,405,1315338.12,26
2024,MG,316590,False,Sem exposicao TSB direta,405,1305294.3199999998,36
2024,MG,316905,False,Sem exposicao TSB direta,405,1188815.04,35
2024,PB,250870,False,Sem exposicao TSB direta,405,1207109.7299999997,11
2024,PI,220480,False,Sem exposicao TSB direta,405,1614537.7000000002,27
2024,AL,270090,False,Sem exposicao TSB direta,404,4517833.77,11
2024,MG,316410,False,Sem exposicao TSB direta,404,1263370.21,33
2024,PB,251380,False,Sem exposicao TSB direta,404,1330207.8500000003,17
2024,SC,421775,False,Sem exposicao TSB direta,404,1388111.95,31
2024,TO,170740,False,Sem exposicao TSB direta,404,1359040.9200000002,25
2024,GO,520830,False,Sem exposicao TSB direta,403,1186802.85,32
2024,PI,220300,False,Sem exposicao TSB direta,403,1388311.4300000002,22
2024,PI,220557,False,Sem exposicao TSB direta,403,1130085.95,18
2024,PI,220975,False,Sem exposicao TSB direta,402,844627.5900000001,16
2024,PR,410910,False,Sem exposicao TSB direta,402,1610831.89,25
2024,PI,220630,False,Sem exposicao TSB direta,401,975901.6000000001,13
2024,GO,520660,False,Sem exposicao TSB direta,400,1250419.73,29
2024,MG,313000,False,Sem exposicao TSB direta,400,1059083.6800000002,34
2024,MG,314625,False,Sem exposicao TSB direta,400,1147327.32,31
2024,MG,316560,False,Sem exposicao TSB direta,400,720114.6,22
2024,SE,280110,False,Sem exposicao TSB direta,400,1535609.8699999999,13
2024,TO,171090,False,Sem exposicao TSB direta,400,1265243.91,24
2024,TO,171845,False,Sem exposicao TSB direta,399,1327987.31,27
2024,GO,520090,False,Sem exposicao TSB direta,398,1058381.48,33
2024,MG,312247,False,Sem exposicao TSB direta,398,1157277.25,40
2024,MG,314675,False,Sem exposicao TSB direta,398,1101079.59,25
2024,PI,220335,False,Sem exposicao TSB direta,398,1294095.98,25
2024,TO,171110,False,Sem exposicao TSB direta,398,1172822.7,19
2024,PB,251440,False,Sem exposicao TSB direta,397,1165889.82,16
2024,RS,431238,False,Sem exposicao TSB direta,397,1886495.69,33
2024,RS,432255,False,Sem exposicao TSB direta,397,1097680.48,46
2024,SP,353286,False,Sem exposicao TSB direta,397,1669465.98,18
2024,GO,522070,False,Sem exposicao TSB direta,396,1306711.56,19
2024,PI,220970,False,Sem exposicao TSB direta,396,1093789.1400000001,17
2024,MG,316140,False,Sem exposicao TSB direta,395,1208845.09,49
2024,RN,240390,False,Sem exposicao TSB direta,395,802032.11,8
2024,GO,521580,False,Sem exposicao TSB direta,394,1052122.9000000001,34
2024,MG,311265,False,Sem exposicao TSB direta,394,1400244.1199999999,38
2024,PI,220910,False,Sem exposicao TSB direta,394,916947.92,30
2024,RN,241500,False,Sem exposicao TSB direta,394,962319.0,14
2024,MA,210180,False,Sem exposicao TSB direta,392,1300018.33,21
2024,MG,316225,False,Sem exposicao TSB direta,392,1368056.33,20
2024,PE,261590,False,Sem exposicao TSB direta,392,1605375.1199999999,39
2024,RS,430544,False,Sem exposicao TSB direta,392,1593874.1300000001,29
2024,RS,431125,False,Sem exposicao TSB direta,391,1497145.9000000001,38
2024,MG,315010,False,Sem exposicao TSB direta,390,951743.92,39
2024,RS,431912,False,Sem exposicao TSB direta,390,1541127.4900000002,33
2024,TO,171500,False,Sem exposicao TSB direta,390,1473568.22,23
2024,TO,171875,False,Sem exposicao TSB direta,390,1674564.88,33
2024,GO,520280,False,Sem exposicao TSB direta,389,1105005.98,37
2024,GO,520465,False,Sem exposicao TSB direta,389,1462297.78,33
2024,GO,522145,False,Sem exposicao TSB direta,389,1141391.75,29
2024,PB,250310,False,Sem exposicao TSB direta,388,4353144.680000001,24
2024,PR,412830,False,Sem exposicao TSB direta,388,1174109.16,35
2024,RS,431642,False,Sem exposicao TSB direta,388,1138374.22,36
2024,MA,210407,False,Sem exposicao TSB direta,387,190879.74,21
2024,MA,210940,False,Sem exposicao TSB direta,387,806598.4099999999,12
2024,MG,312750,False,Sem exposicao TSB direta,387,1454057.24,44
2024,RS,431532,False,Sem exposicao TSB direta,387,1446074.3,30
2024,RS,432285,False,Sem exposicao TSB direta,386,1432786.75,43
2024,BA,290880,False,Sem exposicao TSB direta,385,945159.45,26
2024,MG,310880,False,Sem exposicao TSB direta,385,1304155.43,32
2024,MG,311700,False,Sem exposicao TSB direta,385,1260817.08,24
2024,PB,250057,False,Sem exposicao TSB direta,384,968124.1499999999,12
2024,PI,220667,False,Sem exposicao TSB direta,384,1079649.83,11
2024,RS,430260,False,Sem exposicao TSB direta,384,1210951.32,31
2024,RS,430670,False,Sem exposicao TSB direta,384,1286626.27,30
2024,SC,420417,False,Sem exposicao TSB direta,384,1233901.8,34
2024,SE,280700,False,Sem exposicao TSB direta,384,1107274.12,18
2024,SC,421410,False,Sem exposicao TSB direta,383,1427665.88,31
2024,TO,172110,False,Sem exposicao TSB direta,383,1858359.91,29
2024,CE,230427,False,Sem exposicao TSB direta,382,1741251.1500000001,18
2024,GO,522157,False,Sem exposicao TSB direta,382,917959.73,29
2024,MG,310440,False,Sem exposicao TSB direta,382,858735.82,31
2024,PI,220740,False,Sem exposicao TSB direta,382,1211836.81,21
2024,PI,220995,False,Sem exposicao TSB direta,382,537700.04,15
2024,MG,313610,False,Sem exposicao TSB direta,381,894427.64,32
2024,PI,220680,False,Sem exposicao TSB direta,381,1342746.3800000001,20
2024,RS,431235,False,Sem exposicao TSB direta,381,1516451.14,35
2024,SE,280470,False,Sem exposicao TSB direta,381,1379852.17,33
2024,TO,171380,False,Sem exposicao TSB direta,381,1321512.19,25
2024,MG,312530,False,Sem exposicao TSB direta,380,1405317.7,30
2024,PB,250523,False,Sem exposicao TSB direta,380,1584884.1300000001,19
2024,PE,260150,False,Sem exposicao TSB direta,380,2119322.35,23
2024,RS,430745,False,Sem exposicao TSB direta,380,1562479.5899999999,39
2024,MG,311470,False,Sem exposicao TSB direta,379,1114248.12,39
2024,PB,250020,False,Sem exposicao TSB direta,379,2919363.14,13
2024,PE,261153,False,Sem exposicao TSB direta,379,1299724.98,21
2024,RN,241190,False,Sem exposicao TSB direta,379,1305467.79,24
2024,SP,352215,False,Sem exposicao TSB direta,379,1409610.6800000002,22
2024,GO,521410,False,Sem exposicao TSB direta,378,1098954.8299999998,30
2024,GO,521960,False,Sem exposicao TSB direta,378,1145759.81,31
2024,MG,316020,False,Sem exposicao TSB direta,378,963856.8999999999,23
2024,MG,316045,False,Sem exposicao TSB direta,378,1432145.23,19
2024,BA,292935,False,Sem exposicao TSB direta,377,1279389.27,28
2024,MG,311540,False,Sem exposicao TSB direta,377,963693.7400000001,35
2024,RS,431413,False,Sem exposicao TSB direta,377,1671344.03,52
2024,SP,354323,False,Sem exposicao TSB direta,377,1097626.15,27
2024,BA,290950,False,Sem exposicao TSB direta,376,1398349.37,22
2024,BA,291995,False,Sem exposicao TSB direta,376,1315045.75,29
2024,MG,312460,False,Sem exposicao TSB direta,376,820266.3200000001,27
2024,PI,220105,False,Sem exposicao TSB direta,376,874376.66,12
2024,SP,351680,False,Sem exposicao TSB direta,376,1327660.8,44
2024,MG,313867,False,Sem exposicao TSB direta,375,1322844.18,48
2024,MG,315380,False,Sem exposicao TSB direta,375,1160386.96,33
2024,MT,510450,False,Sem exposicao TSB direta,375,1356276.2000000002,28
2024,PB,250900,False,Sem exposicao TSB direta,375,1683245.3800000001,21
2024,PB,251420,False,Sem exposicao TSB direta,375,1518247.96,20
2024,RS,430045,False,Sem exposicao TSB direta,375,1365676.53,47
2024,SP,351495,False,Sem exposicao TSB direta,375,1158703.1,26
2024,MG,312520,False,Sem exposicao TSB direta,374,1083600.89,39
2024,MG,314467,False,Sem exposicao TSB direta,373,883256.52,15
2024,GO,521030,False,Sem exposicao TSB direta,372,1148751.75,36
2024,MA,210730,False,Sem exposicao TSB direta,372,643784.37,13
2024,PB,251410,False,Sem exposicao TSB direta,372,1015074.3799999999,10
2024,RS,430843,False,Sem exposicao TSB direta,372,1030250.83,28
2024,SC,420517,False,Sem exposicao TSB direta,372,1293990.5699999998,31
2024,SC,420543,False,Sem exposicao TSB direta,372,1688499.6400000001,47
2024,BA,291910,False,Sem exposicao TSB direta,371,1650877.68,20
2024,MT,510729,False,Sem exposicao TSB direta,371,1136377.5699999998,24
2024,PI,220990,False,Sem exposicao TSB direta,371,1001853.7,21
2024,RS,430642,False,Sem exposicao TSB direta,371,1394462.95,22
2024,RS,431333,False,Sem exposicao TSB direta,371,1821558.09,32
2024,GO,520710,False,Sem exposicao TSB direta,370,1141645.73,23
2024,MA,210177,False,Sem exposicao TSB direta,370,756887.13,26
2024,MG,313868,False,Sem exposicao TSB direta,370,1269179.24,27
2024,RN,240730,False,Sem exposicao TSB direta,370,1186413.08,19
2024,MA,210810,False,Sem exposicao TSB direta,369,1264298.1300000001,35
2024,MG,310660,False,Sem exposicao TSB direta,369,984887.26,25
2024,MG,311810,False,Sem exposicao TSB direta,369,1016765.6,30
2024,GO,521950,False,Sem exposicao TSB direta,368,977083.46,39
2024,PB,250450,False,Sem exposicao TSB direta,368,1516358.7999999998,23
2024,PI,221005,False,Sem exposicao TSB direta,368,943676.89,22
2024,RS,430975,False,Sem exposicao TSB direta,368,1093892.8599999999,31
2024,SP,350150,False,Sem exposicao TSB direta,368,1264126.82,36
2024,MA,210663,False,Sem exposicao TSB direta,366,1573015.16,20
2024,PB,251580,False,Sem exposicao TSB direta,366,1284682.8599999999,20
2024,PI,220965,False,Sem exposicao TSB direta,365,1027192.9800000001,14
2024,RS,430697,False,Sem exposicao TSB direta,365,1301547.96,35
2024,RS,431065,False,Sem exposicao TSB direta,365,1065742.8699999999,42
2024,RS,431517,False,Sem exposicao TSB direta,365,1147879.71,41
2024,SP,353380,False,Sem exposicao TSB direta,365,1037428.85,34
2024,TO,171855,False,Sem exposicao TSB direta,364,906078.98,16
2024,MG,314550,False,Sem exposicao TSB direta,363,932210.88,30
2024,RN,241170,False,Sem exposicao TSB direta,363,1285604.09,10
2024,RS,430511,False,Sem exposicao TSB direta,363,1270242.24,35
2024,RS,431244,False,Sem exposicao TSB direta,363,1213627.19,48
2024,SP,352965,False,Sem exposicao TSB direta,363,1152286.46,22
2024,PI,220515,False,Sem exposicao TSB direta,362,3985119.17,23
2024,RS,430462,False,Sem exposicao TSB direta,362,1459541.86,27
2024,RS,432065,False,Sem exposicao TSB direta,362,1242819.8800000001,37
2024,SC,420555,False,Sem exposicao TSB direta,362,909709.15,30
2024,SP,350315,False,Sem exposicao TSB direta,362,1131155.96,22
2024,TO,172085,False,Sem exposicao TSB direta,362,1096988.39,16
2024,MG,312733,False,Sem exposicao TSB direta,361,1254859.04,20
2024,RS,431242,False,Sem exposicao TSB direta,361,1479267.39,40
2024,SP,350335,False,Sem exposicao TSB direta,361,1022433.4400000001,23
2024,MG,315370,False,Sem exposicao TSB direta,360,1276229.17,38
2024,PR,410752,False,Sem exposicao TSB direta,360,990287.1200000001,34
2024,SP,352890,False,Sem exposicao TSB direta,360,1048930.67,26
2024,MT,510835,False,Sem exposicao TSB direta,359,1298235.83,24
2024,PI,220325,False,Sem exposicao TSB direta,359,868734.58,20
2024,MG,317220,False,Sem exposicao TSB direta,358,853669.48,39
2024,MG,313925,False,Sem exposicao TSB direta,357,1232717.89,29
2024,MT,510530,False,Sem exposicao TSB direta,357,965838.73,21
2024,SE,280200,False,Sem exposicao TSB direta,357,2351421.78,20
2024,GO,520810,False,Sem exposicao TSB direta,356,1135139.83,38
2024,MG,313507,False,Sem exposicao TSB direta,356,1264922.78,26
2024,PB,251710,False,Sem exposicao TSB direta,356,860588.68,20
2024,MA,210725,False,Sem exposicao TSB direta,355,1544501.75,16
2024,MG,310250,False,Sem exposicao TSB direta,355,645046.62,45
2024,RS,432310,False,Sem exposicao TSB direta,355,1374249.07,31
2024,PB,250485,False,Sem exposicao TSB direta,354,661927.0299999999,14
2024,PE,260690,False,Sem exposicao TSB direta,354,1962430.9699999997,23
2024,RN,240400,False,Sem exposicao TSB direta,354,829915.8899999999,10
2024,TO,171830,False,Sem exposicao TSB direta,354,885235.8200000001,24
2024,MG,313830,False,Sem exposicao TSB direta,353,1329564.32,37
2024,MG,315750,False,Sem exposicao TSB direta,353,1101596.64,34
2024,PB,251276,False,Sem exposicao TSB direta,353,1427995.6000000003,15
2024,PI,220157,False,Sem exposicao TSB direta,353,931222.8999999999,9
2024,PI,220177,False,Sem exposicao TSB direta,353,1013456.43,16
2024,PI,220213,False,Sem exposicao TSB direta,353,86140.88,15
2024,GO,520960,False,Sem exposicao TSB direta,352,760051.49,37
2024,MG,311990,False,Sem exposicao TSB direta,352,1140166.49,39
2024,BA,292303,False,Sem exposicao TSB direta,351,2893349.0300000003,22
2024,GO,522005,False,Sem exposicao TSB direta,351,855153.67,23
2024,PB,250550,False,Sem exposicao TSB direta,351,933297.04,16
2024,PB,251430,False,Sem exposicao TSB direta,351,1374764.0499999998,13
2024,PR,410712,False,Sem exposicao TSB direta,351,1006601.0099999999,29
2024,PI,220340,False,Sem exposicao TSB direta,350,934498.71,29
2024,SP,354740,False,Sem exposicao TSB direta,350,1120865.46,30
2024,MG,312965,False,Sem exposicao TSB direta,349,1061384.35,14
2024,RS,432032,False,Sem exposicao TSB direta,349,1290950.33,39
2024,SP,352910,False,Sem exposicao TSB direta,349,1071321.13,25
2024,PI,220209,False,Sem exposicao TSB direta,348,1263265.46,12
2024,RN,241280,False,Sem exposicao TSB direta,348,1225917.68,28
2024,RS,430675,False,Sem exposicao TSB direta,348,1125076.14,38
2024,RS,430585,False,Sem exposicao TSB direta,347,1386119.03,31
2024,RS,432375,False,Sem exposicao TSB direta,347,1239283.65,31
2024,SP,355520,False,Sem exposicao TSB direta,347,979586.55,26
2024,PB,250540,False,Sem exposicao TSB direta,346,994681.86,27
2024,PI,220585,False,Sem exposicao TSB direta,346,1250181.69,11
2024,SP,351800,False,Sem exposicao TSB direta,346,1014479.63,18
2024,MG,311310,False,Sem exposicao TSB direta,345,884891.29,32
2024,MG,313790,False,Sem exposicao TSB direta,345,866864.77,33
2024,PI,220277,False,Sem exposicao TSB direta,345,1183766.29,20
2024,PI,220795,False,Sem exposicao TSB direta,345,638698.26,9
2024,PR,411005,False,Sem exposicao TSB direta,345,1189597.73,26
2024,RS,430655,False,Sem exposicao TSB direta,345,1191365.8499999999,36
2024,MA,210465,False,Sem exposicao TSB direta,344,1314469.7,10
2024,MG,313680,False,Sem exposicao TSB direta,344,1120649.9600000002,40
2024,PB,251060,False,Sem exposicao TSB direta,344,979685.02,16
2024,RS,431342,False,Sem exposicao TSB direta,344,1324387.47,30
2024,TO,171840,False,Sem exposicao TSB direta,344,1082770.95,33
2024,GO,520670,False,Sem exposicao TSB direta,343,901651.77,25
2024,MG,312350,False,Sem exposicao TSB direta,343,1068488.17,21
2024,MG,312737,False,Sem exposicao TSB direta,343,1108155.18,31
2024,RS,430107,False,Sem exposicao TSB direta,343,1117413.04,29
2024,GO,520570,False,Sem exposicao TSB direta,342,985966.9,29
2024,MG,311490,False,Sem exposicao TSB direta,342,946543.1,25
2024,PI,220173,False,Sem exposicao TSB direta,342,1204511.58,21
2024,MA,210635,False,Sem exposicao TSB direta,341,1105958.02,8
2024,MG,312210,False,Sem exposicao TSB direta,341,1420500.34,31
2024,MG,314040,False,Sem exposicao TSB direta,341,1201427.28,40
2024,RN,240370,False,Sem exposicao TSB direta,341,1567321.3,23
2024,RN,241310,False,Sem exposicao TSB direta,340,1451551.8,21
2024,SP,355530,False,Sem exposicao TSB direta,340,1198811.4,26
2024,TO,170330,False,Sem exposicao TSB direta,340,946124.43,20
2024,GO,521200,False,Sem exposicao TSB direta,339,990781.03,28
2024,MG,311380,False,Sem exposicao TSB direta,339,945740.7899999999,29
2024,PB,251203,False,Sem exposicao TSB direta,339,1326209.2,11
2024,RN,241210,False,Sem exposicao TSB direta,339,1084796.6099999999,32
2024,PI,220560,False,Sem exposicao TSB direta,338,1386201.5,23
2024,RN,240590,False,Sem exposicao TSB direta,338,587147.7000000001,4
2024,MG,315520,False,Sem exposicao TSB direta,337,728842.8300000001,38
2024,TO,170388,False,Sem exposicao TSB direta,337,1222438.22,17
2024,MA,210310,False,Sem exposicao TSB direta,336,1054117.1099999999,13
2024,SC,421985,False,Sem exposicao TSB direta,336,1502054.41,44
2024,BA,290689,False,Sem exposicao TSB direta,335,797019.44,41
2024,MG,313545,False,Sem exposicao TSB direta,335,1347610.9,38
2024,PB,250535,False,Sem exposicao TSB direta,335,1473273.7899999998,15
2024,PI,220170,False,Sem exposicao TSB direta,335,2342767.89,32
2024,PI,220375,False,Sem exposicao TSB direta,335,1117737.42,9
2024,GO,522108,False,Sem exposicao TSB direta,333,812693.28,19
2024,BA,290740,False,Sem exposicao TSB direta,332,915998.5700000001,23
2024,MA,210975,False,Sem exposicao TSB direta,332,151988.41999999998,12
2024,MG,316265,False,Sem exposicao TSB direta,332,987815.97,17
2024,RS,431127,False,Sem exposicao TSB direta,332,1172542.69,39
2024,MG,311620,False,Sem exposicao TSB direta,331,722098.69,22
2024,PI,220275,False,Sem exposicao TSB direta,331,1179024.05,37
2024,PI,220987,False,Sem exposicao TSB direta,331,1048612.51,24
2024,PR,411260,False,Sem exposicao TSB direta,331,1158138.97,21
2024,GO,520396,False,Sem exposicao TSB direta,330,868022.05,24
2024,RS,431087,False,Sem exposicao TSB direta,330,1129252.45,24
2024,GO,521470,False,Sem exposicao TSB direta,329,791177.12,27
2024,MG,316640,False,Sem exposicao TSB direta,329,883734.0599999999,34
2024,MT,510740,False,Sem exposicao TSB direta,329,1341314.46,37
2024,PB,251392,False,Sem exposicao TSB direta,329,1043365.67,15
2024,PE,260740,False,Sem exposicao TSB direta,329,1169086.75,12
2024,PR,411030,False,Sem exposicao TSB direta,329,1072274.4,28
2024,BA,291900,False,Sem exposicao TSB direta,328,1016915.8300000001,18
2024,MG,310445,False,Sem exposicao TSB direta,328,1222009.7,32
2024,PB,250939,False,Sem exposicao TSB direta,328,1216465.07,19
2024,RS,431595,False,Sem exposicao TSB direta,328,1477100.02,20
2024,SC,420075,False,Sem exposicao TSB direta,328,1325546.49,29
2024,SP,351420,False,Sem exposicao TSB direta,328,1053919.8,28
2024,TO,170510,False,Sem exposicao TSB direta,328,1043246.72,20
2024,MT,510715,False,Sem exposicao TSB direta,327,1403669.7,21
2024,SP,353330,False,Sem exposicao TSB direta,327,1066101.53,31
2024,SP,354920,False,Sem exposicao TSB direta,327,1065876.15,30
2024,CE,230150,False,Sem exposicao TSB direta,326,1299697.73,19
2024,PE,260825,False,Sem exposicao TSB direta,326,2150069.7,32
2024,PI,221020,False,Sem exposicao TSB direta,326,813570.49,22
2024,PI,221035,False,Sem exposicao TSB direta,326,875213.51,15
2024,RS,431179,False,Sem exposicao TSB direta,326,1167181.49,38
2024,SC,420895,False,Sem exposicao TSB direta,326,1336021.15,35
2024,RN,240790,False,Sem exposicao TSB direta,325,1101455.26,12
2024,TO,171280,False,Sem exposicao TSB direta,325,1173309.94,17
2024,BA,291125,False,Sem exposicao TSB direta,324,1198957.58,13
2024,MG,314250,False,Sem exposicao TSB direta,324,840000.98,26
2024,PB,251335,False,Sem exposicao TSB direta,324,877642.51,3
2024,PR,411600,False,Sem exposicao TSB direta,324,1047000.45,34
2024,CE,231123,False,Sem exposicao TSB direta,323,1836267.58,16
2024,PI,220180,False,Sem exposicao TSB direta,323,708342.03,16
2024,RN,240090,False,Sem exposicao TSB direta,323,931905.45,17
2024,RN,240530,False,Sem exposicao TSB direta,323,1403271.25,16
2024,RS,432149,False,Sem exposicao TSB direta,323,1285245.47,27
2024,PI,221065,False,Sem exposicao TSB direta,322,1071471.5299999998,16
2024,RS,430695,False,Sem exposicao TSB direta,322,1121033.12,38
2024,RS,431198,False,Sem exposicao TSB direta,322,1315749.76,41
2024,RS,431513,False,Sem exposicao TSB direta,322,1033585.73,45
2024,RN,240880,False,Sem exposicao TSB direta,321,1496322.7,23
2024,SE,280730,False,Sem exposicao TSB direta,321,1014849.83,13
2024,TO,170025,False,Sem exposicao TSB direta,321,1234722.76,24
2024,TO,171195,False,Sem exposicao TSB direta,321,1239322.4,27
2024,MG,312707,False,Sem exposicao TSB direta,320,952182.1599999999,22
2024,RS,430885,False,Sem exposicao TSB direta,320,1182939.65,37
2024,RS,431070,False,Sem exposicao TSB direta,320,901368.59,37
2024,GO,520460,False,Sem exposicao TSB direta,319,764886.57,37
2024,PI,220253,False,Sem exposicao TSB direta,319,1066443.34,17
2024,PR,411650,False,Sem exposicao TSB direta,319,1077247.5,24
2024,RS,430925,False,Sem exposicao TSB direta,319,1096558.08,34
2024,SC,421187,False,Sem exposicao TSB direta,319,1264836.74,27
2024,MG,315765,False,Sem exposicao TSB direta,318,968970.25,15
2024,PB,251560,False,Sem exposicao TSB direta,318,1515783.4400000002,12
2024,PE,261010,False,Sem exposicao TSB direta,318,1330835.93,20
2024,RS,430607,False,Sem exposicao TSB direta,318,934140.52,28
2024,MG,311115,False,Sem exposicao TSB direta,317,984495.48,17
2024,MG,313652,False,Sem exposicao TSB direta,317,1019553.73,24
2024,MG,314315,False,Sem exposicao TSB direta,317,1034128.2499999999,27
2024,PB,250140,False,Sem exposicao TSB direta,317,5533126.449999999,20
2024,PI,220420,False,Sem exposicao TSB direta,317,1025898.14,25
2024,TO,170555,False,Sem exposicao TSB direta,317,1373797.12,42
2024,MG,314060,False,Sem exposicao TSB direta,316,1160081.49,28
2024,PR,410855,False,Sem exposicao TSB direta,316,1023542.3,26
2024,RN,241320,False,Sem exposicao TSB direta,316,950911.6599999999,12
2024,RR,140070,False,Sem exposicao TSB direta,316,1651986.8800000001,14
2024,MA,211227,False,Sem exposicao TSB direta,315,998091.59,8
2024,PB,250937,False,Sem exposicao TSB direta,315,822808.75,10
2024,PI,220900,False,Sem exposicao TSB direta,315,912387.8200000001,22
2024,RN,240620,False,Sem exposicao TSB direta,315,1255488.54,16
2024,RN,240840,False,Sem exposicao TSB direta,315,981154.94,13
2024,RS,431531,False,Sem exposicao TSB direta,315,1279066.5699999998,20
2024,AP,160055,False,Sem exposicao TSB direta,314,789895.24,12
2024,PB,251720,False,Sem exposicao TSB direta,314,1023528.29,12
2024,PR,410340,False,Sem exposicao TSB direta,314,1205932.9100000001,28
2024,SC,421005,False,Sem exposicao TSB direta,314,1257232.52,27
2024,SP,354930,False,Sem exposicao TSB direta,314,1044415.17,27
2024,AL,270530,False,Sem exposicao TSB direta,313,2405031.0900000003,7
2024,BA,291020,False,Sem exposicao TSB direta,313,1175192.8499999999,34
2024,GO,521487,False,Sem exposicao TSB direta,313,757752.9700000001,32
2024,PI,220271,False,Sem exposicao TSB direta,313,970476.5900000001,21
2024,RN,240490,False,Sem exposicao TSB direta,313,1339564.77,24
2024,MG,314370,False,Sem exposicao TSB direta,312,938032.48,34
2024,PB,250560,False,Sem exposicao TSB direta,311,952400.4600000001,16
2024,SC,421569,False,Sem exposicao TSB direta,311,1052363.92,23
2024,TO,171850,False,Sem exposicao TSB direta,311,982242.5900000001,19
2024,PB,250153,False,Sem exposicao TSB direta,310,1103176.6600000001,19
2024,PI,220590,False,Sem exposicao TSB direta,310,960990.6699999999,28
2024,SP,355570,False,Sem exposicao TSB direta,310,888843.27,23
2024,MG,314225,False,Sem exposicao TSB direta,309,1032121.49,17
2024,MG,315510,False,Sem exposicao TSB direta,309,1264058.8599999999,24
2024,RN,240640,False,Sem exposicao TSB direta,309,868054.52,12
2024,RS,431845,False,Sem exposicao TSB direta,309,1174238.21,26
2024,MG,311783,False,Sem exposicao TSB direta,308,1221823.9300000002,23
2024,MG,316610,False,Sem exposicao TSB direta,308,823041.0000000001,16
2024,MT,510631,False,Sem exposicao TSB direta,308,1323503.26,16
2024,AL,270460,False,Sem exposicao TSB direta,307,2027852.84,24
2024,GO,520552,False,Sem exposicao TSB direta,307,1315970.68,31
2024,MG,312580,False,Sem exposicao TSB direta,307,1116992.85,25
2024,MG,316556,False,Sem exposicao TSB direta,307,776271.1799999999,20
2024,GO,521225,False,Sem exposicao TSB direta,306,1218149.9,29
2024,PI,220690,False,Sem exposicao TSB direta,306,895603.91,23
2024,PB,250115,False,Sem exposicao TSB direta,305,700946.15,5
2024,PB,250135,False,Sem exposicao TSB direta,305,1283002.41,25
2024,PI,220980,False,Sem exposicao TSB direta,305,765491.94,22
2024,PR,410185,False,Sem exposicao TSB direta,305,1031156.27,27
2024,RS,431200,False,Sem exposicao TSB direta,305,1155783.8900000001,26
2024,RS,432237,False,Sem exposicao TSB direta,305,903923.56,23
2024,SC,420945,False,Sem exposicao TSB direta,305,1311283.9700000002,31
2024,PB,250470,False,Sem exposicao TSB direta,304,1455229.85,26
2024,RN,241355,False,Sem exposicao TSB direta,304,958483.15,25
2024,PI,220005,False,Sem exposicao TSB direta,303,1165318.1700000002,18
2024,RS,431505,False,Sem exposicao TSB direta,303,1147639.1800000002,32
2024,PB,250170,False,Sem exposicao TSB direta,302,1498540.59,19
2024,RS,432183,False,Sem exposicao TSB direta,302,981501.59,28
2024,SP,351580,False,Sem exposicao TSB direta,302,903589.35,21
2024,MA,211163,False,Sem exposicao TSB direta,301,920743.68,9
2024,MG,317190,False,Sem exposicao TSB direta,301,1155486.58,29
2024,PI,220605,False,Sem exposicao TSB direta,301,1168216.6800000002,14
2024,TO,170360,False,Sem exposicao TSB direta,301,960681.1,16
2024,PI,220435,False,Sem exposicao TSB direta,300,751773.34,18
2024,PI,220915,False,Sem exposicao TSB direta,300,1055848.87,19
2024,RS,431267,False,Sem exposicao TSB direta,300,1112732.73,37
2024,PI,220360,False,Sem exposicao TSB direta,299,804466.52,29
2024,MA,210600,False,Sem exposicao TSB direta,298,780427.12,42
2024,MG,311547,False,Sem exposicao TSB direta,298,1090392.3099999998,20
2024,MG,315737,False,Sem exposicao TSB direta,298,852182.1599999999,19
2024,RS,430055,False,Sem exposicao TSB direta,298,1048587.46,32
2024,MG,317115,False,Sem exposicao TSB direta,297,1130681.26,29
2024,GO,520310,False,Sem exposicao TSB direta,296,1069359.63,21
2024,MG,310520,False,Sem exposicao TSB direta,296,739061.89,24
2024,MG,312150,False,Sem exposicao TSB direta,296,901569.41,34
2024,PI,221160,False,Sem exposicao TSB direta,296,1046384.62,13
2024,MG,316165,False,Sem exposicao TSB direta,295,920195.6999999998,29
2024,PB,250270,False,Sem exposicao TSB direta,295,1030478.5499999999,16
2024,GO,520690,False,Sem exposicao TSB direta,294,1038922.88,34
2024,GO,521015,False,Sem exposicao TSB direta,294,688429.77,33
2024,MA,210135,False,Sem exposicao TSB direta,294,1431925.92,6
2024,SP,355590,False,Sem exposicao TSB direta,294,937135.55,26
2024,TO,171180,False,Sem exposicao TSB direta,294,836706.04,17
2024,MG,314570,False,Sem exposicao TSB direta,293,322901.98000000004,24
2024,PB,250660,False,Sem exposicao TSB direta,293,954257.27,22
2024,PI,220675,False,Sem exposicao TSB direta,293,916261.63,14
2024,PI,220887,False,Sem exposicao TSB direta,293,1357219.6500000001,10
2024,SC,420257,False,Sem exposicao TSB direta,293,1204599.54,39
2024,PI,221062,False,Sem exposicao TSB direta,292,911424.86,11
2024,SP,354765,False,Sem exposicao TSB direta,292,903622.1299999999,27
2024,TO,172030,False,Sem exposicao TSB direta,291,1078674.7,14
2024,MA,210275,False,Sem exposicao TSB direta,290,546080.56,24
2024,TO,170460,False,Sem exposicao TSB direta,290,701236.06,14
2024,AL,270390,False,Sem exposicao TSB direta,289,1899409.35,21
2024,GO,520015,False,Sem exposicao TSB direta,289,723860.5800000001,22
2024,MA,211125,False,Sem exposicao TSB direta,289,634951.8400000001,15
2024,PB,251070,False,Sem exposicao TSB direta,289,753028.2,13
2024,GO,521260,False,Sem exposicao TSB direta,288,926089.01,32
2024,MG,311720,False,Sem exposicao TSB direta,288,792024.35,25
2024,PB,251350,False,Sem exposicao TSB direta,288,1316484.7100000002,6
2024,PI,220945,False,Sem exposicao TSB direta,288,497922.53,2
2024,SP,355465,False,Sem exposicao TSB direta,288,892275.69,29
2024,PB,250407,False,Sem exposicao TSB direta,287,1356490.1199999999,13
2024,PI,220272,False,Sem exposicao TSB direta,287,777560.02,11
2024,RN,240280,False,Sem exposicao TSB direta,287,1077245.4200000002,7
2024,SC,420419,False,Sem exposicao TSB direta,287,1380308.04,38
2024,RS,430537,False,Sem exposicao TSB direta,286,1177010.4800000002,28
2024,MA,210087,False,Sem exposicao TSB direta,285,371296.2,11
2024,PI,221030,False,Sem exposicao TSB direta,284,720211.0499999999,21
2024,RS,430066,False,Sem exposicao TSB direta,284,989361.23,24
2024,TO,171888,False,Sem exposicao TSB direta,284,982608.09,21
2024,PB,251675,False,Sem exposicao TSB direta,283,839372.83,11
2024,PI,220793,False,Sem exposicao TSB direta,283,716620.8200000001,16
2024,SC,420675,False,Sem exposicao TSB direta,283,1125847.95,38
2024,TO,172015,False,Sem exposicao TSB direta,283,905046.86,23
2024,MG,314900,False,Sem exposicao TSB direta,282,918112.48,19
2024,MG,316820,False,Sem exposicao TSB direta,282,1020252.03,19
2024,PI,220207,False,Sem exposicao TSB direta,282,792493.47,16
2024,RS,431344,False,Sem exposicao TSB direta,282,906112.91,28
2024,SP,354925,False,Sem exposicao TSB direta,282,788973.1599999999,20
2024,PI,220217,False,Sem exposicao TSB direta,281,2281608.54,16
2024,RN,240600,False,Sem exposicao TSB direta,281,1070439.79,15
2024,PB,251030,False,Sem exposicao TSB direta,280,1291080.78,24
2024,SC,420445,False,Sem exposicao TSB direta,280,1067471.75,32
2024,RN,240725,False,Sem exposicao TSB direta,279,932597.02,11
2024,TO,170560,False,Sem exposicao TSB direta,279,1127270.08,25
2024,MG,312280,False,Sem exposicao TSB direta,278,777217.1699999999,33
2024,MG,315330,False,Sem exposicao TSB direta,278,850683.61,20
2024,PI,220194,False,Sem exposicao TSB direta,278,866895.24,18
2024,PB,251100,False,Sem exposicao TSB direta,277,933858.16,8
2024,PI,220410,False,Sem exposicao TSB direta,277,980683.91,19
2024,MG,310310,False,Sem exposicao TSB direta,276,745831.3800000001,16
2024,PI,220192,False,Sem exposicao TSB direta,276,973429.7,13
2024,PI,220455,False,Sem exposicao TSB direta,276,1117637.5999999999,9
2024,SE,280250,False,Sem exposicao TSB direta,276,1337045.2099999997,18
2024,MA,210040,False,Sem exposicao TSB direta,275,660753.23,10
2024,MG,317030,False,Sem exposicao TSB direta,275,943527.1900000001,19
2024,MG,316443,False,Sem exposicao TSB direta,274,711151.31,30
2024,PB,250073,False,Sem exposicao TSB direta,274,862923.77,11
2024,RN,240690,False,Sem exposicao TSB direta,274,891495.3999999999,19
2024,RN,241110,False,Sem exposicao TSB direta,274,1106645.15,8
2024,RS,430192,False,Sem exposicao TSB direta,274,1128925.8399999999,22
2024,RS,430515,False,Sem exposicao TSB direta,274,889533.6,30
2024,RS,432045,False,Sem exposicao TSB direta,274,897038.7599999999,33
2024,SC,421795,False,Sem exposicao TSB direta,274,1166533.47,26
2024,PB,251570,False,Sem exposicao TSB direta,273,827310.9099999999,8
2024,PI,220198,False,Sem exposicao TSB direta,273,827492.71,9
2024,TO,170980,False,Sem exposicao TSB direta,273,661068.97,14
2024,TO,171430,False,Sem exposicao TSB direta,273,938899.45,19
2024,MG,316805,False,Sem exposicao TSB direta,272,1023633.6399999999,26
2024,PI,220130,False,Sem exposicao TSB direta,272,830944.6,14
2024,MG,311040,False,Sem exposicao TSB direta,271,974382.29,29
2024,MG,314795,False,Sem exposicao TSB direta,271,1054014.3499999999,18
2024,MG,310700,False,Sem exposicao TSB direta,270,1170219.19,37
2024,MG,316330,False,Sem exposicao TSB direta,270,1034992.87,28
2024,PI,220380,False,Sem exposicao TSB direta,270,671225.7200000001,12
2024,RS,431455,False,Sem exposicao TSB direta,270,1017628.45,33
2024,AL,270900,False,Sem exposicao TSB direta,269,1268995.86,9
2024,RS,431406,False,Sem exposicao TSB direta,269,1331457.2,31
2024,PB,250530,False,Sem exposicao TSB direta,268,655436.11,5
2024,PI,220265,False,Sem exposicao TSB direta,268,1180089.21,21
2024,PI,220885,False,Sem exposicao TSB direta,268,1230037.21,15
2024,RS,431936,False,Sem exposicao TSB direta,268,844291.3999999999,20
2024,MA,210215,False,Sem exposicao TSB direta,267,91647.31,10
2024,MG,310680,False,Sem exposicao TSB direta,267,605546.23,18
2024,PI,220940,False,Sem exposicao TSB direta,267,623892.22,22
2024,SP,353310,False,Sem exposicao TSB direta,266,689314.59,22
2024,MA,210905,False,Sem exposicao TSB direta,265,130304.17000000001,7
2024,AL,270220,False,Sem exposicao TSB direta,264,1606164.4400000002,18
2024,PB,251065,False,Sem exposicao TSB direta,264,671862.3,10
2024,PB,251470,False,Sem exposicao TSB direta,264,1238240.27,28
2024,RS,430912,False,Sem exposicao TSB direta,264,947336.18,24
2024,MG,316700,False,Sem exposicao TSB direta,263,691309.68,23
2024,PI,221010,False,Sem exposicao TSB direta,263,1079548.83,17
2024,RS,431478,False,Sem exposicao TSB direta,263,883891.3200000001,31
2024,AL,270340,False,Sem exposicao TSB direta,262,718747.05,14
2024,PI,220650,False,Sem exposicao TSB direta,262,1035413.48,18
2024,SP,352725,False,Sem exposicao TSB direta,262,1059954.56,19
2024,PB,250130,False,Sem exposicao TSB direta,261,502487.60000000003,36
2024,PE,261510,False,Sem exposicao TSB direta,261,1077844.99,21
2024,RN,241370,False,Sem exposicao TSB direta,261,1070973.8900000001,15
2024,MA,210620,False,Sem exposicao TSB direta,260,289757.34,9
2024,PB,250210,False,Sem exposicao TSB direta,260,1309530.58,14
2024,PB,251260,False,Sem exposicao TSB direta,260,833822.61,12
2024,MG,312705,False,Sem exposicao TSB direta,259,1058062.54,22
2024,PB,251040,False,Sem exposicao TSB direta,259,1175627.9500000002,12
2024,PI,221140,False,Sem exposicao TSB direta,259,988487.1900000001,13
2024,RS,430237,False,Sem exposicao TSB direta,259,1001255.04,25
2024,PB,251615,False,Sem exposicao TSB direta,258,1087506.37,13
2024,RS,431973,False,Sem exposicao TSB direta,258,889184.27,24
2024,SE,280010,False,Sem exposicao TSB direta,258,1284429.77,13
2024,PI,220342,False,Sem exposicao TSB direta,257,748816.66,13
2024,RS,431795,False,Sem exposicao TSB direta,257,970601.16,32
2024,RN,240290,False,Sem exposicao TSB direta,256,777009.65,8
2024,RS,431164,False,Sem exposicao TSB direta,256,849593.44,31
2024,TO,170307,False,Sem exposicao TSB direta,256,930125.9400000001,20
2024,RN,240165,False,Sem exposicao TSB direta,255,1092206.65,12
2024,GO,521480,False,Sem exposicao TSB direta,254,711334.49,30
2024,MG,316695,False,Sem exposicao TSB direta,254,885918.3600000001,17
2024,PB,250410,False,Sem exposicao TSB direta,254,1114872.24,7
2024,PI,220273,False,Sem exposicao TSB direta,254,862388.3400000001,19
2024,PI,220777,False,Sem exposicao TSB direta,254,1007665.35,14
2024,RS,430258,False,Sem exposicao TSB direta,254,1221223.8399999999,29
2024,AL,270590,False,Sem exposicao TSB direta,253,1166256.9,7
2024,PI,220785,False,Sem exposicao TSB direta,253,654961.6799999999,13
2024,SC,421715,False,Sem exposicao TSB direta,253,796830.88,20
2024,MG,312340,False,Sem exposicao TSB direta,252,1501248.68,21
2024,PB,250855,False,Sem exposicao TSB direta,252,979547.1900000001,11
2024,PI,220985,False,Sem exposicao TSB direta,252,724449.82,9
2024,RN,240040,False,Sem exposicao TSB direta,252,649230.58,11
2024,RN,240950,False,Sem exposicao TSB direta,252,1664359.34,15
2024,RN,241475,False,Sem exposicao TSB direta,252,722339.89,3
2024,PE,260340,False,Sem exposicao TSB direta,251,920001.8600000001,21
2024,PI,220095,False,Sem exposicao TSB direta,251,639392.23,7
2024,PI,220937,False,Sem exposicao TSB direta,251,619531.51,23
2024,RN,241445,False,Sem exposicao TSB direta,251,864810.6799999999,10
2024,SP,350395,False,Sem exposicao TSB direta,251,812490.35,22
2024,TO,171780,False,Sem exposicao TSB direta,251,1333033.35,24
2024,RN,240630,False,Sem exposicao TSB direta,250,1163657.43,22
2024,PI,220025,False,Sem exposicao TSB direta,249,664519.9299999999,17
2024,PR,412360,False,Sem exposicao TSB direta,249,703070.59,23
2024,MG,311740,False,Sem exposicao TSB direta,248,938788.55,27
2024,MG,315870,False,Sem exposicao TSB direta,248,544668.3099999999,24
2024,PB,251365,False,Sem exposicao TSB direta,248,917084.57,13
2024,PI,220327,False,Sem exposicao TSB direta,248,1427158.5,15
2024,TO,171370,False,Sem exposicao TSB direta,248,919746.72,24
2024,RS,430805,False,Sem exposicao TSB direta,246,840154.03,26
2024,RS,430915,False,Sem exposicao TSB direta,245,1145255.88,40
2024,PI,220527,False,Sem exposicao TSB direta,244,845720.08,15
2024,RN,240190,False,Sem exposicao TSB direta,244,1604444.61,21
2024,MA,211195,False,Sem exposicao TSB direta,243,124601.0,17
2024,RS,432234,False,Sem exposicao TSB direta,243,1013893.52,21
2024,TO,170625,False,Sem exposicao TSB direta,243,877269.76,18
2024,SP,354900,False,Sem exposicao TSB direta,242,843617.27,24
2024,GO,521340,False,Sem exposicao TSB direta,241,692353.85,24
2024,GO,521385,False,Sem exposicao TSB direta,241,811951.98,28
2024,GO,521205,False,Sem exposicao TSB direta,240,720066.24,23
2024,RN,241070,False,Sem exposicao TSB direta,240,748709.84,12
2024,PB,250420,False,Sem exposicao TSB direta,239,1439710.04,18
2024,PI,220225,False,Sem exposicao TSB direta,239,884049.37,17
2024,RS,431142,False,Sem exposicao TSB direta,239,697860.64,19
2024,PI,220710,False,Sem exposicao TSB direta,237,485375.52,13
2024,RN,240480,False,Sem exposicao TSB direta,237,962775.05,11
2024,RN,240870,False,Sem exposicao TSB direta,237,773390.86,12
2024,RS,431555,False,Sem exposicao TSB direta,237,972856.99,21
2024,SP,354720,False,Sem exposicao TSB direta,237,690244.9999999999,22
2024,MG,316730,False,Sem exposicao TSB direta,236,1030160.82,25
2024,PB,250375,False,Sem exposicao TSB direta,236,819131.5299999999,7
2024,GO,520929,False,Sem exposicao TSB direta,235,755930.57,17
2024,PB,251455,False,Sem exposicao TSB direta,235,598881.2,6
2024,SP,353284,False,Sem exposicao TSB direta,235,854276.37,19
2024,GO,520050,False,Sem exposicao TSB direta,234,645780.87,25
2024,PI,220635,False,Sem exposicao TSB direta,234,863897.6900000001,10
2024,RS,431346,False,Sem exposicao TSB direta,234,845713.55,27
2024,MA,210462,False,Sem exposicao TSB direta,233,160952.56,17
2024,RS,431041,False,Sem exposicao TSB direta,233,957961.0599999999,23
2024,PB,250840,False,Sem exposicao TSB direta,231,766962.65,8
2024,RN,240060,False,Sem exposicao TSB direta,231,915296.38,19
2024,PB,250220,False,Sem exposicao TSB direta,230,835388.45,17
2024,AL,270700,False,Sem exposicao TSB direta,229,1080831.15,15
2024,PI,220735,False,Sem exposicao TSB direta,229,776684.04,13
2024,PI,220935,False,Sem exposicao TSB direta,229,834372.3200000001,12
2024,PI,220955,False,Sem exposicao TSB direta,229,956995.82,11
2024,RS,431046,False,Sem exposicao TSB direta,229,1015498.1799999999,33
2024,TO,171800,False,Sem exposicao TSB direta,229,577880.24,25
2024,RN,241050,False,Sem exposicao TSB direta,228,679249.91,22
2024,RS,432360,False,Sem exposicao TSB direta,228,869446.27,30
2024,SP,355695,False,Sem exposicao TSB direta,228,852047.46,22
2024,MG,316650,False,Sem exposicao TSB direta,226,940710.26,23
2024,PI,221039,False,Sem exposicao TSB direta,226,657569.78,8
2024,RS,431673,False,Sem exposicao TSB direta,226,977510.01,28
2024,PB,250340,False,Sem exposicao TSB direta,224,724617.87,13
2024,PB,251170,False,Sem exposicao TSB direta,224,1089663.67,16
2024,MG,316360,False,Sem exposicao TSB direta,223,945917.81,16
2024,RS,431545,False,Sem exposicao TSB direta,223,720374.0299999999,38
2024,SC,420209,False,Sem exposicao TSB direta,223,857380.16,25
2024,MG,313280,False,Sem exposicao TSB direta,222,560737.8,31
2024,PB,250580,False,Sem exposicao TSB direta,222,1087610.41,16
2024,AM,130360,False,Sem exposicao TSB direta,221,81241.06,10
2024,MA,210193,False,Sem exposicao TSB direta,221,697513.17,24
2024,MG,310220,False,Sem exposicao TSB direta,221,1117927.53,28
2024,RS,431262,False,Sem exposicao TSB direta,221,813142.73,20
2024,RN,240550,False,Sem exposicao TSB direta,220,923511.0,8
2024,RN,241350,False,Sem exposicao TSB direta,220,1487512.14,16
2024,MG,310330,False,Sem exposicao TSB direta,219,578447.69,23
2024,PB,250960,False,Sem exposicao TSB direta,219,808597.96,14
2024,RS,430635,False,Sem exposicao TSB direta,217,756190.0900000001,19
2024,TO,171880,False,Sem exposicao TSB direta,217,1652413.71,17
2024,PI,220155,False,Sem exposicao TSB direta,216,699384.0399999999,15
2024,TO,170105,False,Sem exposicao TSB direta,216,1046337.49,13
2024,MA,210197,False,Sem exposicao TSB direta,215,444232.74,15
2024,RS,432057,False,Sem exposicao TSB direta,215,753695.51,29
2024,PI,221097,False,Sem exposicao TSB direta,214,612701.6,10
2024,RN,240520,False,Sem exposicao TSB direta,214,1301807.42,22
2024,RS,430957,False,Sem exposicao TSB direta,214,868592.4600000001,24
2024,PB,250620,False,Sem exposicao TSB direta,211,819239.76,12
2024,RS,431173,False,Sem exposicao TSB direta,210,856809.92,24
2024,PE,260710,False,Sem exposicao TSB direta,209,1097264.94,14
2024,PI,220855,False,Sem exposicao TSB direta,209,866925.85,10
2024,RS,431123,False,Sem exposicao TSB direta,209,733729.94,18
2024,PB,251520,False,Sem exposicao TSB direta,208,663923.7799999999,13
2024,PI,220535,False,Sem exposicao TSB direta,208,928988.79,8
2024,RN,241000,False,Sem exposicao TSB direta,208,891829.05,10
2024,SE,280500,False,Sem exposicao TSB direta,208,1027159.32,15
2024,PI,220960,False,Sem exposicao TSB direta,207,497721.49000000005,14
2024,RS,431217,False,Sem exposicao TSB direta,207,709030.03,31
2024,PB,251300,False,Sem exposicao TSB direta,206,977397.5499999999,13
2024,PI,220027,False,Sem exposicao TSB direta,206,780757.0099999999,14
2024,TO,170382,False,Sem exposicao TSB direta,206,836986.6900000001,14
2024,PB,251050,False,Sem exposicao TSB direta,205,880634.86,13
2024,PB,251398,False,Sem exposicao TSB direta,205,897448.3400000001,17
2024,RS,431725,False,Sem exposicao TSB direta,205,754751.18,32
2024,RS,432218,False,Sem exposicao TSB direta,205,755405.64,21
2024,TO,172093,False,Sem exposicao TSB direta,205,606382.4299999999,19
2024,MG,311560,False,Sem exposicao TSB direta,204,599633.9,13
2024,PI,220950,False,Sem exposicao TSB direta,204,754237.8300000001,11
2024,MA,211178,False,Sem exposicao TSB direta,203,892135.73,7
2024,RS,430613,False,Sem exposicao TSB direta,203,918384.4099999999,17
2024,MG,316050,False,Sem exposicao TSB direta,201,695953.43,24
2024,MG,312695,False,Sem exposicao TSB direta,200,754249.3900000001,12
2024,PI,220385,False,Sem exposicao TSB direta,200,479888.96,8
2024,PI,220460,False,Sem exposicao TSB direta,200,692321.92,16
2024,TO,171525,False,Sem exposicao TSB direta,200,795164.26,20
2024,PI,220559,False,Sem exposicao TSB direta,198,642909.26,13
2024,PI,220525,False,Sem exposicao TSB direta,196,692568.32,13
2024,PI,220695,False,Sem exposicao TSB direta,196,637386.46,12
2024,RS,430593,False,Sem exposicao TSB direta,196,858393.93,29
2024,RS,430825,False,Sem exposicao TSB direta,196,744935.39,22
2024,TO,170410,False,Sem exposicao TSB direta,196,674097.4,14
2024,PI,220755,False,Sem exposicao TSB direta,195,1240523.7,8
2024,MG,312170,False,Sem exposicao TSB direta,194,367016.26999999996,29
2024,MG,316160,False,Sem exposicao TSB direta,194,854966.7100000001,22
2024,RN,240375,False,Sem exposicao TSB direta,194,872409.67,16
2024,MA,210565,False,Sem exposicao TSB direta,193,1518934.25,6
2024,MG,316660,False,Sem exposicao TSB direta,193,283954.26,17
2024,RS,430185,False,Sem exposicao TSB direta,193,844056.4400000001,31
2024,PI,220010,False,Sem exposicao TSB direta,191,1254421.84,23
2024,RN,241430,False,Sem exposicao TSB direta,191,536562.25,24
2024,PI,220100,False,Sem exposicao TSB direta,190,1189377.55,16
2024,TO,170270,False,Sem exposicao TSB direta,189,748406.83,22
2024,TO,171240,False,Sem exposicao TSB direta,189,777219.7,20
2024,MA,210450,False,Sem exposicao TSB direta,188,484725.93,14
2024,MT,510670,False,Sem exposicao TSB direta,188,712864.6599999999,19
2024,RN,241060,False,Sem exposicao TSB direta,188,907948.97,11
2024,MA,210667,False,Sem exposicao TSB direta,187,47257.29,9
2024,RS,431057,False,Sem exposicao TSB direta,187,833524.1399999999,21
2024,TO,170389,False,Sem exposicao TSB direta,187,642565.22,11
2024,MA,210237,False,Sem exposicao TSB direta,186,270054.47000000003,11
2024,TO,171515,False,Sem exposicao TSB direta,186,506501.35,18
2024,PI,220400,False,Sem exposicao TSB direta,185,1103821.13,18
2024,RS,430205,False,Sem exposicao TSB direta,185,661796.34,19
2024,RS,431075,False,Sem exposicao TSB direta,185,886190.67,32
2024,MG,314660,False,Sem exposicao TSB direta,184,370267.07,31
2024,MG,314940,False,Sem exposicao TSB direta,184,391360.88,14
2024,PI,221135,False,Sem exposicao TSB direta,184,836838.23,9
2024,PI,220280,False,Sem exposicao TSB direta,183,779878.15,15
2024,PI,220545,False,Sem exposicao TSB direta,183,797989.93,12
2024,PI,220779,False,Sem exposicao TSB direta,183,734934.01,9
2024,GO,520420,False,Sem exposicao TSB direta,181,469011.84,24
2024,PI,220117,False,Sem exposicao TSB direta,181,765895.89,12
2024,PI,220775,False,Sem exposicao TSB direta,181,826605.4299999999,7
2024,MT,510120,False,Sem exposicao TSB direta,179,713281.88,8
2024,RS,431507,False,Sem exposicao TSB direta,179,757620.86,27
2024,PI,220415,False,Sem exposicao TSB direta,178,1119481.0999999999,5
2024,PB,251385,False,Sem exposicao TSB direta,177,554853.57,14
2024,PB,250933,False,Sem exposicao TSB direta,176,1129357.18,10
2024,MA,210015,False,Sem exposicao TSB direta,174,150303.6,18
2024,TO,172130,False,Sem exposicao TSB direta,174,768812.3200000001,21
2024,RN,240860,False,Sem exposicao TSB direta,173,642953.3999999999,10
2024,PI,221038,False,Sem exposicao TSB direta,171,373669.58,13
2024,MA,210545,False,Sem exposicao TSB direta,170,41891.36,12
2024,BA,291260,False,Sem exposicao TSB direta,169,529039.2,13
2024,RS,432235,False,Sem exposicao TSB direta,168,767065.07,23
2024,PB,251465,False,Sem exposicao TSB direta,167,831863.43,2
2024,RS,430692,False,Sem exposicao TSB direta,166,821207.62,14
2024,TO,171215,False,Sem exposicao TSB direta,166,540981.13,13
2024,MA,210470,False,Sem exposicao TSB direta,165,493609.85,12
2024,PI,221150,False,Sem exposicao TSB direta,165,934668.05,15
2024,PI,221095,False,Sem exposicao TSB direta,164,891766.69,11
2024,PI,220730,False,Sem exposicao TSB direta,163,671721.9099999999,19
2024,RS,430485,False,Sem exposicao TSB direta,163,628426.82,16
2024,RN,241380,False,Sem exposicao TSB direta,162,918290.1599999999,12
2024,RS,430461,False,Sem exposicao TSB direta,162,607742.71,22
2024,PI,221170,False,Sem exposicao TSB direta,161,1252719.33,13
2024,MG,311850,False,Sem exposicao TSB direta,158,708255.76,21
2024,TO,171550,False,Sem exposicao TSB direta,158,747188.78,16
2024,TO,172125,False,Sem exposicao TSB direta,158,615126.64,19
2024,PB,251460,False,Sem exposicao TSB direta,157,649309.34,10
2024,PI,220860,False,Sem exposicao TSB direta,156,685633.0299999999,17
2024,RN,240960,False,Sem exposicao TSB direta,156,661201.9500000001,8
2024,MG,316480,False,Sem exposicao TSB direta,154,655575.0499999999,17
2024,MA,210547,False,Sem exposicao TSB direta,153,370516.61000000004,21
2024,GO,520945,False,Sem exposicao TSB direta,152,439998.62,12
2024,RN,240615,False,Sem exposicao TSB direta,150,646593.0599999999,12
2024,RS,430583,False,Sem exposicao TSB direta,147,571190.54,15
2024,PI,220554,False,Sem exposicao TSB direta,145,408056.15,8
2024,RN,240920,False,Sem exposicao TSB direta,144,665920.71,16
2024,TO,172000,False,Sem exposicao TSB direta,142,458704.54000000004,13
2024,RN,241490,False,Sem exposicao TSB direta,139,583512.06,8
2024,GO,520120,False,Sem exposicao TSB direta,138,366123.49,13
2024,MG,314420,False,Sem exposicao TSB direta,137,704841.08,13
2024,MG,316580,False,Sem exposicao TSB direta,136,710457.52,13
2024,MG,314750,False,Sem exposicao TSB direta,133,674799.0599999999,19
2024,PI,221037,False,Sem exposicao TSB direta,132,413390.32999999996,9
2024,PB,251394,False,Sem exposicao TSB direta,131,718902.18,7
2024,MA,210535,False,Sem exposicao TSB direta,124,229229.54,15
2024,PB,251740,False,Sem exposicao TSB direta,115,540123.73,6
2024,BA,290515,False,Sem exposicao TSB direta,114,253824.16999999998,25
2024,AP,160021,False,Sem exposicao TSB direta,112,184547.25,12
2024,RN,241080,False,Sem exposicao TSB direta,96,848918.68,8
2024,MA,211090,False,Sem exposicao TSB direta,69,148432.54,22
2024,AM,130410,False,Sem exposicao TSB direta,68,275904.89,13
2024,BA,290395,False,Sem exposicao TSB direta,36,60711.2,7
